INSERT INTO recipes (id, user_id, title, description, instructions, image_url, servings, source_url, source_name) VALUES ('2c94df3b-87de-41e7-97e0-bfb3a4f72a78', 'admin-user-id', 'Prawn & Fennel Bisque', 'French Side dish', 'Shell the prawns, then fry the shells in the oil in a large pan for about 5 mins. Add the onion, fennel and carrots and cook for about 10 mins until the veg start to soften. Pour in the wine and brandy, bubble hard for about 1 min to drive off the alcohol, then add the tomatoes, stock and paprika. Cover and simmer for 30 mins. Meanwhile, chop the prawns.
Blitz the soup as finely as you can with a stick blender or food processor, then press through a sieve into a bowl. Spend a bit of time really working the mixture through the sieve as this will give the soup its velvety texture.
Tip back into a clean pan, add the prawns and cook for 10 mins, then blitz again until smooth. You can make and chill this a day ahead or freeze it for 1 month. Thaw ovenight in the fridge. To serve, gently reheat in a pan with the cream. If garnishing, cook the 8 prawns in a little butter. Spoon into small bowls and top with the prawns and snipped fennel fronds.', 'https://www.themealdb.com/images/media/meals/rtwwvv1511799504.jpg', 3, 'https://www.bbcgoodfood.com/recipes/71600/prawn-and-fennel-bisque', 'www.bbcgoodfood.com');
INSERT INTO ingredients (id, recipe_id, name, quantity, unit) VALUES ('563a6a45-bf5a-414e-b536-1636f8fd6125', '2c94df3b-87de-41e7-97e0-bfb3a4f72a78', 'Tiger Prawns', 450, 'g');
INSERT INTO ingredients (id, recipe_id, name, quantity, unit) VALUES ('fe0d2af5-f6bd-412c-8a77-00fc7b5d419a', '2c94df3b-87de-41e7-97e0-bfb3a4f72a78', 'Olive Oil', 4, 'tbs');
INSERT INTO ingredients (id, recipe_id, name, quantity, unit) VALUES ('c43a2e46-7af3-4d4f-bc65-89ea610b2969', '2c94df3b-87de-41e7-97e0-bfb3a4f72a78', 'Onion', 1, 'large');
INSERT INTO ingredients (id, recipe_id, name, quantity, unit) VALUES ('f65975e3-202f-4fdb-9ab4-6182bede389c', '2c94df3b-87de-41e7-97e0-bfb3a4f72a78', 'Fennel', 1, 'large');
INSERT INTO ingredients (id, recipe_id, name, quantity, unit) VALUES ('45292a82-30cb-443c-aca8-f067978eafc7', '2c94df3b-87de-41e7-97e0-bfb3a4f72a78', 'Carrots', 2, 'chopped');
INSERT INTO ingredients (id, recipe_id, name, quantity, unit) VALUES ('4bd54047-9b73-4d1e-9416-45aa2a9440b0', '2c94df3b-87de-41e7-97e0-bfb3a4f72a78', 'Dry White Wine', 150, 'ml');
INSERT INTO ingredients (id, recipe_id, name, quantity, unit) VALUES ('c952c680-f333-4bd0-8683-92618af886ad', '2c94df3b-87de-41e7-97e0-bfb3a4f72a78', 'Brandy', 1, 'tbs');
INSERT INTO ingredients (id, recipe_id, name, quantity, unit) VALUES ('5ec3bc96-2dd8-4383-8c61-5455ae3a0983', '2c94df3b-87de-41e7-97e0-bfb3a4f72a78', 'Chopped Tomatoes', 400, 'g');
INSERT INTO ingredients (id, recipe_id, name, quantity, unit) VALUES ('732171e1-d906-4c62-9288-1bf12a330624', '2c94df3b-87de-41e7-97e0-bfb3a4f72a78', 'Fish Stock', 1, 'L');
INSERT INTO ingredients (id, recipe_id, name, quantity, unit) VALUES ('72a8ed8b-cada-4e94-bb33-eb1c793e21e4', '2c94df3b-87de-41e7-97e0-bfb3a4f72a78', 'Paprika', 2, 'pinches');
INSERT INTO ingredients (id, recipe_id, name, quantity, unit) VALUES ('5d7c5b89-8172-4e0d-ba4a-4a7bbe3a11a5', '2c94df3b-87de-41e7-97e0-bfb3a4f72a78', 'Double Cream', 150, 'ml');
INSERT INTO ingredients (id, recipe_id, name, quantity, unit) VALUES ('b538c924-b72a-4156-8f93-5e0ef59e4366', '2c94df3b-87de-41e7-97e0-bfb3a4f72a78', 'Prawns', 8, 'unit');
INSERT INTO recipe_dietary_tags (recipe_id, tag_id) VALUES ('2c94df3b-87de-41e7-97e0-bfb3a4f72a78', 4);
INSERT INTO recipe_dietary_tags (recipe_id, tag_id) VALUES ('2c94df3b-87de-41e7-97e0-bfb3a4f72a78', 1);
INSERT INTO recipe_dietary_tags (recipe_id, tag_id) VALUES ('2c94df3b-87de-41e7-97e0-bfb3a4f72a78', 10);

INSERT INTO recipes (id, user_id, title, description, instructions, image_url, servings, source_url, source_name) VALUES ('b52f9c74-1874-4c74-8ed0-0018f70c3896', 'admin-user-id', 'Vietnamese-style caramel pork', 'Vietnamese Pork dish', 'step 1
Heat 1 tbsp of the oil in a wok over a high heat and stir-fry the pork in batches until browned all over. Remove with a slotted spoon and set aside.

step 2
Turn the heat right down and add the remaining oil, then stir in the shallots, ginger and chilli. Cook over a low heat for a couple of mins until just starting to soften. Add the sugar, fish sauce and 200ml water to the pan and stir everything together. Bring to the boil, stirring, so that the sugar dissolves, then return the pork to the pan. Bubble vigorously for 8-10 mins until the sauce thickens to coat the meat and become glossy. Taste and stir in a little more fish sauce, if needed, along with the chilli sauce. Sprinkle with the spring onions and serve with steamed rice and pak choi.', 'https://www.themealdb.com/images/media/meals/4mzt101763761546.jpg', 5, 'https://www.bbcgoodfood.com/recipes/vietnamese-style-caramel-pork', 'www.bbcgoodfood.com');
INSERT INTO ingredients (id, recipe_id, name, quantity, unit) VALUES ('5abaf0d1-ae37-4957-a27a-f06e5f43bfec', 'b52f9c74-1874-4c74-8ed0-0018f70c3896', 'Ground Nut Oil', 1, '½ tbsp');
INSERT INTO ingredients (id, recipe_id, name, quantity, unit) VALUES ('88c2d579-7bd1-45fc-baa5-8c1505119c74', 'b52f9c74-1874-4c74-8ed0-0018f70c3896', 'Pork Shoulder Steaks', 500, 'g');
INSERT INTO ingredients (id, recipe_id, name, quantity, unit) VALUES ('2e5c07b7-baca-4310-8b28-7ad90fc3dfb4', 'b52f9c74-1874-4c74-8ed0-0018f70c3896', 'Shallots', 2, 'chopped');
INSERT INTO ingredients (id, recipe_id, name, quantity, unit) VALUES ('4637dbe2-d830-4cdf-a847-2f611856aaed', 'b52f9c74-1874-4c74-8ed0-0018f70c3896', 'Ground Ginger', 1, 'tablespoon');
INSERT INTO ingredients (id, recipe_id, name, quantity, unit) VALUES ('5bac2e0b-f7ab-4632-841b-0efe15b3b0b1', 'b52f9c74-1874-4c74-8ed0-0018f70c3896', 'Red Chilli', 1, 'chopped');
INSERT INTO ingredients (id, recipe_id, name, quantity, unit) VALUES ('6f6148f7-927f-4283-a3a3-9b9d89bfbae1', 'b52f9c74-1874-4c74-8ed0-0018f70c3896', 'Brown Sugar', 75, 'g');
INSERT INTO ingredients (id, recipe_id, name, quantity, unit) VALUES ('d9dfb1ca-731e-4097-9cc2-6cd2a970f9c7', 'b52f9c74-1874-4c74-8ed0-0018f70c3896', 'Fish Sauce', 1, 'tablespoon');
INSERT INTO ingredients (id, recipe_id, name, quantity, unit) VALUES ('5ef1686a-3b7a-4a51-9db6-1daacbeae346', 'b52f9c74-1874-4c74-8ed0-0018f70c3896', 'Chilli Sauce', 2, 'tsp');
INSERT INTO ingredients (id, recipe_id, name, quantity, unit) VALUES ('9761b2b9-0273-42e6-8abb-025ba695a894', 'b52f9c74-1874-4c74-8ed0-0018f70c3896', 'Spring Onions', 4, 'unit');
INSERT INTO ingredients (id, recipe_id, name, quantity, unit) VALUES ('93e31bf7-1cd3-4b5d-88bb-a8277b6910a9', 'b52f9c74-1874-4c74-8ed0-0018f70c3896', 'Rice', 1, 'Steamed');
INSERT INTO ingredients (id, recipe_id, name, quantity, unit) VALUES ('84046719-bd31-40d4-9513-9b6a4970c157', 'b52f9c74-1874-4c74-8ed0-0018f70c3896', 'Pak Choi', 1, 'To serve');
INSERT INTO recipe_dietary_tags (recipe_id, tag_id) VALUES ('b52f9c74-1874-4c74-8ed0-0018f70c3896', 4);
INSERT INTO recipe_dietary_tags (recipe_id, tag_id) VALUES ('b52f9c74-1874-4c74-8ed0-0018f70c3896', 8);
INSERT INTO recipe_dietary_tags (recipe_id, tag_id) VALUES ('b52f9c74-1874-4c74-8ed0-0018f70c3896', 10);

INSERT INTO recipes (id, user_id, title, description, instructions, image_url, servings, source_url, source_name) VALUES ('7f1ee6ab-50b5-4531-a7ab-be202696a11a', 'admin-user-id', 'Beef Empanadas', 'Uruguayan Beef dish', 'For the dough place lard, warm water and salt in a large kneading bowl and stir. Add flour and oregano and either knead five miutes by hand or with the kneading function of your machine. Let rest covered for at least half an hour or overnight in the fridge.

2
For the filling place tomatoes for about 30 seconds in boiling water, then cool with cold water and peel of skin and cut into cubes. Press garlic through garlic press, cut onions into cubes. Simmer garlic and onions in some olive oil until translucent. Take out onions and garlic and brown the meat at high heat from all sides. Season with all herbs and add the onions, garlic and tomatoes. Let simmer for a few minutes, add salt, pepper and additional spices to taste. You can prepare the meat the night before, chill in fridge if doing so. Boil eggs and also cut into cubes and mix with prepared meat.

3
Cut dough into half and roll out one half thinnly on floured surface. Cut out circles about 12-15cm in diameter. Mine have a diameter of 12.5 cm. Place about 2-4 teaspoons of filling on one circle, put a bit of water all around the edges and fold over the other half so that you get half moons. Be sure to seal the edges with a fork. Repeat until you have no dough and filling left.

4
Meanwhile preheat oven to 200 degrees Celsius. Brush empanadas with egg wash and bake about 8 empanadas on a baking sheet lined with parchment paper for about 25min or until golden. Serve warm with chimichurri sauce.', 'https://www.themealdb.com/images/media/meals/dxpc7j1764370714.jpg', 5, 'https://jennyisbaking.com/2019/10/25/traditionelle-uruguayische-empanadas/#recipe', 'jennyisbaking.com');
INSERT INTO ingredients (id, recipe_id, name, quantity, unit) VALUES ('75c01cf4-fe71-4042-a5bf-b170cabe2e30', '7f1ee6ab-50b5-4531-a7ab-be202696a11a', 'Lard', 60, 'g');
INSERT INTO ingredients (id, recipe_id, name, quantity, unit) VALUES ('afddda44-886b-40d7-8457-972fdd389599', '7f1ee6ab-50b5-4531-a7ab-be202696a11a', 'Water', 340, 'g');
INSERT INTO ingredients (id, recipe_id, name, quantity, unit) VALUES ('80405d58-b5cd-4a0d-81af-b04bc1a60034', '7f1ee6ab-50b5-4531-a7ab-be202696a11a', 'Salt', 1, 'tsp');
INSERT INTO ingredients (id, recipe_id, name, quantity, unit) VALUES ('2ae468e3-98e9-41b2-a19f-fe44962ba6a0', '7f1ee6ab-50b5-4531-a7ab-be202696a11a', 'All purpose flour', 600, 'g');
INSERT INTO ingredients (id, recipe_id, name, quantity, unit) VALUES ('54aa01ab-f458-4871-a82c-37c66d230cf6', '7f1ee6ab-50b5-4531-a7ab-be202696a11a', 'Tomato', 3, 'unit');
INSERT INTO ingredients (id, recipe_id, name, quantity, unit) VALUES ('40a37249-58aa-4428-9f70-098ae920df63', '7f1ee6ab-50b5-4531-a7ab-be202696a11a', 'Garlic', 1, 'clove');
INSERT INTO ingredients (id, recipe_id, name, quantity, unit) VALUES ('6cd6f3a4-8c7a-497c-bab8-4b29206eaf7d', '7f1ee6ab-50b5-4531-a7ab-be202696a11a', 'Red Onions', 1, 'large');
INSERT INTO ingredients (id, recipe_id, name, quantity, unit) VALUES ('3c212917-e75e-4fcd-8057-43a276c91e44', '7f1ee6ab-50b5-4531-a7ab-be202696a11a', 'Spring Onions', 1, 'Bunch');
INSERT INTO ingredients (id, recipe_id, name, quantity, unit) VALUES ('767393f0-5263-4206-8e42-ce81b9724fbe', '7f1ee6ab-50b5-4531-a7ab-be202696a11a', 'Sirloin steak', 750, 'g');
INSERT INTO ingredients (id, recipe_id, name, quantity, unit) VALUES ('335b0ad5-96e5-473a-8bde-25a41fb7853f', '7f1ee6ab-50b5-4531-a7ab-be202696a11a', 'Dried Oregano', 1, 'tablespoon');
INSERT INTO ingredients (id, recipe_id, name, quantity, unit) VALUES ('5b4d05e9-f504-4401-958b-b75300d6f819', '7f1ee6ab-50b5-4531-a7ab-be202696a11a', 'Paprika', 1, 'tsp');
INSERT INTO ingredients (id, recipe_id, name, quantity, unit) VALUES ('c9e0c1c3-e07a-4148-9176-5a5d6be87627', '7f1ee6ab-50b5-4531-a7ab-be202696a11a', 'Red Pepper Flakes', 1, 'tsp');
INSERT INTO ingredients (id, recipe_id, name, quantity, unit) VALUES ('ab9e5cf0-4448-4955-b892-dd8e2c0535c7', '7f1ee6ab-50b5-4531-a7ab-be202696a11a', 'Parsley', 1, 'tsp');
INSERT INTO ingredients (id, recipe_id, name, quantity, unit) VALUES ('715e9d53-0224-4fc9-8ada-73c9c27971d9', '7f1ee6ab-50b5-4531-a7ab-be202696a11a', 'Salt', 1, 'To taste');
INSERT INTO ingredients (id, recipe_id, name, quantity, unit) VALUES ('3fd33e25-7c70-43e1-9955-919cb085fe3d', '7f1ee6ab-50b5-4531-a7ab-be202696a11a', 'Pepper', 1, 'To taste');
INSERT INTO ingredients (id, recipe_id, name, quantity, unit) VALUES ('98a47f9f-1a2a-4880-8045-ecd7b2117690', '7f1ee6ab-50b5-4531-a7ab-be202696a11a', 'Egg', 3, 'unit');
INSERT INTO ingredients (id, recipe_id, name, quantity, unit) VALUES ('1bbed01a-d6d5-41df-8075-778b2a2274e3', '7f1ee6ab-50b5-4531-a7ab-be202696a11a', 'Egg Wash', 1, 'Splash');
INSERT INTO ingredients (id, recipe_id, name, quantity, unit) VALUES ('9da7456e-1f4a-4337-aca8-e00c289dfd18', '7f1ee6ab-50b5-4531-a7ab-be202696a11a', 'Chimichurri sauce', 1, 'Drizzle');
INSERT INTO recipe_dietary_tags (recipe_id, tag_id) VALUES ('7f1ee6ab-50b5-4531-a7ab-be202696a11a', 8);
INSERT INTO recipe_dietary_tags (recipe_id, tag_id) VALUES ('7f1ee6ab-50b5-4531-a7ab-be202696a11a', 10);
INSERT INTO recipe_dietary_tags (recipe_id, tag_id) VALUES ('7f1ee6ab-50b5-4531-a7ab-be202696a11a', 7);

INSERT INTO recipes (id, user_id, title, description, instructions, image_url, servings, source_url, source_name) VALUES ('f565f1fb-8fc7-4cf1-9ba9-14f02e74d3e2', 'admin-user-id', 'Shakshouka', 'Saudi Arabian Miscellaneous dish', '1
First, pan fry the black pepper and garlic over a dry medium heat until fragrant.
2
Add a good amount of extra virgin olive oil and infuse for a minute.
3
Once the oil heats up, add the tomatoes and salt, and cover with a lid. Simmer for 5 minutes.
4
Remove the lid and mash the tomatoes. Reduce until you reach the desired consistency of choice.
5
Make craters for the eggs and lower the heat. Carefully crack the eggs into the craters, making sure it touches the pan and not the tomato sauce.
6
Cover the eggs and leave it for 5 minutes without lifting the lid.
7
Remove from the heat and let the residual heat steam the eggs for 1-2 minutes.
8
Serve with flatbread. Enjoy!', 'https://www.themealdb.com/images/media/meals/crd1jz1763592990.jpg', 2, 'https://cookpad.com/eng/recipes/24999905?ref=search&search_term=saudi+arabia', 'cookpad.com');
INSERT INTO ingredients (id, recipe_id, name, quantity, unit) VALUES ('9de9120a-b256-42f5-8c2f-6ffeae0f2c4e', 'f565f1fb-8fc7-4cf1-9ba9-14f02e74d3e2', 'Tomato', 250, 'g');
INSERT INTO ingredients (id, recipe_id, name, quantity, unit) VALUES ('09e1a2d8-fc0d-43f6-843b-d538bca6fb84', 'f565f1fb-8fc7-4cf1-9ba9-14f02e74d3e2', 'Extra Virgin Olive Oil', 40, 'ml');
INSERT INTO ingredients (id, recipe_id, name, quantity, unit) VALUES ('a0c3590a-77ab-4f23-8e6e-4d6cede41b28', 'f565f1fb-8fc7-4cf1-9ba9-14f02e74d3e2', 'Egg', 4, 'unit');
INSERT INTO ingredients (id, recipe_id, name, quantity, unit) VALUES ('9e5bc988-7581-4fed-a881-f6b66b304410', 'f565f1fb-8fc7-4cf1-9ba9-14f02e74d3e2', 'Garlic Clove', 4, 'sliced');
INSERT INTO ingredients (id, recipe_id, name, quantity, unit) VALUES ('1640ef9b-7ed7-44cd-bbb1-8de310c71532', 'f565f1fb-8fc7-4cf1-9ba9-14f02e74d3e2', 'Black Pepper', 1, 'To taste');
INSERT INTO ingredients (id, recipe_id, name, quantity, unit) VALUES ('db808bbe-7e9f-472f-b5e2-aaac36ca76fd', 'f565f1fb-8fc7-4cf1-9ba9-14f02e74d3e2', 'Salt', 1, 'To taste');
INSERT INTO recipe_dietary_tags (recipe_id, tag_id) VALUES ('f565f1fb-8fc7-4cf1-9ba9-14f02e74d3e2', 8);
INSERT INTO recipe_dietary_tags (recipe_id, tag_id) VALUES ('f565f1fb-8fc7-4cf1-9ba9-14f02e74d3e2', 9);
INSERT INTO recipe_dietary_tags (recipe_id, tag_id) VALUES ('f565f1fb-8fc7-4cf1-9ba9-14f02e74d3e2', 10);

INSERT INTO recipes (id, user_id, title, description, instructions, image_url, servings, source_url, source_name) VALUES ('e18f466f-0817-4397-ac7e-daa408fe887a', 'admin-user-id', 'Tarte Tatin', 'French Dessert dish', 'Roll the pastry to a 3mm-thick round on a lightly floured surface and cut a 24cm circle, using a plate as a guide. Lightly prick all over with a fork, wrap in cling film on a baking sheet and freeze while preparing the apples.
Heat oven to 180C/160C fan/gas 4. Peel, quarter and core the apples. Put the sugar in a flameproof 20cm ceramic Tatin dish or a 20cm ovenproof heavy-based frying pan and place over a medium-high heat. Cook the sugar for 5-7 mins to a dark amber caramel syrup that’s starting to smoke, then turn off the heat and stir in the 60g diced chilled butter.
To assemble the Tarte Tatin, arrange the apple quarters very tightly in a circle around the edge of the dish first, rounded-side down, then fill in the middle in a similar fashion. Gently press with your hands to ensure there are no gaps. Brush the fruit with the melted butter.
Bake in the oven for 30 mins, then remove and place the disc of frozen puff pastry on top – it will quickly defrost. Tuck the edges down the inside of the dish and, with a knife, prick a few holes in the pastry to allow steam to escape. Bake for a further 40-45 mins until the pastry is golden brown and crisp.
Allow to cool to room temperature for 1 hr before running a knife around the edge of the dish and inverting it onto a large serving plate that is deep enough to contain the juices. Serve with crème fraîche or vanilla ice cream.', 'https://www.themealdb.com/images/media/meals/ryspuw1511786688.jpg', 3, 'https://www.bbcgoodfood.com/recipes/tarte-tatin', 'www.bbcgoodfood.com');
INSERT INTO ingredients (id, recipe_id, name, quantity, unit) VALUES ('7de7dd02-3208-4b8d-bb5c-7555a88eacc1', 'e18f466f-0817-4397-ac7e-daa408fe887a', 'Puff Pastry', 300, 'g');
INSERT INTO ingredients (id, recipe_id, name, quantity, unit) VALUES ('6841c571-6c53-4edc-b42b-4d4980dd5ae1', 'e18f466f-0817-4397-ac7e-daa408fe887a', 'Plain Flour', 1, 'Dusting');
INSERT INTO ingredients (id, recipe_id, name, quantity, unit) VALUES ('2b44ec8d-cfb2-4403-a5ff-5d9ecbbdf9a7', 'e18f466f-0817-4397-ac7e-daa408fe887a', 'Braeburn Apples', 6, 'unit');
INSERT INTO ingredients (id, recipe_id, name, quantity, unit) VALUES ('0745c5ec-e90c-4770-9f9e-7e181bcfa551', 'e18f466f-0817-4397-ac7e-daa408fe887a', 'Caster Sugar', 100, 'g');
INSERT INTO ingredients (id, recipe_id, name, quantity, unit) VALUES ('581f31dd-eddc-4203-a7f3-1762780c8de6', 'e18f466f-0817-4397-ac7e-daa408fe887a', 'Butter', 85, 'g');
INSERT INTO ingredients (id, recipe_id, name, quantity, unit) VALUES ('c06cfc71-e530-482b-a795-a149696cddf4', 'e18f466f-0817-4397-ac7e-daa408fe887a', 'Creme Fraiche', 1, 'to serve');
INSERT INTO recipe_dietary_tags (recipe_id, tag_id) VALUES ('e18f466f-0817-4397-ac7e-daa408fe887a', 9);

INSERT INTO recipes (id, user_id, title, description, instructions, image_url, servings, source_url, source_name) VALUES ('861d5e47-a33f-4708-975f-0b7ae7e15bcb', 'admin-user-id', 'Squid, chickpea & chorizo salad', 'Australian Seafood dish', 'step 1
Cook the peppers whole under a grill, on a barbecue or griddle, until completely charred. Place the peppers in a bowl, cover with a plate until cool enough to handle, then peel, deseed and finely slice. In a large bowl mix the peppers and any juices with the chickpeas, parsley, chilli and garlic. Set aside.

step 2
Heat a large frying pan until smoking. Working quickly and carefully, add a splash of oil to the pan, then the squid. Stir-fry for about 30 secs. Scatter the chorizo over the squid, continue to cook for 30 secs more, then tip into the bowl with the peppers. Season everything with salt and pepper, then dress with the remaining oil, lemon juice and lemon zest. Mix together, pile onto a platter and let everyone help themselves.', 'https://www.themealdb.com/images/media/meals/wsu0rc1761848482.jpg', 5, 'https://www.bbcgoodfood.com/recipes/squid-chickpea-chorizo-salad', 'www.bbcgoodfood.com');
INSERT INTO ingredients (id, recipe_id, name, quantity, unit) VALUES ('8706e4fa-584c-4f50-a379-02ab5de00eaa', '861d5e47-a33f-4708-975f-0b7ae7e15bcb', 'Red Pepper', 4, 'unit');
INSERT INTO ingredients (id, recipe_id, name, quantity, unit) VALUES ('1a777130-6689-47bf-b1d2-e6e2bd6c6a52', '861d5e47-a33f-4708-975f-0b7ae7e15bcb', 'Can of chickpeas', 2, '400g Cans');
INSERT INTO ingredients (id, recipe_id, name, quantity, unit) VALUES ('a97a5024-dff6-4e04-b0fb-93676d946eb4', '861d5e47-a33f-4708-975f-0b7ae7e15bcb', 'Parsley', 1, 'Bunch');
INSERT INTO ingredients (id, recipe_id, name, quantity, unit) VALUES ('5df38f06-fd83-4c05-a058-5d8972ff1ad5', '861d5e47-a33f-4708-975f-0b7ae7e15bcb', 'Red Chilli', 1, 'unit');
INSERT INTO ingredients (id, recipe_id, name, quantity, unit) VALUES ('72051f77-4e6c-485d-968b-a2305a60ae42', '861d5e47-a33f-4708-975f-0b7ae7e15bcb', 'Garlic Clove', 2, 'unit');
INSERT INTO ingredients (id, recipe_id, name, quantity, unit) VALUES ('36ae1503-78a1-4723-ae6c-bb19e9d4145b', '861d5e47-a33f-4708-975f-0b7ae7e15bcb', 'Olive Oil', 100, 'ml');
INSERT INTO ingredients (id, recipe_id, name, quantity, unit) VALUES ('4476f8b5-1de2-4b29-9fdf-e66b67d5277f', '861d5e47-a33f-4708-975f-0b7ae7e15bcb', 'Squid', 600, 'g');
INSERT INTO ingredients (id, recipe_id, name, quantity, unit) VALUES ('c452c0d3-5ff1-4057-a0d4-6da89814e783', '861d5e47-a33f-4708-975f-0b7ae7e15bcb', 'Chorizo', 200, 'g');
INSERT INTO ingredients (id, recipe_id, name, quantity, unit) VALUES ('d98ebb8a-2ff3-4d11-9607-6962b1f002dc', '861d5e47-a33f-4708-975f-0b7ae7e15bcb', 'Lemon', 1, 'Juice/zest of one');
INSERT INTO recipe_dietary_tags (recipe_id, tag_id) VALUES ('861d5e47-a33f-4708-975f-0b7ae7e15bcb', 4);
INSERT INTO recipe_dietary_tags (recipe_id, tag_id) VALUES ('861d5e47-a33f-4708-975f-0b7ae7e15bcb', 8);
INSERT INTO recipe_dietary_tags (recipe_id, tag_id) VALUES ('861d5e47-a33f-4708-975f-0b7ae7e15bcb', 1);

INSERT INTO recipes (id, user_id, title, description, instructions, image_url, servings, source_url, source_name) VALUES ('d6bbddac-b198-414c-af25-8d7eca713834', 'admin-user-id', 'Lamingtons', 'Australian Dessert dish', 'step 1
Heat the oven to 200C/180C fan/gas 6. Butter and line a 20 x 30cm rectangle tin.

step 2
Beat the butter and sugar in a free-standing mixer until pale and fluffy. Add the eggs one at a time and beat well. Beat through the flour, milk and salt until fully combined, then spoon into the tin. Bake in the oven for 25 mins or until golden and firm to the touch. Set aside to cool completely.

step 3
Slice the sponge horizontally to create two halves. Trim the edges to make perfect corners. Cut the sponge into 18 squares. Lightly whip the cream with the icing sugar until it reaches soft peaks. Spread a little of the jam on half of the sponge squares then pipe or spread over a little of the cream. Sandwich each one with a second square of sponge then set aside in the fridge to chill.

step 4
To make the icing, whisk together the melted butter and milk in a bowl. Sieve the cocoa powder and icing sugar together in a seperate bowl. Gradually add the cocoa and sugar to the butter and milk mixture, whisking continuously to ensure there are no lumps. If it gets lumpy, whizz with a hand blender until smooth.

step 5
Divide the coconut between three shallow bowls (this keeps it from getting coated in too much chocolate whilst you’re dipping).

step 6
Dip each lamington in the icing until completely covered. Roll in the coconut and set on a wire rack. Repeat with the remaining sponges. Chill for a minimum of 1 hr.', 'https://www.themealdb.com/images/media/meals/j2n7vg1761848636.jpg', 3, 'https://www.bbcgoodfood.com/recipes/lamingtons', 'www.bbcgoodfood.com');
INSERT INTO ingredients (id, recipe_id, name, quantity, unit) VALUES ('198c1fb7-0623-4c8d-9b24-305a80528bd3', 'd6bbddac-b198-414c-af25-8d7eca713834', 'Salted Butter', 125, 'g');
INSERT INTO ingredients (id, recipe_id, name, quantity, unit) VALUES ('ad3e486a-58c7-4ba1-9a58-44d172b803dc', 'd6bbddac-b198-414c-af25-8d7eca713834', 'Golden Caster Sugar', 250, 'g');
INSERT INTO ingredients (id, recipe_id, name, quantity, unit) VALUES ('79a2a407-52c4-4bd2-8c51-6c7e245a7184', 'd6bbddac-b198-414c-af25-8d7eca713834', 'Egg', 3, 'Large');
INSERT INTO ingredients (id, recipe_id, name, quantity, unit) VALUES ('c4711652-f685-4711-a2e9-5224ad593e26', 'd6bbddac-b198-414c-af25-8d7eca713834', 'Self-raising Flour', 250, 'g');
INSERT INTO ingredients (id, recipe_id, name, quantity, unit) VALUES ('a209c3dc-cdbf-4e96-bc07-f67eee202a13', 'd6bbddac-b198-414c-af25-8d7eca713834', 'Milk', 3, 'tablespoons');
INSERT INTO ingredients (id, recipe_id, name, quantity, unit) VALUES ('4aaa5983-c175-42ee-8668-60b83d31214b', 'd6bbddac-b198-414c-af25-8d7eca713834', 'Salt', 0.5, 'teaspoon');
INSERT INTO ingredients (id, recipe_id, name, quantity, unit) VALUES ('7af3397b-4714-49f0-af8e-e5e43aff9381', 'd6bbddac-b198-414c-af25-8d7eca713834', 'Double Cream', 250, 'ml');
INSERT INTO ingredients (id, recipe_id, name, quantity, unit) VALUES ('9c9ad3ed-d346-42fd-9771-41175cab8843', 'd6bbddac-b198-414c-af25-8d7eca713834', 'Icing Sugar', 2, 'tblsp');
INSERT INTO ingredients (id, recipe_id, name, quantity, unit) VALUES ('bf6cea9a-29b7-43cd-bf09-8d01220077a3', 'd6bbddac-b198-414c-af25-8d7eca713834', 'Raspberry Jam', 200, 'g');
INSERT INTO ingredients (id, recipe_id, name, quantity, unit) VALUES ('250c12da-8b7d-4ed8-ac82-b8f952382786', 'd6bbddac-b198-414c-af25-8d7eca713834', 'Desiccated Coconut', 350, 'g');
INSERT INTO ingredients (id, recipe_id, name, quantity, unit) VALUES ('56a7f890-e91e-448f-b2ae-3ffba088516a', 'd6bbddac-b198-414c-af25-8d7eca713834', 'Unsalted Butter', 80, 'g');
INSERT INTO ingredients (id, recipe_id, name, quantity, unit) VALUES ('630d8ee8-184b-471a-953c-51f3b484a4b6', 'd6bbddac-b198-414c-af25-8d7eca713834', 'Milk', 250, 'ml');
INSERT INTO ingredients (id, recipe_id, name, quantity, unit) VALUES ('7320927c-c98c-4770-af01-45c2e5879941', 'd6bbddac-b198-414c-af25-8d7eca713834', 'Cocoa Powder', 50, 'g');
INSERT INTO ingredients (id, recipe_id, name, quantity, unit) VALUES ('da69e324-1575-4315-9e7a-bdc5ff77a287', 'd6bbddac-b198-414c-af25-8d7eca713834', 'Icing Sugar', 400, 'g');
INSERT INTO recipe_dietary_tags (recipe_id, tag_id) VALUES ('d6bbddac-b198-414c-af25-8d7eca713834', 9);
INSERT INTO recipe_dietary_tags (recipe_id, tag_id) VALUES ('d6bbddac-b198-414c-af25-8d7eca713834', 10);

INSERT INTO recipes (id, user_id, title, description, instructions, image_url, servings, source_url, source_name) VALUES ('ad12f509-73cc-497e-8b85-fea3647bb00e', 'admin-user-id', 'Beef and Oyster pie', 'British Beef dish', 'Season the beef cubes with salt and black pepper. Heat a tablespoon of oil in the frying pan and fry the meat over a high heat. Do this in three batches so that you don’t overcrowd the pan, transferring the meat to a large flameproof casserole dish once it is browned all over. Add extra oil if the pan seems dry.
In the same pan, add another tablespoon of oil and cook the shallots for 4-5 minutes, then add the garlic and fry for 30 seconds. Add the bacon and fry until slightly browned. Transfer the onion and bacon mixture to the casserole dish and add the herbs.
Preheat the oven to 180C/350F/Gas 4.
Pour the stout into the frying pan and bring to the boil, stirring to lift any stuck-on browned bits from the bottom of the pan. Pour the stout over the beef in the casserole dish and add the stock. Cover the casserole and place it in the oven for 1½-2 hours, or until the beef is tender and the sauce is reduced.
Skim off any surface fat, taste and add salt and pepper if necessary, then stir in the cornflour paste. Put the casserole dish on the hob – don’t forget that it will be hot – and simmer for 1-2 minutes, stirring, until thickened. Leave to cool.
Increase the oven to 200C/400F/Gas 6. To make the pastry, put the flour and salt in a very large bowl. Grate the butter and stir it into the flour in three batches. Gradually add 325ml/11fl oz cold water – you may not need it all – and stir with a round-bladed knife until the mixture just comes together. Knead the pastry lightly into a ball on a lightly floured surface and set aside 250g/9oz for the pie lid.
Roll the rest of the pastry out until about 2cm/¾in larger than the dish you’re using. Line the dish with the pastry then pile in the filling, tucking the oysters in as well. Brush the edge of the pastry with beaten egg.
Roll the remaining pastry until slightly larger than your dish and gently lift over the filling, pressing the edges firmly to seal, then trim with a sharp knife. Brush with beaten egg to glaze. Put the dish on a baking tray and bake for 25-30 minutes, or until the pastry is golden-brown and the filling is bubbling.', 'https://www.themealdb.com/images/media/meals/wrssvt1511556563.jpg', 3, 'https://www.bbc.co.uk/food/recipes/beef_and_oyster_pie_65230', 'www.bbc.co.uk');
INSERT INTO ingredients (id, recipe_id, name, quantity, unit) VALUES ('088c0894-5776-40a2-9f91-86f3d165b470', 'ad12f509-73cc-497e-8b85-fea3647bb00e', 'Beef', 900, 'g');
INSERT INTO ingredients (id, recipe_id, name, quantity, unit) VALUES ('52331528-5943-4b2f-b145-37073e084207', 'ad12f509-73cc-497e-8b85-fea3647bb00e', 'Olive Oil', 3, 'tbs');
INSERT INTO ingredients (id, recipe_id, name, quantity, unit) VALUES ('0170fe4b-c642-40f1-b4ef-fd0938ae0e8d', 'ad12f509-73cc-497e-8b85-fea3647bb00e', 'Shallots', 3, 'unit');
INSERT INTO ingredients (id, recipe_id, name, quantity, unit) VALUES ('4cbf423a-4ada-411a-b4e5-9451e6029b67', 'ad12f509-73cc-497e-8b85-fea3647bb00e', 'Garlic', 2, 'cloves minced');
INSERT INTO ingredients (id, recipe_id, name, quantity, unit) VALUES ('50fc319d-b621-42e4-81e8-b7fcc94a7cc8', 'ad12f509-73cc-497e-8b85-fea3647bb00e', 'Bacon', 125, 'g');
INSERT INTO ingredients (id, recipe_id, name, quantity, unit) VALUES ('bed4b38e-5fb5-48fd-b43d-3ee2fa14939b', 'ad12f509-73cc-497e-8b85-fea3647bb00e', 'Thyme', 1, 'tbs chopped');
INSERT INTO ingredients (id, recipe_id, name, quantity, unit) VALUES ('09ad7435-66f5-44e2-b7e5-c2756c46f0df', 'ad12f509-73cc-497e-8b85-fea3647bb00e', 'Bay Leaf', 2, 'unit');
INSERT INTO ingredients (id, recipe_id, name, quantity, unit) VALUES ('e29beac9-76fc-4554-a2d3-c787f7da95b1', 'ad12f509-73cc-497e-8b85-fea3647bb00e', 'Stout', 330, 'ml');
INSERT INTO ingredients (id, recipe_id, name, quantity, unit) VALUES ('d7dbc4a2-1dcc-413c-85d0-15064a5d0f9c', 'ad12f509-73cc-497e-8b85-fea3647bb00e', 'Beef Stock', 400, 'ml');
INSERT INTO ingredients (id, recipe_id, name, quantity, unit) VALUES ('b0d6d249-7323-4c0e-b7a2-29cbd79302eb', 'ad12f509-73cc-497e-8b85-fea3647bb00e', 'Corn Flour', 2, 'tbs');
INSERT INTO ingredients (id, recipe_id, name, quantity, unit) VALUES ('fa945f23-bdd6-407f-85f2-2221883f454b', 'ad12f509-73cc-497e-8b85-fea3647bb00e', 'Oysters', 8, 'unit');
INSERT INTO ingredients (id, recipe_id, name, quantity, unit) VALUES ('0eb66673-d395-4e17-a940-90969305823b', 'ad12f509-73cc-497e-8b85-fea3647bb00e', 'Plain Flour', 400, 'g');
INSERT INTO ingredients (id, recipe_id, name, quantity, unit) VALUES ('ba64b229-0388-441f-b910-66985a8bf775', 'ad12f509-73cc-497e-8b85-fea3647bb00e', 'Salt', 1, 'pinch');
INSERT INTO ingredients (id, recipe_id, name, quantity, unit) VALUES ('51c93627-4e36-4eb8-ad8b-e7cd4615612f', 'ad12f509-73cc-497e-8b85-fea3647bb00e', 'Butter', 250, 'g');
INSERT INTO ingredients (id, recipe_id, name, quantity, unit) VALUES ('09644ae6-e391-4e4f-b366-9d39b0b0397f', 'ad12f509-73cc-497e-8b85-fea3647bb00e', 'Eggs', 1, 'To Glaze');
INSERT INTO recipe_dietary_tags (recipe_id, tag_id) VALUES ('ad12f509-73cc-497e-8b85-fea3647bb00e', 10);
INSERT INTO recipe_dietary_tags (recipe_id, tag_id) VALUES ('ad12f509-73cc-497e-8b85-fea3647bb00e', 5);
INSERT INTO recipe_dietary_tags (recipe_id, tag_id) VALUES ('ad12f509-73cc-497e-8b85-fea3647bb00e', 7);

INSERT INTO recipes (id, user_id, title, description, instructions, image_url, servings, source_url, source_name) VALUES ('c917339d-d864-45b8-adb7-a6d73202750e', 'admin-user-id', 'Tortang Talong', 'Filipino Vegetarian dish', '0.	Grill the eggplant until the color of skin turns almost black
1.	Let the eggplant cool for a while then peel off the skin. Set aside.
2.	Crack the eggs and place in a bowl
3.	Add salt and beat
4.	Place the eggplant on a flat surface and flatten using a fork.
5.	Dip the flattened eggplant in the beaten egg mixture
6.	Heat the pan and pour the cooking oil
7.	Fry the eggplant (that was dipped in the beaten mixture). Make sure that both sides are cooked. Frying time will take you about 3 to 4 minutes per side on medium heat. 
', 'https://www.themealdb.com/images/media/meals/va668f1683209318.jpg', 3, 'https://www.sainsburysmagazine.co.uk/recipes/mains/tortang-talong', 'www.sainsburysmagazine.co.uk');
INSERT INTO ingredients (id, recipe_id, name, quantity, unit) VALUES ('3e21df2a-9ca4-48ec-bcc0-bd745aa2e726', 'c917339d-d864-45b8-adb7-a6d73202750e', 'Egg Plants', 4, 'unit');
INSERT INTO ingredients (id, recipe_id, name, quantity, unit) VALUES ('4422ca6f-5bc0-430e-9b81-faa06abb5632', 'c917339d-d864-45b8-adb7-a6d73202750e', 'Eggs', 2, 'unit');
INSERT INTO ingredients (id, recipe_id, name, quantity, unit) VALUES ('fee18670-5dea-4615-b084-70adfce8b8bf', 'c917339d-d864-45b8-adb7-a6d73202750e', 'Salt', 1, 'tsp');
INSERT INTO ingredients (id, recipe_id, name, quantity, unit) VALUES ('ce2660f3-d49a-4437-902b-805bd795aa89', 'c917339d-d864-45b8-adb7-a6d73202750e', 'Olive Oil', 4, 'tsp');
INSERT INTO recipe_dietary_tags (recipe_id, tag_id) VALUES ('c917339d-d864-45b8-adb7-a6d73202750e', 4);
INSERT INTO recipe_dietary_tags (recipe_id, tag_id) VALUES ('c917339d-d864-45b8-adb7-a6d73202750e', 8);
INSERT INTO recipe_dietary_tags (recipe_id, tag_id) VALUES ('c917339d-d864-45b8-adb7-a6d73202750e', 9);

INSERT INTO recipes (id, user_id, title, description, instructions, image_url, servings, source_url, source_name) VALUES ('32a5bb30-5afe-4d4d-92bf-900c6e098125', 'admin-user-id', 'Lamb Rogan josh', 'Indian Lamb dish', '
Put the onions in a food processor and whizz until very finely chopped. Heat the oil in a large heavy-based pan, then fry the onion with the lid on, stirring every now and then, until it is really golden and soft. Add the garlic and ginger, then fry for 5 mins more.
Tip the curry paste, all the spices and the bay leaves into the pan, with the tomato purée. Stir well over the heat for about 30 secs, then add the meat and 300ml water. Stir to mix, turn down the heat, then add the yogurt.
Cover the pan, then gently simmer for 40-60 mins until the meat is tender and the sauce nice and thick. Serve scattered with coriander, with plain basmati or pilau rice.', 'https://www.themealdb.com/images/media/meals/vvstvq1487342592.jpg', 4, 'http://www.bbcgoodfood.com/recipes/9643/onepan-rogan-josh', 'www.bbcgoodfood.com');
INSERT INTO ingredients (id, recipe_id, name, quantity, unit) VALUES ('0d26be6b-4237-4f2c-baf3-202d9b598e5c', '32a5bb30-5afe-4d4d-92bf-900c6e098125', 'Onion', 2, 'quartered');
INSERT INTO ingredients (id, recipe_id, name, quantity, unit) VALUES ('81beddec-870f-4425-bce2-bf4e2b14555a', '32a5bb30-5afe-4d4d-92bf-900c6e098125', 'Sunflower Oil', 4, 'tbsp');
INSERT INTO ingredients (id, recipe_id, name, quantity, unit) VALUES ('2dd307b8-5a5f-47e8-ab66-21050ea94d57', '32a5bb30-5afe-4d4d-92bf-900c6e098125', 'Garlic', 4, 'cloves');
INSERT INTO ingredients (id, recipe_id, name, quantity, unit) VALUES ('b6feed18-18fc-4077-ae03-9ee275fc4b50', '32a5bb30-5afe-4d4d-92bf-900c6e098125', 'Ginger', 1, 'Thumb sized peeled and very finely grated');
INSERT INTO ingredients (id, recipe_id, name, quantity, unit) VALUES ('4893203d-6daa-4b5f-a983-c90413533c21', '32a5bb30-5afe-4d4d-92bf-900c6e098125', 'Madras Paste', 2, 'tbsp');
INSERT INTO ingredients (id, recipe_id, name, quantity, unit) VALUES ('7fb986b2-04e2-4749-b960-9c3e0b903e9e', '32a5bb30-5afe-4d4d-92bf-900c6e098125', 'Paprika', 2, 'tsp');
INSERT INTO ingredients (id, recipe_id, name, quantity, unit) VALUES ('44ec3b28-fce7-4e6c-9231-0007dc828f26', '32a5bb30-5afe-4d4d-92bf-900c6e098125', 'cinnamon stick', 1, 'unit');
INSERT INTO ingredients (id, recipe_id, name, quantity, unit) VALUES ('de0be4d8-cc81-4be7-8980-3e3cba40fc3d', '32a5bb30-5afe-4d4d-92bf-900c6e098125', 'Cardamom', 6, 'bashed to break shells');
INSERT INTO ingredients (id, recipe_id, name, quantity, unit) VALUES ('214f59a9-bcab-4533-9c8c-77ec1334d830', '32a5bb30-5afe-4d4d-92bf-900c6e098125', 'Cloves', 4, 'unit');
INSERT INTO ingredients (id, recipe_id, name, quantity, unit) VALUES ('3e1934d9-c310-4793-8a08-40ef03193059', '32a5bb30-5afe-4d4d-92bf-900c6e098125', 'Bay Leaf', 2, 'unit');
INSERT INTO ingredients (id, recipe_id, name, quantity, unit) VALUES ('6a035ef9-f164-4aa3-b3da-27c263a221f4', '32a5bb30-5afe-4d4d-92bf-900c6e098125', 'Tomato Purée', 1, 'tbsp');
INSERT INTO ingredients (id, recipe_id, name, quantity, unit) VALUES ('a7b39adf-5476-4bce-b901-1b3a749a66f4', '32a5bb30-5afe-4d4d-92bf-900c6e098125', 'Lamb', 1, 'kg cubed');
INSERT INTO ingredients (id, recipe_id, name, quantity, unit) VALUES ('89af1d85-28bf-4a28-9478-f28e0756a73d', '32a5bb30-5afe-4d4d-92bf-900c6e098125', 'Greek yogurt', 150, 'ml');
INSERT INTO ingredients (id, recipe_id, name, quantity, unit) VALUES ('7417247b-2dc0-470b-a853-61c8a80cc768', '32a5bb30-5afe-4d4d-92bf-900c6e098125', 'Coriander', 1, 'Garnish chopped');
INSERT INTO recipe_dietary_tags (recipe_id, tag_id) VALUES ('32a5bb30-5afe-4d4d-92bf-900c6e098125', 4);
INSERT INTO recipe_dietary_tags (recipe_id, tag_id) VALUES ('32a5bb30-5afe-4d4d-92bf-900c6e098125', 10);
INSERT INTO recipe_dietary_tags (recipe_id, tag_id) VALUES ('32a5bb30-5afe-4d4d-92bf-900c6e098125', 7);

INSERT INTO recipes (id, user_id, title, description, instructions, image_url, servings, source_url, source_name) VALUES ('8515be50-2435-4576-8b5f-3dac3495bb8f', 'admin-user-id', 'Jamaican Spice Bun Recipe', 'Jamaican Dessert dish', 'Soak the craisins, raisins, and cherries in the 1 cup of beer. Set aside and allow to soak for 30 minutes.
Preheat the oven to 325 degrees Fahrenheit. Grease an 8x4 loaf pan. Set aside.
Combine all-purpose flour, baking powder, ground cinnamon, salt, in a large bowl and set aside.
In another bowl, combine brown sugar, egg, milk, honey, melted butter, molasses, browning, vanilla extract, and the beer that’s soaking the fruit. Do not pour the fruit in at this time, just the beer. Mix to combine.
Remove 2 tablespoon of flour from the flour mixture and toss the fruit in it. Set aside.
Make a well in the middle of the bowl of dry ingredients and pour in wet mixture, stirring until fully combined. And the fruits to the mixture and stir until incpororated.
Pour mixture into prepared loaf pan and bake in the preheated oven for 50-60 minutes or until a toothpick comes out clean.
Cool for 5 minutes in the pan and then move to a cooling rack to finish cooling. Serve with slices of cheddar cheese.', 'https://www.themealdb.com/images/media/meals/08c5f41764791918.jpg', 3, 'https://www.myforkinglife.com/easter-spice-bread-jamaican-style/#recipe', 'www.myforkinglife.com');
INSERT INTO ingredients (id, recipe_id, name, quantity, unit) VALUES ('d8531b70-743f-4cd4-a9b9-4a89e770bb42', '8515be50-2435-4576-8b5f-3dac3495bb8f', 'All purpose flour', 380, 'g');
INSERT INTO ingredients (id, recipe_id, name, quantity, unit) VALUES ('321215df-2f2a-4479-a62b-b804705ccb6e', '8515be50-2435-4576-8b5f-3dac3495bb8f', 'Baking Powder', 2, 'tsp');
INSERT INTO ingredients (id, recipe_id, name, quantity, unit) VALUES ('fb0b6a92-abe4-48a3-ae49-69bb1b198ba2', '8515be50-2435-4576-8b5f-3dac3495bb8f', 'Ground Cinnamon', 2, 'tsp');
INSERT INTO ingredients (id, recipe_id, name, quantity, unit) VALUES ('0f3d6de5-249d-4249-9728-e709e408de5f', '8515be50-2435-4576-8b5f-3dac3495bb8f', 'Salt', 0.5, 'tsp');
INSERT INTO ingredients (id, recipe_id, name, quantity, unit) VALUES ('d17bdbda-37a9-405d-bd45-126e195de7d4', '8515be50-2435-4576-8b5f-3dac3495bb8f', 'Egg', 1, 'large');
INSERT INTO ingredients (id, recipe_id, name, quantity, unit) VALUES ('0c59f9c8-094e-4ea6-a71c-910fcac5cb5d', '8515be50-2435-4576-8b5f-3dac3495bb8f', 'Brown Sugar', 150, 'g');
INSERT INTO ingredients (id, recipe_id, name, quantity, unit) VALUES ('f995e53b-ac59-4f77-ad4e-4210d71dcf1f', '8515be50-2435-4576-8b5f-3dac3495bb8f', 'Beer', 250, 'g');
INSERT INTO ingredients (id, recipe_id, name, quantity, unit) VALUES ('def27382-c57f-40be-8c30-7c51c822efae', '8515be50-2435-4576-8b5f-3dac3495bb8f', 'Milk', 0.3333333333333333, 'cup');
INSERT INTO ingredients (id, recipe_id, name, quantity, unit) VALUES ('1559c97a-e3fe-4931-81d7-227a0e610aed', '8515be50-2435-4576-8b5f-3dac3495bb8f', 'Honey', 0.25, 'cup');
INSERT INTO ingredients (id, recipe_id, name, quantity, unit) VALUES ('e4515a66-2551-474a-828e-06941631f8be', '8515be50-2435-4576-8b5f-3dac3495bb8f', 'Unsalted Butter', 4, 'tablespoons');
INSERT INTO ingredients (id, recipe_id, name, quantity, unit) VALUES ('e1043833-52db-44da-b3ee-8c087bb9d255', '8515be50-2435-4576-8b5f-3dac3495bb8f', 'Molasses', 1, 'tablespoon');
INSERT INTO ingredients (id, recipe_id, name, quantity, unit) VALUES ('f9a49bce-a804-4ce6-88dc-df2cc448a599', '8515be50-2435-4576-8b5f-3dac3495bb8f', 'Caramelized Sugar Sauce', 1, 'tsp');
INSERT INTO ingredients (id, recipe_id, name, quantity, unit) VALUES ('6023c7fc-108d-45a8-9f58-4e391ac471ec', '8515be50-2435-4576-8b5f-3dac3495bb8f', 'Vanilla Extract', 1, 'tsp');
INSERT INTO ingredients (id, recipe_id, name, quantity, unit) VALUES ('e335d6ac-3372-40fe-b2c0-b5d342bdaaab', '8515be50-2435-4576-8b5f-3dac3495bb8f', 'Dried cranberries', 0.5, 'cup');
INSERT INTO ingredients (id, recipe_id, name, quantity, unit) VALUES ('99479cb0-bcaf-4b00-9c21-f919535a5100', '8515be50-2435-4576-8b5f-3dac3495bb8f', 'Raisins', 0.5, 'cup');
INSERT INTO ingredients (id, recipe_id, name, quantity, unit) VALUES ('9e85f228-95e7-4833-beeb-28299a599391', '8515be50-2435-4576-8b5f-3dac3495bb8f', 'Dried Cherries', 0.5, 'cup');
INSERT INTO recipe_dietary_tags (recipe_id, tag_id) VALUES ('8515be50-2435-4576-8b5f-3dac3495bb8f', 9);
INSERT INTO recipe_dietary_tags (recipe_id, tag_id) VALUES ('8515be50-2435-4576-8b5f-3dac3495bb8f', 10);

INSERT INTO recipes (id, user_id, title, description, instructions, image_url, servings, source_url, source_name) VALUES ('8dd69a41-518c-4231-b952-8ece7f56dce3', 'admin-user-id', 'Kung Pao Chicken', 'Chinese Chicken dish', 'Combine the sake or rice wine, soy sauce, sesame oil and cornflour dissolved in water. Divide mixture in half.
In a glass dish or bowl, combine half of the sake mixture with the chicken pieces and toss to coat. Cover dish and place in refrigerator for about 30 minutes.
In a medium frying pan, combine remaining sake mixture, chillies, vinegar and sugar. Mix together and add spring onion, garlic, water chestnuts and peanuts. Heat sauce slowly over medium heat until aromatic.
Meanwhile, remove chicken from marinade and sauté in a large frying pan until juices run clear. When sauce is aromatic, add sautéed chicken and let simmer together until sauce thickens.', 'https://www.themealdb.com/images/media/meals/1525872624.jpg', 3, 'http://allrecipes.co.uk/recipe/1773/kung-pao-chicken.aspx', 'allrecipes.co.uk');
INSERT INTO ingredients (id, recipe_id, name, quantity, unit) VALUES ('07fce675-270d-49ae-9892-691f460f4134', '8dd69a41-518c-4231-b952-8ece7f56dce3', 'Sake', 2, 'tbs');
INSERT INTO ingredients (id, recipe_id, name, quantity, unit) VALUES ('25fa299e-afb3-4f63-925b-a729fb14fe8f', '8dd69a41-518c-4231-b952-8ece7f56dce3', 'Soy Sauce', 2, 'tbs');
INSERT INTO ingredients (id, recipe_id, name, quantity, unit) VALUES ('0c6f95bf-14af-42e7-80c9-8e2453d5e51c', '8dd69a41-518c-4231-b952-8ece7f56dce3', 'Sesame Seed Oil', 2, 'tbs');
INSERT INTO ingredients (id, recipe_id, name, quantity, unit) VALUES ('3019eab1-aa4b-4f0a-850b-3995d5409be7', '8dd69a41-518c-4231-b952-8ece7f56dce3', 'Corn Flour', 2, 'tbs');
INSERT INTO ingredients (id, recipe_id, name, quantity, unit) VALUES ('bcb838d3-cd00-450b-af63-8019ae70cdfe', '8dd69a41-518c-4231-b952-8ece7f56dce3', 'Water', 2, 'tbs');
INSERT INTO ingredients (id, recipe_id, name, quantity, unit) VALUES ('14176fe1-6b89-42a6-90e0-d8c303e672dd', '8dd69a41-518c-4231-b952-8ece7f56dce3', 'Chicken', 500, 'g');
INSERT INTO ingredients (id, recipe_id, name, quantity, unit) VALUES ('f182412f-9584-445e-8e4e-26ebb84d692b', '8dd69a41-518c-4231-b952-8ece7f56dce3', 'Chilli Powder', 1, 'tbs');
INSERT INTO ingredients (id, recipe_id, name, quantity, unit) VALUES ('366f250b-cdc7-476a-8ecf-788a6a5a9929', '8dd69a41-518c-4231-b952-8ece7f56dce3', 'Rice Vinegar', 1, 'tsp');
INSERT INTO ingredients (id, recipe_id, name, quantity, unit) VALUES ('aa0f53ff-896c-482e-a1a8-6edcd6077d65', '8dd69a41-518c-4231-b952-8ece7f56dce3', 'Brown Sugar', 1, 'tbs');
INSERT INTO ingredients (id, recipe_id, name, quantity, unit) VALUES ('a9f8afb6-2bce-4c6a-a220-77cc424916ca', '8dd69a41-518c-4231-b952-8ece7f56dce3', 'Spring Onions', 4, 'Chopped');
INSERT INTO ingredients (id, recipe_id, name, quantity, unit) VALUES ('96622ea4-0ddc-478d-aa00-b73ec0019597', '8dd69a41-518c-4231-b952-8ece7f56dce3', 'Garlic Clove', 6, 'cloves');
INSERT INTO ingredients (id, recipe_id, name, quantity, unit) VALUES ('1c218556-b96b-4ff2-969c-f72f920407d6', '8dd69a41-518c-4231-b952-8ece7f56dce3', 'Water Chestnut', 220, 'g');
INSERT INTO ingredients (id, recipe_id, name, quantity, unit) VALUES ('30d51ec7-2085-4ccb-a5e3-e5ec31604936', '8dd69a41-518c-4231-b952-8ece7f56dce3', 'Peanuts', 100, 'g');
INSERT INTO recipe_dietary_tags (recipe_id, tag_id) VALUES ('8dd69a41-518c-4231-b952-8ece7f56dce3', 8);
INSERT INTO recipe_dietary_tags (recipe_id, tag_id) VALUES ('8dd69a41-518c-4231-b952-8ece7f56dce3', 10);
INSERT INTO recipe_dietary_tags (recipe_id, tag_id) VALUES ('8dd69a41-518c-4231-b952-8ece7f56dce3', 3);

INSERT INTO recipes (id, user_id, title, description, instructions, image_url, servings, source_url, source_name) VALUES ('b8d2397c-3604-4b54-b305-134a1acaa24e', 'admin-user-id', 'Beef pho', 'Vietnamese Beef dish', 'step 1
Tip the beef stock along with 500ml of water into a large saucepan. Sit the onion and ginger in a frying pan over a high heat and char on all sides, around 3-5 mins (you can also do this under your grill). Once charred, add to the beef stock. In the same pan, toast the spices for 2-3 mins and once they begin to smell fragrant, add them to the beef stock as well. Bring the stock to the boil, then turn to a simmer and cook for 30mins before straining.

step 2
Meanwhile, cut the fat from the steak and wrap in cling film, then put into the freezer for 15 mins – this will make your steak really easy to slice! Slice it thinly, then cover with cling film again and pop into the fridge.

step 3
Taste the beef stock and use the palm sugar, fish sauce and soy to season. Cook the noodles according to package instructions and split between two bowls, topping each with the sliced beef. Bring the stock to the boil and then pour into the bowls (the heat will cook the beef). Top each with the spring onions, chilli slices and herbs. Serve with the lime wedges to squeeze over.', 'https://www.themealdb.com/images/media/meals/pbzcrx1763765096.jpg', 5, 'https://www.bbcgoodfood.com/recipes/beef-pho', 'www.bbcgoodfood.com');
INSERT INTO ingredients (id, recipe_id, name, quantity, unit) VALUES ('a13382dc-9589-4be4-b10c-3f4418893521', 'b8d2397c-3604-4b54-b305-134a1acaa24e', 'Beef Stock', 1, 'L');
INSERT INTO ingredients (id, recipe_id, name, quantity, unit) VALUES ('ca2faba3-fbe3-4f95-9602-f88d0a927da7', 'b8d2397c-3604-4b54-b305-134a1acaa24e', 'Onion', 1, 'large');
INSERT INTO ingredients (id, recipe_id, name, quantity, unit) VALUES ('8d88ee97-34ca-47bf-bb73-4e0441c306a1', 'b8d2397c-3604-4b54-b305-134a1acaa24e', 'Ginger', 1, 'Large Chopped');
INSERT INTO ingredients (id, recipe_id, name, quantity, unit) VALUES ('54ca9e55-1786-40b6-b080-100b1ffcb90f', 'b8d2397c-3604-4b54-b305-134a1acaa24e', 'Cinnamon Stick', 1, 'unit');
INSERT INTO ingredients (id, recipe_id, name, quantity, unit) VALUES ('d81d5e29-5525-4587-9ec7-7ab63af3bf0a', 'b8d2397c-3604-4b54-b305-134a1acaa24e', 'Star Anise', 2, 'unit');
INSERT INTO ingredients (id, recipe_id, name, quantity, unit) VALUES ('a991c0e6-5175-4e44-8993-8a2959ac27f2', 'b8d2397c-3604-4b54-b305-134a1acaa24e', 'Coriander Seeds', 1, 'tsp');
INSERT INTO ingredients (id, recipe_id, name, quantity, unit) VALUES ('4571ff03-feb8-4f95-adf0-abba25976d91', 'b8d2397c-3604-4b54-b305-134a1acaa24e', 'Cloves', 0.5, 'teaspoon');
INSERT INTO ingredients (id, recipe_id, name, quantity, unit) VALUES ('2fa9a25c-6e9c-41a8-b8cd-83ede832f11a', 'b8d2397c-3604-4b54-b305-134a1acaa24e', 'Sirloin steak', 225, 'g');
INSERT INTO ingredients (id, recipe_id, name, quantity, unit) VALUES ('7801cdd9-c1b6-41e4-8069-c9ceaa2f6ca9', 'b8d2397c-3604-4b54-b305-134a1acaa24e', 'Palm Sugar', 1, 'tsp');
INSERT INTO ingredients (id, recipe_id, name, quantity, unit) VALUES ('3fed0c2c-fab3-4285-a9eb-022a291c280a', 'b8d2397c-3604-4b54-b305-134a1acaa24e', 'Fish Sauce', 1, 'tablespoon');
INSERT INTO ingredients (id, recipe_id, name, quantity, unit) VALUES ('6d5223af-538c-4744-b8b3-97bbc9450791', 'b8d2397c-3604-4b54-b305-134a1acaa24e', 'Soy Sauce', 1, '½ tbsp');
INSERT INTO ingredients (id, recipe_id, name, quantity, unit) VALUES ('e3eb0bc0-b3a6-4609-9f16-a0b4a65eca08', 'b8d2397c-3604-4b54-b305-134a1acaa24e', 'Rice Noodles', 200, 'g');
INSERT INTO ingredients (id, recipe_id, name, quantity, unit) VALUES ('7f0b39cd-f9f6-4f13-b4fb-c1b3e673b2f1', 'b8d2397c-3604-4b54-b305-134a1acaa24e', 'Spring Onions', 2, 'sliced');
INSERT INTO ingredients (id, recipe_id, name, quantity, unit) VALUES ('6fbfe047-4a8f-4275-9862-e4f2a656f1d2', 'b8d2397c-3604-4b54-b305-134a1acaa24e', 'Birds-eye Chillies', 1, 'small');
INSERT INTO ingredients (id, recipe_id, name, quantity, unit) VALUES ('42767083-23de-42eb-ad1b-2ff01fcc8df0', 'b8d2397c-3604-4b54-b305-134a1acaa24e', 'Basil', 1, 'Handful');
INSERT INTO ingredients (id, recipe_id, name, quantity, unit) VALUES ('cb1a2361-c7b7-43d8-9813-e533f9288088', 'b8d2397c-3604-4b54-b305-134a1acaa24e', 'Coriander', 1, 'Handful');
INSERT INTO ingredients (id, recipe_id, name, quantity, unit) VALUES ('89a8b057-e229-4d81-9b9f-a0454d0acf98', 'b8d2397c-3604-4b54-b305-134a1acaa24e', 'Lime', 1, 'unit');
INSERT INTO recipe_dietary_tags (recipe_id, tag_id) VALUES ('b8d2397c-3604-4b54-b305-134a1acaa24e', 4);
INSERT INTO recipe_dietary_tags (recipe_id, tag_id) VALUES ('b8d2397c-3604-4b54-b305-134a1acaa24e', 8);
INSERT INTO recipe_dietary_tags (recipe_id, tag_id) VALUES ('b8d2397c-3604-4b54-b305-134a1acaa24e', 10);

INSERT INTO recipes (id, user_id, title, description, instructions, image_url, servings, source_url, source_name) VALUES ('47496ff4-482e-41bb-8664-f1db108a1f07', 'admin-user-id', 'Home-made Mandazi', 'Kenyan Breakfast dish', 'This is one recipe a lot of people have requested and I have tried to make it as simple as possible and I hope it will work for you. Make sure you use the right flour which is basically one with raising agents. Adjust the amount of sugar to your taste and try using different flavours to have variety whenever you have them.
You can use Coconut milk instead of regular milk, you can also add desiccated coconut to the dry flour or other spices like powdered cloves or cinnamon.
For “healthy looking” mandazis do not roll the dough too thin before frying and use the procedure I have indicated above.

1. Mix the flour,cinnamon and sugar in a suitable bowl.
2. In a separate bowl whisk the egg into the milk
3. Make a well at the centre of the flour and add the milk and egg mixture and slowly mix to form a dough.
4. Knead the dough for 3-4 minutes or until it stops sticking to the sides of the bowl and you have a smooth surface.
5. Cover the dough with a damp cloth  and allow to rest for 15 minutes.
6. Roll the dough on a lightly floured surface into a 1cm thick piece.
7. Using a sharp small knife, cut the dough into the desired size setting aside ready for deep frying.
8. Heat your oil in a suitable pot and gently dip the mandazi pieces to cook until light brown on the first side then turn to cook on the second side.
9. Serve them warm or cold', 'https://www.themealdb.com/images/media/meals/thazgm1555350962.jpg', 2, 'http://chef-raphael.com/home-made-mandazi-recipe/#more-106', 'chef-raphael.com');
INSERT INTO ingredients (id, recipe_id, name, quantity, unit) VALUES ('61d5e95b-32a5-41cc-8f0f-5a3f52b2a8d2', '47496ff4-482e-41bb-8664-f1db108a1f07', 'Self-raising Flour', 750, 'g');
INSERT INTO ingredients (id, recipe_id, name, quantity, unit) VALUES ('2afa51a5-913a-4cfd-8389-bd95e98c95a1', '47496ff4-482e-41bb-8664-f1db108a1f07', 'Sugar', 6, 'tablespoons');
INSERT INTO ingredients (id, recipe_id, name, quantity, unit) VALUES ('18913e6d-800e-4409-977d-45807fd25430', '47496ff4-482e-41bb-8664-f1db108a1f07', 'Eggs', 2, 'unit');
INSERT INTO ingredients (id, recipe_id, name, quantity, unit) VALUES ('cc6c208e-4c03-427e-9ab6-0cb5a85fb3cd', '47496ff4-482e-41bb-8664-f1db108a1f07', 'Milk', 1, 'cup');
INSERT INTO recipe_dietary_tags (recipe_id, tag_id) VALUES ('47496ff4-482e-41bb-8664-f1db108a1f07', 9);
INSERT INTO recipe_dietary_tags (recipe_id, tag_id) VALUES ('47496ff4-482e-41bb-8664-f1db108a1f07', 10);

INSERT INTO recipes (id, user_id, title, description, instructions, image_url, servings, source_url, source_name) VALUES ('cde463bf-b9f1-4b17-8689-011f9647792a', 'admin-user-id', 'Prawn stir-fry', 'Thai Seafood dish', 'step 1
Put the prawns in a bowl. Put the chilli, garlic, coriander stalks (snip these up using scissors first) and caster sugar in a spice grinder or small food processor and whizz together. Add half of the lime juice and the fish sauce, then pour this over the prawns.

step 2
Heat 1 tbsp oil in a wok, add the ginger and spring onions and fry for 1 min. Add the red pepper and fry for 1 min, until the pepper starts to soften. Add the water chestnuts and bean sprouts, and toss together until the bean sprouts start to wilt. Add the soy sauce and a really good grind of black pepper, then tip the lot into a serving dish.

step 3
Heat the remaining oil in the wok and add the prawns, lifting them out of their juices. Toss for 1-2 mins until they turn pink, add the marinade and swirl the wok quickly, then tip the lot onto the veg. Snip over the coriander leaves and sprinkle on the remaining lime. Serves over noodles with extra lime for squeezing over.', 'https://www.themealdb.com/images/media/meals/96lt871763480970.jpg', 2, 'https://www.bbcgoodfood.com/recipes/thai-prawn-ginger-spring-onion-stir-fry', 'www.bbcgoodfood.com');
INSERT INTO ingredients (id, recipe_id, name, quantity, unit) VALUES ('f14403e4-88df-4f4b-a173-4fb16c7d9dcb', 'cde463bf-b9f1-4b17-8689-011f9647792a', 'Raw tiger prawns', 200, 'g');
INSERT INTO ingredients (id, recipe_id, name, quantity, unit) VALUES ('f835f441-7d39-4371-956e-935811481937', 'cde463bf-b9f1-4b17-8689-011f9647792a', 'Green Chilli', 1, 'chopped');
INSERT INTO ingredients (id, recipe_id, name, quantity, unit) VALUES ('8d1e2225-6d8a-4bcb-922e-abcbc1f21d81', 'cde463bf-b9f1-4b17-8689-011f9647792a', 'Garlic', 3, 'Cloves Crushed');
INSERT INTO ingredients (id, recipe_id, name, quantity, unit) VALUES ('d01d2913-d63d-4af3-8ea1-e8fa0f697512', 'cde463bf-b9f1-4b17-8689-011f9647792a', 'Coriander', 1, 'bunch');
INSERT INTO ingredients (id, recipe_id, name, quantity, unit) VALUES ('1bf93a5b-3ac6-4e57-9ecb-8c64edfa85a1', 'cde463bf-b9f1-4b17-8689-011f9647792a', 'Caster Sugar', 1, 'tblsp');
INSERT INTO ingredients (id, recipe_id, name, quantity, unit) VALUES ('f86b3e7e-5a16-4ec2-b87d-7404f162ef55', 'cde463bf-b9f1-4b17-8689-011f9647792a', 'Lime', 1, 'Juice of 1');
INSERT INTO ingredients (id, recipe_id, name, quantity, unit) VALUES ('0fc588c9-5fa2-45ef-a5dc-0ecb38d89251', 'cde463bf-b9f1-4b17-8689-011f9647792a', 'Fish Sauce', 3, 'tbsp');
INSERT INTO ingredients (id, recipe_id, name, quantity, unit) VALUES ('cb3ff1e2-120d-465f-95a7-757b62059fd4', 'cde463bf-b9f1-4b17-8689-011f9647792a', 'Ground Nut Oil', 2, 'tablespoons');
INSERT INTO ingredients (id, recipe_id, name, quantity, unit) VALUES ('110a1f5e-c1ec-4ea6-90a7-7377d962e1f9', 'cde463bf-b9f1-4b17-8689-011f9647792a', 'Ginger', 3, 'cm piece');
INSERT INTO ingredients (id, recipe_id, name, quantity, unit) VALUES ('abde2522-7958-401b-82d5-0ff0584c6a48', 'cde463bf-b9f1-4b17-8689-011f9647792a', 'Spring Onions', 8, 'slices');
INSERT INTO ingredients (id, recipe_id, name, quantity, unit) VALUES ('bedef67e-c7f4-4870-b69c-dfdcecd8b88d', 'cde463bf-b9f1-4b17-8689-011f9647792a', 'Red Pepper', 1, 'sliced');
INSERT INTO ingredients (id, recipe_id, name, quantity, unit) VALUES ('6bc88d14-f779-48b1-85e9-314121c6519d', 'cde463bf-b9f1-4b17-8689-011f9647792a', 'Water Chestnut', 85, 'g');
INSERT INTO ingredients (id, recipe_id, name, quantity, unit) VALUES ('9b7142f7-5211-4790-ba2f-53b18c596c11', 'cde463bf-b9f1-4b17-8689-011f9647792a', 'Bean Sprouts', 100, 'g');
INSERT INTO ingredients (id, recipe_id, name, quantity, unit) VALUES ('33fa4233-e86d-4c8f-bea4-7bc9e0708f16', 'cde463bf-b9f1-4b17-8689-011f9647792a', 'Soy Sauce', 1, 'tablespoon');
INSERT INTO ingredients (id, recipe_id, name, quantity, unit) VALUES ('3d3cad74-8875-41b9-96c4-8096656d507c', 'cde463bf-b9f1-4b17-8689-011f9647792a', 'Rice Noodles', 1, 'To serve');
INSERT INTO ingredients (id, recipe_id, name, quantity, unit) VALUES ('c2af326e-2932-4a16-a765-8e652d42c35c', 'cde463bf-b9f1-4b17-8689-011f9647792a', 'Lime', 1, 'To serve');
INSERT INTO recipe_dietary_tags (recipe_id, tag_id) VALUES ('cde463bf-b9f1-4b17-8689-011f9647792a', 4);
INSERT INTO recipe_dietary_tags (recipe_id, tag_id) VALUES ('cde463bf-b9f1-4b17-8689-011f9647792a', 8);
INSERT INTO recipe_dietary_tags (recipe_id, tag_id) VALUES ('cde463bf-b9f1-4b17-8689-011f9647792a', 10);

INSERT INTO recipes (id, user_id, title, description, instructions, image_url, servings, source_url, source_name) VALUES ('4aa9e242-852a-4946-906f-c9de7e0d80b1', 'admin-user-id', 'Honey Balsamic Chicken with Crispy Broccoli & Potatoes', 'American Chicken dish', '2 Servings

1. Preheat oven to 425 degrees. Wash and dry all produce. Cut potatoes into 1/2-inch-thick wedges. Toss on one side of a baking sheet with a drizzle of oil, salt, and pepper. (For 4 servings, spread potatoes out across entire sheet.) Roast on top rack for 5 minutes (we''ll add the broccoli then). 

2. Meanwhile, cut broccoli florets into bite-size pieces, if necessary. Peel and finely chop garlic. In a small microwave-safe bowl, combine 1 TBSP olive oil (2 TBSP for 4 servings) and half the garlic. Microwave until garlic sizzles, 30 seconds. 

3. Once potatoes have roasted 5 minutes, remove sheet from oven and add broccoli to empty side; carefully toss with garlic oil, salt, and pepper. (For 4 servings, add broccoli to a second sheet.) Continue roasting until potatoes and broccoli are browned and crispy, 15-20 minutes more. 

4. While veggies roast, pat chicken dry with paper towels; season all over with salt and pepper. Heat a drizzle of oil in a large pan over medium-high heat. Add chicken and cook until browned and cooked through, 5-6 minutes per side. (If chicken browns too quickly, reduce heat to medium.) Turn off heat; set chicken aside to rest. Wash out pan. 

5. Heat pan used for chicken over medium-high heat. Add a drizzle of oil and remaining garlic; cook until fragrant, 30 seconds. Stir in vinegar, honey, stock concentrate, and 1/4 cup water (1/3 cup for 4 servings). Simmer until thick and glossy, 2-3 minutes. Remove from heat and stir in 1 TBSP butter (2 TBSP for 4). Season with salt and pepper. 

6. Return chicken to pan and turn to coat in glaze. Divide chicken, broccoli, and potatoes between plates. Spoon any remaining glaze over chicken and serve. ', 'https://www.themealdb.com/images/media/meals/kvbotn1581012881.jpg', 4, 'https://www.themealdb.com', 'TheMealDB');
INSERT INTO ingredients (id, recipe_id, name, quantity, unit) VALUES ('84be5a78-a722-4eee-887a-4e11bed7343e', '4aa9e242-852a-4946-906f-c9de7e0d80b1', 'Potatoes', 5, 'unit');
INSERT INTO ingredients (id, recipe_id, name, quantity, unit) VALUES ('7c15b3db-a8d4-4561-b323-2b73108e3bed', '4aa9e242-852a-4946-906f-c9de7e0d80b1', 'Broccoli', 1, 'unit');
INSERT INTO ingredients (id, recipe_id, name, quantity, unit) VALUES ('3f0b271f-1f6c-4ba8-9cfe-9da448aff47d', '4aa9e242-852a-4946-906f-c9de7e0d80b1', 'Garlic', 2, 'cloves');
INSERT INTO ingredients (id, recipe_id, name, quantity, unit) VALUES ('041f9b9a-f2ba-4c97-b3da-ef93a2121e5a', '4aa9e242-852a-4946-906f-c9de7e0d80b1', 'Chicken Breast', 2, 'unit');
INSERT INTO ingredients (id, recipe_id, name, quantity, unit) VALUES ('f10044ba-5202-40f2-9c19-9939f90cbf13', '4aa9e242-852a-4946-906f-c9de7e0d80b1', 'Balsamic Vinegar', 1, 'unit');
INSERT INTO ingredients (id, recipe_id, name, quantity, unit) VALUES ('46be45c0-9ee0-4e75-9cc5-c74925103ca1', '4aa9e242-852a-4946-906f-c9de7e0d80b1', 'Honey', 1, 'unit');
INSERT INTO ingredients (id, recipe_id, name, quantity, unit) VALUES ('e0eb85ce-a748-47d8-930b-a06b3dc390b9', '4aa9e242-852a-4946-906f-c9de7e0d80b1', 'Chicken Stock', 1, 'unit');
INSERT INTO ingredients (id, recipe_id, name, quantity, unit) VALUES ('d593a24a-d934-48b8-9ca4-5c5e50c7f20b', '4aa9e242-852a-4946-906f-c9de7e0d80b1', 'Butter', 1, 'tbsp');
INSERT INTO ingredients (id, recipe_id, name, quantity, unit) VALUES ('4dae135d-1d6c-4e3a-b0eb-2f3bd67aeeac', '4aa9e242-852a-4946-906f-c9de7e0d80b1', 'Vegetable Oil', 1, 'tbsp');
INSERT INTO ingredients (id, recipe_id, name, quantity, unit) VALUES ('fb3a212a-3c37-4c59-8c76-5ad3cff589f8', '4aa9e242-852a-4946-906f-c9de7e0d80b1', 'Olive Oil', 1, 'tbsp');
INSERT INTO recipe_dietary_tags (recipe_id, tag_id) VALUES ('4aa9e242-852a-4946-906f-c9de7e0d80b1', 4);
INSERT INTO recipe_dietary_tags (recipe_id, tag_id) VALUES ('4aa9e242-852a-4946-906f-c9de7e0d80b1', 10);
INSERT INTO recipe_dietary_tags (recipe_id, tag_id) VALUES ('4aa9e242-852a-4946-906f-c9de7e0d80b1', 3);

INSERT INTO recipes (id, user_id, title, description, instructions, image_url, servings, source_url, source_name) VALUES ('3d3c8cc2-5507-4f65-a5b1-c643050f8afc', 'admin-user-id', 'Chicken wings with cumin, lemon & garlic', 'Turkish Chicken dish', 'step 1
Using a pair of sharp kitchen scissors, cut each wing at the knuckle into two pieces. Mix the garlic, lemon zest and juice, cumin and oil with plenty of seasoning, then tip into a dish with the chicken wings and toss to coat. Cover and put in the fridge to marinate for at least 1 hr, or overnight if you have time.

step 2
Heat oven to 200C/180C fan/gas 6, or heat an outdoor barbecue. Bake the chicken wings on an oven tray for 45-50 mins until crisp, or barbecue for 20 mins, drizzling over the honey for the final 10 mins of each method. Serve on a platter with plenty of paper napkins. Fill small bowls with olives, pistachios or almonds, dates and pickled chillies and flatbreads to serve alongside, along with the dishes below.', 'https://www.themealdb.com/images/media/meals/4hzyvq1763792564.jpg', 2, 'https://www.bbcgoodfood.com/recipes/chicken-wings-cumin-lemon-garlic', 'www.bbcgoodfood.com');
INSERT INTO ingredients (id, recipe_id, name, quantity, unit) VALUES ('b7030b4d-018f-4182-b39a-a3faeefc5db6', '3d3c8cc2-5507-4f65-a5b1-c643050f8afc', 'Chicken Wings', 12, 'unit');
INSERT INTO ingredients (id, recipe_id, name, quantity, unit) VALUES ('d2ea60e4-c1a1-49df-8c4b-58ce06afcb19', '3d3c8cc2-5507-4f65-a5b1-c643050f8afc', 'Garlic', 2, 'cloves minced');
INSERT INTO ingredients (id, recipe_id, name, quantity, unit) VALUES ('00ac23cc-ea5e-4645-a0fc-77e70f43b352', '3d3c8cc2-5507-4f65-a5b1-c643050f8afc', 'Lemon', 1, 'Zest and juice of 1');
INSERT INTO ingredients (id, recipe_id, name, quantity, unit) VALUES ('221de961-42e3-4cbe-bcb5-a3f35abf81f7', '3d3c8cc2-5507-4f65-a5b1-c643050f8afc', 'Cumin Seeds', 1, 'tsp');
INSERT INTO ingredients (id, recipe_id, name, quantity, unit) VALUES ('0a27b296-0337-40ca-8263-dd1a5a7d01ce', '3d3c8cc2-5507-4f65-a5b1-c643050f8afc', 'Olive Oil', 2, 'tablespoons');
INSERT INTO ingredients (id, recipe_id, name, quantity, unit) VALUES ('f134c149-18b5-4b0c-bebe-fe10086725ce', '3d3c8cc2-5507-4f65-a5b1-c643050f8afc', 'Honey', 1, 'tablespoon');
INSERT INTO recipe_dietary_tags (recipe_id, tag_id) VALUES ('3d3c8cc2-5507-4f65-a5b1-c643050f8afc', 8);
INSERT INTO recipe_dietary_tags (recipe_id, tag_id) VALUES ('3d3c8cc2-5507-4f65-a5b1-c643050f8afc', 10);
INSERT INTO recipe_dietary_tags (recipe_id, tag_id) VALUES ('3d3c8cc2-5507-4f65-a5b1-c643050f8afc', 3);

INSERT INTO recipes (id, user_id, title, description, instructions, image_url, servings, source_url, source_name) VALUES ('2edf7617-36fc-4b4c-ad08-8db09fb859ff', 'admin-user-id', 'Classic Christmas pudding', 'British Dessert dish', 'Get everything for the pudding prepared. Chop the almonds coarsely. Peel, core and chop the cooking apples. Sharpen your knife and chop the candied peel. (You can chop the almonds and apples in a food processor, but the peel must be done by hand.) Grate three quarters of the nutmeg (sounds a lot but it''s correct).

Mix the almonds, apples, candied peel, nutmeg, raisins, flour, breadcrumbs, light muscovado sugar, eggs and 2 tbsp brandy or cognac in a large bowl. 

Holding the butter in its wrapper, grate a quarter of it into the bowl, then stir everything together. Repeat until all the butter is grated, then stir for 3-4 mins – the mixture is ready when it subsides slightly after each stir. Ask the family to stir too, and get everyone to make a wish. 

Generously butter two 1.2 litre bowls and put a circle of baking parchment in the bottom of each. Pack in the pudding mixture. Cover with a double layer of baking parchment, pleating it to allow for expansion, then tie with string (keep the paper in place with a rubber band while tying). Trim off any excess paper. 

Now stand each bowl on a large sheet of foil and bring the edges up over the top, then put another sheet of foil over the top and bring it down underneath to make a double package (this makes the puddings watertight). Tie with more string, and make a handle for easy lifting in and out of the pan. Watch our video to see how to tie up a pudding correctly.

Boil or oven steam the puddings for 8 hrs, topping up with water as necessary. Remove from the pans and leave to cool overnight. When cold, discard the messy wrappings and re-wrap in new baking parchment, foil and string. Store in a cool, dry place until Christmas. 

To make the brandy butter, cream the butter with the orange zest and icing sugar. Gradually beat in the brandy or cognac and chopped stem ginger. Put in a small bowl, fork the top attractively and put in the fridge to set. The butter will keep for a week in the fridge, or it can be frozen for up to six weeks. 

On Christmas Day, boil or oven steam for 1 hr. Unwrap and turn out. To flame, warm 3-4 tbsp brandy in a small pan, pour it over the pudding and set light to it.', 'https://www.themealdb.com/images/media/meals/1d85821576790598.jpg', 2, 'https://www.bbcgoodfood.com/recipes/classic-christmas-pudding', 'www.bbcgoodfood.com');
INSERT INTO ingredients (id, recipe_id, name, quantity, unit) VALUES ('a10cd258-4c14-45eb-bf2c-4c0fdd3cbde9', '2edf7617-36fc-4b4c-ad08-8db09fb859ff', 'Almonds', 50, 'g');
INSERT INTO ingredients (id, recipe_id, name, quantity, unit) VALUES ('847d6c34-6bc8-4f93-8f6b-0ccc88f7d673', '2edf7617-36fc-4b4c-ad08-8db09fb859ff', 'Bramley Apples', 2, 'large');
INSERT INTO ingredients (id, recipe_id, name, quantity, unit) VALUES ('a5d2f035-9915-4007-9d6c-15b63bdf9141', '2edf7617-36fc-4b4c-ad08-8db09fb859ff', 'Candied Peel', 200, 'g');
INSERT INTO ingredients (id, recipe_id, name, quantity, unit) VALUES ('83dc33a1-8ad1-4eea-b6f2-7f70f971d19e', '2edf7617-36fc-4b4c-ad08-8db09fb859ff', 'Nutmeg', 1, 'whole');
INSERT INTO ingredients (id, recipe_id, name, quantity, unit) VALUES ('0d94e814-7491-4358-a461-dc15783201f9', '2edf7617-36fc-4b4c-ad08-8db09fb859ff', 'Raisins', 1, 'kg');
INSERT INTO ingredients (id, recipe_id, name, quantity, unit) VALUES ('c3974a21-2a5e-4cce-be60-a5f9e3aa59b7', '2edf7617-36fc-4b4c-ad08-8db09fb859ff', 'Plain Flour', 140, 'g');
INSERT INTO ingredients (id, recipe_id, name, quantity, unit) VALUES ('d6a44ff8-8f79-44fb-b184-10b3b20a41a3', '2edf7617-36fc-4b4c-ad08-8db09fb859ff', 'Breadcrumbs', 100, 'g');
INSERT INTO ingredients (id, recipe_id, name, quantity, unit) VALUES ('b87d3ecf-8f04-41c6-b115-0bf01605322a', '2edf7617-36fc-4b4c-ad08-8db09fb859ff', 'Muscovado Sugar', 100, 'g');
INSERT INTO ingredients (id, recipe_id, name, quantity, unit) VALUES ('11d5fc5b-88ad-4928-910f-7c929fb335a0', '2edf7617-36fc-4b4c-ad08-8db09fb859ff', 'Eggs', 3, 'Large');
INSERT INTO ingredients (id, recipe_id, name, quantity, unit) VALUES ('0086479f-a0a5-404e-a502-6323505afef1', '2edf7617-36fc-4b4c-ad08-8db09fb859ff', 'Brandy', 2, 'tbs');
INSERT INTO ingredients (id, recipe_id, name, quantity, unit) VALUES ('ee35a81b-6dec-4929-a3b7-3909b7032c7d', '2edf7617-36fc-4b4c-ad08-8db09fb859ff', 'Butter', 250, 'g');
INSERT INTO recipe_dietary_tags (recipe_id, tag_id) VALUES ('2edf7617-36fc-4b4c-ad08-8db09fb859ff', 9);
INSERT INTO recipe_dietary_tags (recipe_id, tag_id) VALUES ('2edf7617-36fc-4b4c-ad08-8db09fb859ff', 10);

INSERT INTO recipes (id, user_id, title, description, instructions, image_url, servings, source_url, source_name) VALUES ('c7c3fd0d-fc4b-474a-af9d-46d2beafa238', 'admin-user-id', 'Beef Caldereta', 'Filipino Beef dish', '0.	Heat oil in a cooking pot. Saute onion and garlic until onion softens
1.	Add beef. Saute until the outer part turns light brown.
2.	Add soy sauce. Pour tomato sauce and water. Let boil.
3.	Add Knorr Beef Cube. Cover the pressure cooker. Cook for 30 minutes.
4.	Pan-fry carrot and potato until it browns. Set aside.
5.	Add chili pepper, liver spread and peanut butter. Stir.
6.	Add bell peppers, fried potato and carrot. Cover the pot. Continue cooking for 5 to 7 minutes.
7.	Season with salt and ground black pepper. Serve.
', 'https://www.themealdb.com/images/media/meals/41cxjh1683207682.jpg', 5, 'https://www.kawalingpinoy.com/beef-caldereta/', 'www.kawalingpinoy.com');
INSERT INTO ingredients (id, recipe_id, name, quantity, unit) VALUES ('2da8a779-77c9-4c6a-980a-ab57a51c8dd2', 'c7c3fd0d-fc4b-474a-af9d-46d2beafa238', 'Beef', 2, 'kg cut cubes');
INSERT INTO ingredients (id, recipe_id, name, quantity, unit) VALUES ('1429af5e-d090-4022-9a8a-c2e07f39d47a', 'c7c3fd0d-fc4b-474a-af9d-46d2beafa238', 'Beef Stock', 1, 'unit');
INSERT INTO ingredients (id, recipe_id, name, quantity, unit) VALUES ('710e7495-b294-485b-963f-7a30d539a1cb', 'c7c3fd0d-fc4b-474a-af9d-46d2beafa238', 'Soy Sauce', 1, 'tbs');
INSERT INTO ingredients (id, recipe_id, name, quantity, unit) VALUES ('05e32721-2244-4150-b6a3-9ec3337eaef9', 'c7c3fd0d-fc4b-474a-af9d-46d2beafa238', 'Water', 2, 'cups');
INSERT INTO ingredients (id, recipe_id, name, quantity, unit) VALUES ('f5e149b5-6d96-47ea-9a81-d29a1b45bdc6', 'c7c3fd0d-fc4b-474a-af9d-46d2beafa238', 'Green Pepper', 1, 'sliced');
INSERT INTO ingredients (id, recipe_id, name, quantity, unit) VALUES ('150070d2-9a18-447f-9918-4e3d4868ac7e', 'c7c3fd0d-fc4b-474a-af9d-46d2beafa238', 'Red Pepper', 1, 'sliced');
INSERT INTO ingredients (id, recipe_id, name, quantity, unit) VALUES ('fe0ffe96-f087-4b27-bb5e-0553dbb71460', 'c7c3fd0d-fc4b-474a-af9d-46d2beafa238', 'Potatoes', 1, 'sliced');
INSERT INTO ingredients (id, recipe_id, name, quantity, unit) VALUES ('358cc14c-b07e-4299-a4a9-11af96fee5a5', 'c7c3fd0d-fc4b-474a-af9d-46d2beafa238', 'Carrots', 1, 'sliced');
INSERT INTO ingredients (id, recipe_id, name, quantity, unit) VALUES ('7debf400-421b-43a2-8422-f58ad686e710', 'c7c3fd0d-fc4b-474a-af9d-46d2beafa238', 'Tomato Puree', 8, 'ounces');
INSERT INTO ingredients (id, recipe_id, name, quantity, unit) VALUES ('2bc1f12b-0115-47c7-9a0d-7a14feabd6fa', 'c7c3fd0d-fc4b-474a-af9d-46d2beafa238', 'Peanut Butter', 3, 'tablespoons');
INSERT INTO ingredients (id, recipe_id, name, quantity, unit) VALUES ('df793884-6ab5-44b4-9288-35bc133f524c', 'c7c3fd0d-fc4b-474a-af9d-46d2beafa238', 'Chilli Powder', 5, 'unit');
INSERT INTO ingredients (id, recipe_id, name, quantity, unit) VALUES ('25866796-620f-46ac-8088-724c7628a0fa', 'c7c3fd0d-fc4b-474a-af9d-46d2beafa238', 'Onion', 1, 'chopped');
INSERT INTO ingredients (id, recipe_id, name, quantity, unit) VALUES ('33fe8047-74e2-4765-8e91-c2c9f11ac3f2', 'c7c3fd0d-fc4b-474a-af9d-46d2beafa238', 'Garlic', 5, 'cloves');
INSERT INTO ingredients (id, recipe_id, name, quantity, unit) VALUES ('a9875413-d8e2-4743-8c01-87e14210dceb', 'c7c3fd0d-fc4b-474a-af9d-46d2beafa238', 'Olive Oil', 3, 'tbs');
INSERT INTO recipe_dietary_tags (recipe_id, tag_id) VALUES ('c7c3fd0d-fc4b-474a-af9d-46d2beafa238', 4);
INSERT INTO recipe_dietary_tags (recipe_id, tag_id) VALUES ('c7c3fd0d-fc4b-474a-af9d-46d2beafa238', 10);
INSERT INTO recipe_dietary_tags (recipe_id, tag_id) VALUES ('c7c3fd0d-fc4b-474a-af9d-46d2beafa238', 7);

INSERT INTO recipes (id, user_id, title, description, instructions, image_url, servings, source_url, source_name) VALUES ('6eff2b49-c819-4b8b-8f06-cd45f03f3847', 'admin-user-id', 'Apam balik', 'Malaysian Dessert dish', 'Mix milk, oil and egg together. Sift flour, baking powder and salt into the mixture. Stir well until all ingredients are combined evenly.

Spread some batter onto the pan. Spread a thin layer of batter to the side of the pan. Cover the pan for 30-60 seconds until small air bubbles appear.

Add butter, cream corn, crushed peanuts and sugar onto the pancake. Fold the pancake into half once the bottom surface is browned.

Cut into wedges and best eaten when it is warm.', 'https://www.themealdb.com/images/media/meals/adxcbq1619787919.jpg', 2, 'https://www.nyonyacooking.com/recipes/apam-balik~SJ5WuvsDf9WQ', 'www.nyonyacooking.com');
INSERT INTO ingredients (id, recipe_id, name, quantity, unit) VALUES ('32280b51-6922-4704-82c5-e11bbd4811da', '6eff2b49-c819-4b8b-8f06-cd45f03f3847', 'Milk', 200, 'ml');
INSERT INTO ingredients (id, recipe_id, name, quantity, unit) VALUES ('7a7aa28a-7839-4db7-a6fb-6d07fcaa97c9', '6eff2b49-c819-4b8b-8f06-cd45f03f3847', 'Oil', 60, 'ml');
INSERT INTO ingredients (id, recipe_id, name, quantity, unit) VALUES ('9ed2b9f6-2ba3-417b-b29b-a11e3f7b5411', '6eff2b49-c819-4b8b-8f06-cd45f03f3847', 'Eggs', 2, 'unit');
INSERT INTO ingredients (id, recipe_id, name, quantity, unit) VALUES ('0880644a-5c42-45e5-b5ca-38a8ac408ed1', '6eff2b49-c819-4b8b-8f06-cd45f03f3847', 'Flour', 1600, 'g');
INSERT INTO ingredients (id, recipe_id, name, quantity, unit) VALUES ('d2cf624e-659a-423a-8583-e0f09453ee6a', '6eff2b49-c819-4b8b-8f06-cd45f03f3847', 'Baking Powder', 3, 'tsp');
INSERT INTO ingredients (id, recipe_id, name, quantity, unit) VALUES ('e3cb739f-aefa-48fa-a52f-713df0025160', '6eff2b49-c819-4b8b-8f06-cd45f03f3847', 'Salt', 0.5, 'tsp');
INSERT INTO ingredients (id, recipe_id, name, quantity, unit) VALUES ('765919ae-1d57-468d-89b9-0b25680f80cd', '6eff2b49-c819-4b8b-8f06-cd45f03f3847', 'Unsalted Butter', 25, 'g');
INSERT INTO ingredients (id, recipe_id, name, quantity, unit) VALUES ('bf28297a-d448-4151-962d-d58e3d5338d5', '6eff2b49-c819-4b8b-8f06-cd45f03f3847', 'Sugar', 45, 'g');
INSERT INTO ingredients (id, recipe_id, name, quantity, unit) VALUES ('e83d2f54-2823-476d-a5b4-0ee6d90b5cda', '6eff2b49-c819-4b8b-8f06-cd45f03f3847', 'Peanut Butter', 3, 'tbs');
INSERT INTO recipe_dietary_tags (recipe_id, tag_id) VALUES ('6eff2b49-c819-4b8b-8f06-cd45f03f3847', 9);
INSERT INTO recipe_dietary_tags (recipe_id, tag_id) VALUES ('6eff2b49-c819-4b8b-8f06-cd45f03f3847', 10);

INSERT INTO recipes (id, user_id, title, description, instructions, image_url, servings, source_url, source_name) VALUES ('92971e95-36f1-45fd-a5b0-256fadf3b3a5', 'admin-user-id', 'Sledz w Oleju (Polish Herrings)', 'Polish Seafood dish', 'Soak herring in cold water for at least 1 hour. If very salty, repeat, changing the water each time.

Drain thoroughly and slice herring into bite-size pieces.

Place in a jar large enough to accommodate the pieces and cover with oil, allspice, peppercorns, and bay leaf. Close the jar.

Refrigerate for 2 to 3 days before eating. This will keep refrigerated up to 2 weeks.

Serve with finely chopped onion or onion slices, lemon, and parsley or dill.', 'https://www.themealdb.com/images/media/meals/7ttta31593350374.jpg', 4, 'https://www.thespruceeats.com/polish-herrings-in-oil-recipe-1135618', 'www.thespruceeats.com');
INSERT INTO ingredients (id, recipe_id, name, quantity, unit) VALUES ('4843cee7-b3ef-4d96-9ed7-c021de35e48f', '92971e95-36f1-45fd-a5b0-256fadf3b3a5', 'Herring', 8, 'unit');
INSERT INTO ingredients (id, recipe_id, name, quantity, unit) VALUES ('8c62eb72-de32-4c9f-8941-ef285ec9257b', '92971e95-36f1-45fd-a5b0-256fadf3b3a5', 'Onion', 1, 'sliced');
INSERT INTO ingredients (id, recipe_id, name, quantity, unit) VALUES ('38acc7a5-bf23-4704-85aa-2e4f3255b74d', '92971e95-36f1-45fd-a5b0-256fadf3b3a5', 'Olive Oil', 0.5, 'cup');
INSERT INTO ingredients (id, recipe_id, name, quantity, unit) VALUES ('5c62c212-b485-4c5c-8f7c-c1f5bffc6256', '92971e95-36f1-45fd-a5b0-256fadf3b3a5', 'Allspice', 1, 'tsp');
INSERT INTO ingredients (id, recipe_id, name, quantity, unit) VALUES ('a3d3322d-cde1-4395-ad0b-97d12d99e1ea', '92971e95-36f1-45fd-a5b0-256fadf3b3a5', 'Pepper', 1, 'tsp');
INSERT INTO ingredients (id, recipe_id, name, quantity, unit) VALUES ('bc869968-956d-4dd5-aa62-9854c795c0a2', '92971e95-36f1-45fd-a5b0-256fadf3b3a5', 'Bay Leaf', 1, 'unit');
INSERT INTO recipe_dietary_tags (recipe_id, tag_id) VALUES ('92971e95-36f1-45fd-a5b0-256fadf3b3a5', 4);
INSERT INTO recipe_dietary_tags (recipe_id, tag_id) VALUES ('92971e95-36f1-45fd-a5b0-256fadf3b3a5', 8);
INSERT INTO recipe_dietary_tags (recipe_id, tag_id) VALUES ('92971e95-36f1-45fd-a5b0-256fadf3b3a5', 10);

INSERT INTO recipes (id, user_id, title, description, instructions, image_url, servings, source_url, source_name) VALUES ('390d1dbd-2398-4b02-afb8-f2ee4a9839e5', 'admin-user-id', 'Mini bundt cakes', 'Polish Dessert dish', 'step 1
Heat the oven to 180C/160C fan/gas 4. Melt 25g butter and generously brush into the holes of a mini bundt tins. Tip a little flour into each hole and shake to coat, then tip out the excess. Beat the butter, caster sugar and a pinch of salt together using an electric whisk. Add the eggs, one at a time, beating well after each addition. Combine the flour and baking powder in a separate bowl, then sift this into the wet ingredients and stir until smooth. Combine the cocoa powder and milk in a small bowl until smooth.

step 2
Spoon 1 tbsp of the plain batter into each hole of the bundt tin. Mix the remaining plain batter with the cocoa powder mixture, then divide this between the holes. Bake for 15-18 mins, or until a skewer inserted into the cakes comes out clean. Leave to cool in the tin for 5 mins, then turn out onto a wire rack and leave to cool completely. Dust with icing sugar to serve.

step 3
Pour 1 tablespoon of light batter into each mold. Mix the remaining batter with the stirred cocoa mixture and then fill the molds with a tablespoon.

step 4
Bake the mini Bundt cakes in the preheated oven for 15-18 minutes , depending on the size of the molds. After 15 minutes of baking time, use a toothpick to test with a skewer and, if necessary, bake for another 3 minutes. Let the mini Bundt cakes cool down completely in the tin. Then carefully remove from the mold. Dust with some icing sugar and serve. Enjoy your meal!', 'https://www.themealdb.com/images/media/meals/tzt3it1764363293.jpg', 4, 'https://www.bbcgoodfood.com/recipes/mini-bundt-cakes', 'www.bbcgoodfood.com');
INSERT INTO ingredients (id, recipe_id, name, quantity, unit) VALUES ('a6674a3f-5c39-422a-b674-8d295f374096', '390d1dbd-2398-4b02-afb8-f2ee4a9839e5', 'Butter', 150, 'g');
INSERT INTO ingredients (id, recipe_id, name, quantity, unit) VALUES ('bc6df875-502e-43c6-8c3e-37d31369afc3', '390d1dbd-2398-4b02-afb8-f2ee4a9839e5', 'Plain Flour', 175, 'g');
INSERT INTO ingredients (id, recipe_id, name, quantity, unit) VALUES ('840efa1e-897c-479f-b1e2-6dd1e6cb4707', '390d1dbd-2398-4b02-afb8-f2ee4a9839e5', 'Caster Sugar', 125, 'g');
INSERT INTO ingredients (id, recipe_id, name, quantity, unit) VALUES ('544dc245-ff82-4771-9fda-5f8ee8e43c13', '390d1dbd-2398-4b02-afb8-f2ee4a9839e5', 'Egg', 3, 'unit');
INSERT INTO ingredients (id, recipe_id, name, quantity, unit) VALUES ('308473c3-8a7a-4a91-95a7-0689c4d9af3b', '390d1dbd-2398-4b02-afb8-f2ee4a9839e5', 'Baking Powder', 1, 'tsp');
INSERT INTO ingredients (id, recipe_id, name, quantity, unit) VALUES ('9149a901-688e-47a7-92b6-10db60f8667d', '390d1dbd-2398-4b02-afb8-f2ee4a9839e5', 'Cocoa Powder', 2, 'tsp');
INSERT INTO ingredients (id, recipe_id, name, quantity, unit) VALUES ('5f91acf1-7819-4bb2-8d5f-54686cba3a75', '390d1dbd-2398-4b02-afb8-f2ee4a9839e5', 'Milk', 3, 'tablespoons');
INSERT INTO ingredients (id, recipe_id, name, quantity, unit) VALUES ('b1eecc93-f389-464b-b4a3-d673ddf439db', '390d1dbd-2398-4b02-afb8-f2ee4a9839e5', 'Icing Sugar', 1, 'tablespoon');
INSERT INTO recipe_dietary_tags (recipe_id, tag_id) VALUES ('390d1dbd-2398-4b02-afb8-f2ee4a9839e5', 9);
INSERT INTO recipe_dietary_tags (recipe_id, tag_id) VALUES ('390d1dbd-2398-4b02-afb8-f2ee4a9839e5', 10);

INSERT INTO recipes (id, user_id, title, description, instructions, image_url, servings, source_url, source_name) VALUES ('64012e1c-e852-42de-bb99-9bc0669b8b93', 'admin-user-id', 'Honey Teriyaki Salmon', 'Japanese Seafood dish', 'Mix all the ingredients in the Honey Teriyaki Glaze together. Whisk to blend well. Combine the salmon and the Glaze together.

Heat up a skillet on medium-low heat. Add the oil, Pan-fry the salmon on both sides until it’s completely cooked inside and the glaze thickens.

Garnish with sesame and serve immediately.', 'https://www.themealdb.com/images/media/meals/xxyupu1468262513.jpg', 2, 'https://www.youtube.com/watch?v=4MpYuaJsvRw', 'TheMealDB');
INSERT INTO ingredients (id, recipe_id, name, quantity, unit) VALUES ('112602a1-bedd-484d-ba41-e9cf8a47c250', '64012e1c-e852-42de-bb99-9bc0669b8b93', 'Salmon', 1, 'lb');
INSERT INTO ingredients (id, recipe_id, name, quantity, unit) VALUES ('19605c95-bc2f-42c9-8d48-5f789b5fabd3', '64012e1c-e852-42de-bb99-9bc0669b8b93', 'Olive oil', 1, 'tablespoon');
INSERT INTO ingredients (id, recipe_id, name, quantity, unit) VALUES ('8bc72dbe-3954-4e5d-9333-a88e7fa988fb', '64012e1c-e852-42de-bb99-9bc0669b8b93', 'Soy Sauce', 2, 'tablespoons');
INSERT INTO ingredients (id, recipe_id, name, quantity, unit) VALUES ('486c42a8-f790-4d37-aaab-c4f7e1266d2d', '64012e1c-e852-42de-bb99-9bc0669b8b93', 'Sake', 2, 'tablespoons');
INSERT INTO ingredients (id, recipe_id, name, quantity, unit) VALUES ('d2bf7d02-4a5b-4a29-9d72-260e1c33914e', '64012e1c-e852-42de-bb99-9bc0669b8b93', 'Sesame Seed', 4, 'tablespoons');
INSERT INTO recipe_dietary_tags (recipe_id, tag_id) VALUES ('64012e1c-e852-42de-bb99-9bc0669b8b93', 4);
INSERT INTO recipe_dietary_tags (recipe_id, tag_id) VALUES ('64012e1c-e852-42de-bb99-9bc0669b8b93', 8);
INSERT INTO recipe_dietary_tags (recipe_id, tag_id) VALUES ('64012e1c-e852-42de-bb99-9bc0669b8b93', 10);

INSERT INTO recipes (id, user_id, title, description, instructions, image_url, servings, source_url, source_name) VALUES ('9f192027-8ab7-491f-92e1-4dfa58c29fb3', 'admin-user-id', 'Corned Beef Hash', 'British Beef dish', 'Sauté the onions:
Heat butter in a large skillet (preferably cast iron) on medium heat. Add the onion and cook a few minutes, until translucent.

Add the potatoes and corned beef:
Mix in the chopped corned beef and potatoes. Spread out evenly over the pan. Increase the heat to high or medium high and press down on the mixture with a metal spatula.


Cook until browned and then flip:
Do not stir the potatoes and corned beef, but let them brown. If you hear them sizzling, this is good.

Use a metal spatula to peek underneath and see if they are browning. If nicely browned, use the spatula to flip sections over in the pan so that they brown on the other side. Press down again with the spatula.

If there is too much sticking, you can add a little more butter to the pan. Continue to cook in this manner until the potatoes and the corned beef are nicely browned.

Stir in the parsley and season:
Remove from heat, stir in chopped parsley. Add plenty of freshly ground black pepper, and add salt to taste.', 'https://www.themealdb.com/images/media/meals/vz94r81760534692.jpg', 3, 'https://www.simplyrecipes.com/recipes/corned_beef_hash/', 'www.simplyrecipes.com');
INSERT INTO ingredients (id, recipe_id, name, quantity, unit) VALUES ('ff6b640e-2e8d-452b-b062-7741c77811e3', '9f192027-8ab7-491f-92e1-4dfa58c29fb3', 'Unsalted Butter', 3, 'tablespoons');
INSERT INTO ingredients (id, recipe_id, name, quantity, unit) VALUES ('df874363-18ef-403b-97ff-12fa20d3d984', '9f192027-8ab7-491f-92e1-4dfa58c29fb3', 'Onion', 1, 'medium chopped');
INSERT INTO ingredients (id, recipe_id, name, quantity, unit) VALUES ('fc2bcccc-4623-4d72-8e2b-9d85464082ef', '9f192027-8ab7-491f-92e1-4dfa58c29fb3', 'Corned Beef', 3, 'Cups');
INSERT INTO ingredients (id, recipe_id, name, quantity, unit) VALUES ('79c387ae-2279-4a08-8035-caa63820331d', '9f192027-8ab7-491f-92e1-4dfa58c29fb3', 'Potatoes', 3, 'chopped');
INSERT INTO ingredients (id, recipe_id, name, quantity, unit) VALUES ('02c0bd81-2f7b-47ad-9365-2d3c1209b250', '9f192027-8ab7-491f-92e1-4dfa58c29fb3', 'Kosher Salt', 1, 'Dash');
INSERT INTO ingredients (id, recipe_id, name, quantity, unit) VALUES ('31c26cb9-5185-41bd-9661-459520256c6c', '9f192027-8ab7-491f-92e1-4dfa58c29fb3', 'Black Pepper', 1, 'Dash');
INSERT INTO ingredients (id, recipe_id, name, quantity, unit) VALUES ('2533efbc-0bd6-4943-a9d3-86e7cfd619d4', '9f192027-8ab7-491f-92e1-4dfa58c29fb3', 'Freshly Chopped Parsley', 1, 'Chopped');
INSERT INTO recipe_dietary_tags (recipe_id, tag_id) VALUES ('9f192027-8ab7-491f-92e1-4dfa58c29fb3', 4);
INSERT INTO recipe_dietary_tags (recipe_id, tag_id) VALUES ('9f192027-8ab7-491f-92e1-4dfa58c29fb3', 10);
INSERT INTO recipe_dietary_tags (recipe_id, tag_id) VALUES ('9f192027-8ab7-491f-92e1-4dfa58c29fb3', 7);

INSERT INTO recipes (id, user_id, title, description, instructions, image_url, servings, source_url, source_name) VALUES ('6a3f1263-4a5a-47b4-afe0-1a9a86776812', 'admin-user-id', 'Thai coconut & veg broth', 'Thai Vegetarian dish', 'step 1
Place the curry paste in a large saucepan or wok with the oil. Fry for 1 min until fragrant. Tip in the vegetable stock, coconut milk and brown sugar. Simmer for 3 mins.

step 2
Add the noodles, carrots and Chinese leaf and simmer for 4-6 mins, until all are tender. Mix in beansprouts and tomatoes. Add lime juice to taste and some extra seasoning, if you like. Spoon into bowls and sprinkle with spring onions and coriander.', 'https://www.themealdb.com/images/media/meals/4k8nzy1763583384.jpg', 3, 'https://www.bbcgoodfood.com/recipes/thai-coconut-veg-broth', 'www.bbcgoodfood.com');
INSERT INTO ingredients (id, recipe_id, name, quantity, unit) VALUES ('34d8f5ab-2626-497a-9177-fd964bfa2302', '6a3f1263-4a5a-47b4-afe0-1a9a86776812', 'Thai Red Curry Paste', 1, '½ tbsp');
INSERT INTO ingredients (id, recipe_id, name, quantity, unit) VALUES ('328d9dfc-455f-4b90-811e-30e92a2f2767', '6a3f1263-4a5a-47b4-afe0-1a9a86776812', 'Vegetable Oil', 1, 'tsp');
INSERT INTO ingredients (id, recipe_id, name, quantity, unit) VALUES ('91987171-820f-4839-b31d-8ec2e586e179', '6a3f1263-4a5a-47b4-afe0-1a9a86776812', 'Vegetable Stock', 1, 'L');
INSERT INTO ingredients (id, recipe_id, name, quantity, unit) VALUES ('0123199f-c4f8-4102-a2b9-fc49c5c69b0a', '6a3f1263-4a5a-47b4-afe0-1a9a86776812', 'Coconut Milk', 400, 'ml');
INSERT INTO ingredients (id, recipe_id, name, quantity, unit) VALUES ('5e2ce1f8-be6f-4564-a0bf-4551cdfb4957', '6a3f1263-4a5a-47b4-afe0-1a9a86776812', 'Brown Sugar', 2, 'tsp');
INSERT INTO ingredients (id, recipe_id, name, quantity, unit) VALUES ('6f45d704-b2e0-4cb8-ae27-03937318b552', '6a3f1263-4a5a-47b4-afe0-1a9a86776812', 'Egg Noodles', 175, 'g');
INSERT INTO ingredients (id, recipe_id, name, quantity, unit) VALUES ('47cda244-a2ac-4c3d-8f00-834e36c9fdbd', '6a3f1263-4a5a-47b4-afe0-1a9a86776812', 'Carrots', 2, 'unit');
INSERT INTO ingredients (id, recipe_id, name, quantity, unit) VALUES ('f0d486bb-bf42-4357-8c16-c0b79668f446', '6a3f1263-4a5a-47b4-afe0-1a9a86776812', 'Chinese Leaf', 0.5, 'unit');
INSERT INTO ingredients (id, recipe_id, name, quantity, unit) VALUES ('3a1e8bca-d93a-49b2-b395-4aa7b254ac5d', '6a3f1263-4a5a-47b4-afe0-1a9a86776812', 'Bean Sprouts', 150, 'g');
INSERT INTO ingredients (id, recipe_id, name, quantity, unit) VALUES ('47ab4f30-bbc1-4e2f-b900-81886b9feef0', '6a3f1263-4a5a-47b4-afe0-1a9a86776812', 'Cherry Tomatoes', 6, 'unit');
INSERT INTO ingredients (id, recipe_id, name, quantity, unit) VALUES ('da2ecc68-a37c-4c19-ac0e-71170338f990', '6a3f1263-4a5a-47b4-afe0-1a9a86776812', 'Lime', 1, 'Juice of 1');
INSERT INTO ingredients (id, recipe_id, name, quantity, unit) VALUES ('ddb8e532-8e7a-461f-97cb-79702e33abca', '6a3f1263-4a5a-47b4-afe0-1a9a86776812', 'Spring Onions', 3, 'sliced thinly');
INSERT INTO ingredients (id, recipe_id, name, quantity, unit) VALUES ('f52236cb-c841-41ba-9b42-58f88a4f75dc', '6a3f1263-4a5a-47b4-afe0-1a9a86776812', 'Coriander', 1, 'Handful');
INSERT INTO recipe_dietary_tags (recipe_id, tag_id) VALUES ('6a3f1263-4a5a-47b4-afe0-1a9a86776812', 4);
INSERT INTO recipe_dietary_tags (recipe_id, tag_id) VALUES ('6a3f1263-4a5a-47b4-afe0-1a9a86776812', 9);
INSERT INTO recipe_dietary_tags (recipe_id, tag_id) VALUES ('6a3f1263-4a5a-47b4-afe0-1a9a86776812', 10);

INSERT INTO recipes (id, user_id, title, description, instructions, image_url, servings, source_url, source_name) VALUES ('1e6e98a4-d308-4a22-8bc9-3524c2ccb20c', 'admin-user-id', 'Challah', 'Polish Side dish', 'step 1
Combine the yeast, a pinch of the sugar and a couple tablespoons of lukewarm water in a small bowl. Stir to dissolve the yeast, then leave for 10 mins until foamy.

step 2
Meanwhile, combine the flour, the remaining sugar and 2 tsp fine salt in a large bowl. Make a well in the centre, then add half the beaten egg, the yeast mixture and the oil. Pour in 200ml lukewarm water (it should feel slightly warm to the touch) and stir with a spoon, then mix using one hand, keeping the other clean while you bring the dough together. If there are a lot of very dry bits, gradually add a little water to just bring it together – you don''t want it to get too wet and sticky. The dough should be moist, but not soggy.

step 3
Once the dough has come together, turn it out onto a lightly floured surface. Knead using both hands for 10 mins until smooth and a bit springy. If it gets very sticky, add a very small amount of flour – as little as possible. A dough scraper is useful if the dough is sticking to the work surface. Stretch the sides of the dough down and pull together to form a ball. Lightly oil a bowl, then lightly roll the dough ball around the bowl so it''s coated in the oil. Cover with a clean tea towel and leave in a warm place for 1 hr, or until dough has doubled in size.

step 4
Line a baking sheet with baking parchment. Turn the dough out onto a clean work surface and divide into three equal pieces, weighing for accuracy, if you like. Roll each piece into a long sausage shape about 25cm long, tapering them slightly at both ends. Lay the pieces out in front of you, parallel to one another with a couple centimetres between each. Bring the sausages together at the top end, then plait them down the length, tucking in the ends when you reach the bottom. Carefully transfer the loaf to the prepared baking sheet and loosely cover with a clean tea towel. Leave to rise until puffy and billowy, about 40 mins.

step 5
Meanwhile, heat the oven to 200C/180C fan/gas 6. Gently brush the rest of the beaten egg all over the challah, getting it into all the crevices, and sprinkle with the poppy or sesame seeds, if using. Bake on a middle shelf of the oven for 25-30 mins, until the loaf is golden brown underneath and sounds hollow when tapped. Check after about 15 mins – if the top of the loaf has started to get too dark, cover it with foil. Leave to cool on a wire rack, then serve.', 'https://www.themealdb.com/images/media/meals/fm01ky1764366365.jpg', 4, 'https://www.bbcgoodfood.com/recipes/challah', 'www.bbcgoodfood.com');
INSERT INTO ingredients (id, recipe_id, name, quantity, unit) VALUES ('0b795f6c-3268-405b-88c3-fa3a6f01f1c8', '1e6e98a4-d308-4a22-8bc9-3524c2ccb20c', 'Strong white bread flour', 500, 'g');
INSERT INTO ingredients (id, recipe_id, name, quantity, unit) VALUES ('99551732-7fa0-4d9b-aa60-5f933604997e', '1e6e98a4-d308-4a22-8bc9-3524c2ccb20c', 'Caster Sugar', 70, 'g');
INSERT INTO ingredients (id, recipe_id, name, quantity, unit) VALUES ('8667f1b3-59d5-4d40-aa61-bb41c221200e', '1e6e98a4-d308-4a22-8bc9-3524c2ccb20c', 'Yeast', 10, 'g');
INSERT INTO ingredients (id, recipe_id, name, quantity, unit) VALUES ('0cc22c35-bf74-4f84-8af9-347e90e43d56', '1e6e98a4-d308-4a22-8bc9-3524c2ccb20c', 'Egg', 2, 'Beaten');
INSERT INTO ingredients (id, recipe_id, name, quantity, unit) VALUES ('4e1d520a-ef95-48a1-8d03-06681f6eac04', '1e6e98a4-d308-4a22-8bc9-3524c2ccb20c', 'Sunflower Oil', 70, 'ml');
INSERT INTO ingredients (id, recipe_id, name, quantity, unit) VALUES ('8211cfe8-1c65-4d65-b44e-1d7d73d998ad', '1e6e98a4-d308-4a22-8bc9-3524c2ccb20c', 'Poppy Seeds', 1, 'tablespoon');
INSERT INTO recipe_dietary_tags (recipe_id, tag_id) VALUES ('1e6e98a4-d308-4a22-8bc9-3524c2ccb20c', 8);
INSERT INTO recipe_dietary_tags (recipe_id, tag_id) VALUES ('1e6e98a4-d308-4a22-8bc9-3524c2ccb20c', 9);
INSERT INTO recipe_dietary_tags (recipe_id, tag_id) VALUES ('1e6e98a4-d308-4a22-8bc9-3524c2ccb20c', 10);

INSERT INTO recipes (id, user_id, title, description, instructions, image_url, servings, source_url, source_name) VALUES ('02e4417e-6d62-4faa-bb16-78789a1b6886', 'admin-user-id', 'Purple sprouting broccoli tempura with nuoc cham', 'Vietnamese Miscellaneous dish', 'step 1
For the nuoc cham, whisk together all of the ingredients with 5 tbsp hot water in a small bowl. Set aside while you make the tempura.

step 2
Whisk the cornflour, plain flour, sesame seeds (if using) and a large pinch of salt together. Fill a large, deep pan no more than a third full with the vegetable oil and heat until it reaches 180C or a cube of bread dropped in browns in 20 seconds.

step 3
Quickly whisk the soda water into the flour mixture, being careful not to overmix, then dunk in the broccoli using tongs. Carefully lower into the hot oil and cook for 2-3 mins until crisp. Drain on kitchen paper, then serve with the nuoc cham on the side for dipping.', 'https://www.themealdb.com/images/media/meals/xnv4wf1763756529.jpg', 2, 'https://www.bbcgoodfood.com/recipes/purple-sprouting-broccoli-tempura-with-nuoc-cham', 'www.bbcgoodfood.com');
INSERT INTO ingredients (id, recipe_id, name, quantity, unit) VALUES ('e1fd08d7-ff04-4280-a5ad-fc86a8cb6909', '02e4417e-6d62-4faa-bb16-78789a1b6886', 'Corn Flour', 50, 'g');
INSERT INTO ingredients (id, recipe_id, name, quantity, unit) VALUES ('521a6501-5cde-4345-85ad-13c15fd87fac', '02e4417e-6d62-4faa-bb16-78789a1b6886', 'Plain Flour', 100, 'g');
INSERT INTO ingredients (id, recipe_id, name, quantity, unit) VALUES ('277a0401-36ee-47cb-ae0f-239e0d1fced1', '02e4417e-6d62-4faa-bb16-78789a1b6886', 'Sesame Seed', 1, 'tablespoon');
INSERT INTO ingredients (id, recipe_id, name, quantity, unit) VALUES ('2cd63168-8061-46fa-b855-b3a093812ee0', '02e4417e-6d62-4faa-bb16-78789a1b6886', 'Vegetable Oil', 1, 'For frying');
INSERT INTO ingredients (id, recipe_id, name, quantity, unit) VALUES ('0d0d8777-5c37-4dba-ba66-e4dfa8736876', '02e4417e-6d62-4faa-bb16-78789a1b6886', 'Soda Water', 250, 'ml');
INSERT INTO ingredients (id, recipe_id, name, quantity, unit) VALUES ('dcfe6cca-14ea-4e65-abc4-cc6b8bce421c', '02e4417e-6d62-4faa-bb16-78789a1b6886', 'Purple Sprouting Broccoli', 200, 'g');
INSERT INTO ingredients (id, recipe_id, name, quantity, unit) VALUES ('73d4aa93-8586-4123-8062-a856c4d0a58f', '02e4417e-6d62-4faa-bb16-78789a1b6886', 'Fish Sauce', 2, 'tablespoons');
INSERT INTO ingredients (id, recipe_id, name, quantity, unit) VALUES ('d5797cc9-31f0-4964-b315-f1081166a118', '02e4417e-6d62-4faa-bb16-78789a1b6886', 'Lime', 1, 'Juice of 2');
INSERT INTO ingredients (id, recipe_id, name, quantity, unit) VALUES ('c850bb1a-f7d0-4f7c-9fbc-4fb6c1cd4437', '02e4417e-6d62-4faa-bb16-78789a1b6886', 'Birds-eye Chillies', 1, 'chopped');
INSERT INTO ingredients (id, recipe_id, name, quantity, unit) VALUES ('47b9482b-979a-499d-b07e-85d7b3b7f79d', '02e4417e-6d62-4faa-bb16-78789a1b6886', 'Sugar', 2, 'tablespoons');
INSERT INTO recipe_dietary_tags (recipe_id, tag_id) VALUES ('02e4417e-6d62-4faa-bb16-78789a1b6886', 8);
INSERT INTO recipe_dietary_tags (recipe_id, tag_id) VALUES ('02e4417e-6d62-4faa-bb16-78789a1b6886', 10);
INSERT INTO recipe_dietary_tags (recipe_id, tag_id) VALUES ('02e4417e-6d62-4faa-bb16-78789a1b6886', 3);

INSERT INTO recipes (id, user_id, title, description, instructions, image_url, servings, source_url, source_name) VALUES ('e1386387-5243-4f12-ac8b-55a0c8839270', 'admin-user-id', 'Baingan Bharta', 'Indian Vegetarian dish', 'Rinse the baingan (eggplant or aubergine) in water. Pat dry with a kitchen napkin. Apply some oil all over and
keep it for roasting on an open flame. You can also grill the baingan or roast in the oven. But then you won''t get
the smoky flavor of the baingan. Keep the eggplant turning after a 2 to 3 minutes on the flame, so that its evenly
cooked. You could also embed some garlic cloves in the baingan and then roast it.
2. Roast the aubergine till its completely cooked and tender. With a knife check the doneness. The knife should slid
easily in aubergines without any resistance. Remove the baingan and immerse in a bowl of water till it cools
down.
3. You can also do the dhungar technique of infusing charcoal smoky flavor in the baingan. This is an optional step.
Use natural charcoal for this method. Heat a small piece of charcoal on flame till it becomes smoking hot and red.
4. Make small cuts on the baingan with a knife. Place the red hot charcoal in the same plate where the roasted
aubergine is kept. Add a few drops of oil on the charcoal. The charcoal would begin to smoke.
5. As soon as smoke begins to release from the charcoal, cover the entire plate tightly with a large bowl. Allow the
charcoal smoke to get infused for 1 to 2 minutes. The more you do, the more smoky the baingan bharta will
become. I just keep for a minute. Alternatively, you can also do this dhungar method once the baingan bharta is
cooked, just like the way we do for Dal Tadka.
6. Peel the skin from the roasted and smoked eggplant.
7. Chop the cooked eggplant finely or you can even mash it.
8. In a kadai or pan, heat oil. Then add finely chopped onions and garlic.
9. Saute the onions till translucent. Don''t brown them.
10. Add chopped green chilies and saute for a minute.
11. Add the chopped tomatoes and mix it well.
12. Bhuno (saute) the tomatoes till the oil starts separating from the mixture.
13. Now add the red chili powder. Stir and mix well.
14. Add the chopped cooked baingan.
15. Stir and mix the chopped baingan very well with the onion­tomato masala mixture.
16. Season with salt. Stir and saute for some more 4 to 5 minutes more.
17. Finally stir in the coriander leaves with the baingan bharta or garnish it with them. Serve Baingan Bharta with
phulkas, rotis or chapatis. It goes well even with bread, toasted or grilled bread and plain rice or jeera rice.', 'https://www.themealdb.com/images/media/meals/urtpqw1487341253.jpg', 5, 'http://www.vegrecipesofindia.com/baingan-bharta-recipe-punjabi-baingan-bharta-recipe/', 'www.vegrecipesofindia.com');
INSERT INTO ingredients (id, recipe_id, name, quantity, unit) VALUES ('e30e987c-e087-47c8-b378-61d0dd15759c', 'e1386387-5243-4f12-ac8b-55a0c8839270', 'Aubergine', 1, 'large');
INSERT INTO ingredients (id, recipe_id, name, quantity, unit) VALUES ('d0d05530-edbe-4525-8976-fb3fa1677667', 'e1386387-5243-4f12-ac8b-55a0c8839270', 'Onion', 1, '½ cup');
INSERT INTO ingredients (id, recipe_id, name, quantity, unit) VALUES ('8624e757-9389-4329-bef3-4f35547e3801', 'e1386387-5243-4f12-ac8b-55a0c8839270', 'Tomatoes', 1, 'cup');
INSERT INTO ingredients (id, recipe_id, name, quantity, unit) VALUES ('3bc64193-ca2d-4e31-849a-0ec3cbb85d34', 'e1386387-5243-4f12-ac8b-55a0c8839270', 'Garlic', 6, 'cloves');
INSERT INTO ingredients (id, recipe_id, name, quantity, unit) VALUES ('fe8f6754-b166-4914-881d-b9757a0a232a', 'e1386387-5243-4f12-ac8b-55a0c8839270', 'Green Chilli', 1, 'unit');
INSERT INTO ingredients (id, recipe_id, name, quantity, unit) VALUES ('aec6a146-4d5d-42f8-aba9-0fa938311238', 'e1386387-5243-4f12-ac8b-55a0c8839270', 'Red Chilli Powder', 1, '¼ teaspoon');
INSERT INTO ingredients (id, recipe_id, name, quantity, unit) VALUES ('e8e0dcbb-178b-4ff7-9b29-f75fc8c29cbe', 'e1386387-5243-4f12-ac8b-55a0c8839270', 'Oil', 1.5, 'tablespoon');
INSERT INTO ingredients (id, recipe_id, name, quantity, unit) VALUES ('f9895c80-d7c3-4c87-8266-8207b11e4c00', 'e1386387-5243-4f12-ac8b-55a0c8839270', 'Coriander Leaves', 1, 'tablespoon chopped');
INSERT INTO ingredients (id, recipe_id, name, quantity, unit) VALUES ('e87c8406-c778-4fea-a3ed-9d750039e890', 'e1386387-5243-4f12-ac8b-55a0c8839270', 'salt', 1, 'as required');
INSERT INTO recipe_dietary_tags (recipe_id, tag_id) VALUES ('e1386387-5243-4f12-ac8b-55a0c8839270', 8);
INSERT INTO recipe_dietary_tags (recipe_id, tag_id) VALUES ('e1386387-5243-4f12-ac8b-55a0c8839270', 9);
INSERT INTO recipe_dietary_tags (recipe_id, tag_id) VALUES ('e1386387-5243-4f12-ac8b-55a0c8839270', 10);

INSERT INTO recipes (id, user_id, title, description, instructions, image_url, servings, source_url, source_name) VALUES ('a26249da-2427-4383-bc0c-c4e7b4b17b8f', 'admin-user-id', 'Katsu Chicken curry', 'Japanese Chicken dish', 'Prep:15min  ›  Cook:30min  ›  Ready in:45min 

For the curry sauce: Heat oil in medium non-stick saucepan, add onion and garlic and cook until softened. Stir in carrots and cook over low heat for 10 to 12 minutes.
Add flour and curry powder; cook for 1 minute. Gradually stir in stock until combined; add honey, soy sauce and bay leaf. Slowly bring to the boil.
Turn down heat and simmer for 20 minutes or until sauce thickens but is still of pouring consistency. Stir in garam masala. Pour the curry sauce through a sieve; return to saucepan and keep on low heat until ready to serve.
For the chicken: Season both sides of chicken breasts with salt and pepper. Place flour, egg and breadcrumbs in separate bowls and arrange in a row. Coat the chicken breasts in flour, then dip them into the egg, then coat in breadcrumbs, making sure you cover both sides.
Heat oil in large frying pan over medium-high heat. Place chicken into hot oil and cook until golden brown, about 3 or 4 minutes each side. Once cooked, place on kitchen paper to absorb excess oil.
Pour curry sauce over chicken, serve with white rice and enjoy!', 'https://www.themealdb.com/images/media/meals/vwrpps1503068729.jpg', 5, 'http://allrecipes.co.uk/recipe/29578/chicken-katsu-curry.aspx', 'allrecipes.co.uk');
INSERT INTO ingredients (id, recipe_id, name, quantity, unit) VALUES ('c38bc02c-26ad-43ea-b173-82205ffbb67a', 'a26249da-2427-4383-bc0c-c4e7b4b17b8f', 'chicken breast', 4, 'pounded to 1cm thickness');
INSERT INTO ingredients (id, recipe_id, name, quantity, unit) VALUES ('16c67334-c23e-4c0d-bb44-f862ed36e43c', 'a26249da-2427-4383-bc0c-c4e7b4b17b8f', 'plain flour', 2, 'tablespoons');
INSERT INTO ingredients (id, recipe_id, name, quantity, unit) VALUES ('90990186-e4c1-42f1-a4d3-a3d920c4e888', 'a26249da-2427-4383-bc0c-c4e7b4b17b8f', 'egg', 1, 'beaten');
INSERT INTO ingredients (id, recipe_id, name, quantity, unit) VALUES ('d3834b96-7436-450d-b6a3-246c3d55c06b', 'a26249da-2427-4383-bc0c-c4e7b4b17b8f', 'breadcrumbs', 100, 'g fine');
INSERT INTO ingredients (id, recipe_id, name, quantity, unit) VALUES ('d1a1759b-4c7e-46b2-90ca-d04f90a6acb0', 'a26249da-2427-4383-bc0c-c4e7b4b17b8f', 'vegetable oil', 230, 'ml frying');
INSERT INTO ingredients (id, recipe_id, name, quantity, unit) VALUES ('45ffe17d-f152-441f-bd0f-779e966e5e6b', 'a26249da-2427-4383-bc0c-c4e7b4b17b8f', 'sunflower oil', 2, 'tablespoons');
INSERT INTO ingredients (id, recipe_id, name, quantity, unit) VALUES ('4cb004cd-3a22-4251-ac09-f9b87ffe9c86', 'a26249da-2427-4383-bc0c-c4e7b4b17b8f', 'onions', 2, 'sliced');
INSERT INTO ingredients (id, recipe_id, name, quantity, unit) VALUES ('2fdec945-0c2a-465d-9771-c6cd5eb78012', 'a26249da-2427-4383-bc0c-c4e7b4b17b8f', 'garlic', 5, 'chopped cloves');
INSERT INTO ingredients (id, recipe_id, name, quantity, unit) VALUES ('f246e762-b9f7-49da-8f50-532374de1c2b', 'a26249da-2427-4383-bc0c-c4e7b4b17b8f', 'carrot', 2, 'sliced');
INSERT INTO ingredients (id, recipe_id, name, quantity, unit) VALUES ('49f85def-5afb-4310-af61-d6c46a18c3b6', 'a26249da-2427-4383-bc0c-c4e7b4b17b8f', 'plain flour', 2, 'tablespoons');
INSERT INTO ingredients (id, recipe_id, name, quantity, unit) VALUES ('442e1384-3e4c-4b7e-b49d-01efd601b7ba', 'a26249da-2427-4383-bc0c-c4e7b4b17b8f', 'curry powder', 4, 'teaspoons');
INSERT INTO ingredients (id, recipe_id, name, quantity, unit) VALUES ('54967870-d8ea-429f-9bb1-bf826dec784e', 'a26249da-2427-4383-bc0c-c4e7b4b17b8f', 'chicken stock', 600, 'ml');
INSERT INTO ingredients (id, recipe_id, name, quantity, unit) VALUES ('67ffb613-797d-415e-ac38-b94c025a4b94', 'a26249da-2427-4383-bc0c-c4e7b4b17b8f', 'honey', 2, 'teaspoons');
INSERT INTO ingredients (id, recipe_id, name, quantity, unit) VALUES ('3004e304-a4c7-483c-9f1e-14931d4fad68', 'a26249da-2427-4383-bc0c-c4e7b4b17b8f', 'soy sauce', 4, 'teaspoons');
INSERT INTO ingredients (id, recipe_id, name, quantity, unit) VALUES ('610f1fb6-0927-4a42-afb5-de8a6ff8708c', 'a26249da-2427-4383-bc0c-c4e7b4b17b8f', 'bay leaf', 1, 'unit');
INSERT INTO ingredients (id, recipe_id, name, quantity, unit) VALUES ('708cd6e4-ee5a-488a-998f-75976508c0b7', 'a26249da-2427-4383-bc0c-c4e7b4b17b8f', 'garam masala', 1, 'teaspoon');
INSERT INTO recipe_dietary_tags (recipe_id, tag_id) VALUES ('a26249da-2427-4383-bc0c-c4e7b4b17b8f', 8);
INSERT INTO recipe_dietary_tags (recipe_id, tag_id) VALUES ('a26249da-2427-4383-bc0c-c4e7b4b17b8f', 10);
INSERT INTO recipe_dietary_tags (recipe_id, tag_id) VALUES ('a26249da-2427-4383-bc0c-c4e7b4b17b8f', 3);

INSERT INTO recipes (id, user_id, title, description, instructions, image_url, servings, source_url, source_name) VALUES ('1d0febd1-ef28-4656-9a00-4ac043ba4143', 'admin-user-id', 'Pisto con huevos', 'Spanish Vegetarian dish', 'step 1
Heat the oil in a large flameproof casserole dish or a cast-iron skillet over a low heat. Add the onions and a sprinkle of salt, cover and cook gently for 15 mins, stirring occasionally. Add the garlic and cook for another 2 mins.

step 2
Next, throw in the peppers and cook over a medium heat, covered, for about 5 mins, stirring every so often, until the peppers are just tender.

step 3
Mix in the oregano, thyme, bay leaves, some black pepper and a little salt, if needed. Tip in the courgettes and aubergine, combine thoroughly, and cook over a medium heat, covered, for 10 mins. Stir in the tomatoes, cover and cook for 20 mins, stirring occasionally.

step 4
Carefully crack the eggs over the pisto – try not to break the yolks. Cook in the sauce on a medium heat for 5-6 mins until the eggs are cooked through but still a little soft, then scatter with parsley before serving', 'https://www.themealdb.com/images/media/meals/0nswfe1763279040.jpg', 5, 'https://www.bbcgoodfood.com/recipes/pisto-con-huevos', 'www.bbcgoodfood.com');
INSERT INTO ingredients (id, recipe_id, name, quantity, unit) VALUES ('c4fd00ff-8355-4197-a251-dbde71189c0f', '1d0febd1-ef28-4656-9a00-4ac043ba4143', 'Olive Oil', 2, 'tblsp');
INSERT INTO ingredients (id, recipe_id, name, quantity, unit) VALUES ('2842a192-c089-4795-bcfc-08a3585b8c03', '1d0febd1-ef28-4656-9a00-4ac043ba4143', 'Onion', 2, 'unit');
INSERT INTO ingredients (id, recipe_id, name, quantity, unit) VALUES ('fdd2f7de-7dbf-4974-97d7-2876ffd04128', '1d0febd1-ef28-4656-9a00-4ac043ba4143', 'Garlic Clove', 4, 'Chopped');
INSERT INTO ingredients (id, recipe_id, name, quantity, unit) VALUES ('2be7e99e-e3e5-4fef-88d7-0748493b2129', '1d0febd1-ef28-4656-9a00-4ac043ba4143', 'Mixed peppers', 5, 'unit');
INSERT INTO ingredients (id, recipe_id, name, quantity, unit) VALUES ('72aaf2d0-0e98-478f-ab64-da9932953dcc', '1d0febd1-ef28-4656-9a00-4ac043ba4143', 'Oregano', 1, 'teaspoon');
INSERT INTO ingredients (id, recipe_id, name, quantity, unit) VALUES ('15a56421-f3b7-421d-b381-835832e53971', '1d0febd1-ef28-4656-9a00-4ac043ba4143', 'Thyme', 1, 'Sprigs of fresh');
INSERT INTO ingredients (id, recipe_id, name, quantity, unit) VALUES ('6cf2348a-fd50-4e1a-8b05-4c9123456e05', '1d0febd1-ef28-4656-9a00-4ac043ba4143', 'Bay Leaves', 4, 'leaves');
INSERT INTO ingredients (id, recipe_id, name, quantity, unit) VALUES ('0cdeb99d-f28f-41aa-9c94-73357b2b574b', '1d0febd1-ef28-4656-9a00-4ac043ba4143', 'Courgettes', 2, 'chopped');
INSERT INTO ingredients (id, recipe_id, name, quantity, unit) VALUES ('69ba999c-b3d8-45fd-93d7-3a82df53db50', '1d0febd1-ef28-4656-9a00-4ac043ba4143', 'Aubergine', 1, 'chopped');
INSERT INTO ingredients (id, recipe_id, name, quantity, unit) VALUES ('ec34f9e7-1bc2-4022-88de-a77da5e3029f', '1d0febd1-ef28-4656-9a00-4ac043ba4143', 'Tomato', 4, 'large');
INSERT INTO ingredients (id, recipe_id, name, quantity, unit) VALUES ('3566750f-c639-4fbc-82f9-cfffcc7e34d4', '1d0febd1-ef28-4656-9a00-4ac043ba4143', 'Egg', 4, 'large');
INSERT INTO ingredients (id, recipe_id, name, quantity, unit) VALUES ('1c7a30eb-34ab-4080-a1fa-b66730c8f518', '1d0febd1-ef28-4656-9a00-4ac043ba4143', 'Parsley', 1, 'Handful');
INSERT INTO recipe_dietary_tags (recipe_id, tag_id) VALUES ('1d0febd1-ef28-4656-9a00-4ac043ba4143', 4);
INSERT INTO recipe_dietary_tags (recipe_id, tag_id) VALUES ('1d0febd1-ef28-4656-9a00-4ac043ba4143', 8);
INSERT INTO recipe_dietary_tags (recipe_id, tag_id) VALUES ('1d0febd1-ef28-4656-9a00-4ac043ba4143', 9);

INSERT INTO recipes (id, user_id, title, description, instructions, image_url, servings, source_url, source_name) VALUES ('edb2f38a-715a-4341-a070-691b8c0881d1', 'admin-user-id', 'Spaghetti with Spanish flavours', 'Spanish Pork dish', 'step 1
Put a pan of water on over a high heat to boil. Meanwhile, snip the chorizo into strips with scissors, and chop the parsley and peppers (check for stray seeds first).

step 2
When the water is boiling briskly, add the spaghetti with a good measure of salt, stir and return to the boil. Cook for 3 minutes.

step 3
In a large frying pan, heat the oil, add the chorizo and peppers and plenty of black pepper. Cook for a minute or so, until heated through and the juices are stained red from the paprika in the chorizo. Scoop half a mugful of pasta water from the pan, drain the remainder and tip the spaghetti into the frying pan.

step 4
Add the parsley and parmesan, toss well and splash in the pasta water, to moisten. Hand round extra parmesan at the table.', 'https://www.themealdb.com/images/media/meals/vpcqn01763335688.jpg', 4, 'https://www.bbcgoodfood.com/recipes/spaghetti-spanish-flavours', 'www.bbcgoodfood.com');
INSERT INTO ingredients (id, recipe_id, name, quantity, unit) VALUES ('0ab0c11d-50da-4da9-b1ec-69c8c156775e', 'edb2f38a-715a-4341-a070-691b8c0881d1', 'Chorizo', 80, 'g');
INSERT INTO ingredients (id, recipe_id, name, quantity, unit) VALUES ('facdc8e1-2b59-45a8-a0f9-4bc3c9f03316', 'edb2f38a-715a-4341-a070-691b8c0881d1', 'Spaghetti', 300, 'g');
INSERT INTO ingredients (id, recipe_id, name, quantity, unit) VALUES ('5e05c71c-07a0-4b57-b864-6cc2b690edf0', 'edb2f38a-715a-4341-a070-691b8c0881d1', 'Parsley', 20, 'g');
INSERT INTO ingredients (id, recipe_id, name, quantity, unit) VALUES ('8659827d-57cc-4bfb-ad60-4873874764f9', 'edb2f38a-715a-4341-a070-691b8c0881d1', 'Red Pepper', 2, 'unit');
INSERT INTO ingredients (id, recipe_id, name, quantity, unit) VALUES ('710ef45a-4840-4e15-a5fc-adbc29a51706', 'edb2f38a-715a-4341-a070-691b8c0881d1', 'Olive Oil', 2, 'tbsp');
INSERT INTO ingredients (id, recipe_id, name, quantity, unit) VALUES ('93df1275-7d0d-4869-9586-edeea30d4b12', 'edb2f38a-715a-4341-a070-691b8c0881d1', 'Parmesan Cheese', 50, 'g');
INSERT INTO recipe_dietary_tags (recipe_id, tag_id) VALUES ('edb2f38a-715a-4341-a070-691b8c0881d1', 10);
INSERT INTO recipe_dietary_tags (recipe_id, tag_id) VALUES ('edb2f38a-715a-4341-a070-691b8c0881d1', 7);
INSERT INTO recipe_dietary_tags (recipe_id, tag_id) VALUES ('edb2f38a-715a-4341-a070-691b8c0881d1', 3);

INSERT INTO recipes (id, user_id, title, description, instructions, image_url, servings, source_url, source_name) VALUES ('d620ca74-ffa8-41c7-a4f5-f8b7afabb60b', 'admin-user-id', 'Roasted Eggplant With Tahini, Pine Nuts, and Lentils', 'American Vegetarian dish', '
For the Lentils: Adjust oven rack to center position and preheat oven to 450°F to prepare for roasting eggplant. Meanwhile, heat 2 tablespoons olive oil in a medium saucepan over medium heat until shimmering. Add carrots, celery, and onion and cook, stirring, until softened but not browned, about 4 minutes. Add garlic and cook, stirring, until fragrant, about 30 seconds. Add lentils, bay leaves, stock or water, and a pinch of salt. Bring to a simmer, cover with the lid partially ajar, and cook until lentils are tender, about 30 minutes. (Top up with water if lentils are at any point not fully submerged.) Remove lid, stir in vinegar, and reduce until lentils are moist but not soupy. Season to taste with salt and pepper, cover, and keep warm until ready to serve.

2.
For the Eggplant: While lentils cook, cut each eggplant in half. Score flesh with the tip of a paring knife in a cross-hatch pattern at 1-inch intervals. Transfer to a foil-lined rimmed baking sheet, cut side up, and brush each eggplant half with 1 tablespoon oil, letting each brushstroke be fully absorbed before brushing with more. Season with salt and pepper. Place a rosemary sprig on top of each one. Transfer to oven and roast until completely tender and well charred, 25 to 35 minutes. Remove from oven and discard rosemary.

3.
To Serve: Heat 2 tablespoons olive oil and pine nuts in a medium skillet set over medium heat. Cook, tossing nuts frequently, until golden brown and aromatic, about 4 minutes. Transfer to a bowl to halt cooking. Stir half of parsley and rosemary into lentils and transfer to a serving platter. Arrange eggplant halves on top. Spread a few tablespoons of tahini sauce over each eggplant half and sprinkle with pine nuts. Sprinkle with remaining parsley and rosemary, drizzle with additional olive oil, and serve.', 'https://www.themealdb.com/images/media/meals/ysqrus1487425681.jpg', 3, 'http://www.seriouseats.com/recipes/2016/03/roasted-eggplant-tahini-pine-nut-lentil-vegan-experience-recipe.html', 'www.seriouseats.com');
INSERT INTO ingredients (id, recipe_id, name, quantity, unit) VALUES ('b0be9752-ae0a-42e4-84f0-0f03174c4e56', 'd620ca74-ffa8-41c7-a4f5-f8b7afabb60b', 'Olive Oil', 2, 'tablespoons');
INSERT INTO ingredients (id, recipe_id, name, quantity, unit) VALUES ('48f87b93-b4c3-490c-8cee-be8d213df998', 'd620ca74-ffa8-41c7-a4f5-f8b7afabb60b', 'Carrots', 2, 'small cut into chunks');
INSERT INTO ingredients (id, recipe_id, name, quantity, unit) VALUES ('cba37fc7-ab5f-4c16-9ed0-6c6a52ae08de', 'd620ca74-ffa8-41c7-a4f5-f8b7afabb60b', 'Celery', 2, 'small stalks');
INSERT INTO ingredients (id, recipe_id, name, quantity, unit) VALUES ('fe672c6d-2a81-48f5-a581-f71d7a21c47d', 'd620ca74-ffa8-41c7-a4f5-f8b7afabb60b', 'Onion', 1, 'medium finely diced');
INSERT INTO ingredients (id, recipe_id, name, quantity, unit) VALUES ('063e5d70-0b59-4416-955d-a970aec86eb3', 'd620ca74-ffa8-41c7-a4f5-f8b7afabb60b', 'Garlic', 6, 'medium cloves sliced');
INSERT INTO ingredients (id, recipe_id, name, quantity, unit) VALUES ('bac4276d-04ed-4d52-a03b-a7c1d9f6f5fa', 'd620ca74-ffa8-41c7-a4f5-f8b7afabb60b', 'Brown Lentils', 12, 'ounces (340g)');
INSERT INTO ingredients (id, recipe_id, name, quantity, unit) VALUES ('7977232f-fc99-4ab8-8e3a-0d6f6bc17752', 'd620ca74-ffa8-41c7-a4f5-f8b7afabb60b', 'Bay Leaves', 2, 'unit');
INSERT INTO ingredients (id, recipe_id, name, quantity, unit) VALUES ('5a53b0cf-2e58-46e5-9b4b-1bd47c9ef40d', 'd620ca74-ffa8-41c7-a4f5-f8b7afabb60b', 'Water', 4, 'cups');
INSERT INTO ingredients (id, recipe_id, name, quantity, unit) VALUES ('d590c02c-d689-4e72-a0a1-1afd25846cce', 'd620ca74-ffa8-41c7-a4f5-f8b7afabb60b', 'Salt', 1, 'Pinch');
INSERT INTO ingredients (id, recipe_id, name, quantity, unit) VALUES ('6c2ba31b-75e9-4b51-a4d2-f4c0b0b7a4ec', 'd620ca74-ffa8-41c7-a4f5-f8b7afabb60b', 'Apple Cider Vinegar', 2, 'teaspoons (10ml)');
INSERT INTO ingredients (id, recipe_id, name, quantity, unit) VALUES ('dae7feb6-67b9-465b-a801-e3287e8b4b29', 'd620ca74-ffa8-41c7-a4f5-f8b7afabb60b', 'Pepper', 1, 'Pinch');
INSERT INTO ingredients (id, recipe_id, name, quantity, unit) VALUES ('0278a2cb-9a84-4dff-8d97-a02b9f292302', 'd620ca74-ffa8-41c7-a4f5-f8b7afabb60b', 'Egg Plants', 2, 'large');
INSERT INTO ingredients (id, recipe_id, name, quantity, unit) VALUES ('208be58a-ff0b-4617-a7b8-fe1c7a602fae', 'd620ca74-ffa8-41c7-a4f5-f8b7afabb60b', 'Rosemary', 4, 'sprigs');
INSERT INTO ingredients (id, recipe_id, name, quantity, unit) VALUES ('ca815906-2e44-4403-b992-bc7ecdf2093f', 'd620ca74-ffa8-41c7-a4f5-f8b7afabb60b', 'Pine nuts', 0.25, 'cup');
INSERT INTO ingredients (id, recipe_id, name, quantity, unit) VALUES ('16438f41-57f6-48af-8deb-a3faa82d2391', 'd620ca74-ffa8-41c7-a4f5-f8b7afabb60b', 'Parsley', 2, 'tablespoons');
INSERT INTO recipe_dietary_tags (recipe_id, tag_id) VALUES ('d620ca74-ffa8-41c7-a4f5-f8b7afabb60b', 4);
INSERT INTO recipe_dietary_tags (recipe_id, tag_id) VALUES ('d620ca74-ffa8-41c7-a4f5-f8b7afabb60b', 8);
INSERT INTO recipe_dietary_tags (recipe_id, tag_id) VALUES ('d620ca74-ffa8-41c7-a4f5-f8b7afabb60b', 9);

INSERT INTO recipes (id, user_id, title, description, instructions, image_url, servings, source_url, source_name) VALUES ('512cabaf-f893-4d8d-9fed-47eee3cfba61', 'admin-user-id', 'Tandoori chicken', 'Indian Chicken dish', 'Mix the lemon juice with the paprika and red onions in a large shallow dish. Slash each chicken thigh three times, then turn them in the juice and set aside for 10 mins.
Mix all of the marinade ingredients together and pour over the chicken. Give everything a good mix, then cover and chill for at least 1 hr. This can be done up to a day in advance.
Heat the grill. Lift the chicken pieces onto a rack over a baking tray. Brush over a little oil and grill for 8 mins on each side or until lightly charred and completely cooked through.', 'https://www.themealdb.com/images/media/meals/qptpvt1487339892.jpg', 5, 'http://www.bbcgoodfood.com/recipes/1660651/tandoori-chicken', 'www.bbcgoodfood.com');
INSERT INTO ingredients (id, recipe_id, name, quantity, unit) VALUES ('ac5ebdda-7ea3-4fb5-ab1c-ea686a21afbc', '512cabaf-f893-4d8d-9fed-47eee3cfba61', 'lemons', 2, 'Juice');
INSERT INTO ingredients (id, recipe_id, name, quantity, unit) VALUES ('d6a1c718-996a-4abb-b83d-3d53dfbed119', '512cabaf-f893-4d8d-9fed-47eee3cfba61', 'paprika', 4, 'tsp');
INSERT INTO ingredients (id, recipe_id, name, quantity, unit) VALUES ('d201ec02-3585-4ee0-b5c7-403ef0d0e96d', '512cabaf-f893-4d8d-9fed-47eee3cfba61', 'red onions', 2, 'finely chopped');
INSERT INTO ingredients (id, recipe_id, name, quantity, unit) VALUES ('4385d331-2c3d-4d6d-a128-4af2e11a6680', '512cabaf-f893-4d8d-9fed-47eee3cfba61', 'chicken thighs', 16, 'skinnless');
INSERT INTO ingredients (id, recipe_id, name, quantity, unit) VALUES ('21ce8133-cdce-4df2-911b-7c3bf356ffdc', '512cabaf-f893-4d8d-9fed-47eee3cfba61', 'vegetable oil', 1, 'For brushing');
INSERT INTO ingredients (id, recipe_id, name, quantity, unit) VALUES ('e9b3390d-9548-4fab-ae58-ebbd4591bc9a', '512cabaf-f893-4d8d-9fed-47eee3cfba61', 'Greek yogurt', 300, 'ml');
INSERT INTO ingredients (id, recipe_id, name, quantity, unit) VALUES ('b3ddd35b-5808-44ee-9bde-2246badc613c', '512cabaf-f893-4d8d-9fed-47eee3cfba61', 'ginger', 1, 'large piece');
INSERT INTO ingredients (id, recipe_id, name, quantity, unit) VALUES ('9d4fbc96-f840-4eef-981c-2f1b9b2578a1', '512cabaf-f893-4d8d-9fed-47eee3cfba61', 'garlic clove', 4, 'unit');
INSERT INTO ingredients (id, recipe_id, name, quantity, unit) VALUES ('ed7017db-9159-4248-a159-42d0110d3ffc', '512cabaf-f893-4d8d-9fed-47eee3cfba61', 'garam masala', 1, '¾ tsp');
INSERT INTO ingredients (id, recipe_id, name, quantity, unit) VALUES ('860a943e-aba2-4a4a-8c18-dd142d075ef3', '512cabaf-f893-4d8d-9fed-47eee3cfba61', 'ground cumin', 1, '¾ tsp');
INSERT INTO ingredients (id, recipe_id, name, quantity, unit) VALUES ('abbba05e-5247-474b-bfd9-0b254db7a93d', '512cabaf-f893-4d8d-9fed-47eee3cfba61', 'chilli powder', 1, '½ tsp');
INSERT INTO ingredients (id, recipe_id, name, quantity, unit) VALUES ('6bdc2e8b-b070-4f68-bad6-117b2dc82332', '512cabaf-f893-4d8d-9fed-47eee3cfba61', 'turmeric', 1, '¼ tsp');
INSERT INTO recipe_dietary_tags (recipe_id, tag_id) VALUES ('512cabaf-f893-4d8d-9fed-47eee3cfba61', 4);
INSERT INTO recipe_dietary_tags (recipe_id, tag_id) VALUES ('512cabaf-f893-4d8d-9fed-47eee3cfba61', 1);
INSERT INTO recipe_dietary_tags (recipe_id, tag_id) VALUES ('512cabaf-f893-4d8d-9fed-47eee3cfba61', 10);

INSERT INTO recipes (id, user_id, title, description, instructions, image_url, servings, source_url, source_name) VALUES ('5b94a036-5a4f-4336-9ab8-4dc5659c3fa6', 'admin-user-id', 'Kentucky Fried Chicken', 'American Chicken dish', 'Preheat fryer to 350°F. Thoroughly mix together all the spice mix ingredients.
Combine spice mix with flour, brown sugar and salt.
Dip chicken pieces in egg white to lightly coat them, then transfer to flour mixture. Turn a few times and make sure the flour mix is really stuck to the chicken. Repeat with all the chicken pieces.
Let chicken pieces rest for 5 minutes so crust has a chance to dry a bit.
Fry chicken in batches. Breasts and wings should take 12-14 minutes, and legs and thighs will need a few more minutes. Chicken pieces are done when a meat thermometer inserted into the thickest part reads 165°F.
Let chicken drain on a few paper towels when it comes out of the fryer. Serve hot.', 'https://www.themealdb.com/images/media/meals/40r49m1763197022.jpg', 5, 'http://www.tablespoon.com/recipes/copycat-kfc-original-style-chicken/97c93d14-9d8c-4bc7-96dc-1e0b37e4fcaa', 'www.tablespoon.com');
INSERT INTO ingredients (id, recipe_id, name, quantity, unit) VALUES ('75819427-4171-4eb3-a4f0-c1c6ca6fe869', '5b94a036-5a4f-4336-9ab8-4dc5659c3fa6', 'Chicken', 1, 'whole');
INSERT INTO ingredients (id, recipe_id, name, quantity, unit) VALUES ('4d20f65b-3794-48db-9868-90b7da4a8318', '5b94a036-5a4f-4336-9ab8-4dc5659c3fa6', 'Oil', 2, 'quarts neutral frying');
INSERT INTO ingredients (id, recipe_id, name, quantity, unit) VALUES ('f5f77e97-4c01-4a61-b3e5-f841baf86dfd', '5b94a036-5a4f-4336-9ab8-4dc5659c3fa6', 'Egg White', 1, 'unit');
INSERT INTO ingredients (id, recipe_id, name, quantity, unit) VALUES ('df35192e-51d3-4467-97f0-6f9eaa6a2cf5', '5b94a036-5a4f-4336-9ab8-4dc5659c3fa6', 'Flour', 1, '1/2 cups');
INSERT INTO ingredients (id, recipe_id, name, quantity, unit) VALUES ('5e4c8933-9e4e-4c16-a4f1-feeb32c043da', '5b94a036-5a4f-4336-9ab8-4dc5659c3fa6', 'Brown Sugar', 1, 'tablespoon');
INSERT INTO ingredients (id, recipe_id, name, quantity, unit) VALUES ('bd07e593-be10-4b7d-834e-bd435623c6b8', '5b94a036-5a4f-4336-9ab8-4dc5659c3fa6', 'Salt', 1, 'tablespoon');
INSERT INTO ingredients (id, recipe_id, name, quantity, unit) VALUES ('07bbee34-f99d-4291-8b25-df25d5ce916f', '5b94a036-5a4f-4336-9ab8-4dc5659c3fa6', 'paprika', 1, 'tablespoon');
INSERT INTO ingredients (id, recipe_id, name, quantity, unit) VALUES ('dec1a817-20a0-4677-8334-dfaa30b44567', '5b94a036-5a4f-4336-9ab8-4dc5659c3fa6', 'onion salt', 2, 'teaspoons');
INSERT INTO ingredients (id, recipe_id, name, quantity, unit) VALUES ('96cac1f6-5d9b-4fb3-add4-a9c82f44744a', '5b94a036-5a4f-4336-9ab8-4dc5659c3fa6', 'chili powder', 1, 'teaspoon');
INSERT INTO ingredients (id, recipe_id, name, quantity, unit) VALUES ('d4c5bd41-b760-435d-9181-4fdb9e0e6849', '5b94a036-5a4f-4336-9ab8-4dc5659c3fa6', 'black pepper', 1, 'teaspoon');
INSERT INTO ingredients (id, recipe_id, name, quantity, unit) VALUES ('f3d30c8b-541a-4102-9b35-50d1fee20efe', '5b94a036-5a4f-4336-9ab8-4dc5659c3fa6', 'celery salt', 0.5, 'teaspoon');
INSERT INTO ingredients (id, recipe_id, name, quantity, unit) VALUES ('68ce770f-43df-4fdd-aa36-f07850ddbc9b', '5b94a036-5a4f-4336-9ab8-4dc5659c3fa6', 'sage', 0.5, 'teaspoon');
INSERT INTO ingredients (id, recipe_id, name, quantity, unit) VALUES ('f436102d-0a3f-41c2-b54c-e5fc02d8a589', '5b94a036-5a4f-4336-9ab8-4dc5659c3fa6', 'garlic powder', 0.5, 'teaspoon');
INSERT INTO ingredients (id, recipe_id, name, quantity, unit) VALUES ('afa424ed-82f9-45f0-ad92-1901ce70b78c', '5b94a036-5a4f-4336-9ab8-4dc5659c3fa6', 'allspice', 0.5, 'teaspoon');
INSERT INTO ingredients (id, recipe_id, name, quantity, unit) VALUES ('57e1b730-337b-4035-b687-01f6b1e609b6', '5b94a036-5a4f-4336-9ab8-4dc5659c3fa6', 'oregano', 0.5, 'teaspoon');
INSERT INTO ingredients (id, recipe_id, name, quantity, unit) VALUES ('06a13319-43a6-4387-9aa5-acc8f6290719', '5b94a036-5a4f-4336-9ab8-4dc5659c3fa6', 'basil', 0.5, 'teaspoon');
INSERT INTO ingredients (id, recipe_id, name, quantity, unit) VALUES ('7c5a6295-253f-488e-a044-f03c657d6ee3', '5b94a036-5a4f-4336-9ab8-4dc5659c3fa6', 'marjoram', 0.5, 'teaspoon');
INSERT INTO recipe_dietary_tags (recipe_id, tag_id) VALUES ('5b94a036-5a4f-4336-9ab8-4dc5659c3fa6', 8);
INSERT INTO recipe_dietary_tags (recipe_id, tag_id) VALUES ('5b94a036-5a4f-4336-9ab8-4dc5659c3fa6', 10);
INSERT INTO recipe_dietary_tags (recipe_id, tag_id) VALUES ('5b94a036-5a4f-4336-9ab8-4dc5659c3fa6', 3);

INSERT INTO recipes (id, user_id, title, description, instructions, image_url, servings, source_url, source_name) VALUES ('f3e4fed9-6d3a-43e7-99d0-7a6ef71792de', 'admin-user-id', 'Minced Beef Pie', 'British Beef dish', 'Preheat the oven to 200C/400F/Gas 6.
Heat the oil in a deep frying pan and fry the beef mince for 4-5 minutes, breaking it up with a wooden spoon as it browns.
Add the onion and cook for 2-3 minutes, then stir in the tomato purée and cook for 2-3 more minutes. Stir in the flour and cook for a further minute, then add the chopped mushrooms, the stout or beef stock and a couple of dashes of Worcestershire sauce. Bring to the boil, then reduce the heat, cover the pan with a lid and leave to simmer for 20 minutes. Set aside and leave to cool, then turn the meat mixture into a one litre pie dish.
Roll out the pastry on a floured work surface until it is slightly larger than the pie dish. Gently drape the pastry over the dish, pressing firmly onto the edges. Trim, then shape the edges into a fluted shape.
Cut some leaf shapes out of the pastry trimmings and decorate the top of the pie, sticking them to the pastry with the beaten egg yolk.
Make three or four slits in the pastry to allow the steam to escape, then brush the pie with the rest of the beaten egg yolk and bake in the oven for 20-25 minutes, or until golden-brown.
To serve, slice into wedges.', 'https://www.themealdb.com/images/media/meals/xwutvy1511555540.jpg', 4, 'https://www.bbc.co.uk/food/recipes/mincedbeefpie_89198', 'www.bbc.co.uk');
INSERT INTO ingredients (id, recipe_id, name, quantity, unit) VALUES ('abccb169-7b35-4ed8-9e7b-f554f4db7ef0', 'f3e4fed9-6d3a-43e7-99d0-7a6ef71792de', 'Vegetable Oil', 2, 'tbs');
INSERT INTO ingredients (id, recipe_id, name, quantity, unit) VALUES ('db53de80-1b48-413c-9cb6-ec1221a7f38a', 'f3e4fed9-6d3a-43e7-99d0-7a6ef71792de', 'Minced Beef', 500, 'g');
INSERT INTO ingredients (id, recipe_id, name, quantity, unit) VALUES ('2725f5da-fc3e-418e-938a-04e3d65a4927', 'f3e4fed9-6d3a-43e7-99d0-7a6ef71792de', 'Onion', 1, 'chopped');
INSERT INTO ingredients (id, recipe_id, name, quantity, unit) VALUES ('4bdaf621-28f3-41cc-937f-85a4ede1324e', 'f3e4fed9-6d3a-43e7-99d0-7a6ef71792de', 'Tomato Puree', 1, 'tbls');
INSERT INTO ingredients (id, recipe_id, name, quantity, unit) VALUES ('4f88fac5-46dd-4d77-8ef5-6958512bd00b', 'f3e4fed9-6d3a-43e7-99d0-7a6ef71792de', 'Plain Flour', 1, '½ tbsp');
INSERT INTO ingredients (id, recipe_id, name, quantity, unit) VALUES ('1d33f677-0f41-4df6-bb11-09715501e9da', 'f3e4fed9-6d3a-43e7-99d0-7a6ef71792de', 'Mushrooms', 75, 'g');
INSERT INTO ingredients (id, recipe_id, name, quantity, unit) VALUES ('14569579-023e-4474-b463-8101175ffc49', 'f3e4fed9-6d3a-43e7-99d0-7a6ef71792de', 'Beef Stock', 250, 'ml');
INSERT INTO ingredients (id, recipe_id, name, quantity, unit) VALUES ('0493f90a-73e6-4327-ad86-a6e82b5be52f', 'f3e4fed9-6d3a-43e7-99d0-7a6ef71792de', 'Worcestershire Sauce', 1, 'Dash');
INSERT INTO ingredients (id, recipe_id, name, quantity, unit) VALUES ('f88edcaf-1999-40df-b233-1a44ab6e85ba', 'f3e4fed9-6d3a-43e7-99d0-7a6ef71792de', 'Shortcrust Pastry', 400, 'g');
INSERT INTO ingredients (id, recipe_id, name, quantity, unit) VALUES ('9f4a2cb4-4f7b-4d1b-92d7-4c290ac86cbd', 'f3e4fed9-6d3a-43e7-99d0-7a6ef71792de', 'Egg Yolks', 1, 'unit');
INSERT INTO recipe_dietary_tags (recipe_id, tag_id) VALUES ('f3e4fed9-6d3a-43e7-99d0-7a6ef71792de', 8);
INSERT INTO recipe_dietary_tags (recipe_id, tag_id) VALUES ('f3e4fed9-6d3a-43e7-99d0-7a6ef71792de', 10);
INSERT INTO recipe_dietary_tags (recipe_id, tag_id) VALUES ('f3e4fed9-6d3a-43e7-99d0-7a6ef71792de', 7);

INSERT INTO recipes (id, user_id, title, description, instructions, image_url, servings, source_url, source_name) VALUES ('34697893-7efd-4313-b5dd-99be1ad891e9', 'admin-user-id', 'Tunisian Lamb Soup', 'Tunisian Lamb dish', 'Add the lamb to a casserole and cook over high heat. When browned, remove from the heat and set aside.
Keep a tablespoon of fat in the casserole and discard the rest. Reduce to medium heat then add the garlic, onion and spinach and cook until the onion is translucent and the spinach wilted or about 5 minutes.
Return the lamb to the casserole with the onion-spinach mixture, add the tomato puree, cumin, harissa, chicken, chickpeas, lemon juice, salt and pepper in the pan. Simmer over low heat for about 20 minutes.
Add the pasta and cook for 15 minutes or until pasta is cooked.', 'https://www.themealdb.com/images/media/meals/t8mn9g1560460231.jpg', 4, 'http://allrecipes.co.uk/recipe/16694/tunisian-lamb-soup.aspx', 'allrecipes.co.uk');
INSERT INTO ingredients (id, recipe_id, name, quantity, unit) VALUES ('1193f6f2-f6fc-4bf0-af7a-92c3826ecbc7', '34697893-7efd-4313-b5dd-99be1ad891e9', 'Lamb Mince', 500, 'g');
INSERT INTO ingredients (id, recipe_id, name, quantity, unit) VALUES ('154d4554-43ad-4494-a5da-6307e098ef28', '34697893-7efd-4313-b5dd-99be1ad891e9', 'Garlic', 2, 'cloves minced');
INSERT INTO ingredients (id, recipe_id, name, quantity, unit) VALUES ('f382044c-9e98-491d-99f8-95c6c9a0e1f6', '34697893-7efd-4313-b5dd-99be1ad891e9', 'Onion', 1, 'unit');
INSERT INTO ingredients (id, recipe_id, name, quantity, unit) VALUES ('2fc7f3d4-82a1-4023-bb09-74759b7a680c', '34697893-7efd-4313-b5dd-99be1ad891e9', 'Spinach', 300, 'g');
INSERT INTO ingredients (id, recipe_id, name, quantity, unit) VALUES ('3dbadd27-7c5e-441b-bda7-5199f6a5b128', '34697893-7efd-4313-b5dd-99be1ad891e9', 'Tomato Puree', 3, 'tbs');
INSERT INTO ingredients (id, recipe_id, name, quantity, unit) VALUES ('99d2e1be-5a16-4317-9b7a-bfca783e8b4d', '34697893-7efd-4313-b5dd-99be1ad891e9', 'Cumin', 1, 'tbs');
INSERT INTO ingredients (id, recipe_id, name, quantity, unit) VALUES ('26a15d85-5dcc-4a56-b9ea-8b13f688ddf8', '34697893-7efd-4313-b5dd-99be1ad891e9', 'Chicken Stock', 1, 'Litre');
INSERT INTO ingredients (id, recipe_id, name, quantity, unit) VALUES ('e06936f6-436a-4ba9-bc6c-f03c24024e0a', '34697893-7efd-4313-b5dd-99be1ad891e9', 'Harissa Spice', 3, 'tsp');
INSERT INTO ingredients (id, recipe_id, name, quantity, unit) VALUES ('894f10a5-6d9b-4f32-a79e-7ace449a0765', '34697893-7efd-4313-b5dd-99be1ad891e9', 'Chickpeas', 400, 'g');
INSERT INTO ingredients (id, recipe_id, name, quantity, unit) VALUES ('f4500b9f-a32b-4c67-986a-b5e21a7f34ad', '34697893-7efd-4313-b5dd-99be1ad891e9', 'Lemon Juice', 0.5, 'unit');
INSERT INTO ingredients (id, recipe_id, name, quantity, unit) VALUES ('8ab65ecc-f7cf-42a8-8090-65462b7884bc', '34697893-7efd-4313-b5dd-99be1ad891e9', 'Macaroni', 150, 'g');
INSERT INTO ingredients (id, recipe_id, name, quantity, unit) VALUES ('14c5ef5f-368a-4a46-8f36-4179ab128bf4', '34697893-7efd-4313-b5dd-99be1ad891e9', 'Salt', 1, 'Pinch');
INSERT INTO ingredients (id, recipe_id, name, quantity, unit) VALUES ('c1d9f7e7-6fc3-4dec-a957-5eeef04ea32e', '34697893-7efd-4313-b5dd-99be1ad891e9', 'Pepper', 1, 'Pinch');
INSERT INTO recipe_dietary_tags (recipe_id, tag_id) VALUES ('34697893-7efd-4313-b5dd-99be1ad891e9', 8);
INSERT INTO recipe_dietary_tags (recipe_id, tag_id) VALUES ('34697893-7efd-4313-b5dd-99be1ad891e9', 10);
INSERT INTO recipe_dietary_tags (recipe_id, tag_id) VALUES ('34697893-7efd-4313-b5dd-99be1ad891e9', 5);

INSERT INTO recipes (id, user_id, title, description, instructions, image_url, servings, source_url, source_name) VALUES ('bc66cc86-3161-45f8-ba44-b19772636793', 'admin-user-id', 'Chicken Congee', 'Chinese Chicken dish', 'STEP 1 - MARINATING THE CHICKEN
In a bowl, add chicken, salt, white pepper, ginger juice and then mix it together well.
Set the chicken aside.
STEP 2 - RINSE THE WHITE RICE
Rinse the rice in a metal bowl or pot a couple times and then drain the water.
STEP 2 - BOILING THE WHITE RICE
Next add 8 cups of water and then set the stove on high heat until it is boiling. Once rice porridge starts to boil, set the stove on low heat and then stir it once every 8-10 minutes for around 20-25 minutes.
After 25 minutes, this is optional but you can add a little bit more water to make rice porridge to make it less thick or to your preference.
Next add the marinated chicken to the rice porridge and leave the stove on low heat for another 10 minutes.
After an additional 10 minutes add the green onions, sliced ginger, 1 pinch of salt, 1 pinch of white pepper and stir for 10 seconds.
Serve the rice porridge in a bowl
Optional: add Coriander on top of the rice porridge.', 'https://www.themealdb.com/images/media/meals/1529446352.jpg', 3, 'https://sueandgambo.com/pages/chicken-congee', 'sueandgambo.com');
INSERT INTO ingredients (id, recipe_id, name, quantity, unit) VALUES ('1065fd7a-c65c-4b79-b06b-5940b04c07bf', 'bc66cc86-3161-45f8-ba44-b19772636793', 'Chicken', 8, 'oz');
INSERT INTO ingredients (id, recipe_id, name, quantity, unit) VALUES ('70a178a8-f5d2-4ba7-a6be-f994e4a4b7f6', 'bc66cc86-3161-45f8-ba44-b19772636793', 'Salt', 1, 'pinch');
INSERT INTO ingredients (id, recipe_id, name, quantity, unit) VALUES ('6a44fe2b-530d-4b9d-9bf7-3a4b6a9dab1a', 'bc66cc86-3161-45f8-ba44-b19772636793', 'Pepper', 1, 'pinch');
INSERT INTO ingredients (id, recipe_id, name, quantity, unit) VALUES ('2353995e-fbe2-4a98-a42a-49713d06b870', 'bc66cc86-3161-45f8-ba44-b19772636793', 'Ginger Cordial', 1, 'tsp');
INSERT INTO ingredients (id, recipe_id, name, quantity, unit) VALUES ('6493d722-a9f8-4866-a35f-52af1e55eaad', 'bc66cc86-3161-45f8-ba44-b19772636793', 'Ginger', 1, 'tsp');
INSERT INTO ingredients (id, recipe_id, name, quantity, unit) VALUES ('7522d2aa-5bc4-4858-9a12-5521fe00edd7', 'bc66cc86-3161-45f8-ba44-b19772636793', 'Spring Onions', 1, 'tbs');
INSERT INTO ingredients (id, recipe_id, name, quantity, unit) VALUES ('e4c8b06e-7d25-40c0-9de5-2c8c1ed8ae5e', 'bc66cc86-3161-45f8-ba44-b19772636793', 'Rice', 0.5, 'cup');
INSERT INTO ingredients (id, recipe_id, name, quantity, unit) VALUES ('e0bbb3e4-5785-4dee-8e9d-a8c1b1f71c84', 'bc66cc86-3161-45f8-ba44-b19772636793', 'Water', 8, 'cups');
INSERT INTO ingredients (id, recipe_id, name, quantity, unit) VALUES ('d39c66e7-2543-4499-9b68-2ed739e3ad4e', 'bc66cc86-3161-45f8-ba44-b19772636793', 'Coriander', 2, 'oz');
INSERT INTO recipe_dietary_tags (recipe_id, tag_id) VALUES ('bc66cc86-3161-45f8-ba44-b19772636793', 4);
INSERT INTO recipe_dietary_tags (recipe_id, tag_id) VALUES ('bc66cc86-3161-45f8-ba44-b19772636793', 8);
INSERT INTO recipe_dietary_tags (recipe_id, tag_id) VALUES ('bc66cc86-3161-45f8-ba44-b19772636793', 10);

INSERT INTO recipes (id, user_id, title, description, instructions, image_url, servings, source_url, source_name) VALUES ('60b715d0-d13d-4445-9219-95434bffaa63', 'admin-user-id', 'Mee goreng mamak', 'Malaysian Seafood dish', 'Heat oil in a pan at medium heat. Then, add peanuts, dried chilies, dried shrimps and dhal. Fry the aromatics until fragrant. Remove from pan and leave aside.

Blend fried ingredients with tamarind paste and water until fine. Then, sauté the blended ingredients in oil heated over low heat. Continue cooking until the oil separates from the paste and turns a darker shade.

Skin and cut potatoes into small chunks and boil them in a pot of water until knife-tender. Once ready, remove them from the pot and leave aside. Discard water.

Slice onion and fried tofu, mince garlic, cut some cabbage and Chinese flowering cabbage (choi sam). Prepare prawn fritters and cut them. Boil noodles to soften them if bought dried. Also mix black soy sauce with water.

To fry one portion of mee goreng mamak, heat oil and add 1/4 of the following ingredients in this order: garlic, onion, paste. Sauté until fragrant. Optionally, add prawns.

Add in 1/4 amount of tofu, boiled potatoes, cabbage, Chinese flowering cabbage and prawn fritters. Sauté for another 30 seconds.

Add noodles to the wok. Add 3 tablespoons of dark soy sauce mixture. Mix evenly for the next 1 minute. Then, move the noodles to the side of the wok. Stir in an egg. Garnish with a slice of lime and slices of green chilies. To cook another plate of noodles, repeat from step 5 onwards.', 'https://www.themealdb.com/images/media/meals/xquakq1619787532.jpg', 5, 'https://www.nyonyacooking.com/recipes/mee-goreng-mamak~BkTLRjTuX', 'www.nyonyacooking.com');
INSERT INTO ingredients (id, recipe_id, name, quantity, unit) VALUES ('b0fb957f-5da6-4b00-8fbd-f1bbb756206f', '60b715d0-d13d-4445-9219-95434bffaa63', 'Peanuts', 50, 'g');
INSERT INTO ingredients (id, recipe_id, name, quantity, unit) VALUES ('43e15264-83e2-4e74-b35a-1dfe271188ba', '60b715d0-d13d-4445-9219-95434bffaa63', 'Chilli', 15, 'g');
INSERT INTO ingredients (id, recipe_id, name, quantity, unit) VALUES ('0e0769c7-261c-478d-8a9e-6ddfae58b02f', '60b715d0-d13d-4445-9219-95434bffaa63', 'Prawns', 10, 'g');
INSERT INTO ingredients (id, recipe_id, name, quantity, unit) VALUES ('100d40e6-35c9-4bb0-8935-2a9096f0144b', '60b715d0-d13d-4445-9219-95434bffaa63', 'Oil', 5, 'tbs');
INSERT INTO ingredients (id, recipe_id, name, quantity, unit) VALUES ('4d9dd375-30cb-4733-8c88-2334756b4bec', '60b715d0-d13d-4445-9219-95434bffaa63', 'Water', 750, 'ml');
INSERT INTO ingredients (id, recipe_id, name, quantity, unit) VALUES ('a8933c82-55b8-447b-bad7-cacfdacd02e1', '60b715d0-d13d-4445-9219-95434bffaa63', 'Tamarind Paste', 0.5, 'tbs');
INSERT INTO ingredients (id, recipe_id, name, quantity, unit) VALUES ('f24dfa5b-b9f4-4629-b60f-7bf74b991575', '60b715d0-d13d-4445-9219-95434bffaa63', 'Potatoes', 250, 'g');
INSERT INTO ingredients (id, recipe_id, name, quantity, unit) VALUES ('1d8214fc-73f6-4347-9516-6f18bd250951', '60b715d0-d13d-4445-9219-95434bffaa63', 'Red Onions', 2, 'unit');
INSERT INTO ingredients (id, recipe_id, name, quantity, unit) VALUES ('cd9a5af3-a58e-40ba-aa6a-7886485bf9f5', '60b715d0-d13d-4445-9219-95434bffaa63', 'Garlic Clove', 4, 'unit');
INSERT INTO ingredients (id, recipe_id, name, quantity, unit) VALUES ('f8e9c2b4-1018-4af5-b4a7-6920c67cd808', '60b715d0-d13d-4445-9219-95434bffaa63', 'Cabbage', 30, 'g');
INSERT INTO ingredients (id, recipe_id, name, quantity, unit) VALUES ('a257773d-19ff-467e-a23a-785c3f976584', '60b715d0-d13d-4445-9219-95434bffaa63', 'Chinese Broccoli', 30, 'g');
INSERT INTO ingredients (id, recipe_id, name, quantity, unit) VALUES ('3be7bfcc-ee01-46e8-ac85-59ff90ec8df1', '60b715d0-d13d-4445-9219-95434bffaa63', 'Tofu', 1, 'unit');
INSERT INTO ingredients (id, recipe_id, name, quantity, unit) VALUES ('e5c7bfec-09b6-4328-ac38-9cf669f429de', '60b715d0-d13d-4445-9219-95434bffaa63', 'Soy Sauce', 1, 'tbs');
INSERT INTO ingredients (id, recipe_id, name, quantity, unit) VALUES ('ca0808e3-f6fa-4cd3-a473-f8704a758eb0', '60b715d0-d13d-4445-9219-95434bffaa63', 'Noodles', 4, 'unit');
INSERT INTO ingredients (id, recipe_id, name, quantity, unit) VALUES ('fa50aebd-6196-4257-ab85-75bb878dd952', '60b715d0-d13d-4445-9219-95434bffaa63', 'Egg', 1, 'unit');
INSERT INTO recipe_dietary_tags (recipe_id, tag_id) VALUES ('60b715d0-d13d-4445-9219-95434bffaa63', 4);
INSERT INTO recipe_dietary_tags (recipe_id, tag_id) VALUES ('60b715d0-d13d-4445-9219-95434bffaa63', 8);
INSERT INTO recipe_dietary_tags (recipe_id, tag_id) VALUES ('60b715d0-d13d-4445-9219-95434bffaa63', 10);

INSERT INTO recipes (id, user_id, title, description, instructions, image_url, servings, source_url, source_name) VALUES ('71c5828c-79bc-414e-8361-1eb2f3588b80', 'admin-user-id', 'Spicy Arrabiata Penne', 'Italian Vegetarian dish', 'Bring a large pot of water to a boil. Add kosher salt to the boiling water, then add the pasta. Cook according to the package instructions, about 9 minutes.
In a large skillet over medium-high heat, add the olive oil and heat until the oil starts to shimmer. Add the garlic and cook, stirring, until fragrant, 1 to 2 minutes. Add the chopped tomatoes, red chile flakes, Italian seasoning and salt and pepper to taste. Bring to a boil and cook for 5 minutes. Remove from the heat and add the chopped basil.
Drain the pasta and add it to the sauce. Garnish with Parmigiano-Reggiano flakes and more basil and serve warm.', 'https://www.themealdb.com/images/media/meals/ustsqw1468250014.jpg', 2, 'https://www.youtube.com/watch?v=1IszT_guI08', 'TheMealDB');
INSERT INTO ingredients (id, recipe_id, name, quantity, unit) VALUES ('1f041b01-2eb6-42e8-9b08-c387831dbc2d', '71c5828c-79bc-414e-8361-1eb2f3588b80', 'penne rigate', 1, 'pound');
INSERT INTO ingredients (id, recipe_id, name, quantity, unit) VALUES ('6a9377db-c9f9-4315-9fc4-a60b7125c956', '71c5828c-79bc-414e-8361-1eb2f3588b80', 'olive oil', 0.25, 'cup');
INSERT INTO ingredients (id, recipe_id, name, quantity, unit) VALUES ('32021810-883b-4ce9-b88b-db994dbfb7bb', '71c5828c-79bc-414e-8361-1eb2f3588b80', 'garlic', 3, 'cloves');
INSERT INTO ingredients (id, recipe_id, name, quantity, unit) VALUES ('eb0f1a71-0a50-48bf-85cd-1f7b6eebe8c8', '71c5828c-79bc-414e-8361-1eb2f3588b80', 'chopped tomatoes', 1, 'tin');
INSERT INTO ingredients (id, recipe_id, name, quantity, unit) VALUES ('627420e4-f3b1-4a13-abd9-a4118baba3b5', '71c5828c-79bc-414e-8361-1eb2f3588b80', 'red chilli flakes', 0.5, 'teaspoon');
INSERT INTO ingredients (id, recipe_id, name, quantity, unit) VALUES ('5f20ac56-cea3-4758-8e85-06b94ab90b59', '71c5828c-79bc-414e-8361-1eb2f3588b80', 'italian seasoning', 0.5, 'teaspoon');
INSERT INTO ingredients (id, recipe_id, name, quantity, unit) VALUES ('663ac016-1f57-4cb6-ae9c-c6418c842073', '71c5828c-79bc-414e-8361-1eb2f3588b80', 'basil', 6, 'leaves');
INSERT INTO ingredients (id, recipe_id, name, quantity, unit) VALUES ('41c8779a-1a0d-459d-b769-fe4748a61444', '71c5828c-79bc-414e-8361-1eb2f3588b80', 'Parmigiano-Reggiano', 1, 'sprinkling');
INSERT INTO recipe_dietary_tags (recipe_id, tag_id) VALUES ('71c5828c-79bc-414e-8361-1eb2f3588b80', 8);
INSERT INTO recipe_dietary_tags (recipe_id, tag_id) VALUES ('71c5828c-79bc-414e-8361-1eb2f3588b80', 9);
INSERT INTO recipe_dietary_tags (recipe_id, tag_id) VALUES ('71c5828c-79bc-414e-8361-1eb2f3588b80', 10);

INSERT INTO recipes (id, user_id, title, description, instructions, image_url, servings, source_url, source_name) VALUES ('cc7a812b-056b-42fe-92b7-ce86a6aa681a', 'admin-user-id', 'Chocolate Coconut Squares', 'Australian Dessert dish', 'step 1
Heat oven to 180C/fan 160C/gas 4. Butter and line the base of a 20cm square baking tin. Beat together the butter and sugar until pale and creamy, then beat in the eggs. Add 1 tbsp of the flour if the mix starts to curdle.

step 2
Sieve in the flour, baking powder and cocoa and fold in with a metal spoon. Stir in the milk. Scrape mix into the tin and level the top. Bake for 18-20 mins or until the cake springs back when pressed. Allow to cool in the tin.

step 3
To make the icing, put the chocolate, butter and 4 tbsp water in a pan and gently heat until melted. Allow to cool slightly, then beat in the icing sugar.

step 4
Remove cake from tin and peel away paper. Cut into 16 squares. Dip the squares into the icing, then roll in the coconut. Allow to set on cooling rack.', 'https://www.themealdb.com/images/media/meals/8oupz51761848432.jpg', 5, 'https://www.bbcgoodfood.com/recipes/isaacs-chocolate-coconut-squares', 'www.bbcgoodfood.com');
INSERT INTO ingredients (id, recipe_id, name, quantity, unit) VALUES ('98f22e2f-73ee-4bec-bf74-262a69a1e155', 'cc7a812b-056b-42fe-92b7-ce86a6aa681a', 'Butter', 100, 'g');
INSERT INTO ingredients (id, recipe_id, name, quantity, unit) VALUES ('7571a5a6-457e-4bee-8077-70fe6039eb9c', 'cc7a812b-056b-42fe-92b7-ce86a6aa681a', 'Caster Sugar', 100, 'g');
INSERT INTO ingredients (id, recipe_id, name, quantity, unit) VALUES ('2868aa14-d8e7-41d7-84ed-1298e9c8cbbf', 'cc7a812b-056b-42fe-92b7-ce86a6aa681a', 'Egg', 2, 'unit');
INSERT INTO ingredients (id, recipe_id, name, quantity, unit) VALUES ('d8921461-845c-4485-8633-c36a521ae543', 'cc7a812b-056b-42fe-92b7-ce86a6aa681a', 'Self-raising Flour', 140, 'g');
INSERT INTO ingredients (id, recipe_id, name, quantity, unit) VALUES ('76b57276-7c0b-4595-a05e-8b895d80f2e0', 'cc7a812b-056b-42fe-92b7-ce86a6aa681a', 'Baking Powder', 1, 'teaspoon');
INSERT INTO ingredients (id, recipe_id, name, quantity, unit) VALUES ('e25e0ed3-ee64-43c3-9196-e095895b8b85', 'cc7a812b-056b-42fe-92b7-ce86a6aa681a', 'Cocoa Powder', 2, 'tablespoons');
INSERT INTO ingredients (id, recipe_id, name, quantity, unit) VALUES ('97b35dad-fd14-4533-9f27-f9e188115531', 'cc7a812b-056b-42fe-92b7-ce86a6aa681a', 'Milk', 2, 'tablespoons');
INSERT INTO ingredients (id, recipe_id, name, quantity, unit) VALUES ('7860466f-e56b-473d-b5aa-e0cbaa5ab1b4', 'cc7a812b-056b-42fe-92b7-ce86a6aa681a', 'Plain Chocolate', 100, 'g');
INSERT INTO ingredients (id, recipe_id, name, quantity, unit) VALUES ('6a11d112-aacf-45ef-9d0a-dda7d8db7990', 'cc7a812b-056b-42fe-92b7-ce86a6aa681a', 'Butter', 25, 'g');
INSERT INTO ingredients (id, recipe_id, name, quantity, unit) VALUES ('8d0d6f05-b0bc-4783-9078-2840c7feb2ef', 'cc7a812b-056b-42fe-92b7-ce86a6aa681a', 'Icing Sugar', 100, 'g');
INSERT INTO ingredients (id, recipe_id, name, quantity, unit) VALUES ('f675065e-a9f8-4e9d-9f06-5ebc086cd233', 'cc7a812b-056b-42fe-92b7-ce86a6aa681a', 'Desiccated Coconut', 100, 'g');
INSERT INTO recipe_dietary_tags (recipe_id, tag_id) VALUES ('cc7a812b-056b-42fe-92b7-ce86a6aa681a', 9);
INSERT INTO recipe_dietary_tags (recipe_id, tag_id) VALUES ('cc7a812b-056b-42fe-92b7-ce86a6aa681a', 10);

INSERT INTO recipes (id, user_id, title, description, instructions, image_url, servings, source_url, source_name) VALUES ('4cde8fc1-3240-451a-9c36-d7b04443d97a', 'admin-user-id', 'Cumberland Pie', 'British Beef dish', 'step 1
Heat oven to 160C/140C fan/gas 3. Soften the celery, onion, carrots, bay and 1 thyme sprig in a casserole with 1 tbsp oil and the butter for 10 mins. Stir in the flour, followed by the purée, Worcestershire sauce and stock cubes.

step 2
Gradually stir in 600ml hot water, then tip in the beef and bring to a gentle simmer. Cover and cook in the oven for 2 hrs 30 mins, then uncover and cook for 30 mins -1 hr more until the meat is really tender and sauce thickened.

step 3
Meanwhile, cook potatoes in a pan of boiling water until they’re not done but about ¾ of the way there.

step 4
Transfer meat to a baking dish. Slice spuds into 1cm thick rounds and gently toss with seasoning, the remaining oil and thyme leaves. Layer on the beef, scattering with the cheese as you layer. You can cover and chill the pie now for 1 day, or freeze for up to 3 months.

step 5
Increase oven to 200C/180C fan/gas 6 and bake for 30-40 mins until golden and crispy, and sauce bubbling if the dish went in cold. Serve with peas.', 'https://www.themealdb.com/images/media/meals/pvfkz61761595976.jpg', 3, 'https://www.bbcgoodfood.com/recipes/crispy-topped-cumberland-pie', 'www.bbcgoodfood.com');
INSERT INTO ingredients (id, recipe_id, name, quantity, unit) VALUES ('7d331176-6419-4d57-a446-d8f5e73eb8c3', '4cde8fc1-3240-451a-9c36-d7b04443d97a', 'Celery', 2, 'unit');
INSERT INTO ingredients (id, recipe_id, name, quantity, unit) VALUES ('fc39324b-e2be-45a2-854a-a93a29f41f80', '4cde8fc1-3240-451a-9c36-d7b04443d97a', 'Onion', 1, 'chopped');
INSERT INTO ingredients (id, recipe_id, name, quantity, unit) VALUES ('8046b94c-d9a6-4f06-8362-f46fd2851397', '4cde8fc1-3240-451a-9c36-d7b04443d97a', 'Carrots', 2, 'large');
INSERT INTO ingredients (id, recipe_id, name, quantity, unit) VALUES ('c6d12ec2-c02b-4761-bf3e-05665a2b6fd6', '4cde8fc1-3240-451a-9c36-d7b04443d97a', 'Bay Leaves', 5, 'unit');
INSERT INTO ingredients (id, recipe_id, name, quantity, unit) VALUES ('083a0db2-5b2b-492d-89e9-6a5d33a6768c', '4cde8fc1-3240-451a-9c36-d7b04443d97a', 'Thyme', 3, 'unit');
INSERT INTO ingredients (id, recipe_id, name, quantity, unit) VALUES ('891507fb-9853-482f-b7d4-c7693a0b7808', '4cde8fc1-3240-451a-9c36-d7b04443d97a', 'Vegetable Oil', 2, 'tblsp');
INSERT INTO ingredients (id, recipe_id, name, quantity, unit) VALUES ('699b6cc8-59ef-4b9f-bb70-68d1e82ebf87', '4cde8fc1-3240-451a-9c36-d7b04443d97a', 'Butter', 1, 'tablespoon');
INSERT INTO ingredients (id, recipe_id, name, quantity, unit) VALUES ('8e2b15c9-9022-4834-a0f9-d6fbe440f63d', '4cde8fc1-3240-451a-9c36-d7b04443d97a', 'Flour', 2, 'tablespoons');
INSERT INTO ingredients (id, recipe_id, name, quantity, unit) VALUES ('b5f9b647-bd38-4a53-9f17-9cac7bc56867', '4cde8fc1-3240-451a-9c36-d7b04443d97a', 'Tomato Puree', 2, 'tblsp');
INSERT INTO ingredients (id, recipe_id, name, quantity, unit) VALUES ('419086aa-2fb1-401c-a60b-7d155bc2777f', '4cde8fc1-3240-451a-9c36-d7b04443d97a', 'Worcestershire Sauce', 2, 'tablespoons');
INSERT INTO ingredients (id, recipe_id, name, quantity, unit) VALUES ('97c73ad4-beea-4ce8-abb7-589d2b13bf82', '4cde8fc1-3240-451a-9c36-d7b04443d97a', 'Beef Stock Cubes', 2, 'unit');
INSERT INTO ingredients (id, recipe_id, name, quantity, unit) VALUES ('a911bed8-f600-47b2-99d9-06712104115b', '4cde8fc1-3240-451a-9c36-d7b04443d97a', 'Feather blade beef', 800, 'g');
INSERT INTO ingredients (id, recipe_id, name, quantity, unit) VALUES ('6e52dad0-739e-4f1f-a4dd-dbdf982ed55a', '4cde8fc1-3240-451a-9c36-d7b04443d97a', 'Potatoes', 800, 'g');
INSERT INTO ingredients (id, recipe_id, name, quantity, unit) VALUES ('b22d4c8b-5188-4141-bcc3-5de97011eb71', '4cde8fc1-3240-451a-9c36-d7b04443d97a', 'Mature Cheddar', 25, 'g');
INSERT INTO ingredients (id, recipe_id, name, quantity, unit) VALUES ('d52d5281-abf2-450c-870a-8df49b506a85', '4cde8fc1-3240-451a-9c36-d7b04443d97a', 'Parmesan Cheese', 25, 'g');
INSERT INTO recipe_dietary_tags (recipe_id, tag_id) VALUES ('4cde8fc1-3240-451a-9c36-d7b04443d97a', 10);
INSERT INTO recipe_dietary_tags (recipe_id, tag_id) VALUES ('4cde8fc1-3240-451a-9c36-d7b04443d97a', 5);
INSERT INTO recipe_dietary_tags (recipe_id, tag_id) VALUES ('4cde8fc1-3240-451a-9c36-d7b04443d97a', 7);

INSERT INTO recipes (id, user_id, title, description, instructions, image_url, servings, source_url, source_name) VALUES ('6e828607-c363-4572-87ad-2660b5b2e314', 'admin-user-id', 'Thai rice noodle salad', 'Thai Vegetarian dish', 'step 1
Place the noodles and beansprouts in a heatproof bowl and cover with boiling water. Leave for 4 mins, or until the noodles are tender. Drain, then cool under cold running water and drain again. Return to the bowl.

step 2
Stir together the lime zest and juice, fish or soy sauce and sugar. Stir into the noodles with the red onion and lettuce.

step 3
To make with mince, heat a little oil in a non-stick frying pan and stir-fry 500g minced pork, a small knob of grated ginger and pinch cayenne pepper or chilli powder for 10 mins, until the mince is browned and cooked through. Mix into the noodles, divide between four bowls and serve warm.

step 4
To make with steak, make the rice noodle salad. Heat 1 tsp sunflower oil in a frying pan. Tip 2 tbsp sesame seeds onto a plate. Rub 1 tsp oil into 4 x 175g sirloin steaks and press into sesame seeds. Fry for 5 mins for medium rare, turning halfway. Leave to rest for 5 mins, then thinly slice. Toss 1 deseeded and shredded red chilli, and a handful mint leaves into noodles. Top with steak to serve.', 'https://www.themealdb.com/images/media/meals/6g3rso1763486069.jpg', 5, 'https://www.bbcgoodfood.com/recipes/thai-rice-noodle-salad', 'www.bbcgoodfood.com');
INSERT INTO ingredients (id, recipe_id, name, quantity, unit) VALUES ('76ff24c2-02f8-4b12-b8b7-08d77490f48d', '6e828607-c363-4572-87ad-2660b5b2e314', 'Vermicelli Rice Noodles', 0.5, 'bag');
INSERT INTO ingredients (id, recipe_id, name, quantity, unit) VALUES ('33783b91-16e0-4ea3-a209-fd3e0271378d', '6e828607-c363-4572-87ad-2660b5b2e314', 'Bean Sprouts', 200, 'g');
INSERT INTO ingredients (id, recipe_id, name, quantity, unit) VALUES ('59282ba5-0fe9-4e8b-8a7a-9921aac05ab0', '6e828607-c363-4572-87ad-2660b5b2e314', 'Lime', 1, 'Zest and juice of 2');
INSERT INTO ingredients (id, recipe_id, name, quantity, unit) VALUES ('9e8296c8-8d6c-4e81-b763-b8d67330663c', '6e828607-c363-4572-87ad-2660b5b2e314', 'Fish Sauce', 2, '-3 tbsp');
INSERT INTO ingredients (id, recipe_id, name, quantity, unit) VALUES ('01fb3621-fa1d-476f-a4af-1e0fac6f5b41', '6e828607-c363-4572-87ad-2660b5b2e314', 'Muscovado Sugar', 1, 'tsp');
INSERT INTO ingredients (id, recipe_id, name, quantity, unit) VALUES ('c1d0ea0d-b3af-427d-aa2c-ab6fb2b40d9b', '6e828607-c363-4572-87ad-2660b5b2e314', 'Red Onions', 1, 'sliced');
INSERT INTO ingredients (id, recipe_id, name, quantity, unit) VALUES ('f542bb1b-92c0-4b4a-82e7-89cb0e66a886', '6e828607-c363-4572-87ad-2660b5b2e314', 'Lettuce', 2, 'small');
INSERT INTO ingredients (id, recipe_id, name, quantity, unit) VALUES ('fc34a568-b517-4e75-91cd-c947c0c97525', '6e828607-c363-4572-87ad-2660b5b2e314', 'Minced Pork', 500, 'g');
INSERT INTO ingredients (id, recipe_id, name, quantity, unit) VALUES ('76c9e979-b0a6-4109-83a3-fb04d75b9457', '6e828607-c363-4572-87ad-2660b5b2e314', 'Ginger', 1, 'Knob');
INSERT INTO ingredients (id, recipe_id, name, quantity, unit) VALUES ('c9af32d9-7623-4c1a-a70d-775c9ade0537', '6e828607-c363-4572-87ad-2660b5b2e314', 'Cayenne Pepper', 1, 'Pinch');
INSERT INTO ingredients (id, recipe_id, name, quantity, unit) VALUES ('3d493acd-223a-4746-b409-41809ca27ff1', '6e828607-c363-4572-87ad-2660b5b2e314', 'Sunflower Oil', 1, 'tsp');
INSERT INTO ingredients (id, recipe_id, name, quantity, unit) VALUES ('457dc868-5330-4706-a244-7c99630d9897', '6e828607-c363-4572-87ad-2660b5b2e314', 'Sesame Seed', 2, 'tblsp');
INSERT INTO ingredients (id, recipe_id, name, quantity, unit) VALUES ('99c58222-f040-4216-8d3a-7066f611318b', '6e828607-c363-4572-87ad-2660b5b2e314', 'Oil', 1, 'tsp');
INSERT INTO ingredients (id, recipe_id, name, quantity, unit) VALUES ('4dff23bf-bcca-4ca6-8220-56a5f625e525', '6e828607-c363-4572-87ad-2660b5b2e314', 'Sirloin steak', 4, 'unit');
INSERT INTO ingredients (id, recipe_id, name, quantity, unit) VALUES ('4e62c445-adfc-4c8d-bcc2-9139b81cd22e', '6e828607-c363-4572-87ad-2660b5b2e314', 'Red Chilli', 1, 'sliced');
INSERT INTO recipe_dietary_tags (recipe_id, tag_id) VALUES ('6e828607-c363-4572-87ad-2660b5b2e314', 4);
INSERT INTO recipe_dietary_tags (recipe_id, tag_id) VALUES ('6e828607-c363-4572-87ad-2660b5b2e314', 8);
INSERT INTO recipe_dietary_tags (recipe_id, tag_id) VALUES ('6e828607-c363-4572-87ad-2660b5b2e314', 10);

INSERT INTO recipes (id, user_id, title, description, instructions, image_url, servings, source_url, source_name) VALUES ('335ef4f6-6edd-43de-9a18-f1edd321ef3c', 'admin-user-id', 'Eccles Cakes', 'British Dessert dish', 'To make the pastry, dice the butter and put it in the freezer to go really hard. Tip flour into the bowl of a food processor with half the butter and pulse to the texture of breadcrumbs. Pour in the lemon juice and 100ml iced water, and pulse to a dough. Tip in the rest of the butter and pulse a few times until the dough is heavily flecked with butter. It is important that you don’t overdo this as the flecks of butter are what makes the pastry flaky.
On a floured surface roll the pastry out to a neat rectangle about 20 x 30cm. Fold the two ends of the pastry into the middle (See picture 1), then fold in half (pic 2). Roll the pastry out again and refold the same way 3 more times resting the pastry for at least 15 mins each time between roll and fold, then leave to rest in the fridge for at least 30 mins before using.
To make the filling, melt the butter in a large saucepan. Take it off the heat and stir in all the other ingredients until completely mixed, then set aside.
To make the cakes, roll the pastry out until it’s just a little thicker than a £1 coin and cut out 8 rounds about 12cm across. Re-roll the trimming if needed. Place a good heaped tablespoon of mixture in the middle of each round, brush the edges of the rounds with water, then gather the pastry around the filling and squeeze it together (pic 3). Flip them over so the smooth top is upwards and pat them into a smooth round. Flatten each round with a rolling pin to an oval until the fruit just starts to poke through, then place on a baking tray. Cut 2 little slits in each Eccles cakes, brush generously with egg white and sprinkle with the sugar (pic 4).
Heat the oven to 220C/200C fan/gas 8. Bake the Eccles cakes for 15-20 mins until just past golden brown and sticky. Leave to cool on a rack and enjoy while still warm or cold with a cup of tea. If you prefer, Eccles cakes also go really well served with a wedge of hard, tangy British cheese such as Lancashire or cheddar.', 'https://www.themealdb.com/images/media/meals/wtqrqw1511639627.jpg', 2, 'https://www.bbcgoodfood.com/recipes/786659/eccles-cakes', 'www.bbcgoodfood.com');
INSERT INTO ingredients (id, recipe_id, name, quantity, unit) VALUES ('72d308a8-7a67-4d90-b43b-58e815257948', '335ef4f6-6edd-43de-9a18-f1edd321ef3c', 'Butter', 250, 'g');
INSERT INTO ingredients (id, recipe_id, name, quantity, unit) VALUES ('5d5a638c-77b9-4e5a-8191-250bafa40ce8', '335ef4f6-6edd-43de-9a18-f1edd321ef3c', 'Plain Flour', 350, 'g');
INSERT INTO ingredients (id, recipe_id, name, quantity, unit) VALUES ('4bc2b989-9d44-4f1c-9638-2b81483595ae', '335ef4f6-6edd-43de-9a18-f1edd321ef3c', 'Lemon', 1, 'Juice of 1/2');
INSERT INTO ingredients (id, recipe_id, name, quantity, unit) VALUES ('b1b49413-3e3a-4f9b-aab4-f8d7ed978b7e', '335ef4f6-6edd-43de-9a18-f1edd321ef3c', 'Butter', 25, 'g');
INSERT INTO ingredients (id, recipe_id, name, quantity, unit) VALUES ('30494de4-6d2a-4fa1-ac00-9dc0c3aa8802', '335ef4f6-6edd-43de-9a18-f1edd321ef3c', 'Currants', 200, 'g');
INSERT INTO ingredients (id, recipe_id, name, quantity, unit) VALUES ('7973fbac-7a3e-4c1c-bfe6-eb1652b22948', '335ef4f6-6edd-43de-9a18-f1edd321ef3c', 'Mixed Peel', 50, 'g');
INSERT INTO ingredients (id, recipe_id, name, quantity, unit) VALUES ('6dee9c47-ced6-4c75-8582-00605ea74298', '335ef4f6-6edd-43de-9a18-f1edd321ef3c', 'Muscovado Sugar', 100, 'g');
INSERT INTO ingredients (id, recipe_id, name, quantity, unit) VALUES ('5f010a7e-ea23-4449-902b-1cf6bfabfe78', '335ef4f6-6edd-43de-9a18-f1edd321ef3c', 'Cinnamon', 1, 'tsp');
INSERT INTO ingredients (id, recipe_id, name, quantity, unit) VALUES ('61f68ef0-8bce-4e79-8e22-366d9f5108a6', '335ef4f6-6edd-43de-9a18-f1edd321ef3c', 'Ginger', 1, 'tsp');
INSERT INTO ingredients (id, recipe_id, name, quantity, unit) VALUES ('fa23c90d-92aa-4026-b380-6c210f3b8ca7', '335ef4f6-6edd-43de-9a18-f1edd321ef3c', 'Allspice', 1, 'tsp');
INSERT INTO ingredients (id, recipe_id, name, quantity, unit) VALUES ('ce1a23ab-94c5-4b8e-9229-1638b7c1b1c6', '335ef4f6-6edd-43de-9a18-f1edd321ef3c', 'Lemon', 1, 'Zest of 1');
INSERT INTO ingredients (id, recipe_id, name, quantity, unit) VALUES ('9b075139-4539-46e6-9150-9246cc0c434a', '335ef4f6-6edd-43de-9a18-f1edd321ef3c', 'Eggs', 1, 'beaten');
INSERT INTO ingredients (id, recipe_id, name, quantity, unit) VALUES ('cb120e62-d970-4383-918b-030e89bd29c4', '335ef4f6-6edd-43de-9a18-f1edd321ef3c', 'Sugar', 1, 'spinkling');
INSERT INTO recipe_dietary_tags (recipe_id, tag_id) VALUES ('335ef4f6-6edd-43de-9a18-f1edd321ef3c', 9);
INSERT INTO recipe_dietary_tags (recipe_id, tag_id) VALUES ('335ef4f6-6edd-43de-9a18-f1edd321ef3c', 10);
INSERT INTO recipe_dietary_tags (recipe_id, tag_id) VALUES ('335ef4f6-6edd-43de-9a18-f1edd321ef3c', 3);

INSERT INTO recipes (id, user_id, title, description, instructions, image_url, servings, source_url, source_name) VALUES ('e20bea82-7461-4df9-bc09-979a40d169ce', 'admin-user-id', 'Cinnamon buns', 'Norwegian Dessert dish', 'In a small saucepan heat the butter, milk and salt until the butter is melted. Allow the mixture to cool until it is lukewarm.

In a large bowl, stir together the flours, yeast, cardamom and sugar until combined.

Make a well in the centre and crack in the eggs. Pour in the lukewarm milk mixture and stir everything together to form a sticky dough. You may have to use your hands as the dough becomes stiffer.

Oil the work surface with a teaspoon of olive oil. Turn the dough out onto the oiled surface and knead vigorously for 5–8 minutes, using a plastic scraper as needed to prise the dough from the work surface. Don’t be tempted to add flour, as this will make the buns dry and tough. Keep kneading until the dough is considerably less sticky, smoother and more elastic.

Shape into a ball, and put into a large, greased bowl. Cover the bowl with a clean tea towel and set aside in a warm place to prove for an hour, or until doubled in size.

Meanwhile, for the filling and topping, mix the softened butter in a bowl with half the sugar and 1 tablespoon cinnamon. Use a fork to mix the sugar and spice into the butter until it is completely combined.

Mix the remaining sugar and cinnamon in a separate bowl and set aside.

When the dough has risen, turn out onto a floured work surface and gently roll out into a 36x24cm/14x9½in rectangle. Spread the cinnamon-sugar-butter evenly over the dough with a table or palette knife.

With the longest edge closest to you, roll the dough up into a cylinder. Cut into 12 even slices.

Place each slice onto a flattened out paper cupcake case on a baking tray, or into a greased muffin tin. (Baking in a muffin tin will make your cinnamon buns taller and domed.)

Cover with a clean tea towel and set aside to prove again for 30–45 minutes, or until risen.

Preheat the oven to 200C/180C Fan/Gas 6.

Brush the tops of the buns with beaten egg and dust liberally with the cinnamon sugar. Bake for 12 minutes until the buns are dark golden-brown. Enjoy warm with a cup of coffee.', 'https://www.themealdb.com/images/media/meals/as88dq1762772486.jpg', 5, 'https://www.bbc.co.uk/food/recipes/cinnamon_buns_10634', 'www.bbc.co.uk');
INSERT INTO ingredients (id, recipe_id, name, quantity, unit) VALUES ('b7cfbade-b272-4cd2-a75c-719cbc872d8f', 'e20bea82-7461-4df9-bc09-979a40d169ce', 'Unsalted Butter', 100, 'g');
INSERT INTO ingredients (id, recipe_id, name, quantity, unit) VALUES ('ef3a69a5-f60e-4dc1-877c-1c9ffce7dd4e', 'e20bea82-7461-4df9-bc09-979a40d169ce', 'Milk', 200, 'ml');
INSERT INTO ingredients (id, recipe_id, name, quantity, unit) VALUES ('b9567f1c-0e23-4e68-afa8-f246c6f3563a', 'e20bea82-7461-4df9-bc09-979a40d169ce', 'Salt', 1, 'teaspoon');
INSERT INTO ingredients (id, recipe_id, name, quantity, unit) VALUES ('aaadcd7f-04da-4be6-8adf-8f0cbe570644', 'e20bea82-7461-4df9-bc09-979a40d169ce', 'Flour', 250, 'g');
INSERT INTO ingredients (id, recipe_id, name, quantity, unit) VALUES ('629867e8-4515-4eeb-8266-80830dd0b946', 'e20bea82-7461-4df9-bc09-979a40d169ce', 'Strong White Flour', 250, 'g');
INSERT INTO ingredients (id, recipe_id, name, quantity, unit) VALUES ('9aae2e35-7c5c-48a7-b857-12d564fa0103', 'e20bea82-7461-4df9-bc09-979a40d169ce', 'Fast action yeast', 1, '1/2 tsp');
INSERT INTO ingredients (id, recipe_id, name, quantity, unit) VALUES ('6e490190-7fc6-441b-a685-93c7ae6be82d', 'e20bea82-7461-4df9-bc09-979a40d169ce', 'Cardamom', 1, 'teaspoon');
INSERT INTO ingredients (id, recipe_id, name, quantity, unit) VALUES ('1557b7bc-6ae6-4fc2-8a4f-3aeed3f61467', 'e20bea82-7461-4df9-bc09-979a40d169ce', 'Caster Sugar', 1, 'tblsp');
INSERT INTO ingredients (id, recipe_id, name, quantity, unit) VALUES ('1794d33e-7073-4644-9913-d466abeb0456', 'e20bea82-7461-4df9-bc09-979a40d169ce', 'Egg', 2, 'unit');
INSERT INTO ingredients (id, recipe_id, name, quantity, unit) VALUES ('44d3045a-888b-4858-98de-4bfba2e0e1dd', 'e20bea82-7461-4df9-bc09-979a40d169ce', 'Olive Oil', 1, 'Dash');
INSERT INTO ingredients (id, recipe_id, name, quantity, unit) VALUES ('374d08ab-963c-4b67-9dd4-f6338aac7b78', 'e20bea82-7461-4df9-bc09-979a40d169ce', 'Unsalted Butter', 75, 'g');
INSERT INTO ingredients (id, recipe_id, name, quantity, unit) VALUES ('0cb77682-104e-486a-9b8d-ddd02d91d3ae', 'e20bea82-7461-4df9-bc09-979a40d169ce', 'Caster Sugar', 100, 'g');
INSERT INTO ingredients (id, recipe_id, name, quantity, unit) VALUES ('8b9ebbe3-0268-45f4-95e9-1d66f68f8155', 'e20bea82-7461-4df9-bc09-979a40d169ce', 'Cinnamon', 2, 'tbsp');
INSERT INTO ingredients (id, recipe_id, name, quantity, unit) VALUES ('8ded530d-eaec-4fc2-9378-e818f915365e', 'e20bea82-7461-4df9-bc09-979a40d169ce', 'Egg', 1, 'unit');
INSERT INTO recipe_dietary_tags (recipe_id, tag_id) VALUES ('e20bea82-7461-4df9-bc09-979a40d169ce', 9);
INSERT INTO recipe_dietary_tags (recipe_id, tag_id) VALUES ('e20bea82-7461-4df9-bc09-979a40d169ce', 10);
INSERT INTO recipe_dietary_tags (recipe_id, tag_id) VALUES ('e20bea82-7461-4df9-bc09-979a40d169ce', 3);

INSERT INTO recipes (id, user_id, title, description, instructions, image_url, servings, source_url, source_name) VALUES ('05c53d74-5c5d-4575-80a4-c674583eba03', 'admin-user-id', 'Beef Mandi', 'Indian Beef dish', '1. Wash the beef and cut into large pieces. Season lightly with salt and turmeric.
2. Heat ghee/oil in a large pot. Add sliced onions and sauté until light golden.
3. Add garlic, green chilies, and tomato; cook until softened.
4. Add the mandi spice mix: coriander, cumin, black pepper, cinnamon, cardamom, cloves, and bay leaves.
5. Add beef pieces and stir on medium heat until the meat is well coated with spices.
6. Pour in water or beef stock. Cover and simmer until beef is tender (about 1.5–2 hours depending on cut).
7. Remove beef carefully and set aside. Strain and measure the broth.
8. Add washed, soaked basmati rice to the broth (usually 1 cup rice = 1.5–2 cups liquid). Adjust seasoning and bring to a boil.
9. Lower heat, cover, and cook the rice until fluffy.
10. Place the beef pieces over the rice and steam on low heat for 10 minutes so flavors combine.
11. Optional: For smoky flavor, place a small hot charcoal on foil in the pot, add 1 tsp butter/oil, immediately cover for 5 minutes. Remove coal before serving.
12. Fluff rice and serve beef mandi with salad or chutney.
', 'https://www.themealdb.com/images/media/meals/1nalo51765188375.jpg', 3, 'https://www.themealdb.com', 'TheMealDB');
INSERT INTO ingredients (id, recipe_id, name, quantity, unit) VALUES ('2adc10ee-fd89-4f92-9020-8fef61637490', '05c53d74-5c5d-4575-80a4-c674583eba03', 'Basmati Rice', 1, 'kg');
INSERT INTO ingredients (id, recipe_id, name, quantity, unit) VALUES ('77a23c65-2f8e-44c2-b9a5-dddc6e7dd9b4', '05c53d74-5c5d-4575-80a4-c674583eba03', 'Beef Stock', 5, 'Cups');
INSERT INTO ingredients (id, recipe_id, name, quantity, unit) VALUES ('57212b4a-8329-435d-b3a1-229919185531', '05c53d74-5c5d-4575-80a4-c674583eba03', 'Onion', 2, 'medium');
INSERT INTO ingredients (id, recipe_id, name, quantity, unit) VALUES ('45f0ff82-c5a2-4e01-a0ad-56b440a84abd', '05c53d74-5c5d-4575-80a4-c674583eba03', 'Garlic', 5, 'chopped cloves');
INSERT INTO ingredients (id, recipe_id, name, quantity, unit) VALUES ('4b4cdf12-2590-4c46-9bb9-8c415516e6f7', '05c53d74-5c5d-4575-80a4-c674583eba03', 'Green Chilli', 2, 'unit');
INSERT INTO ingredients (id, recipe_id, name, quantity, unit) VALUES ('4a3ec15a-d54c-45f0-8561-22373dff2d86', '05c53d74-5c5d-4575-80a4-c674583eba03', 'Tomato', 1, 'small');
INSERT INTO ingredients (id, recipe_id, name, quantity, unit) VALUES ('bc930eff-23b5-4a88-aa2a-0c6e9b34e380', '05c53d74-5c5d-4575-80a4-c674583eba03', 'Salt', 2, '1/2 Tsp');
INSERT INTO ingredients (id, recipe_id, name, quantity, unit) VALUES ('cf331621-c7bf-49a4-a9c9-24f21b6c9f5a', '05c53d74-5c5d-4575-80a4-c674583eba03', 'Oil', 3, 'tablespoons');
INSERT INTO ingredients (id, recipe_id, name, quantity, unit) VALUES ('942b30a9-d43c-404e-a38c-e78282274270', '05c53d74-5c5d-4575-80a4-c674583eba03', 'Turmeric Powder', 1, '½ tsp');
INSERT INTO ingredients (id, recipe_id, name, quantity, unit) VALUES ('9e78d1db-377d-40a8-a6b8-85d7df7000dd', '05c53d74-5c5d-4575-80a4-c674583eba03', 'Cardamom', 0.5, 'tsp');
INSERT INTO ingredients (id, recipe_id, name, quantity, unit) VALUES ('e30e5326-3f0b-4fff-bb9d-4b8bf57d026a', '05c53d74-5c5d-4575-80a4-c674583eba03', 'Cloves', 0.5, 'tsp');
INSERT INTO ingredients (id, recipe_id, name, quantity, unit) VALUES ('f3953c1e-579c-4901-bc7c-18c80c333fcf', '05c53d74-5c5d-4575-80a4-c674583eba03', 'Bay Leaf', 0.5, 'tsp');
INSERT INTO recipe_dietary_tags (recipe_id, tag_id) VALUES ('05c53d74-5c5d-4575-80a4-c674583eba03', 4);
INSERT INTO recipe_dietary_tags (recipe_id, tag_id) VALUES ('05c53d74-5c5d-4575-80a4-c674583eba03', 10);
INSERT INTO recipe_dietary_tags (recipe_id, tag_id) VALUES ('05c53d74-5c5d-4575-80a4-c674583eba03', 7);

INSERT INTO recipes (id, user_id, title, description, instructions, image_url, servings, source_url, source_name) VALUES ('45ea98f6-1dab-4a8b-97a9-2d2074f0f98a', 'admin-user-id', 'Drunken noodles (pad kee mao)', 'Thai Beef dish', 'step 1
Prepare the noodles following pack instructions, then drain and set aside. Combine all the ingredients for the sauce in a small bowl or jug, and set aside.

step 2
Heat the oil in a large wok or frying pan over a high heat and stir-fry the garlic and chilli for 20 seconds until just starting to turn golden. Add the steak and stir-fry for 1 minute until seared and starting to brown. Add the broccoli and stir-fry for another minute, then tip in the noodles and add the sauce. Stir-fry for another 1-2 mins until well combined and piping hot.

step 3
Stir through the basil and turn off the heat. Serve immediately to avoid overcooking.', 'https://www.themealdb.com/images/media/meals/2wx8cm1763373419.jpg', 2, 'https://www.bbcgoodfood.com/recipes/drunken-noodles-pad-kee-mao', 'www.bbcgoodfood.com');
INSERT INTO ingredients (id, recipe_id, name, quantity, unit) VALUES ('eb6f3148-da3e-4b5d-ad0a-4362ce9798a2', '45ea98f6-1dab-4a8b-97a9-2d2074f0f98a', 'Flat Rice Noodles', 200, 'g');
INSERT INTO ingredients (id, recipe_id, name, quantity, unit) VALUES ('daca2378-e0ee-4fbc-96cd-a7caabf3a972', '45ea98f6-1dab-4a8b-97a9-2d2074f0f98a', 'Vegetable Oil', 2, 'tblsp');
INSERT INTO ingredients (id, recipe_id, name, quantity, unit) VALUES ('6f439d7b-8f50-431c-92e0-f222ecb48cb3', '45ea98f6-1dab-4a8b-97a9-2d2074f0f98a', 'Garlic', 3, 'cloves Chopped');
INSERT INTO ingredients (id, recipe_id, name, quantity, unit) VALUES ('18e22a6d-45da-440d-b61d-4259087667ac', '45ea98f6-1dab-4a8b-97a9-2d2074f0f98a', 'Birds-eye Chillies', 3, 'chopped');
INSERT INTO ingredients (id, recipe_id, name, quantity, unit) VALUES ('10272dc4-ce45-49e0-815c-ecd361523f20', '45ea98f6-1dab-4a8b-97a9-2d2074f0f98a', 'Sirloin steak', 225, 'g');
INSERT INTO ingredients (id, recipe_id, name, quantity, unit) VALUES ('57ed0317-6235-4cb8-8104-373d24ecf9a0', '45ea98f6-1dab-4a8b-97a9-2d2074f0f98a', 'Broccoli', 100, 'g');
INSERT INTO ingredients (id, recipe_id, name, quantity, unit) VALUES ('cbdd91a6-4ba8-42c4-9b4f-45c7feca75ff', '45ea98f6-1dab-4a8b-97a9-2d2074f0f98a', 'Basil Leaves', 1, 'Handful');
INSERT INTO ingredients (id, recipe_id, name, quantity, unit) VALUES ('e32ff587-5f8d-4b47-98b9-edb9da70d061', '45ea98f6-1dab-4a8b-97a9-2d2074f0f98a', 'Soy Sauce', 4, 'tbsp');
INSERT INTO ingredients (id, recipe_id, name, quantity, unit) VALUES ('b26b620f-55c8-4b23-804d-785cd4fc307a', '45ea98f6-1dab-4a8b-97a9-2d2074f0f98a', 'Oyster Sauce', 4, 'tbsp');
INSERT INTO ingredients (id, recipe_id, name, quantity, unit) VALUES ('f999f469-e54c-4529-b518-fd50e287612f', '45ea98f6-1dab-4a8b-97a9-2d2074f0f98a', 'Fish Sauce', 1, 'teaspoon');
INSERT INTO ingredients (id, recipe_id, name, quantity, unit) VALUES ('2778c25f-beb5-42b1-b9b4-9459f5ee8106', '45ea98f6-1dab-4a8b-97a9-2d2074f0f98a', 'Sugar', 1, 'tblsp');
INSERT INTO recipe_dietary_tags (recipe_id, tag_id) VALUES ('45ea98f6-1dab-4a8b-97a9-2d2074f0f98a', 4);
INSERT INTO recipe_dietary_tags (recipe_id, tag_id) VALUES ('45ea98f6-1dab-4a8b-97a9-2d2074f0f98a', 8);
INSERT INTO recipe_dietary_tags (recipe_id, tag_id) VALUES ('45ea98f6-1dab-4a8b-97a9-2d2074f0f98a', 10);

INSERT INTO recipes (id, user_id, title, description, instructions, image_url, servings, source_url, source_name) VALUES ('0b5e8ea7-f613-4e5f-9705-f751ff9f864b', 'admin-user-id', 'Sticky Toffee Pudding Ultimate', 'British Dessert dish', 'Stone and chop the dates quite small, put them in a bowl, then pour the boiling water over. Leave for about 30 mins until cool and well-soaked, then mash a bit with a fork. Stir in the vanilla extract. Butter and flour seven mini pudding tins (each about 200ml/7fl oz) and sit them on a baking sheet. Heat oven to 180C/fan 160C/gas 4.
While the dates are soaking, make the puddings. Mix the flour and bicarbonate of soda together and beat the eggs in a separate bowl. Beat the butter and sugar together in a large bowl for a few mins until slightly creamy (the mixture will be grainy from the sugar). Add the eggs a little at a time, beating well between additions. Beat in the black treacle then, using a large metal spoon, gently fold in one-third of the flour, then half the milk, being careful not to overbeat. Repeat until all the flour and milk is used. Stir the soaked dates into the pudding batter. The mix may look a little curdled at this point and will be like a soft, thick batter. Spoon it evenly between the tins and bake for 20-25 mins, until risen and firm.
Meanwhile, put the sugar and butter for the sauce in a medium saucepan with half the cream. Bring to the boil over a medium heat, stirring all the time, until the sugar has completely dissolved. Stir in the black treacle, turn up the heat slightly and let the mixture bubble away for 2-3 mins until it is a rich toffee colour, stirring occasionally to make sure it doesn’t burn. Take the pan off the heat and beat in the rest of the cream.
Remove the puddings from the oven. Leave in the tins for a few mins, then loosen them well from the sides of the tins with a small palette knife before turning them out. You can serve them now with the sauce drizzled over, but they’ll be even stickier if left for a day or two coated in the sauce. To do this, pour about half the sauce into one or two ovenproof serving dishes. Sit the upturned puddings on the sauce, then pour the rest of the sauce over them. Cover with a loose tent of foil so that the sauce doesn’t smudge (no need to chill).
When ready to serve, heat oven to 180C/fan 160C/gas 4. Warm the puddings through, still covered, for 15-20 mins or until the sauce is bubbling. Serve them on their own, or with cream or custard.', 'https://www.themealdb.com/images/media/meals/xrptpq1483909204.jpg', 4, 'https://www.youtube.com/watch?v=Wytv3bjqJII', 'www.youtube.com');
INSERT INTO ingredients (id, recipe_id, name, quantity, unit) VALUES ('9af4dcde-df3b-417d-8b3b-39a4d9aa768e', '0b5e8ea7-f613-4e5f-9705-f751ff9f864b', 'Medjool dates', 225, 'g');
INSERT INTO ingredients (id, recipe_id, name, quantity, unit) VALUES ('284c0e79-d795-4e83-a027-ca76e1722171', '0b5e8ea7-f613-4e5f-9705-f751ff9f864b', 'water', 175, 'ml Boiling');
INSERT INTO ingredients (id, recipe_id, name, quantity, unit) VALUES ('595f8da7-6dbc-4f80-aa81-8adc262b7643', '0b5e8ea7-f613-4e5f-9705-f751ff9f864b', 'vanilla extract', 1, 'tsp');
INSERT INTO ingredients (id, recipe_id, name, quantity, unit) VALUES ('efd86289-3d37-48c6-b172-8526d6cf6f82', '0b5e8ea7-f613-4e5f-9705-f751ff9f864b', 'self-raising flour', 175, 'g');
INSERT INTO ingredients (id, recipe_id, name, quantity, unit) VALUES ('ef35edb0-c0c8-4b94-8c66-9aaaf6b2775d', '0b5e8ea7-f613-4e5f-9705-f751ff9f864b', 'bicarbonate of soda', 1, 'tsp');
INSERT INTO ingredients (id, recipe_id, name, quantity, unit) VALUES ('bee3fbcd-0019-46f8-87ae-65ac0abc9e46', '0b5e8ea7-f613-4e5f-9705-f751ff9f864b', 'eggs', 2, 'unit');
INSERT INTO ingredients (id, recipe_id, name, quantity, unit) VALUES ('7661b40b-50c4-4c85-a996-b6779b51e51c', '0b5e8ea7-f613-4e5f-9705-f751ff9f864b', 'butter', 85, 'g');
INSERT INTO ingredients (id, recipe_id, name, quantity, unit) VALUES ('a9a21852-ad4c-4743-8be8-74aa47c851ab', '0b5e8ea7-f613-4e5f-9705-f751ff9f864b', 'demerara sugar', 140, 'g');
INSERT INTO ingredients (id, recipe_id, name, quantity, unit) VALUES ('b53479d8-6528-472d-811c-3dedd24d5606', '0b5e8ea7-f613-4e5f-9705-f751ff9f864b', 'black treacle', 2, 'tbsp');
INSERT INTO ingredients (id, recipe_id, name, quantity, unit) VALUES ('06e1148e-6bb3-4631-9a4f-27112c4726df', '0b5e8ea7-f613-4e5f-9705-f751ff9f864b', 'milk', 100, 'ml');
INSERT INTO ingredients (id, recipe_id, name, quantity, unit) VALUES ('9e192d60-a8bb-4934-b893-d8a191ec140e', '0b5e8ea7-f613-4e5f-9705-f751ff9f864b', 'ice cream', 1, 'scoop');
INSERT INTO ingredients (id, recipe_id, name, quantity, unit) VALUES ('2879afa9-ff3c-4556-91a3-f9cdfd1a125f', '0b5e8ea7-f613-4e5f-9705-f751ff9f864b', 'muscovado sugar', 175, 'g');
INSERT INTO ingredients (id, recipe_id, name, quantity, unit) VALUES ('a685d233-b9e8-4e48-b9c9-ffdc6ae43161', '0b5e8ea7-f613-4e5f-9705-f751ff9f864b', 'butter', 50, 'g');
INSERT INTO ingredients (id, recipe_id, name, quantity, unit) VALUES ('cd189339-5ab6-4b67-9cc1-3a1aadaf8b36', '0b5e8ea7-f613-4e5f-9705-f751ff9f864b', 'double cream', 225, 'ml');
INSERT INTO ingredients (id, recipe_id, name, quantity, unit) VALUES ('cabfb470-370e-40a0-b1cc-6bc906606428', '0b5e8ea7-f613-4e5f-9705-f751ff9f864b', 'black treacle', 1, 'tbsp');
INSERT INTO recipe_dietary_tags (recipe_id, tag_id) VALUES ('0b5e8ea7-f613-4e5f-9705-f751ff9f864b', 9);
INSERT INTO recipe_dietary_tags (recipe_id, tag_id) VALUES ('0b5e8ea7-f613-4e5f-9705-f751ff9f864b', 10);

INSERT INTO recipes (id, user_id, title, description, instructions, image_url, servings, source_url, source_name) VALUES ('ec970a96-e42a-414f-af5a-06c828c4932b', 'admin-user-id', 'Chicken Enchilada Casserole', 'Mexican Chicken dish', 'Cut each chicken breast in about 3 pieces, so that it cooks faster and put it in a small pot. Pour Enchilada sauce over it and cook covered on low to medium heat until chicken is cooked through, about 20 minutes. No water is needed, the chicken will cook in the Enchilada sauce. Make sure you stir occasionally so that it doesn''t stick to the bottom.
Remove chicken from the pot and shred with two forks.
Preheat oven to 375 F degrees.
Start layering the casserole. Start with about ¼ cup of the leftover Enchilada sauce over the bottom of a baking dish. I used a longer baking dish, so that I can put 2 corn tortillas across. Place 2 tortillas on the bottom, top with ⅓ of the chicken and ⅓ of the remaining sauce. Sprinkle with ⅓ of the cheese and repeat starting with 2 more tortillas, then chicken, sauce, cheese. Repeat with last layer with the remaining ingredients, tortillas, chicken, sauce and cheese.
Bake for 20 to 30 minutes uncovered, until bubbly and cheese has melted and started to brown on top.
Serve warm.', 'https://www.themealdb.com/images/media/meals/qtuwxu1468233098.jpg', 3, 'https://www.youtube.com/watch?v=EtVkwVKLc_M', 'TheMealDB');
INSERT INTO ingredients (id, recipe_id, name, quantity, unit) VALUES ('58b09a23-ec80-4904-9817-1ddfc7c97751', 'ec970a96-e42a-414f-af5a-06c828c4932b', 'Enchilada sauce', 14, 'oz jar');
INSERT INTO ingredients (id, recipe_id, name, quantity, unit) VALUES ('e8beb4b5-c5a4-4033-a2ff-fcb01faf7667', 'ec970a96-e42a-414f-af5a-06c828c4932b', 'shredded Monterey Jack cheese', 3, 'Cups');
INSERT INTO ingredients (id, recipe_id, name, quantity, unit) VALUES ('c4117eed-fd7b-4aba-9138-56988cb76ae9', 'ec970a96-e42a-414f-af5a-06c828c4932b', 'corn tortillas', 6, 'unit');
INSERT INTO ingredients (id, recipe_id, name, quantity, unit) VALUES ('1603b6b6-0d1c-4f85-8a56-ece7872696b2', 'ec970a96-e42a-414f-af5a-06c828c4932b', 'chicken breasts', 2, 'unit');
INSERT INTO recipe_dietary_tags (recipe_id, tag_id) VALUES ('ec970a96-e42a-414f-af5a-06c828c4932b', 4);
INSERT INTO recipe_dietary_tags (recipe_id, tag_id) VALUES ('ec970a96-e42a-414f-af5a-06c828c4932b', 10);
INSERT INTO recipe_dietary_tags (recipe_id, tag_id) VALUES ('ec970a96-e42a-414f-af5a-06c828c4932b', 5);

INSERT INTO recipes (id, user_id, title, description, instructions, image_url, servings, source_url, source_name) VALUES ('ccc1ad22-5b27-4fc1-9203-9b0a42bdb8bd', 'admin-user-id', 'Corned Beef and Cabbage – Jamaican Style', 'Jamaican Beef dish', 'Heat olive oil in a skillet or Dutch pot over medium-high heat. Add onion and green pepper and sauté for about 3-5 minutes.
Add garlic and stir for about 1 minute.
Add shredded cabbage and stir. Cook for about about 3-5 minutes, stirring often until softened.
Add corned beef, Roma tomatoes, and thyme and stir. Add ketchup and scotch bonnet pepper sauce and stir. Reduce heat and cook on medium for about 3-5 minutes, until the corned beef is heated through. Remove from heat.
Serve with white rice, bread, or on its own.', 'https://www.themealdb.com/images/media/meals/kdz63q1764793442.jpg', 5, 'https://www.myforkinglife.com/corned-beef-and-cabbage-jamaican-style/#recipe', 'www.myforkinglife.com');
INSERT INTO ingredients (id, recipe_id, name, quantity, unit) VALUES ('8723aa2d-7a6f-4bae-88ff-00d1f21bfe22', 'ccc1ad22-5b27-4fc1-9203-9b0a42bdb8bd', 'Olive Oil', 1, 'tablespoon');
INSERT INTO ingredients (id, recipe_id, name, quantity, unit) VALUES ('b64ebd0c-6e57-4291-b411-88e53c95ebe7', 'ccc1ad22-5b27-4fc1-9203-9b0a42bdb8bd', 'Cabbage', 0.5, 'unit');
INSERT INTO ingredients (id, recipe_id, name, quantity, unit) VALUES ('d20e8817-35d0-4400-a479-fbe32772bed8', 'ccc1ad22-5b27-4fc1-9203-9b0a42bdb8bd', 'Green Pepper', 1, 'chopped');
INSERT INTO ingredients (id, recipe_id, name, quantity, unit) VALUES ('80cf6866-de90-4d8c-91ec-dbb8cbca3cbb', 'ccc1ad22-5b27-4fc1-9203-9b0a42bdb8bd', 'Onion', 1, 'chopped');
INSERT INTO ingredients (id, recipe_id, name, quantity, unit) VALUES ('07f14b06-95c1-47e6-bc07-d8113fc2fe79', 'ccc1ad22-5b27-4fc1-9203-9b0a42bdb8bd', 'Garlic', 2, 'cloves minced');
INSERT INTO ingredients (id, recipe_id, name, quantity, unit) VALUES ('ecc00c9d-a72d-4655-a020-03cc13977f31', 'ccc1ad22-5b27-4fc1-9203-9b0a42bdb8bd', 'Corned Beef', 12, 'ounces');
INSERT INTO ingredients (id, recipe_id, name, quantity, unit) VALUES ('b4287232-1efd-4b7a-9bcd-aa8a5f70c4d9', 'ccc1ad22-5b27-4fc1-9203-9b0a42bdb8bd', 'Plum Tomatoes', 2, 'chopped');
INSERT INTO ingredients (id, recipe_id, name, quantity, unit) VALUES ('57a1e673-866d-4e12-9c0d-59520367b90e', 'ccc1ad22-5b27-4fc1-9203-9b0a42bdb8bd', 'Thyme', 2, 'sprigs');
INSERT INTO ingredients (id, recipe_id, name, quantity, unit) VALUES ('c0c8c54b-06a2-4356-81a4-df05338b18ab', 'ccc1ad22-5b27-4fc1-9203-9b0a42bdb8bd', 'Tomato Ketchup', 1, 'tablespoon');
INSERT INTO ingredients (id, recipe_id, name, quantity, unit) VALUES ('139fc566-b58e-4e3f-9bc9-56ecb32e658c', 'ccc1ad22-5b27-4fc1-9203-9b0a42bdb8bd', 'Salt', 1, 'To taste');
INSERT INTO ingredients (id, recipe_id, name, quantity, unit) VALUES ('0e29e95e-efa1-425d-b4e3-b8272a815164', 'ccc1ad22-5b27-4fc1-9203-9b0a42bdb8bd', 'Pepper', 1, 'To taste');
INSERT INTO recipe_dietary_tags (recipe_id, tag_id) VALUES ('ccc1ad22-5b27-4fc1-9203-9b0a42bdb8bd', 8);
INSERT INTO recipe_dietary_tags (recipe_id, tag_id) VALUES ('ccc1ad22-5b27-4fc1-9203-9b0a42bdb8bd', 10);
INSERT INTO recipe_dietary_tags (recipe_id, tag_id) VALUES ('ccc1ad22-5b27-4fc1-9203-9b0a42bdb8bd', 7);

INSERT INTO recipes (id, user_id, title, description, instructions, image_url, servings, source_url, source_name) VALUES ('d92fbca3-4d3b-4c55-8c82-8c44cd92f449', 'admin-user-id', 'Algerian Kefta (Meatballs)', 'Algerian Beef dish', 'Combine ground beef with 1/2 of the minced garlic and 1 tablespoon chopped onion in a large bowl. Mix with your hands until fully incorporated. Shape meat mixture into 1 1/2-inch oblong patties; you should have 12 to 14 meatballs.

Heat a large skillet over medium-high heat. Brown patties in batches in the hot skillet until crispy on both sides and no longer pink in the center, about 10 minutes. Set meatballs aside in a rimmed serving dish.

Reduce heat to medium and stir remaining chopped onion into drippings in the skillet. Season with salt and pepper. Cook, stirring constantly, until onion has softened and turned translucent, about 5 minutes. Stir in remaining garlic and cook for 30 seconds. Stir in Roma tomatoes, dried parsley, and ras el hanout. Pour in water. Cook until tomatoes are soft, about 5 minutes.

Pour tomato sauce over meatballs to serve.', 'https://www.themealdb.com/images/media/meals/8rfd4q1764112993.jpg', 3, 'https://www.allrecipes.com/recipe/153790/algerian-kefta-meatballs/', 'www.allrecipes.com');
INSERT INTO ingredients (id, recipe_id, name, quantity, unit) VALUES ('93f506b8-7268-4a40-8a83-17eb9aefbc0c', 'd92fbca3-4d3b-4c55-8c82-8c44cd92f449', 'Ground Beef', 1, 'lb');
INSERT INTO ingredients (id, recipe_id, name, quantity, unit) VALUES ('87626630-2786-4730-97fa-b617cd502964', 'd92fbca3-4d3b-4c55-8c82-8c44cd92f449', 'Garlic', 4, 'Cloves Crushed');
INSERT INTO ingredients (id, recipe_id, name, quantity, unit) VALUES ('977009aa-a783-48d6-95f7-52d73c6a2afe', 'd92fbca3-4d3b-4c55-8c82-8c44cd92f449', 'Onion', 0.5, 'cup');
INSERT INTO ingredients (id, recipe_id, name, quantity, unit) VALUES ('ad0da64e-c188-40e2-9383-172bdbeb42b5', 'd92fbca3-4d3b-4c55-8c82-8c44cd92f449', 'Salt', 1, 'To taste');
INSERT INTO ingredients (id, recipe_id, name, quantity, unit) VALUES ('bbb47e46-b571-43f8-9c79-d6a43be335aa', 'd92fbca3-4d3b-4c55-8c82-8c44cd92f449', 'Pepper', 1, 'To taste');
INSERT INTO ingredients (id, recipe_id, name, quantity, unit) VALUES ('432b0c85-b8cb-4ae1-8331-dfbc7b37d3ef', 'd92fbca3-4d3b-4c55-8c82-8c44cd92f449', 'Plum Tomatoes', 3, 'unit');
INSERT INTO ingredients (id, recipe_id, name, quantity, unit) VALUES ('ffb6d467-3a79-48b3-9595-36f616f30953', 'd92fbca3-4d3b-4c55-8c82-8c44cd92f449', 'Parsley', 1, 'tsp');
INSERT INTO ingredients (id, recipe_id, name, quantity, unit) VALUES ('db44efec-9edd-4538-a952-e8ee409c9149', 'd92fbca3-4d3b-4c55-8c82-8c44cd92f449', 'Water', 0.5, 'cup');
INSERT INTO recipe_dietary_tags (recipe_id, tag_id) VALUES ('d92fbca3-4d3b-4c55-8c82-8c44cd92f449', 4);
INSERT INTO recipe_dietary_tags (recipe_id, tag_id) VALUES ('d92fbca3-4d3b-4c55-8c82-8c44cd92f449', 8);
INSERT INTO recipe_dietary_tags (recipe_id, tag_id) VALUES ('d92fbca3-4d3b-4c55-8c82-8c44cd92f449', 1);

