-- Seed file for 500 recipes
INSERT OR IGNORE INTO users (id, email, password_hash, role) VALUES ('admin-user-id', 'admin@mealsxu.com', 'hashed_password', 'admin');

INSERT INTO recipes (id, user_id, title, description, instructions, image_url, servings, source_url, source_name, is_archived, views, cart_adds) VALUES ('b89085c6-c184-4099-bee3-ac0785b59c47', 'admin-user-id', 'Tater Tot Hotdish', 'A delicious Tater Tot Hotdish recipe. This Midwest-friendly dish is a family favorite and easy to make with common ingredients.', '1. Preheat oven to 375°F (190°C) if baking.
2. Prepare the Hotdish and other main ingredients.
3. In a large bowl, combine with seasonings.
4. Cook according to source instructions until internal temperature is safe.
5. Let rest for 5 minutes before serving.', 'https://images.unsplash.com/photo-1546062477-fe2f66230ba3?auto=format&fit=crop&w=800&q=60', 2, 'https://www.tasteofhome.com/recipe/tater-tot-hotdish', 'Taste of Home', 0, 638, 60);
INSERT INTO ingredients (id, recipe_id, name, quantity, unit) VALUES ('9cf12428-c53d-4143-8c55-369819172739', 'b89085c6-c184-4099-bee3-ac0785b59c47', 'Olive Oil', 1.3, 'tbsp');
INSERT INTO ingredients (id, recipe_id, name, quantity, unit) VALUES ('1e19abb4-0d64-42ee-9f62-cc91b175e8fd', 'b89085c6-c184-4099-bee3-ac0785b59c47', 'Heavy Cream', 1.0, 'cup');
INSERT INTO ingredients (id, recipe_id, name, quantity, unit) VALUES ('456bf26c-e3bd-45b0-a2d7-de3ed2c25da8', 'b89085c6-c184-4099-bee3-ac0785b59c47', 'Chicken Breast', 1.5, 'lb');
INSERT INTO ingredients (id, recipe_id, name, quantity, unit) VALUES ('64b8e6c5-af19-4297-9b42-5f9759d14e9c', 'b89085c6-c184-4099-bee3-ac0785b59c47', 'Celery', 3.5, 'cup');
INSERT INTO ingredients (id, recipe_id, name, quantity, unit) VALUES ('7ab728d3-75de-4777-9a2f-9aa54c0366ba', 'b89085c6-c184-4099-bee3-ac0785b59c47', 'Frozen Peas', 0.8, 'cup');
INSERT INTO ingredients (id, recipe_id, name, quantity, unit) VALUES ('67cb793f-57a1-446a-914b-c47527ae878f', 'b89085c6-c184-4099-bee3-ac0785b59c47', 'Milk', 1.9, 'cup');
INSERT INTO recipe_dietary_tags (recipe_id, tag_id) VALUES ('b89085c6-c184-4099-bee3-ac0785b59c47', 5);
INSERT INTO recipe_dietary_tags (recipe_id, tag_id) VALUES ('b89085c6-c184-4099-bee3-ac0785b59c47', 7);

INSERT INTO recipes (id, user_id, title, description, instructions, image_url, servings, source_url, source_name, is_archived, views, cart_adds) VALUES ('1b279b47-f87a-45fd-b30e-c8f1a6826fca', 'admin-user-id', 'Beef Stroganoff', 'A delicious Beef Stroganoff recipe. This Midwest-friendly dish is a family favorite and easy to make with common ingredients.', '1. Preheat oven to 375°F (190°C) if baking.
2. Prepare the Stroganoff and other main ingredients.
3. In a large bowl, combine with seasonings.
4. Cook according to source instructions until internal temperature is safe.
5. Let rest for 5 minutes before serving.', 'https://images.unsplash.com/photo-1504674900247-0877df9cc836?auto=format&fit=crop&w=800&q=60', 5, 'https://www.epicurious.com/recipe/beef-stroganoff', 'Epicurious', 0, 46, 45);
INSERT INTO ingredients (id, recipe_id, name, quantity, unit) VALUES ('48e3d1e2-1cbb-45bc-ad69-7eccc1fab621', '1b279b47-f87a-45fd-b30e-c8f1a6826fca', 'Garlic', 2.1, 'clove');
INSERT INTO ingredients (id, recipe_id, name, quantity, unit) VALUES ('e848676a-19ef-4d4d-a15d-cd78702149ad', '1b279b47-f87a-45fd-b30e-c8f1a6826fca', 'Rice', 0.5, 'cup');
INSERT INTO ingredients (id, recipe_id, name, quantity, unit) VALUES ('15027a8f-a2f1-44b6-bdc9-10dc2f07fa0f', '1b279b47-f87a-45fd-b30e-c8f1a6826fca', 'Lemon Juice', 2.0, 'tbsp');
INSERT INTO ingredients (id, recipe_id, name, quantity, unit) VALUES ('35e7ff4a-7ea1-401a-8f88-bab77fab8ae5', '1b279b47-f87a-45fd-b30e-c8f1a6826fca', 'Potatoes', 1.3, 'lb');
INSERT INTO ingredients (id, recipe_id, name, quantity, unit) VALUES ('8b48404d-5914-4e37-9a59-a23de3f77fd6', '1b279b47-f87a-45fd-b30e-c8f1a6826fca', 'Black Pepper', 0.5, 'tsp');
INSERT INTO ingredients (id, recipe_id, name, quantity, unit) VALUES ('a7b78553-7f39-4349-858d-81e745646cd3', '1b279b47-f87a-45fd-b30e-c8f1a6826fca', 'Soy Sauce', 1.9, 'tbsp');
INSERT INTO recipe_dietary_tags (recipe_id, tag_id) VALUES ('1b279b47-f87a-45fd-b30e-c8f1a6826fca', 5);
INSERT INTO recipe_dietary_tags (recipe_id, tag_id) VALUES ('1b279b47-f87a-45fd-b30e-c8f1a6826fca', 8);

INSERT INTO recipes (id, user_id, title, description, instructions, image_url, servings, source_url, source_name, is_archived, views, cart_adds) VALUES ('785a9f4c-e82e-4a11-8937-1f228084d878', 'admin-user-id', 'Beer Cheese Soup', 'A delicious Beer Cheese Soup recipe. This Midwest-friendly dish is a family favorite and easy to make with common ingredients.', '1. Preheat oven to 375°F (190°C) if baking.
2. Prepare the Soup and other main ingredients.
3. In a large bowl, combine with seasonings.
4. Cook according to source instructions until internal temperature is safe.
5. Let rest for 5 minutes before serving.', 'https://images.unsplash.com/photo-1493770348161-369560ae357d?auto=format&fit=crop&w=800&q=60', 4, 'https://www.tasteofhome.com/recipe/beer-cheese-soup', 'Taste of Home', 0, 107, 53);
INSERT INTO ingredients (id, recipe_id, name, quantity, unit) VALUES ('033dd9ae-fe86-4045-9581-99fc3c77bf40', '785a9f4c-e82e-4a11-8937-1f228084d878', 'Lemon Juice', 2.8, 'tbsp');
INSERT INTO ingredients (id, recipe_id, name, quantity, unit) VALUES ('b0b1b6b4-2534-4aa2-9fa5-7ec3f7170c16', '785a9f4c-e82e-4a11-8937-1f228084d878', 'Tomato Sauce', 1.5, 'oz');
INSERT INTO ingredients (id, recipe_id, name, quantity, unit) VALUES ('13cb45b1-d1b0-435d-885d-6af2adf10890', '785a9f4c-e82e-4a11-8937-1f228084d878', 'Tater Tots', 1.9, 'oz');
INSERT INTO ingredients (id, recipe_id, name, quantity, unit) VALUES ('831b4e7f-37f2-401b-927f-1882153e1a17', '785a9f4c-e82e-4a11-8937-1f228084d878', 'Butter', 2.1, 'tbsp');
INSERT INTO ingredients (id, recipe_id, name, quantity, unit) VALUES ('812e351f-8f2e-49d7-82ed-eb6c9fcc62c2', '785a9f4c-e82e-4a11-8937-1f228084d878', 'Worcestershire Sauce', 3.1, 'tbsp');
INSERT INTO ingredients (id, recipe_id, name, quantity, unit) VALUES ('eaf5f16b-d337-415f-a213-973e43d61146', '785a9f4c-e82e-4a11-8937-1f228084d878', 'Breadcrumbs', 3.3, 'cup');
INSERT INTO recipe_dietary_tags (recipe_id, tag_id) VALUES ('785a9f4c-e82e-4a11-8937-1f228084d878', 5);

INSERT INTO recipes (id, user_id, title, description, instructions, image_url, servings, source_url, source_name, is_archived, views, cart_adds) VALUES ('6273e881-f55b-4132-a4e9-f2d57b8c7763', 'admin-user-id', 'Wild Rice Soup', 'A delicious Wild Rice Soup recipe. This Midwest-friendly dish is a family favorite and easy to make with common ingredients.', '1. Preheat oven to 375°F (190°C) if baking.
2. Prepare the Soup and other main ingredients.
3. In a large bowl, combine with seasonings.
4. Cook according to source instructions until internal temperature is safe.
5. Let rest for 5 minutes before serving.', 'https://images.unsplash.com/photo-1473093226795-af9932fe5856?auto=format&fit=crop&w=800&q=60', 4, 'https://www.tasteofhome.com/recipe/wild-rice-soup', 'Taste of Home', 0, 418, 13);
INSERT INTO ingredients (id, recipe_id, name, quantity, unit) VALUES ('33effb4f-8e22-4a3f-99fc-42cbaf550a62', '6273e881-f55b-4132-a4e9-f2d57b8c7763', 'Salt', 0.5, 'tsp');
INSERT INTO ingredients (id, recipe_id, name, quantity, unit) VALUES ('39b0b04e-bbe9-4289-a947-6708e86ddf92', '6273e881-f55b-4132-a4e9-f2d57b8c7763', 'Honey', 1.2, 'tbsp');
INSERT INTO ingredients (id, recipe_id, name, quantity, unit) VALUES ('be715ecb-96ba-4946-9f03-2305e27b121e', '6273e881-f55b-4132-a4e9-f2d57b8c7763', 'Tater Tots', 1.0, 'oz');
INSERT INTO ingredients (id, recipe_id, name, quantity, unit) VALUES ('2a0f29dd-8e39-4fec-a7bc-a1292907e38d', '6273e881-f55b-4132-a4e9-f2d57b8c7763', 'Potatoes', 1.8, 'lb');
INSERT INTO ingredients (id, recipe_id, name, quantity, unit) VALUES ('5f31843c-7ea5-4686-8ceb-21ba49f7c0bf', '6273e881-f55b-4132-a4e9-f2d57b8c7763', 'Carrots', 3.1, 'cup');
INSERT INTO ingredients (id, recipe_id, name, quantity, unit) VALUES ('97bdcbce-17b8-4f21-b73f-d4eeb538b739', '6273e881-f55b-4132-a4e9-f2d57b8c7763', 'Olive Oil', 2.4, 'tbsp');
INSERT INTO recipe_dietary_tags (recipe_id, tag_id) VALUES ('6273e881-f55b-4132-a4e9-f2d57b8c7763', 5);

INSERT INTO recipes (id, user_id, title, description, instructions, image_url, servings, source_url, source_name, is_archived, views, cart_adds) VALUES ('ad126346-3562-4a2c-a24c-df6ed98c27a0', 'admin-user-id', 'Chicken and Dumplings', 'A delicious Chicken and Dumplings recipe. This Midwest-friendly dish is a family favorite and easy to make with common ingredients.', '1. Preheat oven to 375°F (190°C) if baking.
2. Prepare the Dumplings and other main ingredients.
3. In a large bowl, combine with seasonings.
4. Cook according to source instructions until internal temperature is safe.
5. Let rest for 5 minutes before serving.', 'https://images.unsplash.com/photo-1512621776951-a57141f2eefd?auto=format&fit=crop&w=800&q=60', 7, 'https://www.epicurious.com/recipe/chicken-and-dumplings', 'Epicurious', 0, 380, 99);
INSERT INTO ingredients (id, recipe_id, name, quantity, unit) VALUES ('0449b84d-5365-4f7c-aa3d-d544dbfe11d8', 'ad126346-3562-4a2c-a24c-df6ed98c27a0', 'Soy Sauce', 2.7, 'tbsp');
INSERT INTO ingredients (id, recipe_id, name, quantity, unit) VALUES ('6498d897-2a58-4339-b43d-88f26d1e1267', 'ad126346-3562-4a2c-a24c-df6ed98c27a0', 'Frozen Peas', 1.3, 'cup');
INSERT INTO ingredients (id, recipe_id, name, quantity, unit) VALUES ('13ffa86f-4fa8-4168-a70b-67bb494b7568', 'ad126346-3562-4a2c-a24c-df6ed98c27a0', 'Dijon Mustard', 3.3, 'tsp');
INSERT INTO ingredients (id, recipe_id, name, quantity, unit) VALUES ('638c9c03-8550-4f38-a6f0-3f65dabe70ce', 'ad126346-3562-4a2c-a24c-df6ed98c27a0', 'Tater Tots', 3.2, 'oz');
INSERT INTO recipe_dietary_tags (recipe_id, tag_id) VALUES ('ad126346-3562-4a2c-a24c-df6ed98c27a0', 5);
INSERT INTO recipe_dietary_tags (recipe_id, tag_id) VALUES ('ad126346-3562-4a2c-a24c-df6ed98c27a0', 9);

INSERT INTO recipes (id, user_id, title, description, instructions, image_url, servings, source_url, source_name, is_archived, views, cart_adds) VALUES ('3cd2d222-7937-4390-b6af-6138152f7dce', 'admin-user-id', 'Beef Pot Roast', 'A delicious Beef Pot Roast recipe. This Midwest-friendly dish is a family favorite and easy to make with common ingredients.', '1. Preheat oven to 375°F (190°C) if baking.
2. Prepare the Roast and other main ingredients.
3. In a large bowl, combine with seasonings.
4. Cook according to source instructions until internal temperature is safe.
5. Let rest for 5 minutes before serving.', 'https://images.unsplash.com/photo-1482049016688-2d3e1b311543?auto=format&fit=crop&w=800&q=60', 3, 'https://www.tasteofhome.com/recipe/beef-pot-roast', 'Taste of Home', 0, 24, 68);
INSERT INTO ingredients (id, recipe_id, name, quantity, unit) VALUES ('1bcb4e7f-d4cf-4065-89cc-3ae7756e7185', '3cd2d222-7937-4390-b6af-6138152f7dce', 'Honey', 2.7, 'tbsp');
INSERT INTO ingredients (id, recipe_id, name, quantity, unit) VALUES ('500f379c-fc49-4ea0-b63e-55b7e3367e66', '3cd2d222-7937-4390-b6af-6138152f7dce', 'Dijon Mustard', 1.0, 'tsp');
INSERT INTO ingredients (id, recipe_id, name, quantity, unit) VALUES ('2f75a4d9-b987-4b97-b9ea-2110589eb5c2', '3cd2d222-7937-4390-b6af-6138152f7dce', 'Worcestershire Sauce', 1.2, 'tbsp');
INSERT INTO ingredients (id, recipe_id, name, quantity, unit) VALUES ('84de65ce-9422-4c05-955f-2f66fe681183', '3cd2d222-7937-4390-b6af-6138152f7dce', 'Potatoes', 2.5, 'lb');
INSERT INTO recipe_dietary_tags (recipe_id, tag_id) VALUES ('3cd2d222-7937-4390-b6af-6138152f7dce', 5);

INSERT INTO recipes (id, user_id, title, description, instructions, image_url, servings, source_url, source_name, is_archived, views, cart_adds) VALUES ('23fbc739-b11b-44dc-9bec-2ea633e9d527', 'admin-user-id', 'Classic Meatloaf', 'A delicious Classic Meatloaf recipe. This Midwest-friendly dish is a family favorite and easy to make with common ingredients.', '1. Preheat oven to 375°F (190°C) if baking.
2. Prepare the Meatloaf and other main ingredients.
3. In a large bowl, combine with seasonings.
4. Cook according to source instructions until internal temperature is safe.
5. Let rest for 5 minutes before serving.', 'https://images.unsplash.com/photo-1484723091739-30a097e8f929?auto=format&fit=crop&w=800&q=60', 4, 'https://www.foodnetwork.com/recipe/classic-meatloaf', 'Food Network', 0, 20, 73);
INSERT INTO ingredients (id, recipe_id, name, quantity, unit) VALUES ('c666bf3f-b6fc-4835-8c05-eecb37a85be6', '23fbc739-b11b-44dc-9bec-2ea633e9d527', 'Cheddar Cheese', 1.9, 'cup');
INSERT INTO ingredients (id, recipe_id, name, quantity, unit) VALUES ('5d75857c-aa99-4594-9e6f-cbff71aaf547', '23fbc739-b11b-44dc-9bec-2ea633e9d527', 'Worcestershire Sauce', 1.5, 'tbsp');
INSERT INTO ingredients (id, recipe_id, name, quantity, unit) VALUES ('6aa24112-49b3-4ac8-95fb-e97e15f623d0', '23fbc739-b11b-44dc-9bec-2ea633e9d527', 'Potatoes', 0.8, 'lb');
INSERT INTO ingredients (id, recipe_id, name, quantity, unit) VALUES ('f0a935a9-363a-4141-be02-13cc55669eeb', '23fbc739-b11b-44dc-9bec-2ea633e9d527', 'Salt', 3.5, 'tsp');
INSERT INTO ingredients (id, recipe_id, name, quantity, unit) VALUES ('ee76b641-5fb4-4b2f-a4c8-736429b8eae9', '23fbc739-b11b-44dc-9bec-2ea633e9d527', 'Breadcrumbs', 1.7, 'cup');
INSERT INTO ingredients (id, recipe_id, name, quantity, unit) VALUES ('1d32dbd9-207b-4749-aea4-7426618021a6', '23fbc739-b11b-44dc-9bec-2ea633e9d527', 'Celery', 1.0, 'cup');
INSERT INTO recipe_dietary_tags (recipe_id, tag_id) VALUES ('23fbc739-b11b-44dc-9bec-2ea633e9d527', 5);
INSERT INTO recipe_dietary_tags (recipe_id, tag_id) VALUES ('23fbc739-b11b-44dc-9bec-2ea633e9d527', 4);

INSERT INTO recipes (id, user_id, title, description, instructions, image_url, servings, source_url, source_name, is_archived, views, cart_adds) VALUES ('334231d7-7be3-4e15-9fb8-f46c01ac3f3b', 'admin-user-id', 'Corn Chowder', 'A delicious Corn Chowder recipe. This Midwest-friendly dish is a family favorite and easy to make with common ingredients.', '1. Preheat oven to 375°F (190°C) if baking.
2. Prepare the Chowder and other main ingredients.
3. In a large bowl, combine with seasonings.
4. Cook according to source instructions until internal temperature is safe.
5. Let rest for 5 minutes before serving.', 'https://images.unsplash.com/photo-1540189549336-e6e99c3679fe?auto=format&fit=crop&w=800&q=60', 4, 'https://www.tasteofhome.com/recipe/corn-chowder', 'Taste of Home', 0, 690, 56);
INSERT INTO ingredients (id, recipe_id, name, quantity, unit) VALUES ('fb1f792e-cefe-4e60-89a4-ea523238688f', '334231d7-7be3-4e15-9fb8-f46c01ac3f3b', 'Rice', 2.4, 'cup');
INSERT INTO ingredients (id, recipe_id, name, quantity, unit) VALUES ('5765a11c-51db-4299-a9dd-4fcc0f1c9ce7', '334231d7-7be3-4e15-9fb8-f46c01ac3f3b', 'Cheddar Cheese', 3.5, 'cup');
INSERT INTO ingredients (id, recipe_id, name, quantity, unit) VALUES ('fa2f5557-9265-4e6a-83fa-664e21455c05', '334231d7-7be3-4e15-9fb8-f46c01ac3f3b', 'Pasta', 0.7, 'oz');
INSERT INTO ingredients (id, recipe_id, name, quantity, unit) VALUES ('f596c72e-9c0f-45f6-ab82-c0b8b80c6226', '334231d7-7be3-4e15-9fb8-f46c01ac3f3b', 'Carrots', 2.5, 'cup');
INSERT INTO recipe_dietary_tags (recipe_id, tag_id) VALUES ('334231d7-7be3-4e15-9fb8-f46c01ac3f3b', 5);

INSERT INTO recipes (id, user_id, title, description, instructions, image_url, servings, source_url, source_name, is_archived, views, cart_adds) VALUES ('6c3fefdc-6225-4090-a640-a188ea0101bb', 'admin-user-id', 'Walleye Pan Fry', 'A delicious Walleye Pan Fry recipe. This Midwest-friendly dish is a family favorite and easy to make with common ingredients.', '1. Preheat oven to 375°F (190°C) if baking.
2. Prepare the Fry and other main ingredients.
3. In a large bowl, combine with seasonings.
4. Cook according to source instructions until internal temperature is safe.
5. Let rest for 5 minutes before serving.', 'https://images.unsplash.com/photo-1567620985035-091781110527?auto=format&fit=crop&w=800&q=60', 2, 'https://www.tasteofhome.com/recipe/walleye-pan-fry', 'Taste of Home', 0, 308, 58);
INSERT INTO ingredients (id, recipe_id, name, quantity, unit) VALUES ('d558384f-f843-4872-b681-b3b937f7518c', '6c3fefdc-6225-4090-a640-a188ea0101bb', 'Lemon Juice', 2.0, 'tbsp');
INSERT INTO ingredients (id, recipe_id, name, quantity, unit) VALUES ('1edb8afd-6fc6-4ac6-8d6c-bdb085ee3638', '6c3fefdc-6225-4090-a640-a188ea0101bb', 'Chicken Breast', 2.5, 'lb');
INSERT INTO ingredients (id, recipe_id, name, quantity, unit) VALUES ('d4cdf563-e3ae-40b9-ac4b-e6d81e50779d', '6c3fefdc-6225-4090-a640-a188ea0101bb', 'Egg', 3.0, 'large');
INSERT INTO ingredients (id, recipe_id, name, quantity, unit) VALUES ('6d31d758-89c4-430e-849e-abf4be891784', '6c3fefdc-6225-4090-a640-a188ea0101bb', 'Butter', 1.7, 'tbsp');
INSERT INTO ingredients (id, recipe_id, name, quantity, unit) VALUES ('8ee8f792-428f-42d3-bc17-86833de44da9', '6c3fefdc-6225-4090-a640-a188ea0101bb', 'Tomato Sauce', 3.0, 'oz');
INSERT INTO ingredients (id, recipe_id, name, quantity, unit) VALUES ('f968c261-bcae-4584-a23f-b57fcbd93f3f', '6c3fefdc-6225-4090-a640-a188ea0101bb', 'Honey', 2.0, 'tbsp');
INSERT INTO ingredients (id, recipe_id, name, quantity, unit) VALUES ('bded6f8c-2815-4563-8104-381f4c5a4a10', '6c3fefdc-6225-4090-a640-a188ea0101bb', 'Onion', 2.9, 'cup');
INSERT INTO recipe_dietary_tags (recipe_id, tag_id) VALUES ('6c3fefdc-6225-4090-a640-a188ea0101bb', 5);
INSERT INTO recipe_dietary_tags (recipe_id, tag_id) VALUES ('6c3fefdc-6225-4090-a640-a188ea0101bb', 8);

INSERT INTO recipes (id, user_id, title, description, instructions, image_url, servings, source_url, source_name, is_archived, views, cart_adds) VALUES ('58cb756a-ba7b-43fe-ad77-974ba2dc1e1c', 'admin-user-id', 'Wisconsin Butter Burger', 'A delicious Wisconsin Butter Burger recipe. This Midwest-friendly dish is a family favorite and easy to make with common ingredients.', '1. Preheat oven to 375°F (190°C) if baking.
2. Prepare the Burger and other main ingredients.
3. In a large bowl, combine with seasonings.
4. Cook according to source instructions until internal temperature is safe.
5. Let rest for 5 minutes before serving.', 'https://images.unsplash.com/photo-1565299624946-b28f40a0ae38?auto=format&fit=crop&w=800&q=60', 7, 'https://www.epicurious.com/recipe/wisconsin-butter-burger', 'Epicurious', 0, 649, 68);
INSERT INTO ingredients (id, recipe_id, name, quantity, unit) VALUES ('3d713088-e7b5-4c91-bd21-8fd2a0e7fa65', '58cb756a-ba7b-43fe-ad77-974ba2dc1e1c', 'Butter', 2.3, 'tbsp');
INSERT INTO ingredients (id, recipe_id, name, quantity, unit) VALUES ('661722f4-3e2d-4ff8-a51e-7e9a0d79a144', '58cb756a-ba7b-43fe-ad77-974ba2dc1e1c', 'Worcestershire Sauce', 2.9, 'tbsp');
INSERT INTO ingredients (id, recipe_id, name, quantity, unit) VALUES ('06208bb3-19e6-4acb-9af9-98be1ceb74a0', '58cb756a-ba7b-43fe-ad77-974ba2dc1e1c', 'Rice', 3.1, 'cup');
INSERT INTO ingredients (id, recipe_id, name, quantity, unit) VALUES ('fd763bb6-524d-4c9d-843d-eabc21895769', '58cb756a-ba7b-43fe-ad77-974ba2dc1e1c', 'Garlic', 2.8, 'clove');
INSERT INTO recipe_dietary_tags (recipe_id, tag_id) VALUES ('58cb756a-ba7b-43fe-ad77-974ba2dc1e1c', 5);
INSERT INTO recipe_dietary_tags (recipe_id, tag_id) VALUES ('58cb756a-ba7b-43fe-ad77-974ba2dc1e1c', 8);

INSERT INTO recipes (id, user_id, title, description, instructions, image_url, servings, source_url, source_name, is_archived, views, cart_adds) VALUES ('499a58b6-205f-440d-b82e-a90cbb6e207d', 'admin-user-id', 'Shepherd''s Pie', 'A delicious Shepherd''s Pie recipe. This Midwest-friendly dish is a family favorite and easy to make with common ingredients.', '1. Preheat oven to 375°F (190°C) if baking.
2. Prepare the Pie and other main ingredients.
3. In a large bowl, combine with seasonings.
4. Cook according to source instructions until internal temperature is safe.
5. Let rest for 5 minutes before serving.', 'https://images.unsplash.com/photo-1555939594-58d7cb561ad1?auto=format&fit=crop&w=800&q=60', 3, 'https://www.foodnetwork.com/recipe/shepherd-s-pie', 'Food Network', 0, 163, 9);
INSERT INTO ingredients (id, recipe_id, name, quantity, unit) VALUES ('86a1a4d0-ed16-4766-a2a9-33c13dba1def', '499a58b6-205f-440d-b82e-a90cbb6e207d', 'Frozen Peas', 2.6, 'cup');
INSERT INTO ingredients (id, recipe_id, name, quantity, unit) VALUES ('c6aa3269-fa55-430d-8223-59f301068b4c', '499a58b6-205f-440d-b82e-a90cbb6e207d', 'Black Pepper', 2.7, 'tsp');
INSERT INTO ingredients (id, recipe_id, name, quantity, unit) VALUES ('53e87827-dc31-4ef5-b2e8-543f6cdd8c2a', '499a58b6-205f-440d-b82e-a90cbb6e207d', 'Pasta', 2.4, 'oz');
INSERT INTO ingredients (id, recipe_id, name, quantity, unit) VALUES ('c048ea16-d51e-4b60-b602-451536530a9a', '499a58b6-205f-440d-b82e-a90cbb6e207d', 'Butter', 1.4, 'tbsp');
INSERT INTO recipe_dietary_tags (recipe_id, tag_id) VALUES ('499a58b6-205f-440d-b82e-a90cbb6e207d', 5);
INSERT INTO recipe_dietary_tags (recipe_id, tag_id) VALUES ('499a58b6-205f-440d-b82e-a90cbb6e207d', 7);

INSERT INTO recipes (id, user_id, title, description, instructions, image_url, servings, source_url, source_name, is_archived, views, cart_adds) VALUES ('16de37e0-c9bc-49f6-9a5e-d0de0196477d', 'admin-user-id', 'Goulash', 'A delicious Goulash recipe. This Midwest-friendly dish is a family favorite and easy to make with common ingredients.', '1. Preheat oven to 375°F (190°C) if baking.
2. Prepare the Goulash and other main ingredients.
3. In a large bowl, combine with seasonings.
4. Cook according to source instructions until internal temperature is safe.
5. Let rest for 5 minutes before serving.', 'https://images.unsplash.com/photo-1513104894114-bd7ea4718312?auto=format&fit=crop&w=800&q=60', 6, 'https://www.tasteofhome.com/recipe/goulash', 'Taste of Home', 0, 992, 61);
INSERT INTO ingredients (id, recipe_id, name, quantity, unit) VALUES ('3969c252-485e-48a0-9e8a-aecfe39f9413', '16de37e0-c9bc-49f6-9a5e-d0de0196477d', 'Worcestershire Sauce', 1.2, 'tbsp');
INSERT INTO ingredients (id, recipe_id, name, quantity, unit) VALUES ('27d81bb5-fc82-416b-8035-43cbb5fa828f', '16de37e0-c9bc-49f6-9a5e-d0de0196477d', 'Black Pepper', 3.2, 'tsp');
INSERT INTO ingredients (id, recipe_id, name, quantity, unit) VALUES ('157859a9-bd31-4f67-9d6f-e5df6efa3d54', '16de37e0-c9bc-49f6-9a5e-d0de0196477d', 'Heavy Cream', 3.4, 'cup');
INSERT INTO ingredients (id, recipe_id, name, quantity, unit) VALUES ('74174cdd-8ae3-404b-ade2-585401b484ed', '16de37e0-c9bc-49f6-9a5e-d0de0196477d', 'Tater Tots', 0.8, 'oz');
INSERT INTO recipe_dietary_tags (recipe_id, tag_id) VALUES ('16de37e0-c9bc-49f6-9a5e-d0de0196477d', 5);
INSERT INTO recipe_dietary_tags (recipe_id, tag_id) VALUES ('16de37e0-c9bc-49f6-9a5e-d0de0196477d', 2);

INSERT INTO recipes (id, user_id, title, description, instructions, image_url, servings, source_url, source_name, is_archived, views, cart_adds) VALUES ('dd9462f6-54c8-49d4-9361-6b8fe4293238', 'admin-user-id', 'Tuna Noodle Casserole', 'A delicious Tuna Noodle Casserole recipe. This Midwest-friendly dish is a family favorite and easy to make with common ingredients.', '1. Preheat oven to 375°F (190°C) if baking.
2. Prepare the Casserole and other main ingredients.
3. In a large bowl, combine with seasonings.
4. Cook according to source instructions until internal temperature is safe.
5. Let rest for 5 minutes before serving.', 'https://images.unsplash.com/photo-1504754524776-8f4f37799ca7?auto=format&fit=crop&w=800&q=60', 3, 'https://www.tasteofhome.com/recipe/tuna-noodle-casserole', 'Taste of Home', 0, 180, 34);
INSERT INTO ingredients (id, recipe_id, name, quantity, unit) VALUES ('94d77c1e-a37b-4a7a-bc05-b836370874cb', 'dd9462f6-54c8-49d4-9361-6b8fe4293238', 'Ground Beef', 1.6, 'lb');
INSERT INTO ingredients (id, recipe_id, name, quantity, unit) VALUES ('27ea5f11-4210-4369-bd55-fa23bcc6255b', 'dd9462f6-54c8-49d4-9361-6b8fe4293238', 'Onion', 2.6, 'cup');
INSERT INTO ingredients (id, recipe_id, name, quantity, unit) VALUES ('2e09303e-eee0-4fdf-bcc6-7dfc206353ea', 'dd9462f6-54c8-49d4-9361-6b8fe4293238', 'Lemon Juice', 1.6, 'tbsp');
INSERT INTO ingredients (id, recipe_id, name, quantity, unit) VALUES ('f5b71124-de76-434e-870d-128eef8e4dbd', 'dd9462f6-54c8-49d4-9361-6b8fe4293238', 'Breadcrumbs', 3.2, 'cup');
INSERT INTO ingredients (id, recipe_id, name, quantity, unit) VALUES ('d017ccea-aacc-4cbe-a6e7-1bebdb180c49', 'dd9462f6-54c8-49d4-9361-6b8fe4293238', 'Tater Tots', 3.2, 'oz');
INSERT INTO ingredients (id, recipe_id, name, quantity, unit) VALUES ('29a84fbc-23fb-427f-82ad-49669012b51b', 'dd9462f6-54c8-49d4-9361-6b8fe4293238', 'Heavy Cream', 2.4, 'cup');
INSERT INTO recipe_dietary_tags (recipe_id, tag_id) VALUES ('dd9462f6-54c8-49d4-9361-6b8fe4293238', 5);
INSERT INTO recipe_dietary_tags (recipe_id, tag_id) VALUES ('dd9462f6-54c8-49d4-9361-6b8fe4293238', 7);

INSERT INTO recipes (id, user_id, title, description, instructions, image_url, servings, source_url, source_name, is_archived, views, cart_adds) VALUES ('9b521d4e-7f4e-4820-9257-08f39b618d14', 'admin-user-id', 'Green Bean Casserole', 'A delicious Green Bean Casserole recipe. This Midwest-friendly dish is a family favorite and easy to make with common ingredients.', '1. Preheat oven to 375°F (190°C) if baking.
2. Prepare the Casserole and other main ingredients.
3. In a large bowl, combine with seasonings.
4. Cook according to source instructions until internal temperature is safe.
5. Let rest for 5 minutes before serving.', 'https://images.unsplash.com/photo-1476224203421-9ac3993557a4?auto=format&fit=crop&w=800&q=60', 3, 'https://www.epicurious.com/recipe/green-bean-casserole', 'Epicurious', 0, 967, 82);
INSERT INTO ingredients (id, recipe_id, name, quantity, unit) VALUES ('71a97b23-6ead-4559-acf6-8f0ef4f5a0c8', '9b521d4e-7f4e-4820-9257-08f39b618d14', 'Worcestershire Sauce', 2.5, 'tbsp');
INSERT INTO ingredients (id, recipe_id, name, quantity, unit) VALUES ('77a6d914-41aa-4a93-a951-65c813fcf5ec', '9b521d4e-7f4e-4820-9257-08f39b618d14', 'Dijon Mustard', 3.4, 'tsp');
INSERT INTO ingredients (id, recipe_id, name, quantity, unit) VALUES ('9e2fa450-a3be-4618-b5bf-1553e5931d44', '9b521d4e-7f4e-4820-9257-08f39b618d14', 'Pasta', 2.0, 'oz');
INSERT INTO ingredients (id, recipe_id, name, quantity, unit) VALUES ('afbab167-8055-4c34-bc1d-44112d589779', '9b521d4e-7f4e-4820-9257-08f39b618d14', 'Potatoes', 2.8, 'lb');
INSERT INTO ingredients (id, recipe_id, name, quantity, unit) VALUES ('7e0c751a-e4be-4926-bb7c-eaed42766e85', '9b521d4e-7f4e-4820-9257-08f39b618d14', 'Celery', 2.3, 'cup');
INSERT INTO ingredients (id, recipe_id, name, quantity, unit) VALUES ('c4755433-f26e-48ce-8239-d63779496b3e', '9b521d4e-7f4e-4820-9257-08f39b618d14', 'Lemon Juice', 0.5, 'tbsp');
INSERT INTO recipe_dietary_tags (recipe_id, tag_id) VALUES ('9b521d4e-7f4e-4820-9257-08f39b618d14', 5);
INSERT INTO recipe_dietary_tags (recipe_id, tag_id) VALUES ('9b521d4e-7f4e-4820-9257-08f39b618d14', 4);

INSERT INTO recipes (id, user_id, title, description, instructions, image_url, servings, source_url, source_name, is_archived, views, cart_adds) VALUES ('4653d1f0-5013-4908-a3cf-a1c690cc1154', 'admin-user-id', 'Ham and Scalloped Potatoes', 'A delicious Ham and Scalloped Potatoes recipe. This Midwest-friendly dish is a family favorite and easy to make with common ingredients.', '1. Preheat oven to 375°F (190°C) if baking.
2. Prepare the Potatoes and other main ingredients.
3. In a large bowl, combine with seasonings.
4. Cook according to source instructions until internal temperature is safe.
5. Let rest for 5 minutes before serving.', 'https://images.unsplash.com/photo-1498837167721-8f5c1a322c2e?auto=format&fit=crop&w=800&q=60', 6, 'https://www.foodnetwork.com/recipe/ham-and-scalloped-potatoes', 'Food Network', 0, 774, 7);
INSERT INTO ingredients (id, recipe_id, name, quantity, unit) VALUES ('bf051022-fd1a-4df9-9bfa-fecb6203f362', '4653d1f0-5013-4908-a3cf-a1c690cc1154', 'Black Pepper', 0.9, 'tsp');
INSERT INTO ingredients (id, recipe_id, name, quantity, unit) VALUES ('1451bef6-5d1f-4b55-a9a2-5f4552a18e05', '4653d1f0-5013-4908-a3cf-a1c690cc1154', 'Frozen Peas', 3.2, 'cup');
INSERT INTO ingredients (id, recipe_id, name, quantity, unit) VALUES ('77631d95-294f-4c43-94ba-d1ccbd2f664f', '4653d1f0-5013-4908-a3cf-a1c690cc1154', 'Breadcrumbs', 3.0, 'cup');
INSERT INTO ingredients (id, recipe_id, name, quantity, unit) VALUES ('2282785c-d8a0-43e8-98f1-79e897975807', '4653d1f0-5013-4908-a3cf-a1c690cc1154', 'Carrots', 3.3, 'cup');
INSERT INTO recipe_dietary_tags (recipe_id, tag_id) VALUES ('4653d1f0-5013-4908-a3cf-a1c690cc1154', 5);

INSERT INTO recipes (id, user_id, title, description, instructions, image_url, servings, source_url, source_name, is_archived, views, cart_adds) VALUES ('fd8044b2-4db1-4d5b-a85e-0d2bbd87716f', 'admin-user-id', 'Slow Cooker Chili', 'A delicious Slow Cooker Chili recipe. This Midwest-friendly dish is a family favorite and easy to make with common ingredients.', '1. Preheat oven to 375°F (190°C) if baking.
2. Prepare the Chili and other main ingredients.
3. In a large bowl, combine with seasonings.
4. Cook according to source instructions until internal temperature is safe.
5. Let rest for 5 minutes before serving.', 'https://images.unsplash.com/photo-1490645935967-10de6ba17051?auto=format&fit=crop&w=800&q=60', 5, 'https://www.tasteofhome.com/recipe/slow-cooker-chili', 'Taste of Home', 0, 500, 84);
INSERT INTO ingredients (id, recipe_id, name, quantity, unit) VALUES ('ba5c65f8-e7bd-4118-91b1-a153b4643985', 'fd8044b2-4db1-4d5b-a85e-0d2bbd87716f', 'Butter', 2.8, 'tbsp');
INSERT INTO ingredients (id, recipe_id, name, quantity, unit) VALUES ('baf45fa4-56df-4eb6-8351-ae0ca7d866a3', 'fd8044b2-4db1-4d5b-a85e-0d2bbd87716f', 'Sour Cream', 1.6, 'cup');
INSERT INTO ingredients (id, recipe_id, name, quantity, unit) VALUES ('6f3da513-c7aa-4e43-aa91-917f9b61cca0', 'fd8044b2-4db1-4d5b-a85e-0d2bbd87716f', 'Egg', 0.8, 'large');
INSERT INTO ingredients (id, recipe_id, name, quantity, unit) VALUES ('37a7f7d1-01af-441c-a2cf-94a3942eb343', 'fd8044b2-4db1-4d5b-a85e-0d2bbd87716f', 'Garlic', 3.0, 'clove');
INSERT INTO ingredients (id, recipe_id, name, quantity, unit) VALUES ('1529870b-dec8-45ca-8242-56f1c02d4ff9', 'fd8044b2-4db1-4d5b-a85e-0d2bbd87716f', 'Pasta', 0.6, 'oz');
INSERT INTO ingredients (id, recipe_id, name, quantity, unit) VALUES ('04a6715f-a3ff-48f3-9ff0-d2e45d1047f9', 'fd8044b2-4db1-4d5b-a85e-0d2bbd87716f', 'Onion', 0.8, 'cup');
INSERT INTO recipe_dietary_tags (recipe_id, tag_id) VALUES ('fd8044b2-4db1-4d5b-a85e-0d2bbd87716f', 5);

INSERT INTO recipes (id, user_id, title, description, instructions, image_url, servings, source_url, source_name, is_archived, views, cart_adds) VALUES ('77a6b289-0252-4d0f-9bc8-b6c498e6001b', 'admin-user-id', 'BBQ Pulled Pork', 'A delicious BBQ Pulled Pork recipe. This Midwest-friendly dish is a family favorite and easy to make with common ingredients.', '1. Preheat oven to 375°F (190°C) if baking.
2. Prepare the Pork and other main ingredients.
3. In a large bowl, combine with seasonings.
4. Cook according to source instructions until internal temperature is safe.
5. Let rest for 5 minutes before serving.', 'https://images.unsplash.com/photo-1506084868214-19a1f9e147f8?auto=format&fit=crop&w=800&q=60', 5, 'https://www.foodnetwork.com/recipe/bbq-pulled-pork', 'Food Network', 0, 662, 62);
INSERT INTO ingredients (id, recipe_id, name, quantity, unit) VALUES ('fd5f8899-59df-45b6-97ec-e83a5c6eb9a5', '77a6b289-0252-4d0f-9bc8-b6c498e6001b', 'Onion', 1.4, 'cup');
INSERT INTO ingredients (id, recipe_id, name, quantity, unit) VALUES ('2416a4d4-7d5f-4698-a27d-014bb888df1f', '77a6b289-0252-4d0f-9bc8-b6c498e6001b', 'Rice', 1.8, 'cup');
INSERT INTO ingredients (id, recipe_id, name, quantity, unit) VALUES ('857fdef6-90c7-43e9-b000-1c28ba6cca08', '77a6b289-0252-4d0f-9bc8-b6c498e6001b', 'Frozen Peas', 3.3, 'cup');
INSERT INTO ingredients (id, recipe_id, name, quantity, unit) VALUES ('2bb3b02a-d60d-40aa-9af7-506fff5f166a', '77a6b289-0252-4d0f-9bc8-b6c498e6001b', 'Heavy Cream', 3.4, 'cup');
INSERT INTO ingredients (id, recipe_id, name, quantity, unit) VALUES ('a883e149-8bbf-49bc-811b-25c2e4b20b0c', '77a6b289-0252-4d0f-9bc8-b6c498e6001b', 'Salt', 2.9, 'tsp');
INSERT INTO ingredients (id, recipe_id, name, quantity, unit) VALUES ('21b59c6e-d06b-4f07-86c4-ff72d736e5ac', '77a6b289-0252-4d0f-9bc8-b6c498e6001b', 'Carrots', 1.4, 'cup');
INSERT INTO ingredients (id, recipe_id, name, quantity, unit) VALUES ('2fecc98d-9c29-4526-9a81-513950151854', '77a6b289-0252-4d0f-9bc8-b6c498e6001b', 'Black Pepper', 2.3, 'tsp');
INSERT INTO recipe_dietary_tags (recipe_id, tag_id) VALUES ('77a6b289-0252-4d0f-9bc8-b6c498e6001b', 5);
INSERT INTO recipe_dietary_tags (recipe_id, tag_id) VALUES ('77a6b289-0252-4d0f-9bc8-b6c498e6001b', 8);

INSERT INTO recipes (id, user_id, title, description, instructions, image_url, servings, source_url, source_name, is_archived, views, cart_adds) VALUES ('2bfa4de4-14c0-4547-81c8-cc34e9d3bea6', 'admin-user-id', 'Oven-Fried Chicken', 'A delicious Oven-Fried Chicken recipe. This Midwest-friendly dish is a family favorite and easy to make with common ingredients.', '1. Preheat oven to 375°F (190°C) if baking.
2. Prepare the Chicken and other main ingredients.
3. In a large bowl, combine with seasonings.
4. Cook according to source instructions until internal temperature is safe.
5. Let rest for 5 minutes before serving.', 'https://images.unsplash.com/photo-1529042410759-adb828e4eaf0?auto=format&fit=crop&w=800&q=60', 6, 'https://www.bonappetit.com/recipe/oven-fried-chicken', 'Bon Appetit', 0, 181, 37);
INSERT INTO ingredients (id, recipe_id, name, quantity, unit) VALUES ('16cb7742-3be5-4371-8bf6-640fce266b4a', '2bfa4de4-14c0-4547-81c8-cc34e9d3bea6', 'Potatoes', 1.4, 'lb');
INSERT INTO ingredients (id, recipe_id, name, quantity, unit) VALUES ('c43e6663-5d5e-4168-98f0-0136e1c3b17b', '2bfa4de4-14c0-4547-81c8-cc34e9d3bea6', 'Heavy Cream', 0.5, 'cup');
INSERT INTO ingredients (id, recipe_id, name, quantity, unit) VALUES ('b827ef99-79c5-4f63-8146-5dfc15fcc092', '2bfa4de4-14c0-4547-81c8-cc34e9d3bea6', 'Honey', 3.3, 'tbsp');
INSERT INTO ingredients (id, recipe_id, name, quantity, unit) VALUES ('1efda27a-f2aa-471e-b9a4-c27788709a2b', '2bfa4de4-14c0-4547-81c8-cc34e9d3bea6', 'Worcestershire Sauce', 3.2, 'tbsp');
INSERT INTO ingredients (id, recipe_id, name, quantity, unit) VALUES ('dd62b058-89a5-4029-a110-b6b8128cbe2f', '2bfa4de4-14c0-4547-81c8-cc34e9d3bea6', 'Ground Beef', 1.6, 'lb');
INSERT INTO ingredients (id, recipe_id, name, quantity, unit) VALUES ('1d236f68-e8b4-403c-9867-97592ea0edee', '2bfa4de4-14c0-4547-81c8-cc34e9d3bea6', 'Black Pepper', 2.4, 'tsp');
INSERT INTO recipe_dietary_tags (recipe_id, tag_id) VALUES ('2bfa4de4-14c0-4547-81c8-cc34e9d3bea6', 5);
INSERT INTO recipe_dietary_tags (recipe_id, tag_id) VALUES ('2bfa4de4-14c0-4547-81c8-cc34e9d3bea6', 2);
INSERT INTO recipe_dietary_tags (recipe_id, tag_id) VALUES ('2bfa4de4-14c0-4547-81c8-cc34e9d3bea6', 8);

INSERT INTO recipes (id, user_id, title, description, instructions, image_url, servings, source_url, source_name, is_archived, views, cart_adds) VALUES ('2f671d8a-ced2-42c2-9a30-8d5cca783d45', 'admin-user-id', 'Beef and Barley Soup', 'A delicious Beef and Barley Soup recipe. This Midwest-friendly dish is a family favorite and easy to make with common ingredients.', '1. Preheat oven to 375°F (190°C) if baking.
2. Prepare the Soup and other main ingredients.
3. In a large bowl, combine with seasonings.
4. Cook according to source instructions until internal temperature is safe.
5. Let rest for 5 minutes before serving.', 'https://images.unsplash.com/photo-1455619452474-d2ba29bc06da?auto=format&fit=crop&w=800&q=60', 5, 'https://www.epicurious.com/recipe/beef-and-barley-soup', 'Epicurious', 0, 834, 10);
INSERT INTO ingredients (id, recipe_id, name, quantity, unit) VALUES ('5eeb8e9a-a3c8-4c59-b094-6c65e56478c0', '2f671d8a-ced2-42c2-9a30-8d5cca783d45', 'Soy Sauce', 2.7, 'tbsp');
INSERT INTO ingredients (id, recipe_id, name, quantity, unit) VALUES ('ba0e1a0a-bd17-4c04-8079-7b978f629c20', '2f671d8a-ced2-42c2-9a30-8d5cca783d45', 'Celery', 1.8, 'cup');
INSERT INTO ingredients (id, recipe_id, name, quantity, unit) VALUES ('d906bcf3-deca-4083-920f-8706370b0f91', '2f671d8a-ced2-42c2-9a30-8d5cca783d45', 'Chicken Breast', 2.1, 'lb');
INSERT INTO ingredients (id, recipe_id, name, quantity, unit) VALUES ('1a746f03-3044-4411-8926-51273c9bf6d8', '2f671d8a-ced2-42c2-9a30-8d5cca783d45', 'Carrots', 1.4, 'cup');
INSERT INTO ingredients (id, recipe_id, name, quantity, unit) VALUES ('7c1601db-c4f3-4742-a968-1b848f3eab41', '2f671d8a-ced2-42c2-9a30-8d5cca783d45', 'Tater Tots', 1.0, 'oz');
INSERT INTO ingredients (id, recipe_id, name, quantity, unit) VALUES ('e71f660d-dbe3-4e0d-a228-28fb4a5a4ac9', '2f671d8a-ced2-42c2-9a30-8d5cca783d45', 'Lemon Juice', 2.3, 'tbsp');
INSERT INTO recipe_dietary_tags (recipe_id, tag_id) VALUES ('2f671d8a-ced2-42c2-9a30-8d5cca783d45', 5);
INSERT INTO recipe_dietary_tags (recipe_id, tag_id) VALUES ('2f671d8a-ced2-42c2-9a30-8d5cca783d45', 2);

INSERT INTO recipes (id, user_id, title, description, instructions, image_url, servings, source_url, source_name, is_archived, views, cart_adds) VALUES ('f3b8f595-e044-49ce-aacb-1d1db58150d2', 'admin-user-id', 'Split Pea Soup', 'A delicious Split Pea Soup recipe. This Midwest-friendly dish is a family favorite and easy to make with common ingredients.', '1. Preheat oven to 375°F (190°C) if baking.
2. Prepare the Soup and other main ingredients.
3. In a large bowl, combine with seasonings.
4. Cook according to source instructions until internal temperature is safe.
5. Let rest for 5 minutes before serving.', 'https://images.unsplash.com/photo-1504113888839-14294c223d51?auto=format&fit=crop&w=800&q=60', 7, 'https://www.bonappetit.com/recipe/split-pea-soup', 'Bon Appetit', 0, 839, 16);
INSERT INTO ingredients (id, recipe_id, name, quantity, unit) VALUES ('16cb7c0d-8d58-49d3-a598-05e7df7ec5af', 'f3b8f595-e044-49ce-aacb-1d1db58150d2', 'Milk', 1.0, 'cup');
INSERT INTO ingredients (id, recipe_id, name, quantity, unit) VALUES ('5218ff42-ecbb-4f66-8072-2a1d8f1909d9', 'f3b8f595-e044-49ce-aacb-1d1db58150d2', 'Cheddar Cheese', 0.8, 'cup');
INSERT INTO ingredients (id, recipe_id, name, quantity, unit) VALUES ('680a99d2-2d28-4ebb-9eec-3cae21bb395c', 'f3b8f595-e044-49ce-aacb-1d1db58150d2', 'Onion', 1.9, 'cup');
INSERT INTO ingredients (id, recipe_id, name, quantity, unit) VALUES ('f17c534f-a96e-4578-b2cf-895b59190209', 'f3b8f595-e044-49ce-aacb-1d1db58150d2', 'Cream of Mushroom Soup', 0.7, 'can');
INSERT INTO ingredients (id, recipe_id, name, quantity, unit) VALUES ('3a87ec6d-f172-42da-947f-92e96101cd28', 'f3b8f595-e044-49ce-aacb-1d1db58150d2', 'Breadcrumbs', 1.8, 'cup');
INSERT INTO ingredients (id, recipe_id, name, quantity, unit) VALUES ('05445f88-6045-4713-b269-7407acabd36c', 'f3b8f595-e044-49ce-aacb-1d1db58150d2', 'Tomato Sauce', 1.7, 'oz');
INSERT INTO ingredients (id, recipe_id, name, quantity, unit) VALUES ('28a5122b-9937-4633-8df9-e531600d8db6', 'f3b8f595-e044-49ce-aacb-1d1db58150d2', 'Garlic', 1.6, 'clove');
INSERT INTO recipe_dietary_tags (recipe_id, tag_id) VALUES ('f3b8f595-e044-49ce-aacb-1d1db58150d2', 5);

INSERT INTO recipes (id, user_id, title, description, instructions, image_url, servings, source_url, source_name, is_archived, views, cart_adds) VALUES ('31253371-f545-4990-805e-979b0fd77019', 'admin-user-id', 'Macaroni and Cheese', 'A delicious Macaroni and Cheese recipe. This Midwest-friendly dish is a family favorite and easy to make with common ingredients.', '1. Preheat oven to 375°F (190°C) if baking.
2. Prepare the Cheese and other main ingredients.
3. In a large bowl, combine with seasonings.
4. Cook according to source instructions until internal temperature is safe.
5. Let rest for 5 minutes before serving.', 'https://images.unsplash.com/photo-1546062477-fe2f66230ba3?auto=format&fit=crop&w=800&q=60', 2, 'https://www.bonappetit.com/recipe/macaroni-and-cheese', 'Bon Appetit', 0, 566, 3);
INSERT INTO ingredients (id, recipe_id, name, quantity, unit) VALUES ('73a68609-ff9e-4153-9d39-b2e76f22cb67', '31253371-f545-4990-805e-979b0fd77019', 'Sour Cream', 3.1, 'cup');
INSERT INTO ingredients (id, recipe_id, name, quantity, unit) VALUES ('dd5b9dcb-efaa-4e40-a7f2-0786b4a36f2c', '31253371-f545-4990-805e-979b0fd77019', 'Carrots', 2.8, 'cup');
INSERT INTO ingredients (id, recipe_id, name, quantity, unit) VALUES ('8aa08409-8c4c-485c-9bef-260ca3174c9e', '31253371-f545-4990-805e-979b0fd77019', 'Heavy Cream', 2.1, 'cup');
INSERT INTO ingredients (id, recipe_id, name, quantity, unit) VALUES ('27621441-3931-4ce5-b162-377418b27a6b', '31253371-f545-4990-805e-979b0fd77019', 'Frozen Peas', 1.7, 'cup');
INSERT INTO ingredients (id, recipe_id, name, quantity, unit) VALUES ('1b313191-2433-4e5e-bf22-7bec072f6198', '31253371-f545-4990-805e-979b0fd77019', 'Cheddar Cheese', 3.2, 'cup');
INSERT INTO recipe_dietary_tags (recipe_id, tag_id) VALUES ('31253371-f545-4990-805e-979b0fd77019', 5);
INSERT INTO recipe_dietary_tags (recipe_id, tag_id) VALUES ('31253371-f545-4990-805e-979b0fd77019', 2);

INSERT INTO recipes (id, user_id, title, description, instructions, image_url, servings, source_url, source_name, is_archived, views, cart_adds) VALUES ('b3479d01-52d6-4ce0-a1de-c0ca6c3b4344', 'admin-user-id', 'Chicken Pot Pie', 'A delicious Chicken Pot Pie recipe. This Midwest-friendly dish is a family favorite and easy to make with common ingredients.', '1. Preheat oven to 375°F (190°C) if baking.
2. Prepare the Pie and other main ingredients.
3. In a large bowl, combine with seasonings.
4. Cook according to source instructions until internal temperature is safe.
5. Let rest for 5 minutes before serving.', 'https://images.unsplash.com/photo-1504674900247-0877df9cc836?auto=format&fit=crop&w=800&q=60', 5, 'https://www.bonappetit.com/recipe/chicken-pot-pie', 'Bon Appetit', 0, 501, 33);
INSERT INTO ingredients (id, recipe_id, name, quantity, unit) VALUES ('e6d66078-b60b-4cbf-93eb-e4e146adcacb', 'b3479d01-52d6-4ce0-a1de-c0ca6c3b4344', 'Breadcrumbs', 3.2, 'cup');
INSERT INTO ingredients (id, recipe_id, name, quantity, unit) VALUES ('2ff42661-a518-48fd-aabd-b6ae8996eb99', 'b3479d01-52d6-4ce0-a1de-c0ca6c3b4344', 'Milk', 1.6, 'cup');
INSERT INTO ingredients (id, recipe_id, name, quantity, unit) VALUES ('562b0b3a-477e-4fb5-84e0-30ea78551251', 'b3479d01-52d6-4ce0-a1de-c0ca6c3b4344', 'Tomato Sauce', 1.8, 'oz');
INSERT INTO ingredients (id, recipe_id, name, quantity, unit) VALUES ('69639afc-e1a1-4db8-a8fb-c9bfffb7465d', 'b3479d01-52d6-4ce0-a1de-c0ca6c3b4344', 'Butter', 1.6, 'tbsp');
INSERT INTO ingredients (id, recipe_id, name, quantity, unit) VALUES ('f8762046-9ce4-4a2f-90b6-44a6ce0cf3a1', 'b3479d01-52d6-4ce0-a1de-c0ca6c3b4344', 'Potatoes', 2.4, 'lb');
INSERT INTO ingredients (id, recipe_id, name, quantity, unit) VALUES ('18d54ae9-d2c6-4818-bc6c-07c9967022b8', 'b3479d01-52d6-4ce0-a1de-c0ca6c3b4344', 'Honey', 2.3, 'tbsp');
INSERT INTO recipe_dietary_tags (recipe_id, tag_id) VALUES ('b3479d01-52d6-4ce0-a1de-c0ca6c3b4344', 5);
INSERT INTO recipe_dietary_tags (recipe_id, tag_id) VALUES ('b3479d01-52d6-4ce0-a1de-c0ca6c3b4344', 2);

INSERT INTO recipes (id, user_id, title, description, instructions, image_url, servings, source_url, source_name, is_archived, views, cart_adds) VALUES ('7ac947a5-61cf-4f28-b70c-403fed4e818f', 'admin-user-id', 'Beef Stew', 'A delicious Beef Stew recipe. This Midwest-friendly dish is a family favorite and easy to make with common ingredients.', '1. Preheat oven to 375°F (190°C) if baking.
2. Prepare the Stew and other main ingredients.
3. In a large bowl, combine with seasonings.
4. Cook according to source instructions until internal temperature is safe.
5. Let rest for 5 minutes before serving.', 'https://images.unsplash.com/photo-1493770348161-369560ae357d?auto=format&fit=crop&w=800&q=60', 3, 'https://www.bonappetit.com/recipe/beef-stew', 'Bon Appetit', 0, 921, 41);
INSERT INTO ingredients (id, recipe_id, name, quantity, unit) VALUES ('0f6fc3e1-42dd-48f4-9706-9948c0aa225b', '7ac947a5-61cf-4f28-b70c-403fed4e818f', 'Breadcrumbs', 1.5, 'cup');
INSERT INTO ingredients (id, recipe_id, name, quantity, unit) VALUES ('49180953-685f-449d-8c03-455317d4f098', '7ac947a5-61cf-4f28-b70c-403fed4e818f', 'Ground Beef', 2.1, 'lb');
INSERT INTO ingredients (id, recipe_id, name, quantity, unit) VALUES ('d7f04de3-033c-4e88-9eba-6357ca065930', '7ac947a5-61cf-4f28-b70c-403fed4e818f', 'Honey', 1.3, 'tbsp');
INSERT INTO ingredients (id, recipe_id, name, quantity, unit) VALUES ('9b732338-c865-495c-940d-7eb4634af82e', '7ac947a5-61cf-4f28-b70c-403fed4e818f', 'Frozen Peas', 3.0, 'cup');
INSERT INTO ingredients (id, recipe_id, name, quantity, unit) VALUES ('2ae1a52d-9229-44fd-8379-e0d61d6eb1d5', '7ac947a5-61cf-4f28-b70c-403fed4e818f', 'Butter', 2.8, 'tbsp');
INSERT INTO ingredients (id, recipe_id, name, quantity, unit) VALUES ('1db106af-f194-4ade-a31d-37805abbe5bc', '7ac947a5-61cf-4f28-b70c-403fed4e818f', 'Carrots', 3.3, 'cup');
INSERT INTO ingredients (id, recipe_id, name, quantity, unit) VALUES ('72b66cc7-336c-4de6-880f-173283cbfba6', '7ac947a5-61cf-4f28-b70c-403fed4e818f', 'Cream of Mushroom Soup', 1.0, 'can');
INSERT INTO recipe_dietary_tags (recipe_id, tag_id) VALUES ('7ac947a5-61cf-4f28-b70c-403fed4e818f', 5);
INSERT INTO recipe_dietary_tags (recipe_id, tag_id) VALUES ('7ac947a5-61cf-4f28-b70c-403fed4e818f', 2);

INSERT INTO recipes (id, user_id, title, description, instructions, image_url, servings, source_url, source_name, is_archived, views, cart_adds) VALUES ('98a0ef2f-86c2-439e-a5d6-15901fbd592c', 'admin-user-id', 'Swedish Meatballs', 'A delicious Swedish Meatballs recipe. This Midwest-friendly dish is a family favorite and easy to make with common ingredients.', '1. Preheat oven to 375°F (190°C) if baking.
2. Prepare the Meatballs and other main ingredients.
3. In a large bowl, combine with seasonings.
4. Cook according to source instructions until internal temperature is safe.
5. Let rest for 5 minutes before serving.', 'https://images.unsplash.com/photo-1473093226795-af9932fe5856?auto=format&fit=crop&w=800&q=60', 3, 'https://www.foodnetwork.com/recipe/swedish-meatballs', 'Food Network', 0, 478, 99);
INSERT INTO ingredients (id, recipe_id, name, quantity, unit) VALUES ('f4c3e74a-b3db-477c-a6c6-93d5fb3e89ff', '98a0ef2f-86c2-439e-a5d6-15901fbd592c', 'Soy Sauce', 1.2, 'tbsp');
INSERT INTO ingredients (id, recipe_id, name, quantity, unit) VALUES ('5a15ac5c-738d-451b-bd43-59de2cd4d509', '98a0ef2f-86c2-439e-a5d6-15901fbd592c', 'Tater Tots', 0.8, 'oz');
INSERT INTO ingredients (id, recipe_id, name, quantity, unit) VALUES ('b584d63c-816b-4d33-9be3-037cdc60d787', '98a0ef2f-86c2-439e-a5d6-15901fbd592c', 'Onion', 2.5, 'cup');
INSERT INTO ingredients (id, recipe_id, name, quantity, unit) VALUES ('c64bc505-5706-4b41-8fcc-a42baaaf26f9', '98a0ef2f-86c2-439e-a5d6-15901fbd592c', 'Chicken Breast', 2.8, 'lb');
INSERT INTO ingredients (id, recipe_id, name, quantity, unit) VALUES ('1559bb2c-274f-4f1e-9c97-99a47d540708', '98a0ef2f-86c2-439e-a5d6-15901fbd592c', 'Garlic', 2.6, 'clove');
INSERT INTO recipe_dietary_tags (recipe_id, tag_id) VALUES ('98a0ef2f-86c2-439e-a5d6-15901fbd592c', 5);

INSERT INTO recipes (id, user_id, title, description, instructions, image_url, servings, source_url, source_name, is_archived, views, cart_adds) VALUES ('028c9b5b-2960-4e3d-b732-09d8b497f81a', 'admin-user-id', 'Stuffed Cabbage Rolls', 'A delicious Stuffed Cabbage Rolls recipe. This Midwest-friendly dish is a family favorite and easy to make with common ingredients.', '1. Preheat oven to 375°F (190°C) if baking.
2. Prepare the Rolls and other main ingredients.
3. In a large bowl, combine with seasonings.
4. Cook according to source instructions until internal temperature is safe.
5. Let rest for 5 minutes before serving.', 'https://images.unsplash.com/photo-1512621776951-a57141f2eefd?auto=format&fit=crop&w=800&q=60', 3, 'https://www.allrecipes.com/recipe/stuffed-cabbage-rolls', 'AllRecipes', 0, 224, 77);
INSERT INTO ingredients (id, recipe_id, name, quantity, unit) VALUES ('d06d60e0-cd30-451f-887e-873a3138309c', '028c9b5b-2960-4e3d-b732-09d8b497f81a', 'Dijon Mustard', 2.6, 'tsp');
INSERT INTO ingredients (id, recipe_id, name, quantity, unit) VALUES ('3325518d-64ed-48ca-94fa-613753142035', '028c9b5b-2960-4e3d-b732-09d8b497f81a', 'Tater Tots', 1.6, 'oz');
INSERT INTO ingredients (id, recipe_id, name, quantity, unit) VALUES ('3873ab74-c13f-4af5-b46b-5bb3e5ac95c0', '028c9b5b-2960-4e3d-b732-09d8b497f81a', 'Frozen Peas', 2.6, 'cup');
INSERT INTO ingredients (id, recipe_id, name, quantity, unit) VALUES ('7d8eb93d-72f1-48d4-ab86-0f0c1123e63f', '028c9b5b-2960-4e3d-b732-09d8b497f81a', 'Rice', 1.0, 'cup');
INSERT INTO ingredients (id, recipe_id, name, quantity, unit) VALUES ('a54f236c-ff90-4de2-aff0-8182680a07e7', '028c9b5b-2960-4e3d-b732-09d8b497f81a', 'Carrots', 2.7, 'cup');
INSERT INTO ingredients (id, recipe_id, name, quantity, unit) VALUES ('550e1999-e3df-4b0d-ab69-0d044f9f0b12', '028c9b5b-2960-4e3d-b732-09d8b497f81a', 'Garlic', 3.2, 'clove');
INSERT INTO ingredients (id, recipe_id, name, quantity, unit) VALUES ('61b4e48e-3e25-4f06-841e-54b9b886d3f9', '028c9b5b-2960-4e3d-b732-09d8b497f81a', 'Worcestershire Sauce', 0.9, 'tbsp');
INSERT INTO recipe_dietary_tags (recipe_id, tag_id) VALUES ('028c9b5b-2960-4e3d-b732-09d8b497f81a', 5);
INSERT INTO recipe_dietary_tags (recipe_id, tag_id) VALUES ('028c9b5b-2960-4e3d-b732-09d8b497f81a', 4);

INSERT INTO recipes (id, user_id, title, description, instructions, image_url, servings, source_url, source_name, is_archived, views, cart_adds) VALUES ('0dd10aaa-065b-4c7d-b310-e6ab375852a0', 'admin-user-id', 'Pierogi Casserole', 'A delicious Pierogi Casserole recipe. This Midwest-friendly dish is a family favorite and easy to make with common ingredients.', '1. Preheat oven to 375°F (190°C) if baking.
2. Prepare the Casserole and other main ingredients.
3. In a large bowl, combine with seasonings.
4. Cook according to source instructions until internal temperature is safe.
5. Let rest for 5 minutes before serving.', 'https://images.unsplash.com/photo-1482049016688-2d3e1b311543?auto=format&fit=crop&w=800&q=60', 2, 'https://www.epicurious.com/recipe/pierogi-casserole', 'Epicurious', 0, 321, 30);
INSERT INTO ingredients (id, recipe_id, name, quantity, unit) VALUES ('5d771726-b712-4940-b65d-8a806252e8b7', '0dd10aaa-065b-4c7d-b310-e6ab375852a0', 'Cream of Mushroom Soup', 3.3, 'can');
INSERT INTO ingredients (id, recipe_id, name, quantity, unit) VALUES ('5c16d5eb-5eac-4a2c-8864-1c4cf25ef0f1', '0dd10aaa-065b-4c7d-b310-e6ab375852a0', 'Potatoes', 0.9, 'lb');
INSERT INTO ingredients (id, recipe_id, name, quantity, unit) VALUES ('3d82e9e8-a3eb-4819-97d0-8f5e86768056', '0dd10aaa-065b-4c7d-b310-e6ab375852a0', 'Sour Cream', 2.5, 'cup');
INSERT INTO ingredients (id, recipe_id, name, quantity, unit) VALUES ('fd159992-beb6-4e8d-9220-b79753edee7c', '0dd10aaa-065b-4c7d-b310-e6ab375852a0', 'Carrots', 1.8, 'cup');
INSERT INTO ingredients (id, recipe_id, name, quantity, unit) VALUES ('ed395ce9-386f-46bd-9be0-3ea07e2dfa3b', '0dd10aaa-065b-4c7d-b310-e6ab375852a0', 'Soy Sauce', 3.5, 'tbsp');
INSERT INTO ingredients (id, recipe_id, name, quantity, unit) VALUES ('df9147dc-8b78-4f6d-82c0-847a4d306b83', '0dd10aaa-065b-4c7d-b310-e6ab375852a0', 'Milk', 1.4, 'cup');
INSERT INTO ingredients (id, recipe_id, name, quantity, unit) VALUES ('593c7752-2e48-4e49-8f9e-de5dd41c46c0', '0dd10aaa-065b-4c7d-b310-e6ab375852a0', 'Chicken Breast', 0.6, 'lb');
INSERT INTO recipe_dietary_tags (recipe_id, tag_id) VALUES ('0dd10aaa-065b-4c7d-b310-e6ab375852a0', 5);

INSERT INTO recipes (id, user_id, title, description, instructions, image_url, servings, source_url, source_name, is_archived, views, cart_adds) VALUES ('07c66e03-cd04-42cc-b7ad-e6525fd32f72', 'admin-user-id', 'Zucchini Bread', 'A delicious Zucchini Bread recipe. This Midwest-friendly dish is a family favorite and easy to make with common ingredients.', '1. Preheat oven to 375°F (190°C) if baking.
2. Prepare the Bread and other main ingredients.
3. In a large bowl, combine with seasonings.
4. Cook according to source instructions until internal temperature is safe.
5. Let rest for 5 minutes before serving.', 'https://images.unsplash.com/photo-1484723091739-30a097e8f929?auto=format&fit=crop&w=800&q=60', 2, 'https://www.allrecipes.com/recipe/zucchini-bread', 'AllRecipes', 0, 996, 41);
INSERT INTO ingredients (id, recipe_id, name, quantity, unit) VALUES ('b8fec0f6-0250-4628-9e4a-2df3d8052f04', '07c66e03-cd04-42cc-b7ad-e6525fd32f72', 'Soy Sauce', 1.7, 'tbsp');
INSERT INTO ingredients (id, recipe_id, name, quantity, unit) VALUES ('1b137d77-8cb2-4dae-973c-0d217cbcd320', '07c66e03-cd04-42cc-b7ad-e6525fd32f72', 'Tomato Sauce', 2.4, 'oz');
INSERT INTO ingredients (id, recipe_id, name, quantity, unit) VALUES ('f81027ad-1e62-4839-ba32-3f48f5af3ec5', '07c66e03-cd04-42cc-b7ad-e6525fd32f72', 'Olive Oil', 1.7, 'tbsp');
INSERT INTO ingredients (id, recipe_id, name, quantity, unit) VALUES ('266bea3e-3c21-43d5-ba8c-1a6af8b92200', '07c66e03-cd04-42cc-b7ad-e6525fd32f72', 'Worcestershire Sauce', 1.4, 'tbsp');
INSERT INTO ingredients (id, recipe_id, name, quantity, unit) VALUES ('0b89484d-0632-4696-859a-c90c395767e6', '07c66e03-cd04-42cc-b7ad-e6525fd32f72', 'Carrots', 0.9, 'cup');
INSERT INTO recipe_dietary_tags (recipe_id, tag_id) VALUES ('07c66e03-cd04-42cc-b7ad-e6525fd32f72', 5);
INSERT INTO recipe_dietary_tags (recipe_id, tag_id) VALUES ('07c66e03-cd04-42cc-b7ad-e6525fd32f72', 4);

INSERT INTO recipes (id, user_id, title, description, instructions, image_url, servings, source_url, source_name, is_archived, views, cart_adds) VALUES ('a3b86c95-6174-4924-bcd7-f1f607afbbab', 'admin-user-id', 'Cornbread', 'A delicious Cornbread recipe. This Midwest-friendly dish is a family favorite and easy to make with common ingredients.', '1. Preheat oven to 375°F (190°C) if baking.
2. Prepare the Cornbread and other main ingredients.
3. In a large bowl, combine with seasonings.
4. Cook according to source instructions until internal temperature is safe.
5. Let rest for 5 minutes before serving.', 'https://images.unsplash.com/photo-1540189549336-e6e99c3679fe?auto=format&fit=crop&w=800&q=60', 7, 'https://www.tasteofhome.com/recipe/cornbread', 'Taste of Home', 0, 734, 15);
INSERT INTO ingredients (id, recipe_id, name, quantity, unit) VALUES ('016b9502-23b0-48e1-88b1-a41ebd533bf4', 'a3b86c95-6174-4924-bcd7-f1f607afbbab', 'Olive Oil', 0.9, 'tbsp');
INSERT INTO ingredients (id, recipe_id, name, quantity, unit) VALUES ('4c9df293-36b9-4c47-9e21-3177b9615777', 'a3b86c95-6174-4924-bcd7-f1f607afbbab', 'Cream of Mushroom Soup', 1.3, 'can');
INSERT INTO ingredients (id, recipe_id, name, quantity, unit) VALUES ('3827bed4-16a9-4b7f-9f51-e9b46a473084', 'a3b86c95-6174-4924-bcd7-f1f607afbbab', 'Worcestershire Sauce', 3.0, 'tbsp');
INSERT INTO ingredients (id, recipe_id, name, quantity, unit) VALUES ('2d06818c-e4ef-4567-92f1-97b3c741faef', 'a3b86c95-6174-4924-bcd7-f1f607afbbab', 'Egg', 2.9, 'large');
INSERT INTO ingredients (id, recipe_id, name, quantity, unit) VALUES ('615cff44-e3b9-477d-a8db-b6e82eeba5f3', 'a3b86c95-6174-4924-bcd7-f1f607afbbab', 'Frozen Peas', 3.5, 'cup');
INSERT INTO ingredients (id, recipe_id, name, quantity, unit) VALUES ('8a04c0f7-39fe-4e92-a789-b2368fed653f', 'a3b86c95-6174-4924-bcd7-f1f607afbbab', 'Milk', 1.9, 'cup');
INSERT INTO recipe_dietary_tags (recipe_id, tag_id) VALUES ('a3b86c95-6174-4924-bcd7-f1f607afbbab', 5);
INSERT INTO recipe_dietary_tags (recipe_id, tag_id) VALUES ('a3b86c95-6174-4924-bcd7-f1f607afbbab', 7);
INSERT INTO recipe_dietary_tags (recipe_id, tag_id) VALUES ('a3b86c95-6174-4924-bcd7-f1f607afbbab', 9);

INSERT INTO recipes (id, user_id, title, description, instructions, image_url, servings, source_url, source_name, is_archived, views, cart_adds) VALUES ('2f2a52d8-2f15-42c9-9aab-db0cd8f6f585', 'admin-user-id', 'Potato Salad', 'A delicious Potato Salad recipe. This Midwest-friendly dish is a family favorite and easy to make with common ingredients.', '1. Preheat oven to 375°F (190°C) if baking.
2. Prepare the Salad and other main ingredients.
3. In a large bowl, combine with seasonings.
4. Cook according to source instructions until internal temperature is safe.
5. Let rest for 5 minutes before serving.', 'https://images.unsplash.com/photo-1567620985035-091781110527?auto=format&fit=crop&w=800&q=60', 3, 'https://www.foodnetwork.com/recipe/potato-salad', 'Food Network', 0, 588, 29);
INSERT INTO ingredients (id, recipe_id, name, quantity, unit) VALUES ('3e319a4f-1d93-4bc3-a61c-3070cac487a7', '2f2a52d8-2f15-42c9-9aab-db0cd8f6f585', 'Milk', 2.0, 'cup');
INSERT INTO ingredients (id, recipe_id, name, quantity, unit) VALUES ('06255a90-faf8-4555-bffe-b422f0551ba8', '2f2a52d8-2f15-42c9-9aab-db0cd8f6f585', 'Salt', 3.2, 'tsp');
INSERT INTO ingredients (id, recipe_id, name, quantity, unit) VALUES ('dc9b05fb-b616-4c24-8e22-52dc15524743', '2f2a52d8-2f15-42c9-9aab-db0cd8f6f585', 'Lemon Juice', 1.1, 'tbsp');
INSERT INTO ingredients (id, recipe_id, name, quantity, unit) VALUES ('4df0d6ee-f933-4d51-bccf-c8afe1f69015', '2f2a52d8-2f15-42c9-9aab-db0cd8f6f585', 'Cheddar Cheese', 0.6, 'cup');
INSERT INTO ingredients (id, recipe_id, name, quantity, unit) VALUES ('fac6a5f9-6884-473f-9b65-35fe060d1a51', '2f2a52d8-2f15-42c9-9aab-db0cd8f6f585', 'Potatoes', 3.2, 'lb');
INSERT INTO recipe_dietary_tags (recipe_id, tag_id) VALUES ('2f2a52d8-2f15-42c9-9aab-db0cd8f6f585', 5);
INSERT INTO recipe_dietary_tags (recipe_id, tag_id) VALUES ('2f2a52d8-2f15-42c9-9aab-db0cd8f6f585', 8);

INSERT INTO recipes (id, user_id, title, description, instructions, image_url, servings, source_url, source_name, is_archived, views, cart_adds) VALUES ('40629876-064c-4daa-b778-004cb6727e3d', 'admin-user-id', 'Coleslaw', 'A delicious Coleslaw recipe. This Midwest-friendly dish is a family favorite and easy to make with common ingredients.', '1. Preheat oven to 375°F (190°C) if baking.
2. Prepare the Coleslaw and other main ingredients.
3. In a large bowl, combine with seasonings.
4. Cook according to source instructions until internal temperature is safe.
5. Let rest for 5 minutes before serving.', 'https://images.unsplash.com/photo-1565299624946-b28f40a0ae38?auto=format&fit=crop&w=800&q=60', 2, 'https://www.tasteofhome.com/recipe/coleslaw', 'Taste of Home', 0, 895, 30);
INSERT INTO ingredients (id, recipe_id, name, quantity, unit) VALUES ('7567c7b1-3eaf-4f26-8ad1-0563c3f27dae', '40629876-064c-4daa-b778-004cb6727e3d', 'Heavy Cream', 1.2, 'cup');
INSERT INTO ingredients (id, recipe_id, name, quantity, unit) VALUES ('c8094261-dcde-42e9-94af-62e48cf63a47', '40629876-064c-4daa-b778-004cb6727e3d', 'Cheddar Cheese', 2.7, 'cup');
INSERT INTO ingredients (id, recipe_id, name, quantity, unit) VALUES ('3625b903-b2fc-4725-9c0b-4c441092d47c', '40629876-064c-4daa-b778-004cb6727e3d', 'Garlic', 3.1, 'clove');
INSERT INTO ingredients (id, recipe_id, name, quantity, unit) VALUES ('c984bd6c-4342-4f49-ab60-ba13a8f8d243', '40629876-064c-4daa-b778-004cb6727e3d', 'Cream of Mushroom Soup', 2.6, 'can');
INSERT INTO ingredients (id, recipe_id, name, quantity, unit) VALUES ('a249e80a-cd82-4bf4-a083-581dc5d2249f', '40629876-064c-4daa-b778-004cb6727e3d', 'Pasta', 2.8, 'oz');
INSERT INTO ingredients (id, recipe_id, name, quantity, unit) VALUES ('3538b348-1abf-40dc-a818-f21322fbd2ce', '40629876-064c-4daa-b778-004cb6727e3d', 'Onion', 2.4, 'cup');
INSERT INTO recipe_dietary_tags (recipe_id, tag_id) VALUES ('40629876-064c-4daa-b778-004cb6727e3d', 5);

INSERT INTO recipes (id, user_id, title, description, instructions, image_url, servings, source_url, source_name, is_archived, views, cart_adds) VALUES ('da18f2f3-24df-496b-b203-45d5cb88cdab', 'admin-user-id', 'Blueberry Muffins', 'A delicious Blueberry Muffins recipe. This Midwest-friendly dish is a family favorite and easy to make with common ingredients.', '1. Preheat oven to 375°F (190°C) if baking.
2. Prepare the Muffins and other main ingredients.
3. In a large bowl, combine with seasonings.
4. Cook according to source instructions until internal temperature is safe.
5. Let rest for 5 minutes before serving.', 'https://images.unsplash.com/photo-1555939594-58d7cb561ad1?auto=format&fit=crop&w=800&q=60', 3, 'https://www.allrecipes.com/recipe/blueberry-muffins', 'AllRecipes', 0, 590, 30);
INSERT INTO ingredients (id, recipe_id, name, quantity, unit) VALUES ('73d58226-9232-41dd-914e-271b4a502706', 'da18f2f3-24df-496b-b203-45d5cb88cdab', 'Sour Cream', 1.5, 'cup');
INSERT INTO ingredients (id, recipe_id, name, quantity, unit) VALUES ('d6d205e3-5274-4f21-a05d-080873869fa8', 'da18f2f3-24df-496b-b203-45d5cb88cdab', 'Honey', 3.4, 'tbsp');
INSERT INTO ingredients (id, recipe_id, name, quantity, unit) VALUES ('6686cc0d-8a63-44b3-b82a-d1d491ccbb72', 'da18f2f3-24df-496b-b203-45d5cb88cdab', 'Chicken Breast', 1.7, 'lb');
INSERT INTO ingredients (id, recipe_id, name, quantity, unit) VALUES ('3923e60d-2b83-43ab-8d90-27534913d7b0', 'da18f2f3-24df-496b-b203-45d5cb88cdab', 'Carrots', 1.7, 'cup');
INSERT INTO ingredients (id, recipe_id, name, quantity, unit) VALUES ('7c36f717-41dd-493a-b8a2-d79830a2e817', 'da18f2f3-24df-496b-b203-45d5cb88cdab', 'Milk', 0.6, 'cup');
INSERT INTO ingredients (id, recipe_id, name, quantity, unit) VALUES ('3a7a086d-1195-4f20-a8d2-05e3043c975d', 'da18f2f3-24df-496b-b203-45d5cb88cdab', 'Ground Beef', 2.5, 'lb');
INSERT INTO ingredients (id, recipe_id, name, quantity, unit) VALUES ('f9bb9ee3-6436-4551-86ca-996cfffad278', 'da18f2f3-24df-496b-b203-45d5cb88cdab', 'Soy Sauce', 1.6, 'tbsp');
INSERT INTO recipe_dietary_tags (recipe_id, tag_id) VALUES ('da18f2f3-24df-496b-b203-45d5cb88cdab', 5);

INSERT INTO recipes (id, user_id, title, description, instructions, image_url, servings, source_url, source_name, is_archived, views, cart_adds) VALUES ('139479b3-f8cc-4bda-b285-a1360e5106cd', 'admin-user-id', 'Apple Crisp', 'A delicious Apple Crisp recipe. This Midwest-friendly dish is a family favorite and easy to make with common ingredients.', '1. Preheat oven to 375°F (190°C) if baking.
2. Prepare the Crisp and other main ingredients.
3. In a large bowl, combine with seasonings.
4. Cook according to source instructions until internal temperature is safe.
5. Let rest for 5 minutes before serving.', 'https://images.unsplash.com/photo-1513104894114-bd7ea4718312?auto=format&fit=crop&w=800&q=60', 7, 'https://www.epicurious.com/recipe/apple-crisp', 'Epicurious', 0, 403, 85);
INSERT INTO ingredients (id, recipe_id, name, quantity, unit) VALUES ('501dd819-6cc6-495b-a9ed-30db83450fa3', '139479b3-f8cc-4bda-b285-a1360e5106cd', 'Salt', 3.5, 'tsp');
INSERT INTO ingredients (id, recipe_id, name, quantity, unit) VALUES ('87a60803-9b0f-4165-a31e-b7833651b9d3', '139479b3-f8cc-4bda-b285-a1360e5106cd', 'Potatoes', 1.8, 'lb');
INSERT INTO ingredients (id, recipe_id, name, quantity, unit) VALUES ('0f1b7362-6336-41c2-9692-aa56d6ff0c86', '139479b3-f8cc-4bda-b285-a1360e5106cd', 'Rice', 3.0, 'cup');
INSERT INTO ingredients (id, recipe_id, name, quantity, unit) VALUES ('f1930210-f988-454c-a50d-45526eaf2dd9', '139479b3-f8cc-4bda-b285-a1360e5106cd', 'Butter', 1.5, 'tbsp');
INSERT INTO ingredients (id, recipe_id, name, quantity, unit) VALUES ('f0067b8d-13a2-4ca3-99e4-8e0feea68d18', '139479b3-f8cc-4bda-b285-a1360e5106cd', 'Pasta', 0.7, 'oz');
INSERT INTO recipe_dietary_tags (recipe_id, tag_id) VALUES ('139479b3-f8cc-4bda-b285-a1360e5106cd', 5);
INSERT INTO recipe_dietary_tags (recipe_id, tag_id) VALUES ('139479b3-f8cc-4bda-b285-a1360e5106cd', 4);
INSERT INTO recipe_dietary_tags (recipe_id, tag_id) VALUES ('139479b3-f8cc-4bda-b285-a1360e5106cd', 8);

INSERT INTO recipes (id, user_id, title, description, instructions, image_url, servings, source_url, source_name, is_archived, views, cart_adds) VALUES ('70d97bef-ebc8-4941-b980-4b18ada12a45', 'admin-user-id', 'Rhubarb Pie', 'A delicious Rhubarb Pie recipe. This Midwest-friendly dish is a family favorite and easy to make with common ingredients.', '1. Preheat oven to 375°F (190°C) if baking.
2. Prepare the Pie and other main ingredients.
3. In a large bowl, combine with seasonings.
4. Cook according to source instructions until internal temperature is safe.
5. Let rest for 5 minutes before serving.', 'https://images.unsplash.com/photo-1504754524776-8f4f37799ca7?auto=format&fit=crop&w=800&q=60', 3, 'https://www.bonappetit.com/recipe/rhubarb-pie', 'Bon Appetit', 0, 858, 46);
INSERT INTO ingredients (id, recipe_id, name, quantity, unit) VALUES ('5c407206-9b5e-40e9-86c7-9e128347b1f6', '70d97bef-ebc8-4941-b980-4b18ada12a45', 'Potatoes', 1.8, 'lb');
INSERT INTO ingredients (id, recipe_id, name, quantity, unit) VALUES ('6f7f2bb2-b56a-4506-b558-9b91f82a4762', '70d97bef-ebc8-4941-b980-4b18ada12a45', 'Celery', 1.5, 'cup');
INSERT INTO ingredients (id, recipe_id, name, quantity, unit) VALUES ('8c8d090d-0f62-4a36-b956-0bdbdcda7f32', '70d97bef-ebc8-4941-b980-4b18ada12a45', 'Breadcrumbs', 3.4, 'cup');
INSERT INTO ingredients (id, recipe_id, name, quantity, unit) VALUES ('d1015069-28c4-422d-91d1-af19e83f903d', '70d97bef-ebc8-4941-b980-4b18ada12a45', 'Heavy Cream', 1.0, 'cup');
INSERT INTO ingredients (id, recipe_id, name, quantity, unit) VALUES ('81c407db-bd6b-4f06-8e49-24b1497b3412', '70d97bef-ebc8-4941-b980-4b18ada12a45', 'Honey', 1.3, 'tbsp');
INSERT INTO ingredients (id, recipe_id, name, quantity, unit) VALUES ('ae1512c3-8b39-4935-886c-0632995f4968', '70d97bef-ebc8-4941-b980-4b18ada12a45', 'Butter', 0.8, 'tbsp');
INSERT INTO recipe_dietary_tags (recipe_id, tag_id) VALUES ('70d97bef-ebc8-4941-b980-4b18ada12a45', 5);
INSERT INTO recipe_dietary_tags (recipe_id, tag_id) VALUES ('70d97bef-ebc8-4941-b980-4b18ada12a45', 9);

INSERT INTO recipes (id, user_id, title, description, instructions, image_url, servings, source_url, source_name, is_archived, views, cart_adds) VALUES ('3bf200af-6880-456f-bfea-32513b2a58b7', 'admin-user-id', 'Pumpkin Bars', 'A delicious Pumpkin Bars recipe. This Midwest-friendly dish is a family favorite and easy to make with common ingredients.', '1. Preheat oven to 375°F (190°C) if baking.
2. Prepare the Bars and other main ingredients.
3. In a large bowl, combine with seasonings.
4. Cook according to source instructions until internal temperature is safe.
5. Let rest for 5 minutes before serving.', 'https://images.unsplash.com/photo-1476224203421-9ac3993557a4?auto=format&fit=crop&w=800&q=60', 3, 'https://www.foodnetwork.com/recipe/pumpkin-bars', 'Food Network', 0, 518, 64);
INSERT INTO ingredients (id, recipe_id, name, quantity, unit) VALUES ('d70d0ac8-b36c-45d9-8229-153305b56d8f', '3bf200af-6880-456f-bfea-32513b2a58b7', 'Sour Cream', 1.1, 'cup');
INSERT INTO ingredients (id, recipe_id, name, quantity, unit) VALUES ('b5893df1-88a4-407c-ab98-9f34084bec3c', '3bf200af-6880-456f-bfea-32513b2a58b7', 'Olive Oil', 2.2, 'tbsp');
INSERT INTO ingredients (id, recipe_id, name, quantity, unit) VALUES ('a42940a4-2855-4340-9f7a-1d3d21d92f13', '3bf200af-6880-456f-bfea-32513b2a58b7', 'Salt', 0.6, 'tsp');
INSERT INTO ingredients (id, recipe_id, name, quantity, unit) VALUES ('394bdd59-8900-4a74-a51d-75f7cd0d63e8', '3bf200af-6880-456f-bfea-32513b2a58b7', 'Worcestershire Sauce', 2.7, 'tbsp');
INSERT INTO ingredients (id, recipe_id, name, quantity, unit) VALUES ('872b8b7c-cee2-48c2-9653-5d801883dc37', '3bf200af-6880-456f-bfea-32513b2a58b7', 'Dijon Mustard', 1.6, 'tsp');
INSERT INTO ingredients (id, recipe_id, name, quantity, unit) VALUES ('a90b2be6-b2ca-4ae1-abe8-5f068aac2f6b', '3bf200af-6880-456f-bfea-32513b2a58b7', 'Lemon Juice', 1.7, 'tbsp');
INSERT INTO ingredients (id, recipe_id, name, quantity, unit) VALUES ('685cd41b-b2e1-446c-849d-18111915dc6b', '3bf200af-6880-456f-bfea-32513b2a58b7', 'Tomato Sauce', 0.9, 'oz');
INSERT INTO recipe_dietary_tags (recipe_id, tag_id) VALUES ('3bf200af-6880-456f-bfea-32513b2a58b7', 5);

INSERT INTO recipes (id, user_id, title, description, instructions, image_url, servings, source_url, source_name, is_archived, views, cart_adds) VALUES ('15a1de89-e353-49cf-abbe-85f249cd978f', 'admin-user-id', 'Cherry Pie', 'A delicious Cherry Pie recipe. This Midwest-friendly dish is a family favorite and easy to make with common ingredients.', '1. Preheat oven to 375°F (190°C) if baking.
2. Prepare the Pie and other main ingredients.
3. In a large bowl, combine with seasonings.
4. Cook according to source instructions until internal temperature is safe.
5. Let rest for 5 minutes before serving.', 'https://images.unsplash.com/photo-1498837167721-8f5c1a322c2e?auto=format&fit=crop&w=800&q=60', 2, 'https://www.epicurious.com/recipe/cherry-pie', 'Epicurious', 0, 723, 45);
INSERT INTO ingredients (id, recipe_id, name, quantity, unit) VALUES ('580d4e7e-5961-4dc6-b6b1-7a90ae9ba42f', '15a1de89-e353-49cf-abbe-85f249cd978f', 'Potatoes', 1.0, 'lb');
INSERT INTO ingredients (id, recipe_id, name, quantity, unit) VALUES ('a30bb8be-01eb-4b28-ae59-5bfda579729b', '15a1de89-e353-49cf-abbe-85f249cd978f', 'Celery', 3.4, 'cup');
INSERT INTO ingredients (id, recipe_id, name, quantity, unit) VALUES ('14b1f5ce-a022-4ed7-8d7f-6a01c16a6516', '15a1de89-e353-49cf-abbe-85f249cd978f', 'Worcestershire Sauce', 2.8, 'tbsp');
INSERT INTO ingredients (id, recipe_id, name, quantity, unit) VALUES ('4b24f9d2-6cff-4b17-a004-43523c118454', '15a1de89-e353-49cf-abbe-85f249cd978f', 'Sour Cream', 0.8, 'cup');
INSERT INTO recipe_dietary_tags (recipe_id, tag_id) VALUES ('15a1de89-e353-49cf-abbe-85f249cd978f', 5);
INSERT INTO recipe_dietary_tags (recipe_id, tag_id) VALUES ('15a1de89-e353-49cf-abbe-85f249cd978f', 2);

INSERT INTO recipes (id, user_id, title, description, instructions, image_url, servings, source_url, source_name, is_archived, views, cart_adds) VALUES ('0e6fedb3-88a4-4a94-8623-25e1e20de0d0', 'admin-user-id', 'Snickerdoodles', 'A delicious Snickerdoodles recipe. This Midwest-friendly dish is a family favorite and easy to make with common ingredients.', '1. Preheat oven to 375°F (190°C) if baking.
2. Prepare the Snickerdoodles and other main ingredients.
3. In a large bowl, combine with seasonings.
4. Cook according to source instructions until internal temperature is safe.
5. Let rest for 5 minutes before serving.', 'https://images.unsplash.com/photo-1490645935967-10de6ba17051?auto=format&fit=crop&w=800&q=60', 2, 'https://www.epicurious.com/recipe/snickerdoodles', 'Epicurious', 0, 188, 19);
INSERT INTO ingredients (id, recipe_id, name, quantity, unit) VALUES ('9b630066-99f4-47c7-9957-c05c87731ff6', '0e6fedb3-88a4-4a94-8623-25e1e20de0d0', 'Soy Sauce', 1.4, 'tbsp');
INSERT INTO ingredients (id, recipe_id, name, quantity, unit) VALUES ('ef027037-1a4f-46b5-b162-9fd99cc356f7', '0e6fedb3-88a4-4a94-8623-25e1e20de0d0', 'Celery', 0.8, 'cup');
INSERT INTO ingredients (id, recipe_id, name, quantity, unit) VALUES ('d2e33e2b-f049-47a2-a251-04e84e1213e8', '0e6fedb3-88a4-4a94-8623-25e1e20de0d0', 'Carrots', 1.8, 'cup');
INSERT INTO ingredients (id, recipe_id, name, quantity, unit) VALUES ('d39cb8c5-05f3-4486-98ff-5dc6611d2ea7', '0e6fedb3-88a4-4a94-8623-25e1e20de0d0', 'Cream of Mushroom Soup', 2.7, 'can');
INSERT INTO ingredients (id, recipe_id, name, quantity, unit) VALUES ('ac8bc5c9-0f7e-48db-ab88-46857e534dd8', '0e6fedb3-88a4-4a94-8623-25e1e20de0d0', 'Egg', 0.8, 'large');
INSERT INTO ingredients (id, recipe_id, name, quantity, unit) VALUES ('49105e6d-d74a-4746-a85a-9aa5b1ff089c', '0e6fedb3-88a4-4a94-8623-25e1e20de0d0', 'Worcestershire Sauce', 2.6, 'tbsp');
INSERT INTO ingredients (id, recipe_id, name, quantity, unit) VALUES ('b9148746-3a3f-4cb8-ab3b-51b08b401c32', '0e6fedb3-88a4-4a94-8623-25e1e20de0d0', 'Pasta', 3.2, 'oz');
INSERT INTO recipe_dietary_tags (recipe_id, tag_id) VALUES ('0e6fedb3-88a4-4a94-8623-25e1e20de0d0', 5);
INSERT INTO recipe_dietary_tags (recipe_id, tag_id) VALUES ('0e6fedb3-88a4-4a94-8623-25e1e20de0d0', 2);
INSERT INTO recipe_dietary_tags (recipe_id, tag_id) VALUES ('0e6fedb3-88a4-4a94-8623-25e1e20de0d0', 4);
INSERT INTO recipe_dietary_tags (recipe_id, tag_id) VALUES ('0e6fedb3-88a4-4a94-8623-25e1e20de0d0', 8);

INSERT INTO recipes (id, user_id, title, description, instructions, image_url, servings, source_url, source_name, is_archived, views, cart_adds) VALUES ('729a4b2d-b5ad-4af9-90c2-938339336860', 'admin-user-id', 'Molasses Cookies', 'A delicious Molasses Cookies recipe. This Midwest-friendly dish is a family favorite and easy to make with common ingredients.', '1. Preheat oven to 375°F (190°C) if baking.
2. Prepare the Cookies and other main ingredients.
3. In a large bowl, combine with seasonings.
4. Cook according to source instructions until internal temperature is safe.
5. Let rest for 5 minutes before serving.', 'https://images.unsplash.com/photo-1506084868214-19a1f9e147f8?auto=format&fit=crop&w=800&q=60', 5, 'https://www.foodnetwork.com/recipe/molasses-cookies', 'Food Network', 0, 770, 34);
INSERT INTO ingredients (id, recipe_id, name, quantity, unit) VALUES ('ce7c7c36-c3f0-4295-b1a1-91269ecc2940', '729a4b2d-b5ad-4af9-90c2-938339336860', 'Frozen Peas', 2.0, 'cup');
INSERT INTO ingredients (id, recipe_id, name, quantity, unit) VALUES ('c7211e0c-bdae-472b-825f-a1975ca7eafd', '729a4b2d-b5ad-4af9-90c2-938339336860', 'Tomato Sauce', 1.1, 'oz');
INSERT INTO ingredients (id, recipe_id, name, quantity, unit) VALUES ('e1ca9dfd-c0e9-4c4d-832f-6b96d89bc090', '729a4b2d-b5ad-4af9-90c2-938339336860', 'Heavy Cream', 1.6, 'cup');
INSERT INTO ingredients (id, recipe_id, name, quantity, unit) VALUES ('1ee89f0b-8abb-4815-830e-87465135b55d', '729a4b2d-b5ad-4af9-90c2-938339336860', 'Sour Cream', 1.4, 'cup');
INSERT INTO ingredients (id, recipe_id, name, quantity, unit) VALUES ('b3096c91-e12a-4a09-a6c4-f909d62ca444', '729a4b2d-b5ad-4af9-90c2-938339336860', 'Garlic', 0.7, 'clove');
INSERT INTO recipe_dietary_tags (recipe_id, tag_id) VALUES ('729a4b2d-b5ad-4af9-90c2-938339336860', 5);
INSERT INTO recipe_dietary_tags (recipe_id, tag_id) VALUES ('729a4b2d-b5ad-4af9-90c2-938339336860', 2);
INSERT INTO recipe_dietary_tags (recipe_id, tag_id) VALUES ('729a4b2d-b5ad-4af9-90c2-938339336860', 8);
INSERT INTO recipe_dietary_tags (recipe_id, tag_id) VALUES ('729a4b2d-b5ad-4af9-90c2-938339336860', 9);

INSERT INTO recipes (id, user_id, title, description, instructions, image_url, servings, source_url, source_name, is_archived, views, cart_adds) VALUES ('9486a8f1-810b-4379-8db5-ae331cf2b5af', 'admin-user-id', 'Garlic Lemon Grilled Shrimp', 'A delicious Garlic Lemon Grilled Shrimp recipe. This Midwest-friendly dish is a family favorite and easy to make with common ingredients.', '1. Preheat oven to 375°F (190°C) if baking.
2. Prepare the Shrimp and other main ingredients.
3. In a large bowl, combine with seasonings.
4. Cook according to source instructions until internal temperature is safe.
5. Let rest for 5 minutes before serving.', 'https://images.unsplash.com/photo-1529042410759-adb828e4eaf0?auto=format&fit=crop&w=800&q=60', 4, 'https://www.tasteofhome.com/recipe/garlic-lemon-grilled-shrimp', 'Taste of Home', 0, 903, 80);
INSERT INTO ingredients (id, recipe_id, name, quantity, unit) VALUES ('242b4a53-59e7-42f1-84b5-c7a01c6ce469', '9486a8f1-810b-4379-8db5-ae331cf2b5af', 'Honey', 0.9, 'tbsp');
INSERT INTO ingredients (id, recipe_id, name, quantity, unit) VALUES ('970bb902-d207-43e5-a89b-2a1c79ec0167', '9486a8f1-810b-4379-8db5-ae331cf2b5af', 'Ground Beef', 1.7, 'lb');
INSERT INTO ingredients (id, recipe_id, name, quantity, unit) VALUES ('ee69f46c-e179-479b-b062-ca81f0c30472', '9486a8f1-810b-4379-8db5-ae331cf2b5af', 'Breadcrumbs', 1.8, 'cup');
INSERT INTO ingredients (id, recipe_id, name, quantity, unit) VALUES ('873d0a97-43d1-489e-b8e2-b20075571a0d', '9486a8f1-810b-4379-8db5-ae331cf2b5af', 'Potatoes', 1.4, 'lb');
INSERT INTO ingredients (id, recipe_id, name, quantity, unit) VALUES ('2278e49a-aaef-47aa-8099-ed5c72a281bb', '9486a8f1-810b-4379-8db5-ae331cf2b5af', 'Heavy Cream', 2.5, 'cup');
INSERT INTO ingredients (id, recipe_id, name, quantity, unit) VALUES ('cb3fdf9f-970a-492a-88f7-2d3ac86f4842', '9486a8f1-810b-4379-8db5-ae331cf2b5af', 'Tomato Sauce', 1.6, 'oz');
INSERT INTO recipe_dietary_tags (recipe_id, tag_id) VALUES ('9486a8f1-810b-4379-8db5-ae331cf2b5af', 6);
INSERT INTO recipe_dietary_tags (recipe_id, tag_id) VALUES ('9486a8f1-810b-4379-8db5-ae331cf2b5af', 4);

INSERT INTO recipes (id, user_id, title, description, instructions, image_url, servings, source_url, source_name, is_archived, views, cart_adds) VALUES ('8a2f4a74-698e-4346-9a74-f52feead0395', 'admin-user-id', 'Smoky BBQ Pan-Seared Pork', 'A delicious Smoky BBQ Pan-Seared Pork recipe. This Midwest-friendly dish is a family favorite and easy to make with common ingredients.', '1. Preheat oven to 375°F (190°C) if baking.
2. Prepare the Pork and other main ingredients.
3. In a large bowl, combine with seasonings.
4. Cook according to source instructions until internal temperature is safe.
5. Let rest for 5 minutes before serving.', 'https://images.unsplash.com/photo-1455619452474-d2ba29bc06da?auto=format&fit=crop&w=800&q=60', 2, 'https://www.epicurious.com/recipe/smoky-bbq-pan-seared-pork', 'Epicurious', 0, 250, 66);
INSERT INTO ingredients (id, recipe_id, name, quantity, unit) VALUES ('66006574-a613-43c3-ba8e-c85f505f1a1b', '8a2f4a74-698e-4346-9a74-f52feead0395', 'Milk', 1.0, 'cup');
INSERT INTO ingredients (id, recipe_id, name, quantity, unit) VALUES ('03fff588-76e2-4ff1-8a85-21ca173fc3f7', '8a2f4a74-698e-4346-9a74-f52feead0395', 'Cream of Mushroom Soup', 3.0, 'can');
INSERT INTO ingredients (id, recipe_id, name, quantity, unit) VALUES ('9fde7eab-5bb5-4842-9556-2c64efb76a3c', '8a2f4a74-698e-4346-9a74-f52feead0395', 'Soy Sauce', 0.8, 'tbsp');
INSERT INTO ingredients (id, recipe_id, name, quantity, unit) VALUES ('43690436-3af8-4106-9b8f-20c42e6e46bf', '8a2f4a74-698e-4346-9a74-f52feead0395', 'Tomato Sauce', 1.5, 'oz');
INSERT INTO ingredients (id, recipe_id, name, quantity, unit) VALUES ('453028d2-db96-4b95-8a7e-ee1a9228e248', '8a2f4a74-698e-4346-9a74-f52feead0395', 'Onion', 1.0, 'cup');
INSERT INTO recipe_dietary_tags (recipe_id, tag_id) VALUES ('8a2f4a74-698e-4346-9a74-f52feead0395', 10);

INSERT INTO recipes (id, user_id, title, description, instructions, image_url, servings, source_url, source_name, is_archived, views, cart_adds) VALUES ('0a93c884-fb38-4514-8569-2d748c90a9f3', 'admin-user-id', 'Honey Sriracha Roasted Pork', 'A delicious Honey Sriracha Roasted Pork recipe. This Midwest-friendly dish is a family favorite and easy to make with common ingredients.', '1. Preheat oven to 375°F (190°C) if baking.
2. Prepare the Pork and other main ingredients.
3. In a large bowl, combine with seasonings.
4. Cook according to source instructions until internal temperature is safe.
5. Let rest for 5 minutes before serving.', 'https://images.unsplash.com/photo-1504113888839-14294c223d51?auto=format&fit=crop&w=800&q=60', 2, 'https://www.allrecipes.com/recipe/honey-sriracha-roasted-pork', 'AllRecipes', 0, 442, 31);
INSERT INTO ingredients (id, recipe_id, name, quantity, unit) VALUES ('37e3f9b1-9477-4143-ae79-c2516adc164f', '0a93c884-fb38-4514-8569-2d748c90a9f3', 'Cream of Mushroom Soup', 1.9, 'can');
INSERT INTO ingredients (id, recipe_id, name, quantity, unit) VALUES ('93d48c54-727d-45e7-b839-dd0e0a75c92a', '0a93c884-fb38-4514-8569-2d748c90a9f3', 'Tomato Sauce', 2.3, 'oz');
INSERT INTO ingredients (id, recipe_id, name, quantity, unit) VALUES ('339e982b-5a06-4a0f-96e9-c0d80e166306', '0a93c884-fb38-4514-8569-2d748c90a9f3', 'Milk', 2.1, 'cup');
INSERT INTO ingredients (id, recipe_id, name, quantity, unit) VALUES ('3e1e347c-fcf3-47d5-91af-a2fb9671ae33', '0a93c884-fb38-4514-8569-2d748c90a9f3', 'Butter', 2.8, 'tbsp');
INSERT INTO ingredients (id, recipe_id, name, quantity, unit) VALUES ('bfaaebb0-10cf-461e-8868-7ae3297caebf', '0a93c884-fb38-4514-8569-2d748c90a9f3', 'Cheddar Cheese', 2.7, 'cup');
INSERT INTO ingredients (id, recipe_id, name, quantity, unit) VALUES ('a06324da-7a17-4b37-aec3-6a2ea7759b52', '0a93c884-fb38-4514-8569-2d748c90a9f3', 'Frozen Peas', 0.6, 'cup');
INSERT INTO ingredients (id, recipe_id, name, quantity, unit) VALUES ('11609fcc-0d3b-470f-8d82-235da7350d80', '0a93c884-fb38-4514-8569-2d748c90a9f3', 'Honey', 3.3, 'tbsp');
INSERT INTO recipe_dietary_tags (recipe_id, tag_id) VALUES ('0a93c884-fb38-4514-8569-2d748c90a9f3', 10);
INSERT INTO recipe_dietary_tags (recipe_id, tag_id) VALUES ('0a93c884-fb38-4514-8569-2d748c90a9f3', 4);

INSERT INTO recipes (id, user_id, title, description, instructions, image_url, servings, source_url, source_name, is_archived, views, cart_adds) VALUES ('96bc40d3-594d-45bc-a78b-f49c32a6c61f', 'admin-user-id', 'Miso Ginger Pan-Seared Beef', 'A delicious Miso Ginger Pan-Seared Beef recipe. This Midwest-friendly dish is a family favorite and easy to make with common ingredients.', '1. Preheat oven to 375°F (190°C) if baking.
2. Prepare the Beef and other main ingredients.
3. In a large bowl, combine with seasonings.
4. Cook according to source instructions until internal temperature is safe.
5. Let rest for 5 minutes before serving.', 'https://images.unsplash.com/photo-1546062477-fe2f66230ba3?auto=format&fit=crop&w=800&q=60', 7, 'https://www.tasteofhome.com/recipe/miso-ginger-pan-seared-beef', 'Taste of Home', 0, 859, 23);
INSERT INTO ingredients (id, recipe_id, name, quantity, unit) VALUES ('c9c9e438-1e7f-4cc8-b61b-cf97c85f1bbf', '96bc40d3-594d-45bc-a78b-f49c32a6c61f', 'Cheddar Cheese', 2.8, 'cup');
INSERT INTO ingredients (id, recipe_id, name, quantity, unit) VALUES ('09952eb2-1cdb-4557-9e97-de1d2a72a2d3', '96bc40d3-594d-45bc-a78b-f49c32a6c61f', 'Olive Oil', 0.5, 'tbsp');
INSERT INTO ingredients (id, recipe_id, name, quantity, unit) VALUES ('5bc0d82b-22a7-474e-b31d-42a240f14e3d', '96bc40d3-594d-45bc-a78b-f49c32a6c61f', 'Breadcrumbs', 2.5, 'cup');
INSERT INTO ingredients (id, recipe_id, name, quantity, unit) VALUES ('153ed189-b804-4aa9-9dd2-9b104b723089', '96bc40d3-594d-45bc-a78b-f49c32a6c61f', 'Milk', 2.4, 'cup');
INSERT INTO ingredients (id, recipe_id, name, quantity, unit) VALUES ('d737219a-dd7e-4794-9e2f-0d72c76f513a', '96bc40d3-594d-45bc-a78b-f49c32a6c61f', 'Butter', 0.8, 'tbsp');
INSERT INTO ingredients (id, recipe_id, name, quantity, unit) VALUES ('5a665ddd-64f3-4d16-80b9-0e640e16d426', '96bc40d3-594d-45bc-a78b-f49c32a6c61f', 'Carrots', 3.0, 'cup');
INSERT INTO recipe_dietary_tags (recipe_id, tag_id) VALUES ('96bc40d3-594d-45bc-a78b-f49c32a6c61f', 8);

INSERT INTO recipes (id, user_id, title, description, instructions, image_url, servings, source_url, source_name, is_archived, views, cart_adds) VALUES ('ffcaade4-afac-4a16-b593-91cad8db1eba', 'admin-user-id', 'Miso Ginger Baked Tofu', 'A delicious Miso Ginger Baked Tofu recipe. This Midwest-friendly dish is a family favorite and easy to make with common ingredients.', '1. Preheat oven to 375°F (190°C) if baking.
2. Prepare the Tofu and other main ingredients.
3. In a large bowl, combine with seasonings.
4. Cook according to source instructions until internal temperature is safe.
5. Let rest for 5 minutes before serving.', 'https://images.unsplash.com/photo-1504674900247-0877df9cc836?auto=format&fit=crop&w=800&q=60', 5, 'https://www.tasteofhome.com/recipe/miso-ginger-baked-tofu', 'Taste of Home', 0, 953, 50);
INSERT INTO ingredients (id, recipe_id, name, quantity, unit) VALUES ('0cd03064-7ffb-4341-94cc-a51e85787fba', 'ffcaade4-afac-4a16-b593-91cad8db1eba', 'Dijon Mustard', 2.5, 'tsp');
INSERT INTO ingredients (id, recipe_id, name, quantity, unit) VALUES ('37af9c1e-992e-47ef-9487-8f3febf342d5', 'ffcaade4-afac-4a16-b593-91cad8db1eba', 'Egg', 1.0, 'large');
INSERT INTO ingredients (id, recipe_id, name, quantity, unit) VALUES ('fe151f92-c981-4a15-beec-dbc5f9f62e1b', 'ffcaade4-afac-4a16-b593-91cad8db1eba', 'Butter', 0.6, 'tbsp');
INSERT INTO ingredients (id, recipe_id, name, quantity, unit) VALUES ('4e27814f-ca51-41a4-bad8-eac812662645', 'ffcaade4-afac-4a16-b593-91cad8db1eba', 'Worcestershire Sauce', 3.1, 'tbsp');
INSERT INTO recipe_dietary_tags (recipe_id, tag_id) VALUES ('ffcaade4-afac-4a16-b593-91cad8db1eba', 7);
INSERT INTO recipe_dietary_tags (recipe_id, tag_id) VALUES ('ffcaade4-afac-4a16-b593-91cad8db1eba', 2);

INSERT INTO recipes (id, user_id, title, description, instructions, image_url, servings, source_url, source_name, is_archived, views, cart_adds) VALUES ('c395c777-b174-408a-8489-427495d172f0', 'admin-user-id', 'Taco Seasoned Pan-Seared Cod', 'A delicious Taco Seasoned Pan-Seared Cod recipe. This Midwest-friendly dish is a family favorite and easy to make with common ingredients.', '1. Preheat oven to 375°F (190°C) if baking.
2. Prepare the Cod and other main ingredients.
3. In a large bowl, combine with seasonings.
4. Cook according to source instructions until internal temperature is safe.
5. Let rest for 5 minutes before serving.', 'https://images.unsplash.com/photo-1493770348161-369560ae357d?auto=format&fit=crop&w=800&q=60', 3, 'https://www.allrecipes.com/recipe/taco-seasoned-pan-seared-cod', 'AllRecipes', 0, 944, 37);
INSERT INTO ingredients (id, recipe_id, name, quantity, unit) VALUES ('20e1787c-922a-4bd2-a43c-a9f97a017cff', 'c395c777-b174-408a-8489-427495d172f0', 'Garlic', 1.1, 'clove');
INSERT INTO ingredients (id, recipe_id, name, quantity, unit) VALUES ('d4c8e7ed-b670-4060-a9fd-54f284f9d388', 'c395c777-b174-408a-8489-427495d172f0', 'Salt', 1.0, 'tsp');
INSERT INTO ingredients (id, recipe_id, name, quantity, unit) VALUES ('d004ea00-c2f3-46fb-9f98-b54f5c126100', 'c395c777-b174-408a-8489-427495d172f0', 'Onion', 3.3, 'cup');
INSERT INTO ingredients (id, recipe_id, name, quantity, unit) VALUES ('14334e74-7de4-4775-b5b4-5b36cfb8bf73', 'c395c777-b174-408a-8489-427495d172f0', 'Frozen Peas', 0.6, 'cup');
INSERT INTO ingredients (id, recipe_id, name, quantity, unit) VALUES ('daa108d4-e037-411e-a400-a0899e7d07c7', 'c395c777-b174-408a-8489-427495d172f0', 'Egg', 3.1, 'large');
INSERT INTO ingredients (id, recipe_id, name, quantity, unit) VALUES ('63c23017-3d08-4e08-a969-882654d11c3c', 'c395c777-b174-408a-8489-427495d172f0', 'Honey', 2.1, 'tbsp');
INSERT INTO recipe_dietary_tags (recipe_id, tag_id) VALUES ('c395c777-b174-408a-8489-427495d172f0', 10);
INSERT INTO recipe_dietary_tags (recipe_id, tag_id) VALUES ('c395c777-b174-408a-8489-427495d172f0', 2);

INSERT INTO recipes (id, user_id, title, description, instructions, image_url, servings, source_url, source_name, is_archived, views, cart_adds) VALUES ('834ea362-174a-4908-a6bc-3a6f9bfe2030', 'admin-user-id', 'Cajun Spiced Slow Cooked Shrimp', 'A delicious Cajun Spiced Slow Cooked Shrimp recipe. This Midwest-friendly dish is a family favorite and easy to make with common ingredients.', '1. Preheat oven to 375°F (190°C) if baking.
2. Prepare the Shrimp and other main ingredients.
3. In a large bowl, combine with seasonings.
4. Cook according to source instructions until internal temperature is safe.
5. Let rest for 5 minutes before serving.', 'https://images.unsplash.com/photo-1473093226795-af9932fe5856?auto=format&fit=crop&w=800&q=60', 4, 'https://www.foodnetwork.com/recipe/cajun-spiced-slow-cooked-shrimp', 'Food Network', 0, 467, 19);
INSERT INTO ingredients (id, recipe_id, name, quantity, unit) VALUES ('cc15e404-e29b-4629-a95d-3fc9c00b1902', '834ea362-174a-4908-a6bc-3a6f9bfe2030', 'Pasta', 3.3, 'oz');
INSERT INTO ingredients (id, recipe_id, name, quantity, unit) VALUES ('1e1b760e-b379-4d12-a09f-55acffa510f2', '834ea362-174a-4908-a6bc-3a6f9bfe2030', 'Egg', 1.6, 'large');
INSERT INTO ingredients (id, recipe_id, name, quantity, unit) VALUES ('6f17ccb8-9975-4424-a734-aad9cd391afc', '834ea362-174a-4908-a6bc-3a6f9bfe2030', 'Worcestershire Sauce', 2.5, 'tbsp');
INSERT INTO ingredients (id, recipe_id, name, quantity, unit) VALUES ('1a503eb3-d7c5-4e0d-9e58-3c8bdbba7539', '834ea362-174a-4908-a6bc-3a6f9bfe2030', 'Milk', 2.9, 'cup');
INSERT INTO ingredients (id, recipe_id, name, quantity, unit) VALUES ('62f440ec-9f08-4c98-abe0-a36a43588a8a', '834ea362-174a-4908-a6bc-3a6f9bfe2030', 'Lemon Juice', 0.8, 'tbsp');
INSERT INTO ingredients (id, recipe_id, name, quantity, unit) VALUES ('d7efe65f-1827-4267-8502-c357420fcb06', '834ea362-174a-4908-a6bc-3a6f9bfe2030', 'Butter', 0.9, 'tbsp');
INSERT INTO recipe_dietary_tags (recipe_id, tag_id) VALUES ('834ea362-174a-4908-a6bc-3a6f9bfe2030', 8);
INSERT INTO recipe_dietary_tags (recipe_id, tag_id) VALUES ('834ea362-174a-4908-a6bc-3a6f9bfe2030', 2);

INSERT INTO recipes (id, user_id, title, description, instructions, image_url, servings, source_url, source_name, is_archived, views, cart_adds) VALUES ('24a44d7f-53c7-42f7-8313-77ae08a494e8', 'admin-user-id', 'Balsamic Glaze Sautéed Venison', 'A delicious Balsamic Glaze Sautéed Venison recipe. This Midwest-friendly dish is a family favorite and easy to make with common ingredients.', '1. Preheat oven to 375°F (190°C) if baking.
2. Prepare the Venison and other main ingredients.
3. In a large bowl, combine with seasonings.
4. Cook according to source instructions until internal temperature is safe.
5. Let rest for 5 minutes before serving.', 'https://images.unsplash.com/photo-1512621776951-a57141f2eefd?auto=format&fit=crop&w=800&q=60', 5, 'https://www.tasteofhome.com/recipe/balsamic-glaze-saut-ed-venison', 'Taste of Home', 0, 222, 26);
INSERT INTO ingredients (id, recipe_id, name, quantity, unit) VALUES ('e3a46296-f03e-47dc-a520-1bb3e97e4fe5', '24a44d7f-53c7-42f7-8313-77ae08a494e8', 'Black Pepper', 3.0, 'tsp');
INSERT INTO ingredients (id, recipe_id, name, quantity, unit) VALUES ('3235d9b8-f0ee-436c-bf83-6453c8629924', '24a44d7f-53c7-42f7-8313-77ae08a494e8', 'Worcestershire Sauce', 1.7, 'tbsp');
INSERT INTO ingredients (id, recipe_id, name, quantity, unit) VALUES ('a061ec52-7545-4e64-977c-e6fbda9b5b4e', '24a44d7f-53c7-42f7-8313-77ae08a494e8', 'Milk', 1.2, 'cup');
INSERT INTO ingredients (id, recipe_id, name, quantity, unit) VALUES ('392c6ea3-6602-40ac-bcf5-dc9c3370d82c', '24a44d7f-53c7-42f7-8313-77ae08a494e8', 'Lemon Juice', 1.0, 'tbsp');
INSERT INTO ingredients (id, recipe_id, name, quantity, unit) VALUES ('b5f0be91-0e54-48a4-9c8a-c843e3809b37', '24a44d7f-53c7-42f7-8313-77ae08a494e8', 'Cheddar Cheese', 2.7, 'cup');
INSERT INTO recipe_dietary_tags (recipe_id, tag_id) VALUES ('24a44d7f-53c7-42f7-8313-77ae08a494e8', 5);
INSERT INTO recipe_dietary_tags (recipe_id, tag_id) VALUES ('24a44d7f-53c7-42f7-8313-77ae08a494e8', 2);

INSERT INTO recipes (id, user_id, title, description, instructions, image_url, servings, source_url, source_name, is_archived, views, cart_adds) VALUES ('d033d3c3-b64f-4d40-bfd9-d6a1a4181042', 'admin-user-id', 'Taco Seasoned Pan-Seared Shrimp', 'A delicious Taco Seasoned Pan-Seared Shrimp recipe. This Midwest-friendly dish is a family favorite and easy to make with common ingredients.', '1. Preheat oven to 375°F (190°C) if baking.
2. Prepare the Shrimp and other main ingredients.
3. In a large bowl, combine with seasonings.
4. Cook according to source instructions until internal temperature is safe.
5. Let rest for 5 minutes before serving.', 'https://images.unsplash.com/photo-1482049016688-2d3e1b311543?auto=format&fit=crop&w=800&q=60', 4, 'https://www.epicurious.com/recipe/taco-seasoned-pan-seared-shrimp', 'Epicurious', 0, 823, 96);
INSERT INTO ingredients (id, recipe_id, name, quantity, unit) VALUES ('f535192b-2430-4473-929b-400683f65e12', 'd033d3c3-b64f-4d40-bfd9-d6a1a4181042', 'Honey', 1.5, 'tbsp');
INSERT INTO ingredients (id, recipe_id, name, quantity, unit) VALUES ('0df2bedc-7f70-4a33-8dbc-0afe5cb04cc2', 'd033d3c3-b64f-4d40-bfd9-d6a1a4181042', 'Olive Oil', 1.9, 'tbsp');
INSERT INTO ingredients (id, recipe_id, name, quantity, unit) VALUES ('69b9f271-da18-4d00-a327-e45ab507abca', 'd033d3c3-b64f-4d40-bfd9-d6a1a4181042', 'Black Pepper', 2.4, 'tsp');
INSERT INTO ingredients (id, recipe_id, name, quantity, unit) VALUES ('fe04742c-3d06-4f5f-83f2-385dd7fe7d08', 'd033d3c3-b64f-4d40-bfd9-d6a1a4181042', 'Rice', 2.6, 'cup');
INSERT INTO ingredients (id, recipe_id, name, quantity, unit) VALUES ('baeefca0-e805-4d66-ae13-7c204cb99c94', 'd033d3c3-b64f-4d40-bfd9-d6a1a4181042', 'Worcestershire Sauce', 2.5, 'tbsp');
INSERT INTO ingredients (id, recipe_id, name, quantity, unit) VALUES ('a4ccd601-002d-47d8-9460-3659506d0f51', 'd033d3c3-b64f-4d40-bfd9-d6a1a4181042', 'Chicken Breast', 3.1, 'lb');
INSERT INTO ingredients (id, recipe_id, name, quantity, unit) VALUES ('57cbaac6-81c2-4241-a64a-972149d7a2ff', 'd033d3c3-b64f-4d40-bfd9-d6a1a4181042', 'Egg', 1.3, 'large');
INSERT INTO recipe_dietary_tags (recipe_id, tag_id) VALUES ('d033d3c3-b64f-4d40-bfd9-d6a1a4181042', 10);
INSERT INTO recipe_dietary_tags (recipe_id, tag_id) VALUES ('d033d3c3-b64f-4d40-bfd9-d6a1a4181042', 8);

INSERT INTO recipes (id, user_id, title, description, instructions, image_url, servings, source_url, source_name, is_archived, views, cart_adds) VALUES ('e18e63ed-2c1a-48dc-80bf-ee667aee0fc9', 'admin-user-id', 'Cajun Spiced Grilled Cod', 'A delicious Cajun Spiced Grilled Cod recipe. This Midwest-friendly dish is a family favorite and easy to make with common ingredients.', '1. Preheat oven to 375°F (190°C) if baking.
2. Prepare the Cod and other main ingredients.
3. In a large bowl, combine with seasonings.
4. Cook according to source instructions until internal temperature is safe.
5. Let rest for 5 minutes before serving.', 'https://images.unsplash.com/photo-1484723091739-30a097e8f929?auto=format&fit=crop&w=800&q=60', 4, 'https://www.bonappetit.com/recipe/cajun-spiced-grilled-cod', 'Bon Appetit', 0, 263, 28);
INSERT INTO ingredients (id, recipe_id, name, quantity, unit) VALUES ('9891adc1-b21a-4f38-acc2-f657437a41d3', 'e18e63ed-2c1a-48dc-80bf-ee667aee0fc9', 'Egg', 0.6, 'large');
INSERT INTO ingredients (id, recipe_id, name, quantity, unit) VALUES ('628b9da7-9280-46fd-8af9-8e8d05738bc2', 'e18e63ed-2c1a-48dc-80bf-ee667aee0fc9', 'Breadcrumbs', 2.6, 'cup');
INSERT INTO ingredients (id, recipe_id, name, quantity, unit) VALUES ('230d8cdc-9916-487d-966a-3ac3df61a507', 'e18e63ed-2c1a-48dc-80bf-ee667aee0fc9', 'Milk', 3.4, 'cup');
INSERT INTO ingredients (id, recipe_id, name, quantity, unit) VALUES ('78743bd5-3134-4364-8a3e-1ea2f7a46f0e', 'e18e63ed-2c1a-48dc-80bf-ee667aee0fc9', 'Sour Cream', 1.3, 'cup');
INSERT INTO ingredients (id, recipe_id, name, quantity, unit) VALUES ('74d9205d-d69f-4dae-a5c2-d971f4211a5e', 'e18e63ed-2c1a-48dc-80bf-ee667aee0fc9', 'Dijon Mustard', 3.4, 'tsp');
INSERT INTO recipe_dietary_tags (recipe_id, tag_id) VALUES ('e18e63ed-2c1a-48dc-80bf-ee667aee0fc9', 9);
INSERT INTO recipe_dietary_tags (recipe_id, tag_id) VALUES ('e18e63ed-2c1a-48dc-80bf-ee667aee0fc9', 2);

INSERT INTO recipes (id, user_id, title, description, instructions, image_url, servings, source_url, source_name, is_archived, views, cart_adds) VALUES ('c150226b-f9a3-4b50-a4b6-48c8fd60db70', 'admin-user-id', 'Herbes de Provence Pan-Seared Venison', 'A delicious Herbes de Provence Pan-Seared Venison recipe. This Midwest-friendly dish is a family favorite and easy to make with common ingredients.', '1. Preheat oven to 375°F (190°C) if baking.
2. Prepare the Venison and other main ingredients.
3. In a large bowl, combine with seasonings.
4. Cook according to source instructions until internal temperature is safe.
5. Let rest for 5 minutes before serving.', 'https://images.unsplash.com/photo-1540189549336-e6e99c3679fe?auto=format&fit=crop&w=800&q=60', 2, 'https://www.bonappetit.com/recipe/herbes-de-provence-pan-seared-venison', 'Bon Appetit', 0, 714, 38);
INSERT INTO ingredients (id, recipe_id, name, quantity, unit) VALUES ('52979708-6290-459c-ae62-99d6e7f6a655', 'c150226b-f9a3-4b50-a4b6-48c8fd60db70', 'Olive Oil', 1.9, 'tbsp');
INSERT INTO ingredients (id, recipe_id, name, quantity, unit) VALUES ('912650d2-68a7-4d6d-8078-5e6d34574486', 'c150226b-f9a3-4b50-a4b6-48c8fd60db70', 'Ground Beef', 0.6, 'lb');
INSERT INTO ingredients (id, recipe_id, name, quantity, unit) VALUES ('3666bebf-e7d4-4ba2-9b7d-648d58c2dc8e', 'c150226b-f9a3-4b50-a4b6-48c8fd60db70', 'Celery', 2.8, 'cup');
INSERT INTO ingredients (id, recipe_id, name, quantity, unit) VALUES ('f19f360b-8ea8-464e-b364-c2afd3b6fa50', 'c150226b-f9a3-4b50-a4b6-48c8fd60db70', 'Sour Cream', 1.9, 'cup');
INSERT INTO ingredients (id, recipe_id, name, quantity, unit) VALUES ('fbb953c6-a42c-4991-a61a-ba066220c726', 'c150226b-f9a3-4b50-a4b6-48c8fd60db70', 'Rice', 0.6, 'cup');
INSERT INTO ingredients (id, recipe_id, name, quantity, unit) VALUES ('db458762-344d-4ecb-ae7a-29a99f5ec35e', 'c150226b-f9a3-4b50-a4b6-48c8fd60db70', 'Butter', 3.1, 'tbsp');
INSERT INTO ingredients (id, recipe_id, name, quantity, unit) VALUES ('bc3ba29d-52a2-4d84-abbe-f8761dd49d6b', 'c150226b-f9a3-4b50-a4b6-48c8fd60db70', 'Egg', 3.3, 'large');
INSERT INTO recipe_dietary_tags (recipe_id, tag_id) VALUES ('c150226b-f9a3-4b50-a4b6-48c8fd60db70', 7);

INSERT INTO recipes (id, user_id, title, description, instructions, image_url, servings, source_url, source_name, is_archived, views, cart_adds) VALUES ('ec43d164-57c6-4593-9a6f-3485d7d2e749', 'admin-user-id', 'Balsamic Glaze Air Fried Pork', 'A delicious Balsamic Glaze Air Fried Pork recipe. This Midwest-friendly dish is a family favorite and easy to make with common ingredients.', '1. Preheat oven to 375°F (190°C) if baking.
2. Prepare the Pork and other main ingredients.
3. In a large bowl, combine with seasonings.
4. Cook according to source instructions until internal temperature is safe.
5. Let rest for 5 minutes before serving.', 'https://images.unsplash.com/photo-1567620985035-091781110527?auto=format&fit=crop&w=800&q=60', 7, 'https://www.tasteofhome.com/recipe/balsamic-glaze-air-fried-pork', 'Taste of Home', 0, 681, 81);
INSERT INTO ingredients (id, recipe_id, name, quantity, unit) VALUES ('70f58a21-465a-4fe1-be84-4289288ded7e', 'ec43d164-57c6-4593-9a6f-3485d7d2e749', 'Olive Oil', 0.6, 'tbsp');
INSERT INTO ingredients (id, recipe_id, name, quantity, unit) VALUES ('4745478c-a362-4029-b453-2b7e55427bc2', 'ec43d164-57c6-4593-9a6f-3485d7d2e749', 'Ground Beef', 0.6, 'lb');
INSERT INTO ingredients (id, recipe_id, name, quantity, unit) VALUES ('45d92ab2-1bf7-4eb2-af2e-bbc2485e5554', 'ec43d164-57c6-4593-9a6f-3485d7d2e749', 'Tater Tots', 2.3, 'oz');
INSERT INTO ingredients (id, recipe_id, name, quantity, unit) VALUES ('5cd45282-8b58-40ea-b813-f3f24c00bf9e', 'ec43d164-57c6-4593-9a6f-3485d7d2e749', 'Black Pepper', 2.1, 'tsp');
INSERT INTO ingredients (id, recipe_id, name, quantity, unit) VALUES ('33f84c77-1e87-426d-bec8-1f8a1fa3071a', 'ec43d164-57c6-4593-9a6f-3485d7d2e749', 'Garlic', 3.1, 'clove');
INSERT INTO ingredients (id, recipe_id, name, quantity, unit) VALUES ('b99bb75e-5dd8-4de7-bbfc-74b0e799aa59', 'ec43d164-57c6-4593-9a6f-3485d7d2e749', 'Celery', 2.1, 'cup');
INSERT INTO recipe_dietary_tags (recipe_id, tag_id) VALUES ('ec43d164-57c6-4593-9a6f-3485d7d2e749', 1);
INSERT INTO recipe_dietary_tags (recipe_id, tag_id) VALUES ('ec43d164-57c6-4593-9a6f-3485d7d2e749', 2);

INSERT INTO recipes (id, user_id, title, description, instructions, image_url, servings, source_url, source_name, is_archived, views, cart_adds) VALUES ('c5f931a9-ade0-45a9-b595-6474ec26546c', 'admin-user-id', 'Herbes de Provence Baked Venison', 'A delicious Herbes de Provence Baked Venison recipe. This Midwest-friendly dish is a family favorite and easy to make with common ingredients.', '1. Preheat oven to 375°F (190°C) if baking.
2. Prepare the Venison and other main ingredients.
3. In a large bowl, combine with seasonings.
4. Cook according to source instructions until internal temperature is safe.
5. Let rest for 5 minutes before serving.', 'https://images.unsplash.com/photo-1565299624946-b28f40a0ae38?auto=format&fit=crop&w=800&q=60', 2, 'https://www.foodnetwork.com/recipe/herbes-de-provence-baked-venison', 'Food Network', 0, 934, 8);
INSERT INTO ingredients (id, recipe_id, name, quantity, unit) VALUES ('16ab4cfb-7778-497a-a053-6a9aa893628b', 'c5f931a9-ade0-45a9-b595-6474ec26546c', 'Breadcrumbs', 2.0, 'cup');
INSERT INTO ingredients (id, recipe_id, name, quantity, unit) VALUES ('f2fbb009-a585-421d-b48c-58f046996bfe', 'c5f931a9-ade0-45a9-b595-6474ec26546c', 'Celery', 2.8, 'cup');
INSERT INTO ingredients (id, recipe_id, name, quantity, unit) VALUES ('06fda7a7-d436-47bf-9c1c-38a6696dcd07', 'c5f931a9-ade0-45a9-b595-6474ec26546c', 'Olive Oil', 2.1, 'tbsp');
INSERT INTO ingredients (id, recipe_id, name, quantity, unit) VALUES ('f36337b5-824b-49cb-b8e9-7abd08738fee', 'c5f931a9-ade0-45a9-b595-6474ec26546c', 'Salt', 1.6, 'tsp');
INSERT INTO ingredients (id, recipe_id, name, quantity, unit) VALUES ('9b5c02ad-92b5-4a10-b4e5-27108d828021', 'c5f931a9-ade0-45a9-b595-6474ec26546c', 'Butter', 1.0, 'tbsp');
INSERT INTO recipe_dietary_tags (recipe_id, tag_id) VALUES ('c5f931a9-ade0-45a9-b595-6474ec26546c', 3);
INSERT INTO recipe_dietary_tags (recipe_id, tag_id) VALUES ('c5f931a9-ade0-45a9-b595-6474ec26546c', 2);

INSERT INTO recipes (id, user_id, title, description, instructions, image_url, servings, source_url, source_name, is_archived, views, cart_adds) VALUES ('88ae10b2-7310-4d3a-94d8-9eabdd510947', 'admin-user-id', 'Smoky BBQ Air Fried Chicken', 'A delicious Smoky BBQ Air Fried Chicken recipe. This Midwest-friendly dish is a family favorite and easy to make with common ingredients.', '1. Preheat oven to 375°F (190°C) if baking.
2. Prepare the Chicken and other main ingredients.
3. In a large bowl, combine with seasonings.
4. Cook according to source instructions until internal temperature is safe.
5. Let rest for 5 minutes before serving.', 'https://images.unsplash.com/photo-1555939594-58d7cb561ad1?auto=format&fit=crop&w=800&q=60', 2, 'https://www.tasteofhome.com/recipe/smoky-bbq-air-fried-chicken', 'Taste of Home', 0, 191, 27);
INSERT INTO ingredients (id, recipe_id, name, quantity, unit) VALUES ('c09e150b-77e1-43ea-a05b-f56034c657a1', '88ae10b2-7310-4d3a-94d8-9eabdd510947', 'Cheddar Cheese', 3.3, 'cup');
INSERT INTO ingredients (id, recipe_id, name, quantity, unit) VALUES ('a23f04e1-ae06-400a-9427-136a78333ec9', '88ae10b2-7310-4d3a-94d8-9eabdd510947', 'Tater Tots', 1.3, 'oz');
INSERT INTO ingredients (id, recipe_id, name, quantity, unit) VALUES ('ffd2ea6e-bead-44e3-9dfc-bb18bd6f67d1', '88ae10b2-7310-4d3a-94d8-9eabdd510947', 'Onion', 1.1, 'cup');
INSERT INTO ingredients (id, recipe_id, name, quantity, unit) VALUES ('e6d671f4-5556-496a-969d-90c5758f7a4c', '88ae10b2-7310-4d3a-94d8-9eabdd510947', 'Breadcrumbs', 2.2, 'cup');
INSERT INTO recipe_dietary_tags (recipe_id, tag_id) VALUES ('88ae10b2-7310-4d3a-94d8-9eabdd510947', 10);
INSERT INTO recipe_dietary_tags (recipe_id, tag_id) VALUES ('88ae10b2-7310-4d3a-94d8-9eabdd510947', 9);

INSERT INTO recipes (id, user_id, title, description, instructions, image_url, servings, source_url, source_name, is_archived, views, cart_adds) VALUES ('8bec1b4c-2e4c-4e5a-860d-ce06345da837', 'admin-user-id', 'Herbes de Provence Roasted Beef', 'A delicious Herbes de Provence Roasted Beef recipe. This Midwest-friendly dish is a family favorite and easy to make with common ingredients.', '1. Preheat oven to 375°F (190°C) if baking.
2. Prepare the Beef and other main ingredients.
3. In a large bowl, combine with seasonings.
4. Cook according to source instructions until internal temperature is safe.
5. Let rest for 5 minutes before serving.', 'https://images.unsplash.com/photo-1513104894114-bd7ea4718312?auto=format&fit=crop&w=800&q=60', 6, 'https://www.foodnetwork.com/recipe/herbes-de-provence-roasted-beef', 'Food Network', 0, 946, 26);
INSERT INTO ingredients (id, recipe_id, name, quantity, unit) VALUES ('28252555-d623-4025-ac51-e5fc68b5aa7c', '8bec1b4c-2e4c-4e5a-860d-ce06345da837', 'Breadcrumbs', 2.7, 'cup');
INSERT INTO ingredients (id, recipe_id, name, quantity, unit) VALUES ('379d2bde-25f5-4060-9249-71d02cd3e269', '8bec1b4c-2e4c-4e5a-860d-ce06345da837', 'Ground Beef', 3.4, 'lb');
INSERT INTO ingredients (id, recipe_id, name, quantity, unit) VALUES ('087992f2-e718-4ec6-ab3b-11fadc080f3d', '8bec1b4c-2e4c-4e5a-860d-ce06345da837', 'Cream of Mushroom Soup', 1.7, 'can');
INSERT INTO ingredients (id, recipe_id, name, quantity, unit) VALUES ('f97274b1-452e-4250-9221-4483a33ed01d', '8bec1b4c-2e4c-4e5a-860d-ce06345da837', 'Worcestershire Sauce', 0.6, 'tbsp');
INSERT INTO recipe_dietary_tags (recipe_id, tag_id) VALUES ('8bec1b4c-2e4c-4e5a-860d-ce06345da837', 2);
INSERT INTO recipe_dietary_tags (recipe_id, tag_id) VALUES ('8bec1b4c-2e4c-4e5a-860d-ce06345da837', 4);

INSERT INTO recipes (id, user_id, title, description, instructions, image_url, servings, source_url, source_name, is_archived, views, cart_adds) VALUES ('b93f294a-5a27-45ef-bb86-af022ca936e8', 'admin-user-id', 'Miso Ginger Pan-Seared Cod', 'A delicious Miso Ginger Pan-Seared Cod recipe. This Midwest-friendly dish is a family favorite and easy to make with common ingredients.', '1. Preheat oven to 375°F (190°C) if baking.
2. Prepare the Cod and other main ingredients.
3. In a large bowl, combine with seasonings.
4. Cook according to source instructions until internal temperature is safe.
5. Let rest for 5 minutes before serving.', 'https://images.unsplash.com/photo-1504754524776-8f4f37799ca7?auto=format&fit=crop&w=800&q=60', 7, 'https://www.bonappetit.com/recipe/miso-ginger-pan-seared-cod', 'Bon Appetit', 0, 898, 7);
INSERT INTO ingredients (id, recipe_id, name, quantity, unit) VALUES ('9118a80a-e501-4e86-9058-33f72dec7b4e', 'b93f294a-5a27-45ef-bb86-af022ca936e8', 'Dijon Mustard', 2.1, 'tsp');
INSERT INTO ingredients (id, recipe_id, name, quantity, unit) VALUES ('3eecbe0f-38cc-4b76-a88b-073cf6812a37', 'b93f294a-5a27-45ef-bb86-af022ca936e8', 'Carrots', 2.3, 'cup');
INSERT INTO ingredients (id, recipe_id, name, quantity, unit) VALUES ('7a5e73f0-e2af-44c3-938f-c6055905ffae', 'b93f294a-5a27-45ef-bb86-af022ca936e8', 'Garlic', 3.1, 'clove');
INSERT INTO ingredients (id, recipe_id, name, quantity, unit) VALUES ('c693d09b-2437-4df6-93c4-dcb8ff804e5f', 'b93f294a-5a27-45ef-bb86-af022ca936e8', 'Rice', 3.5, 'cup');
INSERT INTO ingredients (id, recipe_id, name, quantity, unit) VALUES ('3d7da440-9809-478f-bc99-3b00249f4199', 'b93f294a-5a27-45ef-bb86-af022ca936e8', 'Lemon Juice', 0.8, 'tbsp');
INSERT INTO ingredients (id, recipe_id, name, quantity, unit) VALUES ('2e5bb0d1-70af-4c69-a0f1-1927a15bb79c', 'b93f294a-5a27-45ef-bb86-af022ca936e8', 'Potatoes', 3.3, 'lb');
INSERT INTO recipe_dietary_tags (recipe_id, tag_id) VALUES ('b93f294a-5a27-45ef-bb86-af022ca936e8', 6);

INSERT INTO recipes (id, user_id, title, description, instructions, image_url, servings, source_url, source_name, is_archived, views, cart_adds) VALUES ('f809fc83-e17c-427a-a69e-e767ec04eb05', 'admin-user-id', 'Cajun Spiced Pan-Seared Lamb', 'A delicious Cajun Spiced Pan-Seared Lamb recipe. This Midwest-friendly dish is a family favorite and easy to make with common ingredients.', '1. Preheat oven to 375°F (190°C) if baking.
2. Prepare the Lamb and other main ingredients.
3. In a large bowl, combine with seasonings.
4. Cook according to source instructions until internal temperature is safe.
5. Let rest for 5 minutes before serving.', 'https://images.unsplash.com/photo-1476224203421-9ac3993557a4?auto=format&fit=crop&w=800&q=60', 3, 'https://www.tasteofhome.com/recipe/cajun-spiced-pan-seared-lamb', 'Taste of Home', 0, 106, 20);
INSERT INTO ingredients (id, recipe_id, name, quantity, unit) VALUES ('4f00f510-462f-4be4-aa6f-d8867b51c457', 'f809fc83-e17c-427a-a69e-e767ec04eb05', 'Cream of Mushroom Soup', 2.6, 'can');
INSERT INTO ingredients (id, recipe_id, name, quantity, unit) VALUES ('144a3f72-58d1-4d50-828b-01a8e6eb9576', 'f809fc83-e17c-427a-a69e-e767ec04eb05', 'Black Pepper', 3.3, 'tsp');
INSERT INTO ingredients (id, recipe_id, name, quantity, unit) VALUES ('d2fc4827-e236-45b7-94f1-1944addb853f', 'f809fc83-e17c-427a-a69e-e767ec04eb05', 'Tomato Sauce', 0.5, 'oz');
INSERT INTO ingredients (id, recipe_id, name, quantity, unit) VALUES ('421c1619-50f7-4654-8015-8e9565bebd5e', 'f809fc83-e17c-427a-a69e-e767ec04eb05', 'Ground Beef', 1.2, 'lb');
INSERT INTO ingredients (id, recipe_id, name, quantity, unit) VALUES ('0a6422d7-ca0a-4110-bc8b-8844eb16c4f8', 'f809fc83-e17c-427a-a69e-e767ec04eb05', 'Olive Oil', 1.9, 'tbsp');
INSERT INTO ingredients (id, recipe_id, name, quantity, unit) VALUES ('0599b1ca-bee8-4a8c-97fd-591c3b5d3d35', 'f809fc83-e17c-427a-a69e-e767ec04eb05', 'Salt', 2.5, 'tsp');
INSERT INTO ingredients (id, recipe_id, name, quantity, unit) VALUES ('f2d2f5e1-7721-4cc2-bc05-f2b5078ae957', 'f809fc83-e17c-427a-a69e-e767ec04eb05', 'Soy Sauce', 2.5, 'tbsp');
INSERT INTO recipe_dietary_tags (recipe_id, tag_id) VALUES ('f809fc83-e17c-427a-a69e-e767ec04eb05', 8);

INSERT INTO recipes (id, user_id, title, description, instructions, image_url, servings, source_url, source_name, is_archived, views, cart_adds) VALUES ('21eb5139-54a3-475e-91e6-0dff0a9e9290', 'admin-user-id', 'Balsamic Glaze Air Fried Salmon', 'A delicious Balsamic Glaze Air Fried Salmon recipe. This Midwest-friendly dish is a family favorite and easy to make with common ingredients.', '1. Preheat oven to 375°F (190°C) if baking.
2. Prepare the Salmon and other main ingredients.
3. In a large bowl, combine with seasonings.
4. Cook according to source instructions until internal temperature is safe.
5. Let rest for 5 minutes before serving.', 'https://images.unsplash.com/photo-1498837167721-8f5c1a322c2e?auto=format&fit=crop&w=800&q=60', 3, 'https://www.bonappetit.com/recipe/balsamic-glaze-air-fried-salmon', 'Bon Appetit', 0, 744, 47);
INSERT INTO ingredients (id, recipe_id, name, quantity, unit) VALUES ('0e481309-205f-450c-9634-933e35e4bbfe', '21eb5139-54a3-475e-91e6-0dff0a9e9290', 'Egg', 0.6, 'large');
INSERT INTO ingredients (id, recipe_id, name, quantity, unit) VALUES ('48cb8e01-3b09-4cf9-b3be-5c69cc440720', '21eb5139-54a3-475e-91e6-0dff0a9e9290', 'Cream of Mushroom Soup', 1.2, 'can');
INSERT INTO ingredients (id, recipe_id, name, quantity, unit) VALUES ('a252d3aa-a459-46b5-87a4-9a9eeb89e816', '21eb5139-54a3-475e-91e6-0dff0a9e9290', 'Olive Oil', 3.0, 'tbsp');
INSERT INTO ingredients (id, recipe_id, name, quantity, unit) VALUES ('100a8cc2-0277-4a52-b54c-b2961ac2a208', '21eb5139-54a3-475e-91e6-0dff0a9e9290', 'Honey', 1.0, 'tbsp');
INSERT INTO ingredients (id, recipe_id, name, quantity, unit) VALUES ('3ff24ee8-a4bf-4b9b-80ee-06a61b66b5a3', '21eb5139-54a3-475e-91e6-0dff0a9e9290', 'Soy Sauce', 2.4, 'tbsp');
INSERT INTO ingredients (id, recipe_id, name, quantity, unit) VALUES ('b58ccb21-9803-4d47-a3b7-14ce22293e69', '21eb5139-54a3-475e-91e6-0dff0a9e9290', 'Dijon Mustard', 1.8, 'tsp');
INSERT INTO recipe_dietary_tags (recipe_id, tag_id) VALUES ('21eb5139-54a3-475e-91e6-0dff0a9e9290', 7);

INSERT INTO recipes (id, user_id, title, description, instructions, image_url, servings, source_url, source_name, is_archived, views, cart_adds) VALUES ('de7635c7-3be5-414b-8916-b820be93fe4f', 'admin-user-id', 'Smoky BBQ Grilled Beef', 'A delicious Smoky BBQ Grilled Beef recipe. This Midwest-friendly dish is a family favorite and easy to make with common ingredients.', '1. Preheat oven to 375°F (190°C) if baking.
2. Prepare the Beef and other main ingredients.
3. In a large bowl, combine with seasonings.
4. Cook according to source instructions until internal temperature is safe.
5. Let rest for 5 minutes before serving.', 'https://images.unsplash.com/photo-1490645935967-10de6ba17051?auto=format&fit=crop&w=800&q=60', 2, 'https://www.allrecipes.com/recipe/smoky-bbq-grilled-beef', 'AllRecipes', 0, 103, 14);
INSERT INTO ingredients (id, recipe_id, name, quantity, unit) VALUES ('271fd0df-4356-4528-9360-e65d0d95e81f', 'de7635c7-3be5-414b-8916-b820be93fe4f', 'Cream of Mushroom Soup', 0.7, 'can');
INSERT INTO ingredients (id, recipe_id, name, quantity, unit) VALUES ('53733ca6-7317-47ff-bd03-447c870ff1ed', 'de7635c7-3be5-414b-8916-b820be93fe4f', 'Black Pepper', 0.8, 'tsp');
INSERT INTO ingredients (id, recipe_id, name, quantity, unit) VALUES ('067e7651-3236-4895-82e8-0301cdfc03da', 'de7635c7-3be5-414b-8916-b820be93fe4f', 'Rice', 2.3, 'cup');
INSERT INTO ingredients (id, recipe_id, name, quantity, unit) VALUES ('9ed9ec2f-43eb-409d-ac6f-e13438b06af8', 'de7635c7-3be5-414b-8916-b820be93fe4f', 'Tomato Sauce', 1.3, 'oz');
INSERT INTO recipe_dietary_tags (recipe_id, tag_id) VALUES ('de7635c7-3be5-414b-8916-b820be93fe4f', 10);
INSERT INTO recipe_dietary_tags (recipe_id, tag_id) VALUES ('de7635c7-3be5-414b-8916-b820be93fe4f', 2);

INSERT INTO recipes (id, user_id, title, description, instructions, image_url, servings, source_url, source_name, is_archived, views, cart_adds) VALUES ('891ad48b-802c-4dfd-9818-06ea0b5f4dee', 'admin-user-id', 'Balsamic Glaze Slow Cooked Cod', 'A delicious Balsamic Glaze Slow Cooked Cod recipe. This Midwest-friendly dish is a family favorite and easy to make with common ingredients.', '1. Preheat oven to 375°F (190°C) if baking.
2. Prepare the Cod and other main ingredients.
3. In a large bowl, combine with seasonings.
4. Cook according to source instructions until internal temperature is safe.
5. Let rest for 5 minutes before serving.', 'https://images.unsplash.com/photo-1506084868214-19a1f9e147f8?auto=format&fit=crop&w=800&q=60', 2, 'https://www.tasteofhome.com/recipe/balsamic-glaze-slow-cooked-cod', 'Taste of Home', 0, 308, 70);
INSERT INTO ingredients (id, recipe_id, name, quantity, unit) VALUES ('0254e19e-22f6-4701-941f-6d54ad05dcde', '891ad48b-802c-4dfd-9818-06ea0b5f4dee', 'Heavy Cream', 3.3, 'cup');
INSERT INTO ingredients (id, recipe_id, name, quantity, unit) VALUES ('5d4d94be-8deb-4b78-b9d0-419af2a422fd', '891ad48b-802c-4dfd-9818-06ea0b5f4dee', 'Milk', 3.3, 'cup');
INSERT INTO ingredients (id, recipe_id, name, quantity, unit) VALUES ('90e0c1ad-8d05-4bad-bc9e-c78453aed5a5', '891ad48b-802c-4dfd-9818-06ea0b5f4dee', 'Tater Tots', 3.5, 'oz');
INSERT INTO ingredients (id, recipe_id, name, quantity, unit) VALUES ('edae2164-28aa-4b6f-a644-1e5453641d87', '891ad48b-802c-4dfd-9818-06ea0b5f4dee', 'Sour Cream', 1.6, 'cup');
INSERT INTO recipe_dietary_tags (recipe_id, tag_id) VALUES ('891ad48b-802c-4dfd-9818-06ea0b5f4dee', 8);

INSERT INTO recipes (id, user_id, title, description, instructions, image_url, servings, source_url, source_name, is_archived, views, cart_adds) VALUES ('b18da231-f9b5-445d-9075-37e560247cde', 'admin-user-id', 'Honey Sriracha Roasted Tofu', 'A delicious Honey Sriracha Roasted Tofu recipe. This Midwest-friendly dish is a family favorite and easy to make with common ingredients.', '1. Preheat oven to 375°F (190°C) if baking.
2. Prepare the Tofu and other main ingredients.
3. In a large bowl, combine with seasonings.
4. Cook according to source instructions until internal temperature is safe.
5. Let rest for 5 minutes before serving.', 'https://images.unsplash.com/photo-1529042410759-adb828e4eaf0?auto=format&fit=crop&w=800&q=60', 6, 'https://www.foodnetwork.com/recipe/honey-sriracha-roasted-tofu', 'Food Network', 0, 794, 35);
INSERT INTO ingredients (id, recipe_id, name, quantity, unit) VALUES ('7c808bf9-407d-4211-addf-ed403fa3a905', 'b18da231-f9b5-445d-9075-37e560247cde', 'Ground Beef', 1.9, 'lb');
INSERT INTO ingredients (id, recipe_id, name, quantity, unit) VALUES ('95250f23-9e80-4b96-a4ab-8e9bb5a091c1', 'b18da231-f9b5-445d-9075-37e560247cde', 'Butter', 0.9, 'tbsp');
INSERT INTO ingredients (id, recipe_id, name, quantity, unit) VALUES ('630b0dbd-d9ef-4288-855e-c50419b829c3', 'b18da231-f9b5-445d-9075-37e560247cde', 'Frozen Peas', 0.8, 'cup');
INSERT INTO ingredients (id, recipe_id, name, quantity, unit) VALUES ('f85dc365-ac42-4444-9f7f-644e58b0f0ad', 'b18da231-f9b5-445d-9075-37e560247cde', 'Carrots', 0.9, 'cup');
INSERT INTO ingredients (id, recipe_id, name, quantity, unit) VALUES ('7052a70f-3ce9-4054-8b2d-8703d562a443', 'b18da231-f9b5-445d-9075-37e560247cde', 'Soy Sauce', 1.0, 'tbsp');
INSERT INTO ingredients (id, recipe_id, name, quantity, unit) VALUES ('669a9493-285e-4ef5-aa88-fef58dc449dc', 'b18da231-f9b5-445d-9075-37e560247cde', 'Egg', 1.5, 'large');
INSERT INTO recipe_dietary_tags (recipe_id, tag_id) VALUES ('b18da231-f9b5-445d-9075-37e560247cde', 4);
INSERT INTO recipe_dietary_tags (recipe_id, tag_id) VALUES ('b18da231-f9b5-445d-9075-37e560247cde', 7);

INSERT INTO recipes (id, user_id, title, description, instructions, image_url, servings, source_url, source_name, is_archived, views, cart_adds) VALUES ('4b754f5f-7acf-4497-aee2-66dad9526381', 'admin-user-id', 'Taco Seasoned Baked Salmon', 'A delicious Taco Seasoned Baked Salmon recipe. This Midwest-friendly dish is a family favorite and easy to make with common ingredients.', '1. Preheat oven to 375°F (190°C) if baking.
2. Prepare the Salmon and other main ingredients.
3. In a large bowl, combine with seasonings.
4. Cook according to source instructions until internal temperature is safe.
5. Let rest for 5 minutes before serving.', 'https://images.unsplash.com/photo-1455619452474-d2ba29bc06da?auto=format&fit=crop&w=800&q=60', 6, 'https://www.epicurious.com/recipe/taco-seasoned-baked-salmon', 'Epicurious', 0, 341, 17);
INSERT INTO ingredients (id, recipe_id, name, quantity, unit) VALUES ('20921cda-a574-4652-89d1-127e076a303d', '4b754f5f-7acf-4497-aee2-66dad9526381', 'Worcestershire Sauce', 1.8, 'tbsp');
INSERT INTO ingredients (id, recipe_id, name, quantity, unit) VALUES ('d038b45d-1b57-4cc8-8742-acefe12993a7', '4b754f5f-7acf-4497-aee2-66dad9526381', 'Tomato Sauce', 2.7, 'oz');
INSERT INTO ingredients (id, recipe_id, name, quantity, unit) VALUES ('b16a3bab-d0f7-40e7-a98d-50943d0fdc66', '4b754f5f-7acf-4497-aee2-66dad9526381', 'Soy Sauce', 3.3, 'tbsp');
INSERT INTO ingredients (id, recipe_id, name, quantity, unit) VALUES ('cb66903f-49fe-46bd-9c1d-9e1e51f0c832', '4b754f5f-7acf-4497-aee2-66dad9526381', 'Cream of Mushroom Soup', 0.9, 'can');
INSERT INTO recipe_dietary_tags (recipe_id, tag_id) VALUES ('4b754f5f-7acf-4497-aee2-66dad9526381', 10);
INSERT INTO recipe_dietary_tags (recipe_id, tag_id) VALUES ('4b754f5f-7acf-4497-aee2-66dad9526381', 8);

INSERT INTO recipes (id, user_id, title, description, instructions, image_url, servings, source_url, source_name, is_archived, views, cart_adds) VALUES ('98feab17-ac6f-4f9f-acea-3f2f0850c5c5', 'admin-user-id', 'Miso Ginger Grilled Chicken', 'A delicious Miso Ginger Grilled Chicken recipe. This Midwest-friendly dish is a family favorite and easy to make with common ingredients.', '1. Preheat oven to 375°F (190°C) if baking.
2. Prepare the Chicken and other main ingredients.
3. In a large bowl, combine with seasonings.
4. Cook according to source instructions until internal temperature is safe.
5. Let rest for 5 minutes before serving.', 'https://images.unsplash.com/photo-1504113888839-14294c223d51?auto=format&fit=crop&w=800&q=60', 7, 'https://www.allrecipes.com/recipe/miso-ginger-grilled-chicken', 'AllRecipes', 0, 205, 90);
INSERT INTO ingredients (id, recipe_id, name, quantity, unit) VALUES ('2f05d2d1-ea36-4788-a58a-90fe57dd7b48', '98feab17-ac6f-4f9f-acea-3f2f0850c5c5', 'Egg', 2.0, 'large');
INSERT INTO ingredients (id, recipe_id, name, quantity, unit) VALUES ('3cd76e5b-c7a9-42d7-936c-31a64aa0719d', '98feab17-ac6f-4f9f-acea-3f2f0850c5c5', 'Celery', 1.5, 'cup');
INSERT INTO ingredients (id, recipe_id, name, quantity, unit) VALUES ('ea0ec1cd-f5b3-4357-8b02-b8cc886339d0', '98feab17-ac6f-4f9f-acea-3f2f0850c5c5', 'Black Pepper', 1.1, 'tsp');
INSERT INTO ingredients (id, recipe_id, name, quantity, unit) VALUES ('dccb0a90-b958-466c-b6c6-da5b0b50babc', '98feab17-ac6f-4f9f-acea-3f2f0850c5c5', 'Ground Beef', 2.4, 'lb');
INSERT INTO ingredients (id, recipe_id, name, quantity, unit) VALUES ('a44e6e56-cac6-45c7-ac49-0a7216011387', '98feab17-ac6f-4f9f-acea-3f2f0850c5c5', 'Sour Cream', 1.7, 'cup');
INSERT INTO ingredients (id, recipe_id, name, quantity, unit) VALUES ('b8fa1b3e-ac2f-4d09-9626-117bb8daf2bc', '98feab17-ac6f-4f9f-acea-3f2f0850c5c5', 'Soy Sauce', 1.5, 'tbsp');
INSERT INTO recipe_dietary_tags (recipe_id, tag_id) VALUES ('98feab17-ac6f-4f9f-acea-3f2f0850c5c5', 5);
INSERT INTO recipe_dietary_tags (recipe_id, tag_id) VALUES ('98feab17-ac6f-4f9f-acea-3f2f0850c5c5', 2);

INSERT INTO recipes (id, user_id, title, description, instructions, image_url, servings, source_url, source_name, is_archived, views, cart_adds) VALUES ('ae9f53b0-297e-4f05-b9e0-6a88f3ec9118', 'admin-user-id', 'Miso Ginger Slow Cooked Pork', 'A delicious Miso Ginger Slow Cooked Pork recipe. This Midwest-friendly dish is a family favorite and easy to make with common ingredients.', '1. Preheat oven to 375°F (190°C) if baking.
2. Prepare the Pork and other main ingredients.
3. In a large bowl, combine with seasonings.
4. Cook according to source instructions until internal temperature is safe.
5. Let rest for 5 minutes before serving.', 'https://images.unsplash.com/photo-1546062477-fe2f66230ba3?auto=format&fit=crop&w=800&q=60', 5, 'https://www.allrecipes.com/recipe/miso-ginger-slow-cooked-pork', 'AllRecipes', 0, 861, 37);
INSERT INTO ingredients (id, recipe_id, name, quantity, unit) VALUES ('63ef6c4a-3854-43ac-bcc3-fe9955839303', 'ae9f53b0-297e-4f05-b9e0-6a88f3ec9118', 'Tomato Sauce', 2.4, 'oz');
INSERT INTO ingredients (id, recipe_id, name, quantity, unit) VALUES ('d2c3d458-c1b3-4776-a49c-8a001d20a144', 'ae9f53b0-297e-4f05-b9e0-6a88f3ec9118', 'Garlic', 2.9, 'clove');
INSERT INTO ingredients (id, recipe_id, name, quantity, unit) VALUES ('5a905f85-11f7-4ada-9825-b527702a27f5', 'ae9f53b0-297e-4f05-b9e0-6a88f3ec9118', 'Pasta', 1.9, 'oz');
INSERT INTO ingredients (id, recipe_id, name, quantity, unit) VALUES ('81faf641-72c6-45fa-9099-3248cf9cb42d', 'ae9f53b0-297e-4f05-b9e0-6a88f3ec9118', 'Potatoes', 1.4, 'lb');
INSERT INTO ingredients (id, recipe_id, name, quantity, unit) VALUES ('e0ffec92-40ec-41e8-bf44-6485780a0cac', 'ae9f53b0-297e-4f05-b9e0-6a88f3ec9118', 'Egg', 1.4, 'large');
INSERT INTO recipe_dietary_tags (recipe_id, tag_id) VALUES ('ae9f53b0-297e-4f05-b9e0-6a88f3ec9118', 1);
INSERT INTO recipe_dietary_tags (recipe_id, tag_id) VALUES ('ae9f53b0-297e-4f05-b9e0-6a88f3ec9118', 2);

INSERT INTO recipes (id, user_id, title, description, instructions, image_url, servings, source_url, source_name, is_archived, views, cart_adds) VALUES ('43a00703-3526-4cd8-b52d-18c9e321e91f', 'admin-user-id', 'Honey Sriracha Slow Cooked Lamb', 'A delicious Honey Sriracha Slow Cooked Lamb recipe. This Midwest-friendly dish is a family favorite and easy to make with common ingredients.', '1. Preheat oven to 375°F (190°C) if baking.
2. Prepare the Lamb and other main ingredients.
3. In a large bowl, combine with seasonings.
4. Cook according to source instructions until internal temperature is safe.
5. Let rest for 5 minutes before serving.', 'https://images.unsplash.com/photo-1504674900247-0877df9cc836?auto=format&fit=crop&w=800&q=60', 7, 'https://www.foodnetwork.com/recipe/honey-sriracha-slow-cooked-lamb', 'Food Network', 0, 711, 4);
INSERT INTO ingredients (id, recipe_id, name, quantity, unit) VALUES ('eb78b8a8-cd93-478d-8d81-664e0b1cc504', '43a00703-3526-4cd8-b52d-18c9e321e91f', 'Dijon Mustard', 0.5, 'tsp');
INSERT INTO ingredients (id, recipe_id, name, quantity, unit) VALUES ('91ecea7f-0817-49d6-9215-975e7e9b64df', '43a00703-3526-4cd8-b52d-18c9e321e91f', 'Garlic', 1.7, 'clove');
INSERT INTO ingredients (id, recipe_id, name, quantity, unit) VALUES ('55f01de5-dbb0-4e73-90b7-0422930aaed9', '43a00703-3526-4cd8-b52d-18c9e321e91f', 'Lemon Juice', 2.7, 'tbsp');
INSERT INTO ingredients (id, recipe_id, name, quantity, unit) VALUES ('3eefa291-af97-407c-8adf-c64b9097d0b9', '43a00703-3526-4cd8-b52d-18c9e321e91f', 'Olive Oil', 2.6, 'tbsp');
INSERT INTO ingredients (id, recipe_id, name, quantity, unit) VALUES ('113c6b1a-11a2-4779-85a1-26ac43bdd756', '43a00703-3526-4cd8-b52d-18c9e321e91f', 'Potatoes', 2.1, 'lb');
INSERT INTO ingredients (id, recipe_id, name, quantity, unit) VALUES ('f863ba72-e448-4d65-b46d-757d9f27c42d', '43a00703-3526-4cd8-b52d-18c9e321e91f', 'Soy Sauce', 2.1, 'tbsp');
INSERT INTO ingredients (id, recipe_id, name, quantity, unit) VALUES ('7c627aae-4ed6-4889-84b3-44fef430b1e9', '43a00703-3526-4cd8-b52d-18c9e321e91f', 'Worcestershire Sauce', 1.4, 'tbsp');
INSERT INTO recipe_dietary_tags (recipe_id, tag_id) VALUES ('43a00703-3526-4cd8-b52d-18c9e321e91f', 4);

INSERT INTO recipes (id, user_id, title, description, instructions, image_url, servings, source_url, source_name, is_archived, views, cart_adds) VALUES ('0fb963f4-a6d5-4e3e-a481-abb7b7b141a3', 'admin-user-id', 'Cajun Spiced Roasted Cod', 'A delicious Cajun Spiced Roasted Cod recipe. This Midwest-friendly dish is a family favorite and easy to make with common ingredients.', '1. Preheat oven to 375°F (190°C) if baking.
2. Prepare the Cod and other main ingredients.
3. In a large bowl, combine with seasonings.
4. Cook according to source instructions until internal temperature is safe.
5. Let rest for 5 minutes before serving.', 'https://images.unsplash.com/photo-1493770348161-369560ae357d?auto=format&fit=crop&w=800&q=60', 6, 'https://www.tasteofhome.com/recipe/cajun-spiced-roasted-cod', 'Taste of Home', 0, 94, 24);
INSERT INTO ingredients (id, recipe_id, name, quantity, unit) VALUES ('41d3e58d-722d-4521-83f2-14bf6e0f5e58', '0fb963f4-a6d5-4e3e-a481-abb7b7b141a3', 'Celery', 2.3, 'cup');
INSERT INTO ingredients (id, recipe_id, name, quantity, unit) VALUES ('ee7358e7-dd43-4d8a-bc06-54370964020a', '0fb963f4-a6d5-4e3e-a481-abb7b7b141a3', 'Worcestershire Sauce', 1.0, 'tbsp');
INSERT INTO ingredients (id, recipe_id, name, quantity, unit) VALUES ('b040f4b8-85ef-4c47-a2da-2892b871bda6', '0fb963f4-a6d5-4e3e-a481-abb7b7b141a3', 'Onion', 2.7, 'cup');
INSERT INTO ingredients (id, recipe_id, name, quantity, unit) VALUES ('68462ca3-fba0-45c8-930f-ffb2e930edb3', '0fb963f4-a6d5-4e3e-a481-abb7b7b141a3', 'Lemon Juice', 2.0, 'tbsp');
INSERT INTO recipe_dietary_tags (recipe_id, tag_id) VALUES ('0fb963f4-a6d5-4e3e-a481-abb7b7b141a3', 4);

INSERT INTO recipes (id, user_id, title, description, instructions, image_url, servings, source_url, source_name, is_archived, views, cart_adds) VALUES ('8b302c77-d7c0-441a-9a64-8bdab51fab43', 'admin-user-id', 'Cajun Spiced Grilled Tofu', 'A delicious Cajun Spiced Grilled Tofu recipe. This Midwest-friendly dish is a family favorite and easy to make with common ingredients.', '1. Preheat oven to 375°F (190°C) if baking.
2. Prepare the Tofu and other main ingredients.
3. In a large bowl, combine with seasonings.
4. Cook according to source instructions until internal temperature is safe.
5. Let rest for 5 minutes before serving.', 'https://images.unsplash.com/photo-1473093226795-af9932fe5856?auto=format&fit=crop&w=800&q=60', 3, 'https://www.allrecipes.com/recipe/cajun-spiced-grilled-tofu', 'AllRecipes', 0, 711, 53);
INSERT INTO ingredients (id, recipe_id, name, quantity, unit) VALUES ('edaefaad-0e61-487d-a083-82e486228d8f', '8b302c77-d7c0-441a-9a64-8bdab51fab43', 'Butter', 3.0, 'tbsp');
INSERT INTO ingredients (id, recipe_id, name, quantity, unit) VALUES ('495633f9-3824-4af6-8709-aa3fff938806', '8b302c77-d7c0-441a-9a64-8bdab51fab43', 'Egg', 2.2, 'large');
INSERT INTO ingredients (id, recipe_id, name, quantity, unit) VALUES ('3de15388-ae2b-4d88-a95d-b9872331d364', '8b302c77-d7c0-441a-9a64-8bdab51fab43', 'Potatoes', 1.7, 'lb');
INSERT INTO ingredients (id, recipe_id, name, quantity, unit) VALUES ('8328cb95-acca-4ad7-a9de-dbf915f07c37', '8b302c77-d7c0-441a-9a64-8bdab51fab43', 'Chicken Breast', 1.7, 'lb');
INSERT INTO ingredients (id, recipe_id, name, quantity, unit) VALUES ('53f18afd-d7ae-48c2-be8f-26ddc2cdb718', '8b302c77-d7c0-441a-9a64-8bdab51fab43', 'Tater Tots', 1.0, 'oz');
INSERT INTO ingredients (id, recipe_id, name, quantity, unit) VALUES ('96eefcf8-f403-41fa-98aa-096d8b1beae2', '8b302c77-d7c0-441a-9a64-8bdab51fab43', 'Tomato Sauce', 3.1, 'oz');
INSERT INTO recipe_dietary_tags (recipe_id, tag_id) VALUES ('8b302c77-d7c0-441a-9a64-8bdab51fab43', 1);

INSERT INTO recipes (id, user_id, title, description, instructions, image_url, servings, source_url, source_name, is_archived, views, cart_adds) VALUES ('5ff1c82a-4f93-49e9-b240-9dd8e7e9915f', 'admin-user-id', 'Smoky BBQ Roasted Beef', 'A delicious Smoky BBQ Roasted Beef recipe. This Midwest-friendly dish is a family favorite and easy to make with common ingredients.', '1. Preheat oven to 375°F (190°C) if baking.
2. Prepare the Beef and other main ingredients.
3. In a large bowl, combine with seasonings.
4. Cook according to source instructions until internal temperature is safe.
5. Let rest for 5 minutes before serving.', 'https://images.unsplash.com/photo-1512621776951-a57141f2eefd?auto=format&fit=crop&w=800&q=60', 4, 'https://www.allrecipes.com/recipe/smoky-bbq-roasted-beef', 'AllRecipes', 0, 687, 54);
INSERT INTO ingredients (id, recipe_id, name, quantity, unit) VALUES ('a7acead8-1c44-4881-9676-a420d5c0df9d', '5ff1c82a-4f93-49e9-b240-9dd8e7e9915f', 'Milk', 3.1, 'cup');
INSERT INTO ingredients (id, recipe_id, name, quantity, unit) VALUES ('cb9694cb-8472-4ec6-8d2c-04b1a684c06e', '5ff1c82a-4f93-49e9-b240-9dd8e7e9915f', 'Cheddar Cheese', 1.8, 'cup');
INSERT INTO ingredients (id, recipe_id, name, quantity, unit) VALUES ('aaf34d20-ba40-40f8-9a33-87e3a40b8670', '5ff1c82a-4f93-49e9-b240-9dd8e7e9915f', 'Carrots', 1.0, 'cup');
INSERT INTO ingredients (id, recipe_id, name, quantity, unit) VALUES ('96139d62-9b0e-405e-8916-1f845d3ee768', '5ff1c82a-4f93-49e9-b240-9dd8e7e9915f', 'Sour Cream', 2.7, 'cup');
INSERT INTO ingredients (id, recipe_id, name, quantity, unit) VALUES ('37ec599d-074f-49c6-8081-ea2e7ea39f28', '5ff1c82a-4f93-49e9-b240-9dd8e7e9915f', 'Butter', 2.0, 'tbsp');
INSERT INTO recipe_dietary_tags (recipe_id, tag_id) VALUES ('5ff1c82a-4f93-49e9-b240-9dd8e7e9915f', 10);

INSERT INTO recipes (id, user_id, title, description, instructions, image_url, servings, source_url, source_name, is_archived, views, cart_adds) VALUES ('982ae1f0-ceec-409b-b29b-11e134f76cab', 'admin-user-id', 'Smoky BBQ Air Fried Chicken', 'A delicious Smoky BBQ Air Fried Chicken recipe. This Midwest-friendly dish is a family favorite and easy to make with common ingredients.', '1. Preheat oven to 375°F (190°C) if baking.
2. Prepare the Chicken and other main ingredients.
3. In a large bowl, combine with seasonings.
4. Cook according to source instructions until internal temperature is safe.
5. Let rest for 5 minutes before serving.', 'https://images.unsplash.com/photo-1482049016688-2d3e1b311543?auto=format&fit=crop&w=800&q=60', 3, 'https://www.bonappetit.com/recipe/smoky-bbq-air-fried-chicken', 'Bon Appetit', 0, 248, 29);
INSERT INTO ingredients (id, recipe_id, name, quantity, unit) VALUES ('4cacce34-6d5d-4f34-81c0-a4bbd76cb1d7', '982ae1f0-ceec-409b-b29b-11e134f76cab', 'Breadcrumbs', 2.1, 'cup');
INSERT INTO ingredients (id, recipe_id, name, quantity, unit) VALUES ('f1c261f6-6cf1-4ea6-8a54-f049313aece2', '982ae1f0-ceec-409b-b29b-11e134f76cab', 'Egg', 2.9, 'large');
INSERT INTO ingredients (id, recipe_id, name, quantity, unit) VALUES ('6ff085bd-3b2a-401c-9c8a-11770e306559', '982ae1f0-ceec-409b-b29b-11e134f76cab', 'Olive Oil', 3.1, 'tbsp');
INSERT INTO ingredients (id, recipe_id, name, quantity, unit) VALUES ('2e4b1e5b-0b62-4ba0-be8f-a2cd3a96fd7a', '982ae1f0-ceec-409b-b29b-11e134f76cab', 'Potatoes', 2.7, 'lb');
INSERT INTO recipe_dietary_tags (recipe_id, tag_id) VALUES ('982ae1f0-ceec-409b-b29b-11e134f76cab', 10);
INSERT INTO recipe_dietary_tags (recipe_id, tag_id) VALUES ('982ae1f0-ceec-409b-b29b-11e134f76cab', 8);

INSERT INTO recipes (id, user_id, title, description, instructions, image_url, servings, source_url, source_name, is_archived, views, cart_adds) VALUES ('783b0bba-fe4c-4bcd-b904-4971ea78f60b', 'admin-user-id', 'Smoky BBQ Baked Tofu', 'A delicious Smoky BBQ Baked Tofu recipe. This Midwest-friendly dish is a family favorite and easy to make with common ingredients.', '1. Preheat oven to 375°F (190°C) if baking.
2. Prepare the Tofu and other main ingredients.
3. In a large bowl, combine with seasonings.
4. Cook according to source instructions until internal temperature is safe.
5. Let rest for 5 minutes before serving.', 'https://images.unsplash.com/photo-1484723091739-30a097e8f929?auto=format&fit=crop&w=800&q=60', 6, 'https://www.epicurious.com/recipe/smoky-bbq-baked-tofu', 'Epicurious', 0, 889, 24);
INSERT INTO ingredients (id, recipe_id, name, quantity, unit) VALUES ('8a907103-386d-45d4-93fe-cf1f51a024fd', '783b0bba-fe4c-4bcd-b904-4971ea78f60b', 'Egg', 2.3, 'large');
INSERT INTO ingredients (id, recipe_id, name, quantity, unit) VALUES ('28fbcb05-9368-4436-a825-f1681bfb2468', '783b0bba-fe4c-4bcd-b904-4971ea78f60b', 'Milk', 3.1, 'cup');
INSERT INTO ingredients (id, recipe_id, name, quantity, unit) VALUES ('58f32fec-3914-4fcb-a972-c7209d875942', '783b0bba-fe4c-4bcd-b904-4971ea78f60b', 'Salt', 2.4, 'tsp');
INSERT INTO ingredients (id, recipe_id, name, quantity, unit) VALUES ('d3ae52ab-990b-4dc1-aee7-4b3b91815f8c', '783b0bba-fe4c-4bcd-b904-4971ea78f60b', 'Cheddar Cheese', 1.3, 'cup');
INSERT INTO ingredients (id, recipe_id, name, quantity, unit) VALUES ('2b7fab87-8313-4e43-9532-658580f81cea', '783b0bba-fe4c-4bcd-b904-4971ea78f60b', 'Breadcrumbs', 0.5, 'cup');
INSERT INTO recipe_dietary_tags (recipe_id, tag_id) VALUES ('783b0bba-fe4c-4bcd-b904-4971ea78f60b', 10);

INSERT INTO recipes (id, user_id, title, description, instructions, image_url, servings, source_url, source_name, is_archived, views, cart_adds) VALUES ('b696ca2f-a4d8-4f58-b108-d7157de63610', 'admin-user-id', 'Cajun Spiced Sautéed Lamb', 'A delicious Cajun Spiced Sautéed Lamb recipe. This Midwest-friendly dish is a family favorite and easy to make with common ingredients.', '1. Preheat oven to 375°F (190°C) if baking.
2. Prepare the Lamb and other main ingredients.
3. In a large bowl, combine with seasonings.
4. Cook according to source instructions until internal temperature is safe.
5. Let rest for 5 minutes before serving.', 'https://images.unsplash.com/photo-1540189549336-e6e99c3679fe?auto=format&fit=crop&w=800&q=60', 5, 'https://www.allrecipes.com/recipe/cajun-spiced-saut-ed-lamb', 'AllRecipes', 0, 551, 98);
INSERT INTO ingredients (id, recipe_id, name, quantity, unit) VALUES ('f82ff8dd-b53b-4b86-b872-daa787093cdd', 'b696ca2f-a4d8-4f58-b108-d7157de63610', 'Rice', 2.5, 'cup');
INSERT INTO ingredients (id, recipe_id, name, quantity, unit) VALUES ('374a0a6d-5407-415d-9d04-c9b730398166', 'b696ca2f-a4d8-4f58-b108-d7157de63610', 'Heavy Cream', 3.0, 'cup');
INSERT INTO ingredients (id, recipe_id, name, quantity, unit) VALUES ('203c99cf-1970-46a8-973b-97766dc59741', 'b696ca2f-a4d8-4f58-b108-d7157de63610', 'Honey', 0.5, 'tbsp');
INSERT INTO ingredients (id, recipe_id, name, quantity, unit) VALUES ('51c55929-63c5-4848-8ac0-81a784b5fb11', 'b696ca2f-a4d8-4f58-b108-d7157de63610', 'Olive Oil', 2.1, 'tbsp');
INSERT INTO ingredients (id, recipe_id, name, quantity, unit) VALUES ('d929b99a-8d1e-48c4-845e-1fd4ebcd5c22', 'b696ca2f-a4d8-4f58-b108-d7157de63610', 'Garlic', 1.2, 'clove');
INSERT INTO ingredients (id, recipe_id, name, quantity, unit) VALUES ('4844871a-6339-428e-a521-559719b50f73', 'b696ca2f-a4d8-4f58-b108-d7157de63610', 'Soy Sauce', 2.2, 'tbsp');
INSERT INTO ingredients (id, recipe_id, name, quantity, unit) VALUES ('cd016fd5-d7cd-4e7a-ba8c-32babe4293c3', 'b696ca2f-a4d8-4f58-b108-d7157de63610', 'Chicken Breast', 0.8, 'lb');
INSERT INTO recipe_dietary_tags (recipe_id, tag_id) VALUES ('b696ca2f-a4d8-4f58-b108-d7157de63610', 10);
INSERT INTO recipe_dietary_tags (recipe_id, tag_id) VALUES ('b696ca2f-a4d8-4f58-b108-d7157de63610', 2);
INSERT INTO recipe_dietary_tags (recipe_id, tag_id) VALUES ('b696ca2f-a4d8-4f58-b108-d7157de63610', 9);

INSERT INTO recipes (id, user_id, title, description, instructions, image_url, servings, source_url, source_name, is_archived, views, cart_adds) VALUES ('2b06df82-de09-419e-a619-86b8b0ac6148', 'admin-user-id', 'Taco Seasoned Steamed Turkey', 'A delicious Taco Seasoned Steamed Turkey recipe. This Midwest-friendly dish is a family favorite and easy to make with common ingredients.', '1. Preheat oven to 375°F (190°C) if baking.
2. Prepare the Turkey and other main ingredients.
3. In a large bowl, combine with seasonings.
4. Cook according to source instructions until internal temperature is safe.
5. Let rest for 5 minutes before serving.', 'https://images.unsplash.com/photo-1567620985035-091781110527?auto=format&fit=crop&w=800&q=60', 7, 'https://www.foodnetwork.com/recipe/taco-seasoned-steamed-turkey', 'Food Network', 0, 312, 15);
INSERT INTO ingredients (id, recipe_id, name, quantity, unit) VALUES ('5ad11cde-c6b9-4121-af3e-e37cc30cba0c', '2b06df82-de09-419e-a619-86b8b0ac6148', 'Chicken Breast', 3.0, 'lb');
INSERT INTO ingredients (id, recipe_id, name, quantity, unit) VALUES ('79dd600d-1ee4-40a4-91fa-61658ea748be', '2b06df82-de09-419e-a619-86b8b0ac6148', 'Potatoes', 3.1, 'lb');
INSERT INTO ingredients (id, recipe_id, name, quantity, unit) VALUES ('a2bec3a8-97ce-4d9a-b425-9c8bc11000f0', '2b06df82-de09-419e-a619-86b8b0ac6148', 'Black Pepper', 3.4, 'tsp');
INSERT INTO ingredients (id, recipe_id, name, quantity, unit) VALUES ('7b088f96-3654-43fa-aad1-578a20fc9592', '2b06df82-de09-419e-a619-86b8b0ac6148', 'Milk', 0.9, 'cup');
INSERT INTO recipe_dietary_tags (recipe_id, tag_id) VALUES ('2b06df82-de09-419e-a619-86b8b0ac6148', 10);

INSERT INTO recipes (id, user_id, title, description, instructions, image_url, servings, source_url, source_name, is_archived, views, cart_adds) VALUES ('729067f2-9910-41ac-8a07-ba8c63fc58a6', 'admin-user-id', 'Cajun Spiced Grilled Shrimp', 'A delicious Cajun Spiced Grilled Shrimp recipe. This Midwest-friendly dish is a family favorite and easy to make with common ingredients.', '1. Preheat oven to 375°F (190°C) if baking.
2. Prepare the Shrimp and other main ingredients.
3. In a large bowl, combine with seasonings.
4. Cook according to source instructions until internal temperature is safe.
5. Let rest for 5 minutes before serving.', 'https://images.unsplash.com/photo-1565299624946-b28f40a0ae38?auto=format&fit=crop&w=800&q=60', 4, 'https://www.bonappetit.com/recipe/cajun-spiced-grilled-shrimp', 'Bon Appetit', 0, 290, 20);
INSERT INTO ingredients (id, recipe_id, name, quantity, unit) VALUES ('145f26f3-2dc1-4f45-8657-394ef1e55b8c', '729067f2-9910-41ac-8a07-ba8c63fc58a6', 'Butter', 2.1, 'tbsp');
INSERT INTO ingredients (id, recipe_id, name, quantity, unit) VALUES ('85d72b96-2065-409f-8145-32cd91effecc', '729067f2-9910-41ac-8a07-ba8c63fc58a6', 'Egg', 1.6, 'large');
INSERT INTO ingredients (id, recipe_id, name, quantity, unit) VALUES ('c95d88bd-0787-4750-b6e8-aa1fa480f6a0', '729067f2-9910-41ac-8a07-ba8c63fc58a6', 'Carrots', 0.8, 'cup');
INSERT INTO ingredients (id, recipe_id, name, quantity, unit) VALUES ('e408771e-1d55-410d-a3f9-fd5cef110784', '729067f2-9910-41ac-8a07-ba8c63fc58a6', 'Cream of Mushroom Soup', 3.4, 'can');
INSERT INTO ingredients (id, recipe_id, name, quantity, unit) VALUES ('de7d381e-7bca-42ca-985f-9d31e20618ea', '729067f2-9910-41ac-8a07-ba8c63fc58a6', 'Lemon Juice', 2.5, 'tbsp');
INSERT INTO recipe_dietary_tags (recipe_id, tag_id) VALUES ('729067f2-9910-41ac-8a07-ba8c63fc58a6', 10);

INSERT INTO recipes (id, user_id, title, description, instructions, image_url, servings, source_url, source_name, is_archived, views, cart_adds) VALUES ('181fdc8e-7046-49dd-87ec-c2baa7b3d44f', 'admin-user-id', 'Cajun Spiced Air Fried Salmon', 'A delicious Cajun Spiced Air Fried Salmon recipe. This Midwest-friendly dish is a family favorite and easy to make with common ingredients.', '1. Preheat oven to 375°F (190°C) if baking.
2. Prepare the Salmon and other main ingredients.
3. In a large bowl, combine with seasonings.
4. Cook according to source instructions until internal temperature is safe.
5. Let rest for 5 minutes before serving.', 'https://images.unsplash.com/photo-1555939594-58d7cb561ad1?auto=format&fit=crop&w=800&q=60', 4, 'https://www.tasteofhome.com/recipe/cajun-spiced-air-fried-salmon', 'Taste of Home', 0, 714, 4);
INSERT INTO ingredients (id, recipe_id, name, quantity, unit) VALUES ('b83b1525-b183-4eee-815d-42cce8826883', '181fdc8e-7046-49dd-87ec-c2baa7b3d44f', 'Celery', 2.8, 'cup');
INSERT INTO ingredients (id, recipe_id, name, quantity, unit) VALUES ('5f321af7-59e0-4e87-8133-e19d17e974d4', '181fdc8e-7046-49dd-87ec-c2baa7b3d44f', 'Tomato Sauce', 2.4, 'oz');
INSERT INTO ingredients (id, recipe_id, name, quantity, unit) VALUES ('1da6b19e-9117-44a7-9a02-73ebdc0b8d73', '181fdc8e-7046-49dd-87ec-c2baa7b3d44f', 'Tater Tots', 2.8, 'oz');
INSERT INTO ingredients (id, recipe_id, name, quantity, unit) VALUES ('5eef4e87-074a-43fb-a555-b822a2fba4f1', '181fdc8e-7046-49dd-87ec-c2baa7b3d44f', 'Black Pepper', 3.0, 'tsp');
INSERT INTO ingredients (id, recipe_id, name, quantity, unit) VALUES ('c9c889a8-4147-491d-aedd-2267cc901470', '181fdc8e-7046-49dd-87ec-c2baa7b3d44f', 'Garlic', 1.3, 'clove');
INSERT INTO recipe_dietary_tags (recipe_id, tag_id) VALUES ('181fdc8e-7046-49dd-87ec-c2baa7b3d44f', 9);

INSERT INTO recipes (id, user_id, title, description, instructions, image_url, servings, source_url, source_name, is_archived, views, cart_adds) VALUES ('cb911ae6-8aa2-481f-b0be-64ce71daa6c6', 'admin-user-id', 'Taco Seasoned Pan-Seared Venison', 'A delicious Taco Seasoned Pan-Seared Venison recipe. This Midwest-friendly dish is a family favorite and easy to make with common ingredients.', '1. Preheat oven to 375°F (190°C) if baking.
2. Prepare the Venison and other main ingredients.
3. In a large bowl, combine with seasonings.
4. Cook according to source instructions until internal temperature is safe.
5. Let rest for 5 minutes before serving.', 'https://images.unsplash.com/photo-1513104894114-bd7ea4718312?auto=format&fit=crop&w=800&q=60', 2, 'https://www.epicurious.com/recipe/taco-seasoned-pan-seared-venison', 'Epicurious', 0, 294, 75);
INSERT INTO ingredients (id, recipe_id, name, quantity, unit) VALUES ('a9455f9b-449d-4284-b71e-9e2792fde9ee', 'cb911ae6-8aa2-481f-b0be-64ce71daa6c6', 'Tomato Sauce', 2.0, 'oz');
INSERT INTO ingredients (id, recipe_id, name, quantity, unit) VALUES ('b1cda0e0-5fca-4263-a79b-bb495d9198c5', 'cb911ae6-8aa2-481f-b0be-64ce71daa6c6', 'Lemon Juice', 2.4, 'tbsp');
INSERT INTO ingredients (id, recipe_id, name, quantity, unit) VALUES ('254f3e37-5b45-45ca-a9d8-754bb993b7fa', 'cb911ae6-8aa2-481f-b0be-64ce71daa6c6', 'Black Pepper', 0.6, 'tsp');
INSERT INTO ingredients (id, recipe_id, name, quantity, unit) VALUES ('907f68f8-0c6e-457f-8c0a-0b444048637f', 'cb911ae6-8aa2-481f-b0be-64ce71daa6c6', 'Rice', 0.8, 'cup');
INSERT INTO ingredients (id, recipe_id, name, quantity, unit) VALUES ('57262145-5640-48ff-8141-bcfc68349b75', 'cb911ae6-8aa2-481f-b0be-64ce71daa6c6', 'Celery', 2.5, 'cup');
INSERT INTO recipe_dietary_tags (recipe_id, tag_id) VALUES ('cb911ae6-8aa2-481f-b0be-64ce71daa6c6', 10);
INSERT INTO recipe_dietary_tags (recipe_id, tag_id) VALUES ('cb911ae6-8aa2-481f-b0be-64ce71daa6c6', 4);

INSERT INTO recipes (id, user_id, title, description, instructions, image_url, servings, source_url, source_name, is_archived, views, cart_adds) VALUES ('321f9227-08b5-4aac-ac11-1e09c74881e6', 'admin-user-id', 'Miso Ginger Roasted Lamb', 'A delicious Miso Ginger Roasted Lamb recipe. This Midwest-friendly dish is a family favorite and easy to make with common ingredients.', '1. Preheat oven to 375°F (190°C) if baking.
2. Prepare the Lamb and other main ingredients.
3. In a large bowl, combine with seasonings.
4. Cook according to source instructions until internal temperature is safe.
5. Let rest for 5 minutes before serving.', 'https://images.unsplash.com/photo-1504754524776-8f4f37799ca7?auto=format&fit=crop&w=800&q=60', 3, 'https://www.allrecipes.com/recipe/miso-ginger-roasted-lamb', 'AllRecipes', 0, 824, 86);
INSERT INTO ingredients (id, recipe_id, name, quantity, unit) VALUES ('53794c86-d98d-401a-bdbf-f870098b3270', '321f9227-08b5-4aac-ac11-1e09c74881e6', 'Celery', 2.2, 'cup');
INSERT INTO ingredients (id, recipe_id, name, quantity, unit) VALUES ('795d5bda-f990-454a-8550-066661bacaba', '321f9227-08b5-4aac-ac11-1e09c74881e6', 'Milk', 0.7, 'cup');
INSERT INTO ingredients (id, recipe_id, name, quantity, unit) VALUES ('e0fdec96-5946-4a9b-86ee-7f693e04d533', '321f9227-08b5-4aac-ac11-1e09c74881e6', 'Butter', 3.4, 'tbsp');
INSERT INTO ingredients (id, recipe_id, name, quantity, unit) VALUES ('4b0cf94f-7264-4196-b37a-b8779c03ec76', '321f9227-08b5-4aac-ac11-1e09c74881e6', 'Sour Cream', 3.3, 'cup');
INSERT INTO ingredients (id, recipe_id, name, quantity, unit) VALUES ('087228a0-0bb3-4202-b6e8-081d37c69619', '321f9227-08b5-4aac-ac11-1e09c74881e6', 'Ground Beef', 3.0, 'lb');
INSERT INTO recipe_dietary_tags (recipe_id, tag_id) VALUES ('321f9227-08b5-4aac-ac11-1e09c74881e6', 5);

INSERT INTO recipes (id, user_id, title, description, instructions, image_url, servings, source_url, source_name, is_archived, views, cart_adds) VALUES ('0002bec6-a0d0-4c90-b277-fee97c88fc92', 'admin-user-id', 'Balsamic Glaze Air Fried Pork', 'A delicious Balsamic Glaze Air Fried Pork recipe. This Midwest-friendly dish is a family favorite and easy to make with common ingredients.', '1. Preheat oven to 375°F (190°C) if baking.
2. Prepare the Pork and other main ingredients.
3. In a large bowl, combine with seasonings.
4. Cook according to source instructions until internal temperature is safe.
5. Let rest for 5 minutes before serving.', 'https://images.unsplash.com/photo-1476224203421-9ac3993557a4?auto=format&fit=crop&w=800&q=60', 7, 'https://www.foodnetwork.com/recipe/balsamic-glaze-air-fried-pork', 'Food Network', 0, 26, 96);
INSERT INTO ingredients (id, recipe_id, name, quantity, unit) VALUES ('923635fa-b039-4646-aa71-9a51592f0efc', '0002bec6-a0d0-4c90-b277-fee97c88fc92', 'Butter', 2.1, 'tbsp');
INSERT INTO ingredients (id, recipe_id, name, quantity, unit) VALUES ('7d3c05fb-8984-4f13-a6a4-3264bbe762a4', '0002bec6-a0d0-4c90-b277-fee97c88fc92', 'Frozen Peas', 3.3, 'cup');
INSERT INTO ingredients (id, recipe_id, name, quantity, unit) VALUES ('a899e44b-e844-4591-b89a-8faa24c65aea', '0002bec6-a0d0-4c90-b277-fee97c88fc92', 'Black Pepper', 1.1, 'tsp');
INSERT INTO ingredients (id, recipe_id, name, quantity, unit) VALUES ('a7a464e2-352e-4946-95c7-7aa380fd9e5e', '0002bec6-a0d0-4c90-b277-fee97c88fc92', 'Cheddar Cheese', 3.2, 'cup');
INSERT INTO ingredients (id, recipe_id, name, quantity, unit) VALUES ('18bd187e-02af-462f-83aa-270afda1ec43', '0002bec6-a0d0-4c90-b277-fee97c88fc92', 'Onion', 1.2, 'cup');
INSERT INTO recipe_dietary_tags (recipe_id, tag_id) VALUES ('0002bec6-a0d0-4c90-b277-fee97c88fc92', 4);
INSERT INTO recipe_dietary_tags (recipe_id, tag_id) VALUES ('0002bec6-a0d0-4c90-b277-fee97c88fc92', 2);

INSERT INTO recipes (id, user_id, title, description, instructions, image_url, servings, source_url, source_name, is_archived, views, cart_adds) VALUES ('ce5f67fe-fa51-47a6-878e-c5a9fefca45b', 'admin-user-id', 'Honey Sriracha Sautéed Beef', 'A delicious Honey Sriracha Sautéed Beef recipe. This Midwest-friendly dish is a family favorite and easy to make with common ingredients.', '1. Preheat oven to 375°F (190°C) if baking.
2. Prepare the Beef and other main ingredients.
3. In a large bowl, combine with seasonings.
4. Cook according to source instructions until internal temperature is safe.
5. Let rest for 5 minutes before serving.', 'https://images.unsplash.com/photo-1498837167721-8f5c1a322c2e?auto=format&fit=crop&w=800&q=60', 3, 'https://www.bonappetit.com/recipe/honey-sriracha-saut-ed-beef', 'Bon Appetit', 0, 785, 6);
INSERT INTO ingredients (id, recipe_id, name, quantity, unit) VALUES ('8e00fbc7-8c65-4831-b398-b742ffa816a9', 'ce5f67fe-fa51-47a6-878e-c5a9fefca45b', 'Ground Beef', 2.5, 'lb');
INSERT INTO ingredients (id, recipe_id, name, quantity, unit) VALUES ('d48c7621-c606-4214-a251-2133f9fbe16b', 'ce5f67fe-fa51-47a6-878e-c5a9fefca45b', 'Milk', 1.4, 'cup');
INSERT INTO ingredients (id, recipe_id, name, quantity, unit) VALUES ('61732b81-8278-45d5-a6f2-8d93274664ad', 'ce5f67fe-fa51-47a6-878e-c5a9fefca45b', 'Soy Sauce', 2.6, 'tbsp');
INSERT INTO ingredients (id, recipe_id, name, quantity, unit) VALUES ('195c04e0-8cf6-44e3-9b44-b238dbe6f712', 'ce5f67fe-fa51-47a6-878e-c5a9fefca45b', 'Frozen Peas', 0.7, 'cup');
INSERT INTO recipe_dietary_tags (recipe_id, tag_id) VALUES ('ce5f67fe-fa51-47a6-878e-c5a9fefca45b', 2);

INSERT INTO recipes (id, user_id, title, description, instructions, image_url, servings, source_url, source_name, is_archived, views, cart_adds) VALUES ('8a13db6c-b349-42b9-9522-54c9b991f3e7', 'admin-user-id', 'Taco Seasoned Sautéed Venison', 'A delicious Taco Seasoned Sautéed Venison recipe. This Midwest-friendly dish is a family favorite and easy to make with common ingredients.', '1. Preheat oven to 375°F (190°C) if baking.
2. Prepare the Venison and other main ingredients.
3. In a large bowl, combine with seasonings.
4. Cook according to source instructions until internal temperature is safe.
5. Let rest for 5 minutes before serving.', 'https://images.unsplash.com/photo-1490645935967-10de6ba17051?auto=format&fit=crop&w=800&q=60', 2, 'https://www.allrecipes.com/recipe/taco-seasoned-saut-ed-venison', 'AllRecipes', 0, 815, 57);
INSERT INTO ingredients (id, recipe_id, name, quantity, unit) VALUES ('a0970d04-d1cf-4148-bfa5-a0ab9caaacbe', '8a13db6c-b349-42b9-9522-54c9b991f3e7', 'Egg', 2.4, 'large');
INSERT INTO ingredients (id, recipe_id, name, quantity, unit) VALUES ('5b569476-d741-4061-9920-e5032da03b5d', '8a13db6c-b349-42b9-9522-54c9b991f3e7', 'Rice', 2.2, 'cup');
INSERT INTO ingredients (id, recipe_id, name, quantity, unit) VALUES ('4c800298-acea-4b36-a89b-dfb9faa80f47', '8a13db6c-b349-42b9-9522-54c9b991f3e7', 'Worcestershire Sauce', 0.8, 'tbsp');
INSERT INTO ingredients (id, recipe_id, name, quantity, unit) VALUES ('a3404d07-30ea-4838-b822-81b2e54ffef5', '8a13db6c-b349-42b9-9522-54c9b991f3e7', 'Ground Beef', 2.5, 'lb');
INSERT INTO ingredients (id, recipe_id, name, quantity, unit) VALUES ('af6ee747-4919-4672-b9fb-aad0a4ac4dd8', '8a13db6c-b349-42b9-9522-54c9b991f3e7', 'Breadcrumbs', 1.7, 'cup');
INSERT INTO ingredients (id, recipe_id, name, quantity, unit) VALUES ('f4efcb40-2f98-4b21-ad2a-2d896b061593', '8a13db6c-b349-42b9-9522-54c9b991f3e7', 'Black Pepper', 2.8, 'tsp');
INSERT INTO ingredients (id, recipe_id, name, quantity, unit) VALUES ('5e1aa5ba-960c-4f31-8f5e-d6759a322624', '8a13db6c-b349-42b9-9522-54c9b991f3e7', 'Cream of Mushroom Soup', 1.3, 'can');
INSERT INTO recipe_dietary_tags (recipe_id, tag_id) VALUES ('8a13db6c-b349-42b9-9522-54c9b991f3e7', 10);

INSERT INTO recipes (id, user_id, title, description, instructions, image_url, servings, source_url, source_name, is_archived, views, cart_adds) VALUES ('093bc404-2053-4623-8007-e7f6979e04ed', 'admin-user-id', 'Smoky BBQ Air Fried Venison', 'A delicious Smoky BBQ Air Fried Venison recipe. This Midwest-friendly dish is a family favorite and easy to make with common ingredients.', '1. Preheat oven to 375°F (190°C) if baking.
2. Prepare the Venison and other main ingredients.
3. In a large bowl, combine with seasonings.
4. Cook according to source instructions until internal temperature is safe.
5. Let rest for 5 minutes before serving.', 'https://images.unsplash.com/photo-1506084868214-19a1f9e147f8?auto=format&fit=crop&w=800&q=60', 4, 'https://www.tasteofhome.com/recipe/smoky-bbq-air-fried-venison', 'Taste of Home', 0, 847, 28);
INSERT INTO ingredients (id, recipe_id, name, quantity, unit) VALUES ('a4230d37-e9f1-48a4-b4f9-280c20e46a2c', '093bc404-2053-4623-8007-e7f6979e04ed', 'Lemon Juice', 1.5, 'tbsp');
INSERT INTO ingredients (id, recipe_id, name, quantity, unit) VALUES ('ec336c43-f984-4035-bd99-ec7625159034', '093bc404-2053-4623-8007-e7f6979e04ed', 'Butter', 3.2, 'tbsp');
INSERT INTO ingredients (id, recipe_id, name, quantity, unit) VALUES ('9ae11c4d-97ba-4209-99c8-7d185f0ee949', '093bc404-2053-4623-8007-e7f6979e04ed', 'Celery', 2.5, 'cup');
INSERT INTO ingredients (id, recipe_id, name, quantity, unit) VALUES ('c29d7ca2-f971-449f-bac1-6f401fb25197', '093bc404-2053-4623-8007-e7f6979e04ed', 'Carrots', 0.9, 'cup');
INSERT INTO ingredients (id, recipe_id, name, quantity, unit) VALUES ('3632ca64-95de-4cb7-bf81-6eba9d5d0185', '093bc404-2053-4623-8007-e7f6979e04ed', 'Tater Tots', 3.0, 'oz');
INSERT INTO ingredients (id, recipe_id, name, quantity, unit) VALUES ('15ed813c-44e7-4424-b62c-94cab2a636c2', '093bc404-2053-4623-8007-e7f6979e04ed', 'Frozen Peas', 3.3, 'cup');
INSERT INTO recipe_dietary_tags (recipe_id, tag_id) VALUES ('093bc404-2053-4623-8007-e7f6979e04ed', 10);
INSERT INTO recipe_dietary_tags (recipe_id, tag_id) VALUES ('093bc404-2053-4623-8007-e7f6979e04ed', 2);

INSERT INTO recipes (id, user_id, title, description, instructions, image_url, servings, source_url, source_name, is_archived, views, cart_adds) VALUES ('b5f6faa8-b2d5-4c06-b3a8-5b2f6b6db33d', 'admin-user-id', 'Miso Ginger Slow Cooked Pork', 'A delicious Miso Ginger Slow Cooked Pork recipe. This Midwest-friendly dish is a family favorite and easy to make with common ingredients.', '1. Preheat oven to 375°F (190°C) if baking.
2. Prepare the Pork and other main ingredients.
3. In a large bowl, combine with seasonings.
4. Cook according to source instructions until internal temperature is safe.
5. Let rest for 5 minutes before serving.', 'https://images.unsplash.com/photo-1529042410759-adb828e4eaf0?auto=format&fit=crop&w=800&q=60', 7, 'https://www.foodnetwork.com/recipe/miso-ginger-slow-cooked-pork', 'Food Network', 0, 120, 15);
INSERT INTO ingredients (id, recipe_id, name, quantity, unit) VALUES ('d8c7c2af-32b4-4b6a-abd0-e50ab067a6bd', 'b5f6faa8-b2d5-4c06-b3a8-5b2f6b6db33d', 'Tater Tots', 1.9, 'oz');
INSERT INTO ingredients (id, recipe_id, name, quantity, unit) VALUES ('6a93d065-f7bc-4aee-ba26-e2ec88331638', 'b5f6faa8-b2d5-4c06-b3a8-5b2f6b6db33d', 'Cream of Mushroom Soup', 2.4, 'can');
INSERT INTO ingredients (id, recipe_id, name, quantity, unit) VALUES ('21e98ac7-f734-4878-91c6-3282d8d669c6', 'b5f6faa8-b2d5-4c06-b3a8-5b2f6b6db33d', 'Butter', 1.6, 'tbsp');
INSERT INTO ingredients (id, recipe_id, name, quantity, unit) VALUES ('09f3af02-c8d7-4c86-8eb5-319dec6a38f2', 'b5f6faa8-b2d5-4c06-b3a8-5b2f6b6db33d', 'Tomato Sauce', 2.2, 'oz');
INSERT INTO ingredients (id, recipe_id, name, quantity, unit) VALUES ('91a11b44-d6d7-4761-a284-17d772cfa6f1', 'b5f6faa8-b2d5-4c06-b3a8-5b2f6b6db33d', 'Sour Cream', 3.3, 'cup');
INSERT INTO ingredients (id, recipe_id, name, quantity, unit) VALUES ('bdb71b0a-8f47-4503-b4d6-46a1b2767a71', 'b5f6faa8-b2d5-4c06-b3a8-5b2f6b6db33d', 'Milk', 2.3, 'cup');
INSERT INTO recipe_dietary_tags (recipe_id, tag_id) VALUES ('b5f6faa8-b2d5-4c06-b3a8-5b2f6b6db33d', 9);
INSERT INTO recipe_dietary_tags (recipe_id, tag_id) VALUES ('b5f6faa8-b2d5-4c06-b3a8-5b2f6b6db33d', 8);

INSERT INTO recipes (id, user_id, title, description, instructions, image_url, servings, source_url, source_name, is_archived, views, cart_adds) VALUES ('665d7e96-5637-4c80-9099-1d1614488075', 'admin-user-id', 'Miso Ginger Baked Tofu', 'A delicious Miso Ginger Baked Tofu recipe. This Midwest-friendly dish is a family favorite and easy to make with common ingredients.', '1. Preheat oven to 375°F (190°C) if baking.
2. Prepare the Tofu and other main ingredients.
3. In a large bowl, combine with seasonings.
4. Cook according to source instructions until internal temperature is safe.
5. Let rest for 5 minutes before serving.', 'https://images.unsplash.com/photo-1455619452474-d2ba29bc06da?auto=format&fit=crop&w=800&q=60', 3, 'https://www.tasteofhome.com/recipe/miso-ginger-baked-tofu', 'Taste of Home', 0, 942, 42);
INSERT INTO ingredients (id, recipe_id, name, quantity, unit) VALUES ('5d15b2ac-32a2-4e21-abe3-a5b57f2b1ea9', '665d7e96-5637-4c80-9099-1d1614488075', 'Celery', 2.2, 'cup');
INSERT INTO ingredients (id, recipe_id, name, quantity, unit) VALUES ('d4b69b3f-15d5-4d9a-a1d2-6be05106c06b', '665d7e96-5637-4c80-9099-1d1614488075', 'Salt', 1.3, 'tsp');
INSERT INTO ingredients (id, recipe_id, name, quantity, unit) VALUES ('5f1eae0c-ed3b-4153-b379-0b5688bcc252', '665d7e96-5637-4c80-9099-1d1614488075', 'Breadcrumbs', 2.1, 'cup');
INSERT INTO ingredients (id, recipe_id, name, quantity, unit) VALUES ('39a165b6-48e3-41fc-9854-950189de3837', '665d7e96-5637-4c80-9099-1d1614488075', 'Dijon Mustard', 3.5, 'tsp');
INSERT INTO ingredients (id, recipe_id, name, quantity, unit) VALUES ('35e0e67e-1cb0-4f1a-baf9-86cc298e108b', '665d7e96-5637-4c80-9099-1d1614488075', 'Olive Oil', 3.2, 'tbsp');
INSERT INTO ingredients (id, recipe_id, name, quantity, unit) VALUES ('089e1828-0dc4-447b-bfc3-43d243e7f9e5', '665d7e96-5637-4c80-9099-1d1614488075', 'Chicken Breast', 1.9, 'lb');
INSERT INTO ingredients (id, recipe_id, name, quantity, unit) VALUES ('d0ab46aa-f5e2-47b3-a9ac-a979ba55af76', '665d7e96-5637-4c80-9099-1d1614488075', 'Pasta', 3.0, 'oz');
INSERT INTO recipe_dietary_tags (recipe_id, tag_id) VALUES ('665d7e96-5637-4c80-9099-1d1614488075', 5);
INSERT INTO recipe_dietary_tags (recipe_id, tag_id) VALUES ('665d7e96-5637-4c80-9099-1d1614488075', 2);
INSERT INTO recipe_dietary_tags (recipe_id, tag_id) VALUES ('665d7e96-5637-4c80-9099-1d1614488075', 4);

INSERT INTO recipes (id, user_id, title, description, instructions, image_url, servings, source_url, source_name, is_archived, views, cart_adds) VALUES ('78e68678-8a94-47bd-a348-32028299eaaf', 'admin-user-id', 'Cajun Spiced Pan-Seared Turkey', 'A delicious Cajun Spiced Pan-Seared Turkey recipe. This Midwest-friendly dish is a family favorite and easy to make with common ingredients.', '1. Preheat oven to 375°F (190°C) if baking.
2. Prepare the Turkey and other main ingredients.
3. In a large bowl, combine with seasonings.
4. Cook according to source instructions until internal temperature is safe.
5. Let rest for 5 minutes before serving.', 'https://images.unsplash.com/photo-1504113888839-14294c223d51?auto=format&fit=crop&w=800&q=60', 6, 'https://www.epicurious.com/recipe/cajun-spiced-pan-seared-turkey', 'Epicurious', 0, 909, 9);
INSERT INTO ingredients (id, recipe_id, name, quantity, unit) VALUES ('ec64ee67-2f83-442d-9ec9-3fc9f99871aa', '78e68678-8a94-47bd-a348-32028299eaaf', 'Heavy Cream', 1.3, 'cup');
INSERT INTO ingredients (id, recipe_id, name, quantity, unit) VALUES ('6896918a-3043-4124-8a03-e4cfa5207692', '78e68678-8a94-47bd-a348-32028299eaaf', 'Onion', 3.5, 'cup');
INSERT INTO ingredients (id, recipe_id, name, quantity, unit) VALUES ('ec57e188-b7ce-4b66-bd0d-b13e12982937', '78e68678-8a94-47bd-a348-32028299eaaf', 'Garlic', 3.2, 'clove');
INSERT INTO ingredients (id, recipe_id, name, quantity, unit) VALUES ('44a4bc18-93bd-47a0-ade5-b3f79f4d2cda', '78e68678-8a94-47bd-a348-32028299eaaf', 'Ground Beef', 0.9, 'lb');
INSERT INTO ingredients (id, recipe_id, name, quantity, unit) VALUES ('8cf3f3fd-fffb-4ef9-b351-e5160bf44099', '78e68678-8a94-47bd-a348-32028299eaaf', 'Soy Sauce', 3.3, 'tbsp');
INSERT INTO recipe_dietary_tags (recipe_id, tag_id) VALUES ('78e68678-8a94-47bd-a348-32028299eaaf', 4);
INSERT INTO recipe_dietary_tags (recipe_id, tag_id) VALUES ('78e68678-8a94-47bd-a348-32028299eaaf', 2);

INSERT INTO recipes (id, user_id, title, description, instructions, image_url, servings, source_url, source_name, is_archived, views, cart_adds) VALUES ('b9bb39a4-3dbc-4b33-8aa3-0b0b3972a38f', 'admin-user-id', 'Smoky BBQ Pan-Seared Turkey', 'A delicious Smoky BBQ Pan-Seared Turkey recipe. This Midwest-friendly dish is a family favorite and easy to make with common ingredients.', '1. Preheat oven to 375°F (190°C) if baking.
2. Prepare the Turkey and other main ingredients.
3. In a large bowl, combine with seasonings.
4. Cook according to source instructions until internal temperature is safe.
5. Let rest for 5 minutes before serving.', 'https://images.unsplash.com/photo-1546062477-fe2f66230ba3?auto=format&fit=crop&w=800&q=60', 7, 'https://www.foodnetwork.com/recipe/smoky-bbq-pan-seared-turkey', 'Food Network', 0, 652, 58);
INSERT INTO ingredients (id, recipe_id, name, quantity, unit) VALUES ('f26fe0fe-2425-4329-9ff7-259ddede49a8', 'b9bb39a4-3dbc-4b33-8aa3-0b0b3972a38f', 'Lemon Juice', 0.9, 'tbsp');
INSERT INTO ingredients (id, recipe_id, name, quantity, unit) VALUES ('641b339a-d610-47ab-b6ab-de02dde3f04b', 'b9bb39a4-3dbc-4b33-8aa3-0b0b3972a38f', 'Worcestershire Sauce', 1.0, 'tbsp');
INSERT INTO ingredients (id, recipe_id, name, quantity, unit) VALUES ('1d94cbcd-2fbc-43f3-92c0-9aa1d0b68303', 'b9bb39a4-3dbc-4b33-8aa3-0b0b3972a38f', 'Cheddar Cheese', 1.7, 'cup');
INSERT INTO ingredients (id, recipe_id, name, quantity, unit) VALUES ('0fe00216-d859-4769-9bbb-a0ac1d1b112e', 'b9bb39a4-3dbc-4b33-8aa3-0b0b3972a38f', 'Honey', 3.3, 'tbsp');
INSERT INTO ingredients (id, recipe_id, name, quantity, unit) VALUES ('089ebfdd-8140-409f-863c-bbab3e789e2d', 'b9bb39a4-3dbc-4b33-8aa3-0b0b3972a38f', 'Carrots', 1.4, 'cup');
INSERT INTO recipe_dietary_tags (recipe_id, tag_id) VALUES ('b9bb39a4-3dbc-4b33-8aa3-0b0b3972a38f', 10);

INSERT INTO recipes (id, user_id, title, description, instructions, image_url, servings, source_url, source_name, is_archived, views, cart_adds) VALUES ('e43a512c-8071-428a-bcf2-4ae64ea7b5a0', 'admin-user-id', 'Garlic Lemon Air Fried Tofu', 'A delicious Garlic Lemon Air Fried Tofu recipe. This Midwest-friendly dish is a family favorite and easy to make with common ingredients.', '1. Preheat oven to 375°F (190°C) if baking.
2. Prepare the Tofu and other main ingredients.
3. In a large bowl, combine with seasonings.
4. Cook according to source instructions until internal temperature is safe.
5. Let rest for 5 minutes before serving.', 'https://images.unsplash.com/photo-1504674900247-0877df9cc836?auto=format&fit=crop&w=800&q=60', 4, 'https://www.allrecipes.com/recipe/garlic-lemon-air-fried-tofu', 'AllRecipes', 0, 14, 43);
INSERT INTO ingredients (id, recipe_id, name, quantity, unit) VALUES ('3478f714-5ed5-476f-8865-caeac5025f36', 'e43a512c-8071-428a-bcf2-4ae64ea7b5a0', 'Chicken Breast', 2.9, 'lb');
INSERT INTO ingredients (id, recipe_id, name, quantity, unit) VALUES ('5bb21aa4-cbaf-4278-bbc2-1de7d705fa6a', 'e43a512c-8071-428a-bcf2-4ae64ea7b5a0', 'Rice', 1.8, 'cup');
INSERT INTO ingredients (id, recipe_id, name, quantity, unit) VALUES ('fd105ca1-04d7-4c9c-9d02-61fdac2608dc', 'e43a512c-8071-428a-bcf2-4ae64ea7b5a0', 'Black Pepper', 2.7, 'tsp');
INSERT INTO ingredients (id, recipe_id, name, quantity, unit) VALUES ('d337df0b-0c95-4bf6-83a2-cb6341a90f1e', 'e43a512c-8071-428a-bcf2-4ae64ea7b5a0', 'Tomato Sauce', 0.5, 'oz');
INSERT INTO ingredients (id, recipe_id, name, quantity, unit) VALUES ('62d2f9d8-1b2e-41ed-8eb7-3f20f3942b6c', 'e43a512c-8071-428a-bcf2-4ae64ea7b5a0', 'Lemon Juice', 2.6, 'tbsp');
INSERT INTO ingredients (id, recipe_id, name, quantity, unit) VALUES ('6b7af16a-7cb9-48a7-bf73-9fe896b60481', 'e43a512c-8071-428a-bcf2-4ae64ea7b5a0', 'Tater Tots', 0.9, 'oz');
INSERT INTO recipe_dietary_tags (recipe_id, tag_id) VALUES ('e43a512c-8071-428a-bcf2-4ae64ea7b5a0', 4);

INSERT INTO recipes (id, user_id, title, description, instructions, image_url, servings, source_url, source_name, is_archived, views, cart_adds) VALUES ('754ac942-79bd-4d37-a12e-bce1b8fa1ddc', 'admin-user-id', 'Taco Seasoned Steamed Venison', 'A delicious Taco Seasoned Steamed Venison recipe. This Midwest-friendly dish is a family favorite and easy to make with common ingredients.', '1. Preheat oven to 375°F (190°C) if baking.
2. Prepare the Venison and other main ingredients.
3. In a large bowl, combine with seasonings.
4. Cook according to source instructions until internal temperature is safe.
5. Let rest for 5 minutes before serving.', 'https://images.unsplash.com/photo-1493770348161-369560ae357d?auto=format&fit=crop&w=800&q=60', 6, 'https://www.bonappetit.com/recipe/taco-seasoned-steamed-venison', 'Bon Appetit', 0, 461, 68);
INSERT INTO ingredients (id, recipe_id, name, quantity, unit) VALUES ('bec29166-3f13-44de-9764-02d6d0e7e6ce', '754ac942-79bd-4d37-a12e-bce1b8fa1ddc', 'Lemon Juice', 2.8, 'tbsp');
INSERT INTO ingredients (id, recipe_id, name, quantity, unit) VALUES ('4b749830-200c-4c92-9d36-793d0aa05890', '754ac942-79bd-4d37-a12e-bce1b8fa1ddc', 'Carrots', 1.8, 'cup');
INSERT INTO ingredients (id, recipe_id, name, quantity, unit) VALUES ('c2994eb4-f25e-4310-861d-3d31a21378dd', '754ac942-79bd-4d37-a12e-bce1b8fa1ddc', 'Salt', 0.9, 'tsp');
INSERT INTO ingredients (id, recipe_id, name, quantity, unit) VALUES ('a67b17d6-4f0a-408a-ab81-96128e900a6c', '754ac942-79bd-4d37-a12e-bce1b8fa1ddc', 'Cheddar Cheese', 1.7, 'cup');
INSERT INTO ingredients (id, recipe_id, name, quantity, unit) VALUES ('d97affc0-9a0a-4fdc-a7f1-c195a6dc5b88', '754ac942-79bd-4d37-a12e-bce1b8fa1ddc', 'Heavy Cream', 3.2, 'cup');
INSERT INTO ingredients (id, recipe_id, name, quantity, unit) VALUES ('2a380f19-e2f3-4ccc-9f24-5b4872df4165', '754ac942-79bd-4d37-a12e-bce1b8fa1ddc', 'Dijon Mustard', 3.4, 'tsp');
INSERT INTO recipe_dietary_tags (recipe_id, tag_id) VALUES ('754ac942-79bd-4d37-a12e-bce1b8fa1ddc', 10);

INSERT INTO recipes (id, user_id, title, description, instructions, image_url, servings, source_url, source_name, is_archived, views, cart_adds) VALUES ('0c576b3a-346c-4c04-b6e0-7206ffa3b9a5', 'admin-user-id', 'Miso Ginger Baked Venison', 'A delicious Miso Ginger Baked Venison recipe. This Midwest-friendly dish is a family favorite and easy to make with common ingredients.', '1. Preheat oven to 375°F (190°C) if baking.
2. Prepare the Venison and other main ingredients.
3. In a large bowl, combine with seasonings.
4. Cook according to source instructions until internal temperature is safe.
5. Let rest for 5 minutes before serving.', 'https://images.unsplash.com/photo-1473093226795-af9932fe5856?auto=format&fit=crop&w=800&q=60', 4, 'https://www.foodnetwork.com/recipe/miso-ginger-baked-venison', 'Food Network', 0, 183, 86);
INSERT INTO ingredients (id, recipe_id, name, quantity, unit) VALUES ('bafce458-d731-44f2-8655-f0fff78bed5e', '0c576b3a-346c-4c04-b6e0-7206ffa3b9a5', 'Black Pepper', 0.6, 'tsp');
INSERT INTO ingredients (id, recipe_id, name, quantity, unit) VALUES ('20809df7-08b5-4581-9452-4fa938552840', '0c576b3a-346c-4c04-b6e0-7206ffa3b9a5', 'Ground Beef', 3.1, 'lb');
INSERT INTO ingredients (id, recipe_id, name, quantity, unit) VALUES ('23c2b0d0-7cea-40dc-9de9-2132840466d9', '0c576b3a-346c-4c04-b6e0-7206ffa3b9a5', 'Pasta', 0.9, 'oz');
INSERT INTO ingredients (id, recipe_id, name, quantity, unit) VALUES ('9ce5afa6-fed3-4c76-914e-502c909ee40a', '0c576b3a-346c-4c04-b6e0-7206ffa3b9a5', 'Rice', 2.9, 'cup');
INSERT INTO ingredients (id, recipe_id, name, quantity, unit) VALUES ('ca8060b6-c562-4dbf-bfad-ffa20cebb290', '0c576b3a-346c-4c04-b6e0-7206ffa3b9a5', 'Tomato Sauce', 0.7, 'oz');
INSERT INTO ingredients (id, recipe_id, name, quantity, unit) VALUES ('d9cee024-6b8e-4910-921c-ed1a23f55af5', '0c576b3a-346c-4c04-b6e0-7206ffa3b9a5', 'Salt', 3.1, 'tsp');
INSERT INTO recipe_dietary_tags (recipe_id, tag_id) VALUES ('0c576b3a-346c-4c04-b6e0-7206ffa3b9a5', 8);

INSERT INTO recipes (id, user_id, title, description, instructions, image_url, servings, source_url, source_name, is_archived, views, cart_adds) VALUES ('db3e6eaa-4d19-4c0f-94cf-a5d88217c678', 'admin-user-id', 'Smoky BBQ Baked Pork', 'A delicious Smoky BBQ Baked Pork recipe. This Midwest-friendly dish is a family favorite and easy to make with common ingredients.', '1. Preheat oven to 375°F (190°C) if baking.
2. Prepare the Pork and other main ingredients.
3. In a large bowl, combine with seasonings.
4. Cook according to source instructions until internal temperature is safe.
5. Let rest for 5 minutes before serving.', 'https://images.unsplash.com/photo-1512621776951-a57141f2eefd?auto=format&fit=crop&w=800&q=60', 5, 'https://www.allrecipes.com/recipe/smoky-bbq-baked-pork', 'AllRecipes', 0, 987, 38);
INSERT INTO ingredients (id, recipe_id, name, quantity, unit) VALUES ('95e541ed-2cbd-4f5a-9bdf-8a6836418523', 'db3e6eaa-4d19-4c0f-94cf-a5d88217c678', 'Garlic', 1.2, 'clove');
INSERT INTO ingredients (id, recipe_id, name, quantity, unit) VALUES ('31315f9b-06b2-4fa3-9db4-3df6f2a38b01', 'db3e6eaa-4d19-4c0f-94cf-a5d88217c678', 'Honey', 0.9, 'tbsp');
INSERT INTO ingredients (id, recipe_id, name, quantity, unit) VALUES ('afc36344-1807-49b8-aa66-1b184fd21a21', 'db3e6eaa-4d19-4c0f-94cf-a5d88217c678', 'Pasta', 1.8, 'oz');
INSERT INTO ingredients (id, recipe_id, name, quantity, unit) VALUES ('073c790f-5366-411f-99e2-419225a9237d', 'db3e6eaa-4d19-4c0f-94cf-a5d88217c678', 'Chicken Breast', 0.8, 'lb');
INSERT INTO ingredients (id, recipe_id, name, quantity, unit) VALUES ('b8cef5ae-6570-4322-941d-e04cf01e495d', 'db3e6eaa-4d19-4c0f-94cf-a5d88217c678', 'Breadcrumbs', 1.3, 'cup');
INSERT INTO ingredients (id, recipe_id, name, quantity, unit) VALUES ('08cc0541-2c85-4514-b65f-4e245adf5e8d', 'db3e6eaa-4d19-4c0f-94cf-a5d88217c678', 'Milk', 2.4, 'cup');
INSERT INTO recipe_dietary_tags (recipe_id, tag_id) VALUES ('db3e6eaa-4d19-4c0f-94cf-a5d88217c678', 10);

INSERT INTO recipes (id, user_id, title, description, instructions, image_url, servings, source_url, source_name, is_archived, views, cart_adds) VALUES ('2f6bc453-d2c2-481f-b4d5-63daf625543a', 'admin-user-id', 'Herbes de Provence Roasted Cod', 'A delicious Herbes de Provence Roasted Cod recipe. This Midwest-friendly dish is a family favorite and easy to make with common ingredients.', '1. Preheat oven to 375°F (190°C) if baking.
2. Prepare the Cod and other main ingredients.
3. In a large bowl, combine with seasonings.
4. Cook according to source instructions until internal temperature is safe.
5. Let rest for 5 minutes before serving.', 'https://images.unsplash.com/photo-1482049016688-2d3e1b311543?auto=format&fit=crop&w=800&q=60', 6, 'https://www.tasteofhome.com/recipe/herbes-de-provence-roasted-cod', 'Taste of Home', 0, 19, 1);
INSERT INTO ingredients (id, recipe_id, name, quantity, unit) VALUES ('a171782d-f165-45f3-a78f-dee6df9f5ec8', '2f6bc453-d2c2-481f-b4d5-63daf625543a', 'Worcestershire Sauce', 3.0, 'tbsp');
INSERT INTO ingredients (id, recipe_id, name, quantity, unit) VALUES ('73a4220b-eda3-4434-9b1f-b27173b8db89', '2f6bc453-d2c2-481f-b4d5-63daf625543a', 'Soy Sauce', 2.0, 'tbsp');
INSERT INTO ingredients (id, recipe_id, name, quantity, unit) VALUES ('116a1fe9-3287-4f25-b431-b833ddc537df', '2f6bc453-d2c2-481f-b4d5-63daf625543a', 'Milk', 1.8, 'cup');
INSERT INTO ingredients (id, recipe_id, name, quantity, unit) VALUES ('6d968c06-903b-400e-a129-1aad83ae8350', '2f6bc453-d2c2-481f-b4d5-63daf625543a', 'Tater Tots', 0.9, 'oz');
INSERT INTO recipe_dietary_tags (recipe_id, tag_id) VALUES ('2f6bc453-d2c2-481f-b4d5-63daf625543a', 4);

INSERT INTO recipes (id, user_id, title, description, instructions, image_url, servings, source_url, source_name, is_archived, views, cart_adds) VALUES ('50f443af-47b6-4f1f-a0a9-e7c79f37d8ce', 'admin-user-id', 'Taco Seasoned Air Fried Pork', 'A delicious Taco Seasoned Air Fried Pork recipe. This Midwest-friendly dish is a family favorite and easy to make with common ingredients.', '1. Preheat oven to 375°F (190°C) if baking.
2. Prepare the Pork and other main ingredients.
3. In a large bowl, combine with seasonings.
4. Cook according to source instructions until internal temperature is safe.
5. Let rest for 5 minutes before serving.', 'https://images.unsplash.com/photo-1484723091739-30a097e8f929?auto=format&fit=crop&w=800&q=60', 4, 'https://www.tasteofhome.com/recipe/taco-seasoned-air-fried-pork', 'Taste of Home', 0, 29, 93);
INSERT INTO ingredients (id, recipe_id, name, quantity, unit) VALUES ('8123e174-9116-4fee-8086-7d68fdf453f6', '50f443af-47b6-4f1f-a0a9-e7c79f37d8ce', 'Dijon Mustard', 2.0, 'tsp');
INSERT INTO ingredients (id, recipe_id, name, quantity, unit) VALUES ('52f32d70-0d59-4493-bb4e-ffe23c7b40b6', '50f443af-47b6-4f1f-a0a9-e7c79f37d8ce', 'Carrots', 3.1, 'cup');
INSERT INTO ingredients (id, recipe_id, name, quantity, unit) VALUES ('1bec8124-93bc-44db-a4b0-1027f4ee08e2', '50f443af-47b6-4f1f-a0a9-e7c79f37d8ce', 'Butter', 0.6, 'tbsp');
INSERT INTO ingredients (id, recipe_id, name, quantity, unit) VALUES ('7e692d8e-69fd-4a78-8f59-d04f63e8cc49', '50f443af-47b6-4f1f-a0a9-e7c79f37d8ce', 'Heavy Cream', 0.9, 'cup');
INSERT INTO recipe_dietary_tags (recipe_id, tag_id) VALUES ('50f443af-47b6-4f1f-a0a9-e7c79f37d8ce', 10);

INSERT INTO recipes (id, user_id, title, description, instructions, image_url, servings, source_url, source_name, is_archived, views, cart_adds) VALUES ('719ab17f-a301-410e-86f8-09351c6a0c30', 'admin-user-id', 'Honey Sriracha Slow Cooked Beef', 'A delicious Honey Sriracha Slow Cooked Beef recipe. This Midwest-friendly dish is a family favorite and easy to make with common ingredients.', '1. Preheat oven to 375°F (190°C) if baking.
2. Prepare the Beef and other main ingredients.
3. In a large bowl, combine with seasonings.
4. Cook according to source instructions until internal temperature is safe.
5. Let rest for 5 minutes before serving.', 'https://images.unsplash.com/photo-1540189549336-e6e99c3679fe?auto=format&fit=crop&w=800&q=60', 6, 'https://www.bonappetit.com/recipe/honey-sriracha-slow-cooked-beef', 'Bon Appetit', 0, 693, 27);
INSERT INTO ingredients (id, recipe_id, name, quantity, unit) VALUES ('b4db1cb6-4a31-442d-ae73-032c2478e8f6', '719ab17f-a301-410e-86f8-09351c6a0c30', 'Butter', 3.2, 'tbsp');
INSERT INTO ingredients (id, recipe_id, name, quantity, unit) VALUES ('781805f7-7e7f-406b-ba4e-51391200df10', '719ab17f-a301-410e-86f8-09351c6a0c30', 'Celery', 1.8, 'cup');
INSERT INTO ingredients (id, recipe_id, name, quantity, unit) VALUES ('f8fb7649-6f3b-42c9-a71f-775860240ace', '719ab17f-a301-410e-86f8-09351c6a0c30', 'Milk', 2.8, 'cup');
INSERT INTO ingredients (id, recipe_id, name, quantity, unit) VALUES ('2a572296-686f-4eb0-88d7-623861616ed3', '719ab17f-a301-410e-86f8-09351c6a0c30', 'Egg', 3.4, 'large');
INSERT INTO ingredients (id, recipe_id, name, quantity, unit) VALUES ('ff941fe8-f4f1-4b0f-8d8b-c3f7a7f477bc', '719ab17f-a301-410e-86f8-09351c6a0c30', 'Breadcrumbs', 2.2, 'cup');
INSERT INTO ingredients (id, recipe_id, name, quantity, unit) VALUES ('d58ce490-a199-4043-ade4-84ce0900ec75', '719ab17f-a301-410e-86f8-09351c6a0c30', 'Olive Oil', 2.4, 'tbsp');
INSERT INTO ingredients (id, recipe_id, name, quantity, unit) VALUES ('04361500-7342-4aa8-a4c9-9e2aaf89fb58', '719ab17f-a301-410e-86f8-09351c6a0c30', 'Garlic', 1.0, 'clove');
INSERT INTO recipe_dietary_tags (recipe_id, tag_id) VALUES ('719ab17f-a301-410e-86f8-09351c6a0c30', 8);

INSERT INTO recipes (id, user_id, title, description, instructions, image_url, servings, source_url, source_name, is_archived, views, cart_adds) VALUES ('59a5f4a8-b0d4-4060-a257-4511679dd7a2', 'admin-user-id', 'Cajun Spiced Sautéed Cod', 'A delicious Cajun Spiced Sautéed Cod recipe. This Midwest-friendly dish is a family favorite and easy to make with common ingredients.', '1. Preheat oven to 375°F (190°C) if baking.
2. Prepare the Cod and other main ingredients.
3. In a large bowl, combine with seasonings.
4. Cook according to source instructions until internal temperature is safe.
5. Let rest for 5 minutes before serving.', 'https://images.unsplash.com/photo-1567620985035-091781110527?auto=format&fit=crop&w=800&q=60', 5, 'https://www.tasteofhome.com/recipe/cajun-spiced-saut-ed-cod', 'Taste of Home', 0, 55, 96);
INSERT INTO ingredients (id, recipe_id, name, quantity, unit) VALUES ('c101cd0e-d9ab-4551-a3cb-49f01bcb2f84', '59a5f4a8-b0d4-4060-a257-4511679dd7a2', 'Onion', 1.5, 'cup');
INSERT INTO ingredients (id, recipe_id, name, quantity, unit) VALUES ('3aaabe10-c72b-4ce8-853b-f3314856b224', '59a5f4a8-b0d4-4060-a257-4511679dd7a2', 'Black Pepper', 2.8, 'tsp');
INSERT INTO ingredients (id, recipe_id, name, quantity, unit) VALUES ('abb2894e-74e1-408d-a634-b82ae13c1f29', '59a5f4a8-b0d4-4060-a257-4511679dd7a2', 'Breadcrumbs', 2.6, 'cup');
INSERT INTO ingredients (id, recipe_id, name, quantity, unit) VALUES ('150e8813-6ace-45b2-952a-dd026a4103fe', '59a5f4a8-b0d4-4060-a257-4511679dd7a2', 'Milk', 2.2, 'cup');
INSERT INTO ingredients (id, recipe_id, name, quantity, unit) VALUES ('69fdd37f-be7f-40f8-ad99-a0c52effca69', '59a5f4a8-b0d4-4060-a257-4511679dd7a2', 'Chicken Breast', 0.6, 'lb');
INSERT INTO ingredients (id, recipe_id, name, quantity, unit) VALUES ('353fdeaf-f70d-4cb8-bec5-86ea0c9311c3', '59a5f4a8-b0d4-4060-a257-4511679dd7a2', 'Ground Beef', 0.8, 'lb');
INSERT INTO recipe_dietary_tags (recipe_id, tag_id) VALUES ('59a5f4a8-b0d4-4060-a257-4511679dd7a2', 2);

INSERT INTO recipes (id, user_id, title, description, instructions, image_url, servings, source_url, source_name, is_archived, views, cart_adds) VALUES ('f0c426e4-2ce5-4472-b3cb-210c8b295dad', 'admin-user-id', 'Taco Seasoned Pan-Seared Venison', 'A delicious Taco Seasoned Pan-Seared Venison recipe. This Midwest-friendly dish is a family favorite and easy to make with common ingredients.', '1. Preheat oven to 375°F (190°C) if baking.
2. Prepare the Venison and other main ingredients.
3. In a large bowl, combine with seasonings.
4. Cook according to source instructions until internal temperature is safe.
5. Let rest for 5 minutes before serving.', 'https://images.unsplash.com/photo-1565299624946-b28f40a0ae38?auto=format&fit=crop&w=800&q=60', 3, 'https://www.allrecipes.com/recipe/taco-seasoned-pan-seared-venison', 'AllRecipes', 0, 227, 77);
INSERT INTO ingredients (id, recipe_id, name, quantity, unit) VALUES ('a18ddfb1-d804-4789-904a-8dc267c88fad', 'f0c426e4-2ce5-4472-b3cb-210c8b295dad', 'Pasta', 0.9, 'oz');
INSERT INTO ingredients (id, recipe_id, name, quantity, unit) VALUES ('287bb4a9-16bd-4a16-9c22-f6a8f88fdb42', 'f0c426e4-2ce5-4472-b3cb-210c8b295dad', 'Honey', 1.0, 'tbsp');
INSERT INTO ingredients (id, recipe_id, name, quantity, unit) VALUES ('ec8cc6d6-ccda-4cc7-89c8-f9e86aecf467', 'f0c426e4-2ce5-4472-b3cb-210c8b295dad', 'Worcestershire Sauce', 1.5, 'tbsp');
INSERT INTO ingredients (id, recipe_id, name, quantity, unit) VALUES ('3fdc4689-ce91-4d97-9214-a5b20869e2fa', 'f0c426e4-2ce5-4472-b3cb-210c8b295dad', 'Breadcrumbs', 2.3, 'cup');
INSERT INTO ingredients (id, recipe_id, name, quantity, unit) VALUES ('ea767b49-2c7e-47ed-8d95-f7e05c404fff', 'f0c426e4-2ce5-4472-b3cb-210c8b295dad', 'Black Pepper', 1.3, 'tsp');
INSERT INTO recipe_dietary_tags (recipe_id, tag_id) VALUES ('f0c426e4-2ce5-4472-b3cb-210c8b295dad', 10);

INSERT INTO recipes (id, user_id, title, description, instructions, image_url, servings, source_url, source_name, is_archived, views, cart_adds) VALUES ('9c67a157-6d9a-4afa-bf9d-df211de29b9d', 'admin-user-id', 'Cajun Spiced Steamed Tofu', 'A delicious Cajun Spiced Steamed Tofu recipe. This Midwest-friendly dish is a family favorite and easy to make with common ingredients.', '1. Preheat oven to 375°F (190°C) if baking.
2. Prepare the Tofu and other main ingredients.
3. In a large bowl, combine with seasonings.
4. Cook according to source instructions until internal temperature is safe.
5. Let rest for 5 minutes before serving.', 'https://images.unsplash.com/photo-1555939594-58d7cb561ad1?auto=format&fit=crop&w=800&q=60', 7, 'https://www.tasteofhome.com/recipe/cajun-spiced-steamed-tofu', 'Taste of Home', 0, 540, 36);
INSERT INTO ingredients (id, recipe_id, name, quantity, unit) VALUES ('39d72fe5-2f5a-46db-b775-76ad3097ec27', '9c67a157-6d9a-4afa-bf9d-df211de29b9d', 'Garlic', 2.6, 'clove');
INSERT INTO ingredients (id, recipe_id, name, quantity, unit) VALUES ('29ed051c-414f-456b-9385-fb440c1020e7', '9c67a157-6d9a-4afa-bf9d-df211de29b9d', 'Black Pepper', 0.7, 'tsp');
INSERT INTO ingredients (id, recipe_id, name, quantity, unit) VALUES ('d50fb3ed-30cc-49cf-9555-e5dbf9ba742f', '9c67a157-6d9a-4afa-bf9d-df211de29b9d', 'Potatoes', 2.1, 'lb');
INSERT INTO ingredients (id, recipe_id, name, quantity, unit) VALUES ('87c3b13a-6e26-4289-8023-768333e4d2ff', '9c67a157-6d9a-4afa-bf9d-df211de29b9d', 'Pasta', 2.1, 'oz');
INSERT INTO recipe_dietary_tags (recipe_id, tag_id) VALUES ('9c67a157-6d9a-4afa-bf9d-df211de29b9d', 8);

INSERT INTO recipes (id, user_id, title, description, instructions, image_url, servings, source_url, source_name, is_archived, views, cart_adds) VALUES ('e6175eac-2e51-44eb-aa22-8ce87791fc5b', 'admin-user-id', 'Cajun Spiced Baked Pork', 'A delicious Cajun Spiced Baked Pork recipe. This Midwest-friendly dish is a family favorite and easy to make with common ingredients.', '1. Preheat oven to 375°F (190°C) if baking.
2. Prepare the Pork and other main ingredients.
3. In a large bowl, combine with seasonings.
4. Cook according to source instructions until internal temperature is safe.
5. Let rest for 5 minutes before serving.', 'https://images.unsplash.com/photo-1513104894114-bd7ea4718312?auto=format&fit=crop&w=800&q=60', 7, 'https://www.allrecipes.com/recipe/cajun-spiced-baked-pork', 'AllRecipes', 0, 408, 26);
INSERT INTO ingredients (id, recipe_id, name, quantity, unit) VALUES ('2ad9d3e9-9d11-42d4-9108-895a36379546', 'e6175eac-2e51-44eb-aa22-8ce87791fc5b', 'Celery', 0.5, 'cup');
INSERT INTO ingredients (id, recipe_id, name, quantity, unit) VALUES ('52a56e93-5771-4acd-be40-08020565eef9', 'e6175eac-2e51-44eb-aa22-8ce87791fc5b', 'Butter', 3.2, 'tbsp');
INSERT INTO ingredients (id, recipe_id, name, quantity, unit) VALUES ('48184f64-2f79-4045-a40d-2154e6d29b37', 'e6175eac-2e51-44eb-aa22-8ce87791fc5b', 'Carrots', 2.5, 'cup');
INSERT INTO ingredients (id, recipe_id, name, quantity, unit) VALUES ('3133b62f-8812-45cc-9062-ba8377a542af', 'e6175eac-2e51-44eb-aa22-8ce87791fc5b', 'Soy Sauce', 1.6, 'tbsp');
INSERT INTO ingredients (id, recipe_id, name, quantity, unit) VALUES ('5a5757ae-72fb-4a05-acc0-f702abf1b13f', 'e6175eac-2e51-44eb-aa22-8ce87791fc5b', 'Breadcrumbs', 1.3, 'cup');
INSERT INTO ingredients (id, recipe_id, name, quantity, unit) VALUES ('fda44c8d-90a0-4f39-834f-03cd98265238', 'e6175eac-2e51-44eb-aa22-8ce87791fc5b', 'Cream of Mushroom Soup', 1.7, 'can');
INSERT INTO ingredients (id, recipe_id, name, quantity, unit) VALUES ('305d97a1-0ea5-41eb-8738-b0e01a7013a5', 'e6175eac-2e51-44eb-aa22-8ce87791fc5b', 'Garlic', 2.6, 'clove');
INSERT INTO recipe_dietary_tags (recipe_id, tag_id) VALUES ('e6175eac-2e51-44eb-aa22-8ce87791fc5b', 2);

INSERT INTO recipes (id, user_id, title, description, instructions, image_url, servings, source_url, source_name, is_archived, views, cart_adds) VALUES ('d78b985f-f03c-42df-9cef-0566b395407e', 'admin-user-id', 'Balsamic Glaze Slow Cooked Pork', 'A delicious Balsamic Glaze Slow Cooked Pork recipe. This Midwest-friendly dish is a family favorite and easy to make with common ingredients.', '1. Preheat oven to 375°F (190°C) if baking.
2. Prepare the Pork and other main ingredients.
3. In a large bowl, combine with seasonings.
4. Cook according to source instructions until internal temperature is safe.
5. Let rest for 5 minutes before serving.', 'https://images.unsplash.com/photo-1504754524776-8f4f37799ca7?auto=format&fit=crop&w=800&q=60', 3, 'https://www.tasteofhome.com/recipe/balsamic-glaze-slow-cooked-pork', 'Taste of Home', 0, 915, 77);
INSERT INTO ingredients (id, recipe_id, name, quantity, unit) VALUES ('65b7dbf5-17ba-46cd-abcd-75af40504737', 'd78b985f-f03c-42df-9cef-0566b395407e', 'Olive Oil', 2.6, 'tbsp');
INSERT INTO ingredients (id, recipe_id, name, quantity, unit) VALUES ('590d44da-4f19-4029-a0a9-09c26b9310b4', 'd78b985f-f03c-42df-9cef-0566b395407e', 'Honey', 0.9, 'tbsp');
INSERT INTO ingredients (id, recipe_id, name, quantity, unit) VALUES ('ab3a42f4-4a76-45f2-8334-d9dd33a598db', 'd78b985f-f03c-42df-9cef-0566b395407e', 'Breadcrumbs', 1.0, 'cup');
INSERT INTO ingredients (id, recipe_id, name, quantity, unit) VALUES ('0227d619-80e8-48d0-8861-f0b115076941', 'd78b985f-f03c-42df-9cef-0566b395407e', 'Soy Sauce', 2.6, 'tbsp');
INSERT INTO ingredients (id, recipe_id, name, quantity, unit) VALUES ('4806f22e-10bb-44cd-bcb2-eebef6b85b75', 'd78b985f-f03c-42df-9cef-0566b395407e', 'Milk', 0.8, 'cup');
INSERT INTO ingredients (id, recipe_id, name, quantity, unit) VALUES ('35c9b9aa-b531-4988-b2bb-30b4ced23665', 'd78b985f-f03c-42df-9cef-0566b395407e', 'Celery', 1.8, 'cup');
INSERT INTO ingredients (id, recipe_id, name, quantity, unit) VALUES ('c0680220-10a4-447e-8c01-384b19dd0794', 'd78b985f-f03c-42df-9cef-0566b395407e', 'Carrots', 1.0, 'cup');
INSERT INTO recipe_dietary_tags (recipe_id, tag_id) VALUES ('d78b985f-f03c-42df-9cef-0566b395407e', 6);
INSERT INTO recipe_dietary_tags (recipe_id, tag_id) VALUES ('d78b985f-f03c-42df-9cef-0566b395407e', 7);

INSERT INTO recipes (id, user_id, title, description, instructions, image_url, servings, source_url, source_name, is_archived, views, cart_adds) VALUES ('289bf3d8-3c88-44ac-9282-5a37c6ceac4f', 'admin-user-id', 'Miso Ginger Roasted Venison', 'A delicious Miso Ginger Roasted Venison recipe. This Midwest-friendly dish is a family favorite and easy to make with common ingredients.', '1. Preheat oven to 375°F (190°C) if baking.
2. Prepare the Venison and other main ingredients.
3. In a large bowl, combine with seasonings.
4. Cook according to source instructions until internal temperature is safe.
5. Let rest for 5 minutes before serving.', 'https://images.unsplash.com/photo-1476224203421-9ac3993557a4?auto=format&fit=crop&w=800&q=60', 2, 'https://www.bonappetit.com/recipe/miso-ginger-roasted-venison', 'Bon Appetit', 0, 681, 95);
INSERT INTO ingredients (id, recipe_id, name, quantity, unit) VALUES ('84b4f353-0781-4f2e-872c-86aad9f3a586', '289bf3d8-3c88-44ac-9282-5a37c6ceac4f', 'Rice', 2.3, 'cup');
INSERT INTO ingredients (id, recipe_id, name, quantity, unit) VALUES ('1d83e34b-8b80-4055-ba7d-3dfa44468576', '289bf3d8-3c88-44ac-9282-5a37c6ceac4f', 'Pasta', 1.7, 'oz');
INSERT INTO ingredients (id, recipe_id, name, quantity, unit) VALUES ('785d5f9f-cb73-4cb0-b852-06f28be99cd5', '289bf3d8-3c88-44ac-9282-5a37c6ceac4f', 'Black Pepper', 1.3, 'tsp');
INSERT INTO ingredients (id, recipe_id, name, quantity, unit) VALUES ('1c22727b-80c0-488f-abec-162255e6c82e', '289bf3d8-3c88-44ac-9282-5a37c6ceac4f', 'Butter', 0.5, 'tbsp');
INSERT INTO recipe_dietary_tags (recipe_id, tag_id) VALUES ('289bf3d8-3c88-44ac-9282-5a37c6ceac4f', 9);

INSERT INTO recipes (id, user_id, title, description, instructions, image_url, servings, source_url, source_name, is_archived, views, cart_adds) VALUES ('72fb30d7-81ff-4044-ba28-0cb9c7c44294', 'admin-user-id', 'Balsamic Glaze Slow Cooked Shrimp', 'A delicious Balsamic Glaze Slow Cooked Shrimp recipe. This Midwest-friendly dish is a family favorite and easy to make with common ingredients.', '1. Preheat oven to 375°F (190°C) if baking.
2. Prepare the Shrimp and other main ingredients.
3. In a large bowl, combine with seasonings.
4. Cook according to source instructions until internal temperature is safe.
5. Let rest for 5 minutes before serving.', 'https://images.unsplash.com/photo-1498837167721-8f5c1a322c2e?auto=format&fit=crop&w=800&q=60', 3, 'https://www.epicurious.com/recipe/balsamic-glaze-slow-cooked-shrimp', 'Epicurious', 0, 84, 96);
INSERT INTO ingredients (id, recipe_id, name, quantity, unit) VALUES ('d65647b6-92bf-4188-b29d-c77774c7c640', '72fb30d7-81ff-4044-ba28-0cb9c7c44294', 'Potatoes', 0.7, 'lb');
INSERT INTO ingredients (id, recipe_id, name, quantity, unit) VALUES ('e5d6aab7-0970-42b9-b98a-6eb94e19141b', '72fb30d7-81ff-4044-ba28-0cb9c7c44294', 'Lemon Juice', 2.3, 'tbsp');
INSERT INTO ingredients (id, recipe_id, name, quantity, unit) VALUES ('b1733719-078e-4a9d-8587-6cb101439ecf', '72fb30d7-81ff-4044-ba28-0cb9c7c44294', 'Black Pepper', 3.4, 'tsp');
INSERT INTO ingredients (id, recipe_id, name, quantity, unit) VALUES ('7a0da08a-ba42-44bb-8823-e12ab7775600', '72fb30d7-81ff-4044-ba28-0cb9c7c44294', 'Cream of Mushroom Soup', 1.2, 'can');
INSERT INTO ingredients (id, recipe_id, name, quantity, unit) VALUES ('43444049-11af-44cf-9a58-2d6e05109fe2', '72fb30d7-81ff-4044-ba28-0cb9c7c44294', 'Ground Beef', 1.3, 'lb');
INSERT INTO ingredients (id, recipe_id, name, quantity, unit) VALUES ('72533d80-e99c-4c73-ad2d-13a2563caedc', '72fb30d7-81ff-4044-ba28-0cb9c7c44294', 'Salt', 1.3, 'tsp');
INSERT INTO recipe_dietary_tags (recipe_id, tag_id) VALUES ('72fb30d7-81ff-4044-ba28-0cb9c7c44294', 9);
INSERT INTO recipe_dietary_tags (recipe_id, tag_id) VALUES ('72fb30d7-81ff-4044-ba28-0cb9c7c44294', 4);

INSERT INTO recipes (id, user_id, title, description, instructions, image_url, servings, source_url, source_name, is_archived, views, cart_adds) VALUES ('8e751092-3859-4472-974d-023448c7476e', 'admin-user-id', 'Honey Sriracha Grilled Chicken', 'A delicious Honey Sriracha Grilled Chicken recipe. This Midwest-friendly dish is a family favorite and easy to make with common ingredients.', '1. Preheat oven to 375°F (190°C) if baking.
2. Prepare the Chicken and other main ingredients.
3. In a large bowl, combine with seasonings.
4. Cook according to source instructions until internal temperature is safe.
5. Let rest for 5 minutes before serving.', 'https://images.unsplash.com/photo-1490645935967-10de6ba17051?auto=format&fit=crop&w=800&q=60', 4, 'https://www.foodnetwork.com/recipe/honey-sriracha-grilled-chicken', 'Food Network', 0, 53, 88);
INSERT INTO ingredients (id, recipe_id, name, quantity, unit) VALUES ('ccc9500b-4775-4263-a198-9b93f230f4a5', '8e751092-3859-4472-974d-023448c7476e', 'Dijon Mustard', 2.1, 'tsp');
INSERT INTO ingredients (id, recipe_id, name, quantity, unit) VALUES ('93ecd306-184e-4a4e-b688-7a2ad2ca25e9', '8e751092-3859-4472-974d-023448c7476e', 'Worcestershire Sauce', 1.6, 'tbsp');
INSERT INTO ingredients (id, recipe_id, name, quantity, unit) VALUES ('60f1a0df-fb51-4752-83d2-abde62cae15a', '8e751092-3859-4472-974d-023448c7476e', 'Breadcrumbs', 1.5, 'cup');
INSERT INTO ingredients (id, recipe_id, name, quantity, unit) VALUES ('8a87eb63-41c0-4ab3-9f8f-3bac479ae381', '8e751092-3859-4472-974d-023448c7476e', 'Potatoes', 3.4, 'lb');
INSERT INTO ingredients (id, recipe_id, name, quantity, unit) VALUES ('4354de57-a408-4ce6-b502-7fdfe2b79701', '8e751092-3859-4472-974d-023448c7476e', 'Cheddar Cheese', 2.2, 'cup');
INSERT INTO ingredients (id, recipe_id, name, quantity, unit) VALUES ('36d7a33a-d0e6-4721-b83e-83e1f8cae63f', '8e751092-3859-4472-974d-023448c7476e', 'Celery', 3.4, 'cup');
INSERT INTO recipe_dietary_tags (recipe_id, tag_id) VALUES ('8e751092-3859-4472-974d-023448c7476e', 1);
INSERT INTO recipe_dietary_tags (recipe_id, tag_id) VALUES ('8e751092-3859-4472-974d-023448c7476e', 2);

INSERT INTO recipes (id, user_id, title, description, instructions, image_url, servings, source_url, source_name, is_archived, views, cart_adds) VALUES ('54f185ff-bd8d-441b-a0eb-83c8cabc6299', 'admin-user-id', 'Garlic Lemon Grilled Lamb', 'A delicious Garlic Lemon Grilled Lamb recipe. This Midwest-friendly dish is a family favorite and easy to make with common ingredients.', '1. Preheat oven to 375°F (190°C) if baking.
2. Prepare the Lamb and other main ingredients.
3. In a large bowl, combine with seasonings.
4. Cook according to source instructions until internal temperature is safe.
5. Let rest for 5 minutes before serving.', 'https://images.unsplash.com/photo-1506084868214-19a1f9e147f8?auto=format&fit=crop&w=800&q=60', 5, 'https://www.allrecipes.com/recipe/garlic-lemon-grilled-lamb', 'AllRecipes', 0, 237, 52);
INSERT INTO ingredients (id, recipe_id, name, quantity, unit) VALUES ('62726f24-70aa-4324-9b12-a56a8cd2e933', '54f185ff-bd8d-441b-a0eb-83c8cabc6299', 'Cheddar Cheese', 2.6, 'cup');
INSERT INTO ingredients (id, recipe_id, name, quantity, unit) VALUES ('a39cdee9-7379-471d-8853-3c1cb0bde159', '54f185ff-bd8d-441b-a0eb-83c8cabc6299', 'Pasta', 1.7, 'oz');
INSERT INTO ingredients (id, recipe_id, name, quantity, unit) VALUES ('78cbe2a4-d7b5-4c46-b09b-b9dcc9fc10dd', '54f185ff-bd8d-441b-a0eb-83c8cabc6299', 'Black Pepper', 1.2, 'tsp');
INSERT INTO ingredients (id, recipe_id, name, quantity, unit) VALUES ('b988f67a-808b-4d24-9b9f-484953b54abe', '54f185ff-bd8d-441b-a0eb-83c8cabc6299', 'Salt', 1.1, 'tsp');
INSERT INTO ingredients (id, recipe_id, name, quantity, unit) VALUES ('3b95c9fa-fe83-4d37-9698-544a23858d12', '54f185ff-bd8d-441b-a0eb-83c8cabc6299', 'Garlic', 3.0, 'clove');
INSERT INTO recipe_dietary_tags (recipe_id, tag_id) VALUES ('54f185ff-bd8d-441b-a0eb-83c8cabc6299', 6);
INSERT INTO recipe_dietary_tags (recipe_id, tag_id) VALUES ('54f185ff-bd8d-441b-a0eb-83c8cabc6299', 2);

INSERT INTO recipes (id, user_id, title, description, instructions, image_url, servings, source_url, source_name, is_archived, views, cart_adds) VALUES ('dffe6a75-5b14-4357-a1c3-f19feaebc75f', 'admin-user-id', 'Garlic Lemon Baked Tofu', 'A delicious Garlic Lemon Baked Tofu recipe. This Midwest-friendly dish is a family favorite and easy to make with common ingredients.', '1. Preheat oven to 375°F (190°C) if baking.
2. Prepare the Tofu and other main ingredients.
3. In a large bowl, combine with seasonings.
4. Cook according to source instructions until internal temperature is safe.
5. Let rest for 5 minutes before serving.', 'https://images.unsplash.com/photo-1529042410759-adb828e4eaf0?auto=format&fit=crop&w=800&q=60', 2, 'https://www.tasteofhome.com/recipe/garlic-lemon-baked-tofu', 'Taste of Home', 0, 609, 85);
INSERT INTO ingredients (id, recipe_id, name, quantity, unit) VALUES ('556a0f27-65a3-47c4-a143-76594a5a65a0', 'dffe6a75-5b14-4357-a1c3-f19feaebc75f', 'Butter', 1.6, 'tbsp');
INSERT INTO ingredients (id, recipe_id, name, quantity, unit) VALUES ('4e43af67-1089-40b2-b9a7-43dca0665fe3', 'dffe6a75-5b14-4357-a1c3-f19feaebc75f', 'Heavy Cream', 2.6, 'cup');
INSERT INTO ingredients (id, recipe_id, name, quantity, unit) VALUES ('405ba841-7c9a-42f9-874f-c25db1f9f572', 'dffe6a75-5b14-4357-a1c3-f19feaebc75f', 'Celery', 2.9, 'cup');
INSERT INTO ingredients (id, recipe_id, name, quantity, unit) VALUES ('ba7e2aa7-8e42-4f14-b89a-6ce16df99329', 'dffe6a75-5b14-4357-a1c3-f19feaebc75f', 'Chicken Breast', 2.1, 'lb');
INSERT INTO recipe_dietary_tags (recipe_id, tag_id) VALUES ('dffe6a75-5b14-4357-a1c3-f19feaebc75f', 5);
INSERT INTO recipe_dietary_tags (recipe_id, tag_id) VALUES ('dffe6a75-5b14-4357-a1c3-f19feaebc75f', 8);

INSERT INTO recipes (id, user_id, title, description, instructions, image_url, servings, source_url, source_name, is_archived, views, cart_adds) VALUES ('e8640f7e-fb3d-4e50-9332-2750ee51b594', 'admin-user-id', 'Honey Sriracha Pan-Seared Chicken', 'A delicious Honey Sriracha Pan-Seared Chicken recipe. This Midwest-friendly dish is a family favorite and easy to make with common ingredients.', '1. Preheat oven to 375°F (190°C) if baking.
2. Prepare the Chicken and other main ingredients.
3. In a large bowl, combine with seasonings.
4. Cook according to source instructions until internal temperature is safe.
5. Let rest for 5 minutes before serving.', 'https://images.unsplash.com/photo-1455619452474-d2ba29bc06da?auto=format&fit=crop&w=800&q=60', 2, 'https://www.bonappetit.com/recipe/honey-sriracha-pan-seared-chicken', 'Bon Appetit', 0, 46, 88);
INSERT INTO ingredients (id, recipe_id, name, quantity, unit) VALUES ('30bad976-1f26-4074-8f6a-39485fb75ea7', 'e8640f7e-fb3d-4e50-9332-2750ee51b594', 'Sour Cream', 2.7, 'cup');
INSERT INTO ingredients (id, recipe_id, name, quantity, unit) VALUES ('42deb78c-0030-4f9a-9f65-75c024556fce', 'e8640f7e-fb3d-4e50-9332-2750ee51b594', 'Worcestershire Sauce', 0.6, 'tbsp');
INSERT INTO ingredients (id, recipe_id, name, quantity, unit) VALUES ('51c96490-e525-4326-8d8c-d8406de04f67', 'e8640f7e-fb3d-4e50-9332-2750ee51b594', 'Olive Oil', 0.7, 'tbsp');
INSERT INTO ingredients (id, recipe_id, name, quantity, unit) VALUES ('f86ad249-9072-4956-862b-d6fe9ed9e032', 'e8640f7e-fb3d-4e50-9332-2750ee51b594', 'Cheddar Cheese', 1.5, 'cup');
INSERT INTO ingredients (id, recipe_id, name, quantity, unit) VALUES ('88f9f909-1a3b-44f8-baef-613c043c00b7', 'e8640f7e-fb3d-4e50-9332-2750ee51b594', 'Heavy Cream', 2.8, 'cup');
INSERT INTO recipe_dietary_tags (recipe_id, tag_id) VALUES ('e8640f7e-fb3d-4e50-9332-2750ee51b594', 1);
INSERT INTO recipe_dietary_tags (recipe_id, tag_id) VALUES ('e8640f7e-fb3d-4e50-9332-2750ee51b594', 2);

INSERT INTO recipes (id, user_id, title, description, instructions, image_url, servings, source_url, source_name, is_archived, views, cart_adds) VALUES ('bd79b2fb-3621-45ba-8e71-17e79bce36c0', 'admin-user-id', 'Balsamic Glaze Steamed Salmon', 'A delicious Balsamic Glaze Steamed Salmon recipe. This Midwest-friendly dish is a family favorite and easy to make with common ingredients.', '1. Preheat oven to 375°F (190°C) if baking.
2. Prepare the Salmon and other main ingredients.
3. In a large bowl, combine with seasonings.
4. Cook according to source instructions until internal temperature is safe.
5. Let rest for 5 minutes before serving.', 'https://images.unsplash.com/photo-1504113888839-14294c223d51?auto=format&fit=crop&w=800&q=60', 5, 'https://www.bonappetit.com/recipe/balsamic-glaze-steamed-salmon', 'Bon Appetit', 0, 711, 85);
INSERT INTO ingredients (id, recipe_id, name, quantity, unit) VALUES ('13fd5099-449a-469a-a567-9f29e801bf27', 'bd79b2fb-3621-45ba-8e71-17e79bce36c0', 'Celery', 1.9, 'cup');
INSERT INTO ingredients (id, recipe_id, name, quantity, unit) VALUES ('c9563ded-e2f0-49b2-b7e5-2a35d13d92ab', 'bd79b2fb-3621-45ba-8e71-17e79bce36c0', 'Tomato Sauce', 1.6, 'oz');
INSERT INTO ingredients (id, recipe_id, name, quantity, unit) VALUES ('4c17aa17-649e-42e9-a9ab-a6ad056ac0f0', 'bd79b2fb-3621-45ba-8e71-17e79bce36c0', 'Ground Beef', 3.2, 'lb');
INSERT INTO ingredients (id, recipe_id, name, quantity, unit) VALUES ('c7bb79a2-b363-4efe-b88b-4adc1c1c28f5', 'bd79b2fb-3621-45ba-8e71-17e79bce36c0', 'Potatoes', 0.7, 'lb');
INSERT INTO ingredients (id, recipe_id, name, quantity, unit) VALUES ('462f31a0-cc19-4507-a1e0-61b253c460c1', 'bd79b2fb-3621-45ba-8e71-17e79bce36c0', 'Heavy Cream', 0.7, 'cup');
INSERT INTO ingredients (id, recipe_id, name, quantity, unit) VALUES ('98fa1a68-c599-4f91-94db-068778725403', 'bd79b2fb-3621-45ba-8e71-17e79bce36c0', 'Lemon Juice', 2.1, 'tbsp');
INSERT INTO ingredients (id, recipe_id, name, quantity, unit) VALUES ('abce4d07-0989-4197-8355-265eee759fc0', 'bd79b2fb-3621-45ba-8e71-17e79bce36c0', 'Rice', 1.3, 'cup');
INSERT INTO recipe_dietary_tags (recipe_id, tag_id) VALUES ('bd79b2fb-3621-45ba-8e71-17e79bce36c0', 7);

INSERT INTO recipes (id, user_id, title, description, instructions, image_url, servings, source_url, source_name, is_archived, views, cart_adds) VALUES ('31602571-0c7d-4956-83df-1a8dc86a34ea', 'admin-user-id', 'Pan-Seared Pork with Carrots and Zucchini Noodles', 'A delicious Pan-Seared Pork with Carrots and Zucchini Noodles recipe. This Midwest-friendly dish is a family favorite and easy to make with common ingredients.', '1. Preheat oven to 375°F (190°C) if baking.
2. Prepare the Noodles and other main ingredients.
3. In a large bowl, combine with seasonings.
4. Cook according to source instructions until internal temperature is safe.
5. Let rest for 5 minutes before serving.', 'https://images.unsplash.com/photo-1546062477-fe2f66230ba3?auto=format&fit=crop&w=800&q=60', 3, 'https://www.tasteofhome.com/recipe/pan-seared-pork-with-carrots-and-zucchini-noodles', 'Taste of Home', 0, 783, 93);
INSERT INTO ingredients (id, recipe_id, name, quantity, unit) VALUES ('e4c9d0e0-b205-4442-a964-b78bb130d72e', '31602571-0c7d-4956-83df-1a8dc86a34ea', 'Lemon Juice', 1.7, 'tbsp');
INSERT INTO ingredients (id, recipe_id, name, quantity, unit) VALUES ('acf7319e-2d04-4255-9108-63f4c11b0521', '31602571-0c7d-4956-83df-1a8dc86a34ea', 'Frozen Peas', 3.5, 'cup');
INSERT INTO ingredients (id, recipe_id, name, quantity, unit) VALUES ('747c9bf1-fadc-4304-b345-f8e47bce1dba', '31602571-0c7d-4956-83df-1a8dc86a34ea', 'Ground Beef', 0.5, 'lb');
INSERT INTO ingredients (id, recipe_id, name, quantity, unit) VALUES ('80973e25-f841-4286-b7cc-622ae970481e', '31602571-0c7d-4956-83df-1a8dc86a34ea', 'Pasta', 3.2, 'oz');
INSERT INTO ingredients (id, recipe_id, name, quantity, unit) VALUES ('f1ca4e15-b65a-4186-a529-31ca2ddc865f', '31602571-0c7d-4956-83df-1a8dc86a34ea', 'Dijon Mustard', 2.8, 'tsp');
INSERT INTO ingredients (id, recipe_id, name, quantity, unit) VALUES ('d149757f-56ef-4738-a6aa-05ee2322b218', '31602571-0c7d-4956-83df-1a8dc86a34ea', 'Soy Sauce', 2.3, 'tbsp');
INSERT INTO recipe_dietary_tags (recipe_id, tag_id) VALUES ('31602571-0c7d-4956-83df-1a8dc86a34ea', 1);
INSERT INTO recipe_dietary_tags (recipe_id, tag_id) VALUES ('31602571-0c7d-4956-83df-1a8dc86a34ea', 6);
INSERT INTO recipe_dietary_tags (recipe_id, tag_id) VALUES ('31602571-0c7d-4956-83df-1a8dc86a34ea', 10);

INSERT INTO recipes (id, user_id, title, description, instructions, image_url, servings, source_url, source_name, is_archived, views, cart_adds) VALUES ('9f2a1962-5340-46c3-a54d-6c46d68c4b6f', 'admin-user-id', 'Pan-Seared Shrimp with Sweet Potatoes and Mashed Cauliflower', 'A delicious Pan-Seared Shrimp with Sweet Potatoes and Mashed Cauliflower recipe. This Midwest-friendly dish is a family favorite and easy to make with common ingredients.', '1. Preheat oven to 375°F (190°C) if baking.
2. Prepare the Cauliflower and other main ingredients.
3. In a large bowl, combine with seasonings.
4. Cook according to source instructions until internal temperature is safe.
5. Let rest for 5 minutes before serving.', 'https://images.unsplash.com/photo-1504674900247-0877df9cc836?auto=format&fit=crop&w=800&q=60', 6, 'https://www.foodnetwork.com/recipe/pan-seared-shrimp-with-sweet-potatoes-and-mashed-cauliflower', 'Food Network', 0, 961, 0);
INSERT INTO ingredients (id, recipe_id, name, quantity, unit) VALUES ('459210cb-9a76-45a1-ba5d-3d0dd64ea220', '9f2a1962-5340-46c3-a54d-6c46d68c4b6f', 'Ground Beef', 0.7, 'lb');
INSERT INTO ingredients (id, recipe_id, name, quantity, unit) VALUES ('3b27397a-4983-48e4-8174-2316389b7b18', '9f2a1962-5340-46c3-a54d-6c46d68c4b6f', 'Carrots', 1.6, 'cup');
INSERT INTO ingredients (id, recipe_id, name, quantity, unit) VALUES ('d1e676a1-eb2f-48f4-9950-7f8833e6e6ce', '9f2a1962-5340-46c3-a54d-6c46d68c4b6f', 'Potatoes', 0.6, 'lb');
INSERT INTO ingredients (id, recipe_id, name, quantity, unit) VALUES ('eff95902-5540-454c-94a2-bff22bbc1c53', '9f2a1962-5340-46c3-a54d-6c46d68c4b6f', 'Salt', 3.4, 'tsp');
INSERT INTO ingredients (id, recipe_id, name, quantity, unit) VALUES ('b52b360d-57c9-4ec0-a35a-da26485b7c18', '9f2a1962-5340-46c3-a54d-6c46d68c4b6f', 'Breadcrumbs', 1.9, 'cup');
INSERT INTO ingredients (id, recipe_id, name, quantity, unit) VALUES ('9bbd2dc4-d1e2-4780-baf1-17ff096159c2', '9f2a1962-5340-46c3-a54d-6c46d68c4b6f', 'Lemon Juice', 2.4, 'tbsp');
INSERT INTO recipe_dietary_tags (recipe_id, tag_id) VALUES ('9f2a1962-5340-46c3-a54d-6c46d68c4b6f', 1);
INSERT INTO recipe_dietary_tags (recipe_id, tag_id) VALUES ('9f2a1962-5340-46c3-a54d-6c46d68c4b6f', 6);

INSERT INTO recipes (id, user_id, title, description, instructions, image_url, servings, source_url, source_name, is_archived, views, cart_adds) VALUES ('615cb746-3fdc-48d7-bf3b-4193b0065060', 'admin-user-id', 'Slow Cooked Shrimp with Cauliflower and Cauliflower Rice', 'A delicious Slow Cooked Shrimp with Cauliflower and Cauliflower Rice recipe. This Midwest-friendly dish is a family favorite and easy to make with common ingredients.', '1. Preheat oven to 375°F (190°C) if baking.
2. Prepare the Rice and other main ingredients.
3. In a large bowl, combine with seasonings.
4. Cook according to source instructions until internal temperature is safe.
5. Let rest for 5 minutes before serving.', 'https://images.unsplash.com/photo-1493770348161-369560ae357d?auto=format&fit=crop&w=800&q=60', 3, 'https://www.bonappetit.com/recipe/slow-cooked-shrimp-with-cauliflower-and-cauliflower-rice', 'Bon Appetit', 0, 325, 42);
INSERT INTO ingredients (id, recipe_id, name, quantity, unit) VALUES ('f6464ffb-618f-4857-a74f-d3850e327fc8', '615cb746-3fdc-48d7-bf3b-4193b0065060', 'Olive Oil', 1.1, 'tbsp');
INSERT INTO ingredients (id, recipe_id, name, quantity, unit) VALUES ('62f13cca-34b9-4d03-9646-c9d2dd192389', '615cb746-3fdc-48d7-bf3b-4193b0065060', 'Onion', 3.0, 'cup');
INSERT INTO ingredients (id, recipe_id, name, quantity, unit) VALUES ('e3166cab-e6ca-48fa-ae5c-1f9922dea04f', '615cb746-3fdc-48d7-bf3b-4193b0065060', 'Sour Cream', 2.4, 'cup');
INSERT INTO ingredients (id, recipe_id, name, quantity, unit) VALUES ('4f5698c2-f65b-48dc-8ca7-321f37cf48e3', '615cb746-3fdc-48d7-bf3b-4193b0065060', 'Cheddar Cheese', 1.0, 'cup');
INSERT INTO ingredients (id, recipe_id, name, quantity, unit) VALUES ('4924db03-25c6-4887-a0ec-086292b83053', '615cb746-3fdc-48d7-bf3b-4193b0065060', 'Egg', 1.2, 'large');
INSERT INTO ingredients (id, recipe_id, name, quantity, unit) VALUES ('2e884088-a4fa-420c-837d-3a6f62a672c7', '615cb746-3fdc-48d7-bf3b-4193b0065060', 'Ground Beef', 2.4, 'lb');
INSERT INTO ingredients (id, recipe_id, name, quantity, unit) VALUES ('c2b87955-e55b-473d-a7ed-cc769c136045', '615cb746-3fdc-48d7-bf3b-4193b0065060', 'Dijon Mustard', 2.6, 'tsp');
INSERT INTO recipe_dietary_tags (recipe_id, tag_id) VALUES ('615cb746-3fdc-48d7-bf3b-4193b0065060', 1);
INSERT INTO recipe_dietary_tags (recipe_id, tag_id) VALUES ('615cb746-3fdc-48d7-bf3b-4193b0065060', 6);
INSERT INTO recipe_dietary_tags (recipe_id, tag_id) VALUES ('615cb746-3fdc-48d7-bf3b-4193b0065060', 2);

INSERT INTO recipes (id, user_id, title, description, instructions, image_url, servings, source_url, source_name, is_archived, views, cart_adds) VALUES ('8e9ed340-a322-482a-91d5-97522648b46b', 'admin-user-id', 'Steamed Venison with Brussels Sprouts and Brown Rice', 'A delicious Steamed Venison with Brussels Sprouts and Brown Rice recipe. This Midwest-friendly dish is a family favorite and easy to make with common ingredients.', '1. Preheat oven to 375°F (190°C) if baking.
2. Prepare the Rice and other main ingredients.
3. In a large bowl, combine with seasonings.
4. Cook according to source instructions until internal temperature is safe.
5. Let rest for 5 minutes before serving.', 'https://images.unsplash.com/photo-1473093226795-af9932fe5856?auto=format&fit=crop&w=800&q=60', 5, 'https://www.foodnetwork.com/recipe/steamed-venison-with-brussels-sprouts-and-brown-rice', 'Food Network', 0, 756, 27);
INSERT INTO ingredients (id, recipe_id, name, quantity, unit) VALUES ('ad96e9cd-c669-4b54-9805-ef81ea931398', '8e9ed340-a322-482a-91d5-97522648b46b', 'Chicken Breast', 3.4, 'lb');
INSERT INTO ingredients (id, recipe_id, name, quantity, unit) VALUES ('1dcde931-847b-434c-bad4-6b4a6a059d4c', '8e9ed340-a322-482a-91d5-97522648b46b', 'Olive Oil', 0.8, 'tbsp');
INSERT INTO ingredients (id, recipe_id, name, quantity, unit) VALUES ('0746ddac-e704-4168-a207-73050f5decd1', '8e9ed340-a322-482a-91d5-97522648b46b', 'Heavy Cream', 1.2, 'cup');
INSERT INTO ingredients (id, recipe_id, name, quantity, unit) VALUES ('8178a57a-2403-4f49-aff9-f8f2672a03d7', '8e9ed340-a322-482a-91d5-97522648b46b', 'Cheddar Cheese', 2.0, 'cup');
INSERT INTO ingredients (id, recipe_id, name, quantity, unit) VALUES ('33cd5c93-3fdf-4dfd-b328-16052d7edd23', '8e9ed340-a322-482a-91d5-97522648b46b', 'Sour Cream', 1.8, 'cup');
INSERT INTO ingredients (id, recipe_id, name, quantity, unit) VALUES ('80525ee9-051a-417d-8a40-a01c99824f12', '8e9ed340-a322-482a-91d5-97522648b46b', 'Breadcrumbs', 0.5, 'cup');
INSERT INTO ingredients (id, recipe_id, name, quantity, unit) VALUES ('cf70fa28-37be-4356-beee-13648c924ec9', '8e9ed340-a322-482a-91d5-97522648b46b', 'Carrots', 2.0, 'cup');
INSERT INTO recipe_dietary_tags (recipe_id, tag_id) VALUES ('8e9ed340-a322-482a-91d5-97522648b46b', 3);
INSERT INTO recipe_dietary_tags (recipe_id, tag_id) VALUES ('8e9ed340-a322-482a-91d5-97522648b46b', 4);

INSERT INTO recipes (id, user_id, title, description, instructions, image_url, servings, source_url, source_name, is_archived, views, cart_adds) VALUES ('814523c7-9240-4c29-8003-932600037726', 'admin-user-id', 'Roasted Pork with Kale and Couscous', 'A delicious Roasted Pork with Kale and Couscous recipe. This Midwest-friendly dish is a family favorite and easy to make with common ingredients.', '1. Preheat oven to 375°F (190°C) if baking.
2. Prepare the Couscous and other main ingredients.
3. In a large bowl, combine with seasonings.
4. Cook according to source instructions until internal temperature is safe.
5. Let rest for 5 minutes before serving.', 'https://images.unsplash.com/photo-1512621776951-a57141f2eefd?auto=format&fit=crop&w=800&q=60', 5, 'https://www.foodnetwork.com/recipe/roasted-pork-with-kale-and-couscous', 'Food Network', 0, 366, 43);
INSERT INTO ingredients (id, recipe_id, name, quantity, unit) VALUES ('907c7bc7-a65f-417d-8af6-6e3dad2e9df6', '814523c7-9240-4c29-8003-932600037726', 'Carrots', 0.8, 'cup');
INSERT INTO ingredients (id, recipe_id, name, quantity, unit) VALUES ('a23c31f7-9ba1-451c-88b3-31d5b7d3f42c', '814523c7-9240-4c29-8003-932600037726', 'Sour Cream', 2.6, 'cup');
INSERT INTO ingredients (id, recipe_id, name, quantity, unit) VALUES ('112d5bca-a126-4b0e-9e5f-2ade76e95993', '814523c7-9240-4c29-8003-932600037726', 'Frozen Peas', 0.7, 'cup');
INSERT INTO ingredients (id, recipe_id, name, quantity, unit) VALUES ('2a4626e5-49ee-41df-9919-d444e91b310f', '814523c7-9240-4c29-8003-932600037726', 'Tomato Sauce', 0.7, 'oz');
INSERT INTO ingredients (id, recipe_id, name, quantity, unit) VALUES ('2d38240d-51fe-4d38-a45b-7a309e70e8e0', '814523c7-9240-4c29-8003-932600037726', 'Ground Beef', 3.3, 'lb');
INSERT INTO ingredients (id, recipe_id, name, quantity, unit) VALUES ('b9ffa2d5-7649-41cd-bbd0-79ecf382b7a7', '814523c7-9240-4c29-8003-932600037726', 'Onion', 3.1, 'cup');
INSERT INTO ingredients (id, recipe_id, name, quantity, unit) VALUES ('e1d5cca7-9201-4c10-b1f4-b115670a8dff', '814523c7-9240-4c29-8003-932600037726', 'Egg', 2.2, 'large');
INSERT INTO recipe_dietary_tags (recipe_id, tag_id) VALUES ('814523c7-9240-4c29-8003-932600037726', 10);
INSERT INTO recipe_dietary_tags (recipe_id, tag_id) VALUES ('814523c7-9240-4c29-8003-932600037726', 2);
INSERT INTO recipe_dietary_tags (recipe_id, tag_id) VALUES ('814523c7-9240-4c29-8003-932600037726', 4);
INSERT INTO recipe_dietary_tags (recipe_id, tag_id) VALUES ('814523c7-9240-4c29-8003-932600037726', 8);

INSERT INTO recipes (id, user_id, title, description, instructions, image_url, servings, source_url, source_name, is_archived, views, cart_adds) VALUES ('b007f7db-42f1-4943-955c-1ef8aaa1de01', 'admin-user-id', 'Air Fried Chicken with Kale and Roasted Potatoes', 'A delicious Air Fried Chicken with Kale and Roasted Potatoes recipe. This Midwest-friendly dish is a family favorite and easy to make with common ingredients.', '1. Preheat oven to 375°F (190°C) if baking.
2. Prepare the Potatoes and other main ingredients.
3. In a large bowl, combine with seasonings.
4. Cook according to source instructions until internal temperature is safe.
5. Let rest for 5 minutes before serving.', 'https://images.unsplash.com/photo-1482049016688-2d3e1b311543?auto=format&fit=crop&w=800&q=60', 2, 'https://www.epicurious.com/recipe/air-fried-chicken-with-kale-and-roasted-potatoes', 'Epicurious', 0, 391, 71);
INSERT INTO ingredients (id, recipe_id, name, quantity, unit) VALUES ('ca516946-f578-490f-93d3-22b957cd92f6', 'b007f7db-42f1-4943-955c-1ef8aaa1de01', 'Tomato Sauce', 1.3, 'oz');
INSERT INTO ingredients (id, recipe_id, name, quantity, unit) VALUES ('02f2fc84-d970-4baa-a5e2-2a87810b28da', 'b007f7db-42f1-4943-955c-1ef8aaa1de01', 'Breadcrumbs', 1.2, 'cup');
INSERT INTO ingredients (id, recipe_id, name, quantity, unit) VALUES ('d975c36b-69fc-445e-a560-4201ade0fe62', 'b007f7db-42f1-4943-955c-1ef8aaa1de01', 'Rice', 2.1, 'cup');
INSERT INTO ingredients (id, recipe_id, name, quantity, unit) VALUES ('a59a64fd-3433-4f3e-a21b-abb447e62edc', 'b007f7db-42f1-4943-955c-1ef8aaa1de01', 'Honey', 2.7, 'tbsp');
INSERT INTO recipe_dietary_tags (recipe_id, tag_id) VALUES ('b007f7db-42f1-4943-955c-1ef8aaa1de01', 10);
INSERT INTO recipe_dietary_tags (recipe_id, tag_id) VALUES ('b007f7db-42f1-4943-955c-1ef8aaa1de01', 2);
INSERT INTO recipe_dietary_tags (recipe_id, tag_id) VALUES ('b007f7db-42f1-4943-955c-1ef8aaa1de01', 7);
INSERT INTO recipe_dietary_tags (recipe_id, tag_id) VALUES ('b007f7db-42f1-4943-955c-1ef8aaa1de01', 9);

INSERT INTO recipes (id, user_id, title, description, instructions, image_url, servings, source_url, source_name, is_archived, views, cart_adds) VALUES ('226a19f3-af1f-4898-921a-5441dd7a42f4', 'admin-user-id', 'Slow Cooked Pork with Asparagus and Brown Rice', 'A delicious Slow Cooked Pork with Asparagus and Brown Rice recipe. This Midwest-friendly dish is a family favorite and easy to make with common ingredients.', '1. Preheat oven to 375°F (190°C) if baking.
2. Prepare the Rice and other main ingredients.
3. In a large bowl, combine with seasonings.
4. Cook according to source instructions until internal temperature is safe.
5. Let rest for 5 minutes before serving.', 'https://images.unsplash.com/photo-1484723091739-30a097e8f929?auto=format&fit=crop&w=800&q=60', 3, 'https://www.tasteofhome.com/recipe/slow-cooked-pork-with-asparagus-and-brown-rice', 'Taste of Home', 0, 734, 36);
INSERT INTO ingredients (id, recipe_id, name, quantity, unit) VALUES ('d339b1cc-fb5b-43a3-b45d-2c97482c5e0f', '226a19f3-af1f-4898-921a-5441dd7a42f4', 'Worcestershire Sauce', 0.8, 'tbsp');
INSERT INTO ingredients (id, recipe_id, name, quantity, unit) VALUES ('3c2f389d-862b-4fd1-b188-14f8fe3ad74f', '226a19f3-af1f-4898-921a-5441dd7a42f4', 'Salt', 1.5, 'tsp');
INSERT INTO ingredients (id, recipe_id, name, quantity, unit) VALUES ('0d16151a-0380-4ffa-b361-a1b76ef168b6', '226a19f3-af1f-4898-921a-5441dd7a42f4', 'Dijon Mustard', 2.7, 'tsp');
INSERT INTO ingredients (id, recipe_id, name, quantity, unit) VALUES ('86d332a4-183c-40e9-8c99-18cfb9197f40', '226a19f3-af1f-4898-921a-5441dd7a42f4', 'Rice', 0.7, 'cup');
INSERT INTO ingredients (id, recipe_id, name, quantity, unit) VALUES ('a3086be5-69f9-42ac-9858-575bd3ac954c', '226a19f3-af1f-4898-921a-5441dd7a42f4', 'Chicken Breast', 1.7, 'lb');
INSERT INTO ingredients (id, recipe_id, name, quantity, unit) VALUES ('335ee73b-f0ef-415d-9d34-b2162bcfa24f', '226a19f3-af1f-4898-921a-5441dd7a42f4', 'Soy Sauce', 0.8, 'tbsp');
INSERT INTO recipe_dietary_tags (recipe_id, tag_id) VALUES ('226a19f3-af1f-4898-921a-5441dd7a42f4', 10);

INSERT INTO recipes (id, user_id, title, description, instructions, image_url, servings, source_url, source_name, is_archived, views, cart_adds) VALUES ('f4e4d76a-07cb-4a64-8dfe-0d4d458b360e', 'admin-user-id', 'Pan-Seared Chicken with Sweet Potatoes and Brown Rice', 'A delicious Pan-Seared Chicken with Sweet Potatoes and Brown Rice recipe. This Midwest-friendly dish is a family favorite and easy to make with common ingredients.', '1. Preheat oven to 375°F (190°C) if baking.
2. Prepare the Rice and other main ingredients.
3. In a large bowl, combine with seasonings.
4. Cook according to source instructions until internal temperature is safe.
5. Let rest for 5 minutes before serving.', 'https://images.unsplash.com/photo-1540189549336-e6e99c3679fe?auto=format&fit=crop&w=800&q=60', 2, 'https://www.allrecipes.com/recipe/pan-seared-chicken-with-sweet-potatoes-and-brown-rice', 'AllRecipes', 0, 18, 43);
INSERT INTO ingredients (id, recipe_id, name, quantity, unit) VALUES ('990af69d-9a15-4945-bd76-0f43dfc09008', 'f4e4d76a-07cb-4a64-8dfe-0d4d458b360e', 'Worcestershire Sauce', 0.9, 'tbsp');
INSERT INTO ingredients (id, recipe_id, name, quantity, unit) VALUES ('f1fc5fb0-ae85-4f34-98ce-6c4c97fb3daa', 'f4e4d76a-07cb-4a64-8dfe-0d4d458b360e', 'Lemon Juice', 3.1, 'tbsp');
INSERT INTO ingredients (id, recipe_id, name, quantity, unit) VALUES ('a32cf032-4052-48a7-b4ac-021f60a40b52', 'f4e4d76a-07cb-4a64-8dfe-0d4d458b360e', 'Tomato Sauce', 2.4, 'oz');
INSERT INTO ingredients (id, recipe_id, name, quantity, unit) VALUES ('ded2bb5e-ee06-473b-8473-917317d4162d', 'f4e4d76a-07cb-4a64-8dfe-0d4d458b360e', 'Pasta', 3.3, 'oz');
INSERT INTO recipe_dietary_tags (recipe_id, tag_id) VALUES ('f4e4d76a-07cb-4a64-8dfe-0d4d458b360e', 10);
INSERT INTO recipe_dietary_tags (recipe_id, tag_id) VALUES ('f4e4d76a-07cb-4a64-8dfe-0d4d458b360e', 9);

INSERT INTO recipes (id, user_id, title, description, instructions, image_url, servings, source_url, source_name, is_archived, views, cart_adds) VALUES ('e6839103-5298-42ba-858f-187546cdb9ec', 'admin-user-id', 'Pan-Seared Salmon with Brussels Sprouts and Mashed Cauliflower', 'A delicious Pan-Seared Salmon with Brussels Sprouts and Mashed Cauliflower recipe. This Midwest-friendly dish is a family favorite and easy to make with common ingredients.', '1. Preheat oven to 375°F (190°C) if baking.
2. Prepare the Cauliflower and other main ingredients.
3. In a large bowl, combine with seasonings.
4. Cook according to source instructions until internal temperature is safe.
5. Let rest for 5 minutes before serving.', 'https://images.unsplash.com/photo-1567620985035-091781110527?auto=format&fit=crop&w=800&q=60', 2, 'https://www.foodnetwork.com/recipe/pan-seared-salmon-with-brussels-sprouts-and-mashed-cauliflower', 'Food Network', 0, 263, 82);
INSERT INTO ingredients (id, recipe_id, name, quantity, unit) VALUES ('ff1c65c3-1b05-4ec5-b635-69c59deade37', 'e6839103-5298-42ba-858f-187546cdb9ec', 'Heavy Cream', 3.5, 'cup');
INSERT INTO ingredients (id, recipe_id, name, quantity, unit) VALUES ('4c1c1e68-edbc-4ca1-a4b6-4b333691bf67', 'e6839103-5298-42ba-858f-187546cdb9ec', 'Tater Tots', 2.6, 'oz');
INSERT INTO ingredients (id, recipe_id, name, quantity, unit) VALUES ('9e035838-c11c-46dd-b2fc-e53d06018aa8', 'e6839103-5298-42ba-858f-187546cdb9ec', 'Olive Oil', 3.4, 'tbsp');
INSERT INTO ingredients (id, recipe_id, name, quantity, unit) VALUES ('44a03492-943d-4036-94c7-be7913144d8b', 'e6839103-5298-42ba-858f-187546cdb9ec', 'Frozen Peas', 3.0, 'cup');
INSERT INTO ingredients (id, recipe_id, name, quantity, unit) VALUES ('5da88005-1f57-4c99-9978-5a8a43b47d7d', 'e6839103-5298-42ba-858f-187546cdb9ec', 'Black Pepper', 0.7, 'tsp');
INSERT INTO recipe_dietary_tags (recipe_id, tag_id) VALUES ('e6839103-5298-42ba-858f-187546cdb9ec', 1);
INSERT INTO recipe_dietary_tags (recipe_id, tag_id) VALUES ('e6839103-5298-42ba-858f-187546cdb9ec', 6);
INSERT INTO recipe_dietary_tags (recipe_id, tag_id) VALUES ('e6839103-5298-42ba-858f-187546cdb9ec', 3);
INSERT INTO recipe_dietary_tags (recipe_id, tag_id) VALUES ('e6839103-5298-42ba-858f-187546cdb9ec', 2);

INSERT INTO recipes (id, user_id, title, description, instructions, image_url, servings, source_url, source_name, is_archived, views, cart_adds) VALUES ('25f1d639-59ff-4168-b417-55b1d35e67a0', 'admin-user-id', 'Baked Cod with Carrots and Quinoa', 'A delicious Baked Cod with Carrots and Quinoa recipe. This Midwest-friendly dish is a family favorite and easy to make with common ingredients.', '1. Preheat oven to 375°F (190°C) if baking.
2. Prepare the Quinoa and other main ingredients.
3. In a large bowl, combine with seasonings.
4. Cook according to source instructions until internal temperature is safe.
5. Let rest for 5 minutes before serving.', 'https://images.unsplash.com/photo-1565299624946-b28f40a0ae38?auto=format&fit=crop&w=800&q=60', 2, 'https://www.foodnetwork.com/recipe/baked-cod-with-carrots-and-quinoa', 'Food Network', 0, 666, 73);
INSERT INTO ingredients (id, recipe_id, name, quantity, unit) VALUES ('68cc1dfc-c77c-4fbc-8ea2-183831ccda27', '25f1d639-59ff-4168-b417-55b1d35e67a0', 'Ground Beef', 0.5, 'lb');
INSERT INTO ingredients (id, recipe_id, name, quantity, unit) VALUES ('94f89613-df61-4d71-a3da-8b202f6b77e1', '25f1d639-59ff-4168-b417-55b1d35e67a0', 'Black Pepper', 0.6, 'tsp');
INSERT INTO ingredients (id, recipe_id, name, quantity, unit) VALUES ('3b8362d5-0569-41c9-8e0b-2ee0b3be02ee', '25f1d639-59ff-4168-b417-55b1d35e67a0', 'Celery', 3.4, 'cup');
INSERT INTO ingredients (id, recipe_id, name, quantity, unit) VALUES ('46586d29-0cc2-4174-bf90-439b0b6f9f70', '25f1d639-59ff-4168-b417-55b1d35e67a0', 'Breadcrumbs', 1.0, 'cup');
INSERT INTO recipe_dietary_tags (recipe_id, tag_id) VALUES ('25f1d639-59ff-4168-b417-55b1d35e67a0', 3);
INSERT INTO recipe_dietary_tags (recipe_id, tag_id) VALUES ('25f1d639-59ff-4168-b417-55b1d35e67a0', 2);
INSERT INTO recipe_dietary_tags (recipe_id, tag_id) VALUES ('25f1d639-59ff-4168-b417-55b1d35e67a0', 7);

INSERT INTO recipes (id, user_id, title, description, instructions, image_url, servings, source_url, source_name, is_archived, views, cart_adds) VALUES ('1e95f5a2-b5b1-4342-b6dd-e00a1d681fea', 'admin-user-id', 'Slow Cooked Tofu with Carrots and Couscous', 'A delicious Slow Cooked Tofu with Carrots and Couscous recipe. This Midwest-friendly dish is a family favorite and easy to make with common ingredients.', '1. Preheat oven to 375°F (190°C) if baking.
2. Prepare the Couscous and other main ingredients.
3. In a large bowl, combine with seasonings.
4. Cook according to source instructions until internal temperature is safe.
5. Let rest for 5 minutes before serving.', 'https://images.unsplash.com/photo-1555939594-58d7cb561ad1?auto=format&fit=crop&w=800&q=60', 5, 'https://www.foodnetwork.com/recipe/slow-cooked-tofu-with-carrots-and-couscous', 'Food Network', 0, 525, 44);
INSERT INTO ingredients (id, recipe_id, name, quantity, unit) VALUES ('9ab2b87b-0d9d-437b-b7ef-731b1a11f92c', '1e95f5a2-b5b1-4342-b6dd-e00a1d681fea', 'Olive Oil', 3.5, 'tbsp');
INSERT INTO ingredients (id, recipe_id, name, quantity, unit) VALUES ('44e34b2f-ae54-43e1-85d9-48ab31d485c1', '1e95f5a2-b5b1-4342-b6dd-e00a1d681fea', 'Honey', 1.9, 'tbsp');
INSERT INTO ingredients (id, recipe_id, name, quantity, unit) VALUES ('43d712d2-560f-412c-beac-6956bec6ec1e', '1e95f5a2-b5b1-4342-b6dd-e00a1d681fea', 'Onion', 1.1, 'cup');
INSERT INTO ingredients (id, recipe_id, name, quantity, unit) VALUES ('6346b7af-26d6-4895-9d89-ad2544f61bb6', '1e95f5a2-b5b1-4342-b6dd-e00a1d681fea', 'Tater Tots', 1.6, 'oz');
INSERT INTO ingredients (id, recipe_id, name, quantity, unit) VALUES ('f05c2d31-a57d-4a3c-84d5-5a4c4fca31ff', '1e95f5a2-b5b1-4342-b6dd-e00a1d681fea', 'Garlic', 3.3, 'clove');
INSERT INTO ingredients (id, recipe_id, name, quantity, unit) VALUES ('8d1be4cc-4864-4af2-ba42-68e6322d159e', '1e95f5a2-b5b1-4342-b6dd-e00a1d681fea', 'Ground Beef', 1.8, 'lb');
INSERT INTO ingredients (id, recipe_id, name, quantity, unit) VALUES ('0e77cc09-374c-4b90-89cb-00519505e786', '1e95f5a2-b5b1-4342-b6dd-e00a1d681fea', 'Milk', 3.4, 'cup');
INSERT INTO recipe_dietary_tags (recipe_id, tag_id) VALUES ('1e95f5a2-b5b1-4342-b6dd-e00a1d681fea', 3);

INSERT INTO recipes (id, user_id, title, description, instructions, image_url, servings, source_url, source_name, is_archived, views, cart_adds) VALUES ('ffc6462c-2ae4-4b90-b4a5-d4681e3c134d', 'admin-user-id', 'Baked Salmon with Zucchini and Mashed Cauliflower', 'A delicious Baked Salmon with Zucchini and Mashed Cauliflower recipe. This Midwest-friendly dish is a family favorite and easy to make with common ingredients.', '1. Preheat oven to 375°F (190°C) if baking.
2. Prepare the Cauliflower and other main ingredients.
3. In a large bowl, combine with seasonings.
4. Cook according to source instructions until internal temperature is safe.
5. Let rest for 5 minutes before serving.', 'https://images.unsplash.com/photo-1513104894114-bd7ea4718312?auto=format&fit=crop&w=800&q=60', 4, 'https://www.foodnetwork.com/recipe/baked-salmon-with-zucchini-and-mashed-cauliflower', 'Food Network', 0, 299, 53);
INSERT INTO ingredients (id, recipe_id, name, quantity, unit) VALUES ('fa3be230-f85d-4028-84c0-ab207679c875', 'ffc6462c-2ae4-4b90-b4a5-d4681e3c134d', 'Potatoes', 1.2, 'lb');
INSERT INTO ingredients (id, recipe_id, name, quantity, unit) VALUES ('57421b92-5f95-4e3b-8ea5-d51005d16a3a', 'ffc6462c-2ae4-4b90-b4a5-d4681e3c134d', 'Carrots', 0.6, 'cup');
INSERT INTO ingredients (id, recipe_id, name, quantity, unit) VALUES ('d66626e7-e99e-4898-add7-6076d6c3aa89', 'ffc6462c-2ae4-4b90-b4a5-d4681e3c134d', 'Tater Tots', 0.8, 'oz');
INSERT INTO ingredients (id, recipe_id, name, quantity, unit) VALUES ('20a66909-e9e6-4868-a220-8be8a77e9f5d', 'ffc6462c-2ae4-4b90-b4a5-d4681e3c134d', 'Tomato Sauce', 2.3, 'oz');
INSERT INTO recipe_dietary_tags (recipe_id, tag_id) VALUES ('ffc6462c-2ae4-4b90-b4a5-d4681e3c134d', 1);
INSERT INTO recipe_dietary_tags (recipe_id, tag_id) VALUES ('ffc6462c-2ae4-4b90-b4a5-d4681e3c134d', 6);
INSERT INTO recipe_dietary_tags (recipe_id, tag_id) VALUES ('ffc6462c-2ae4-4b90-b4a5-d4681e3c134d', 3);

INSERT INTO recipes (id, user_id, title, description, instructions, image_url, servings, source_url, source_name, is_archived, views, cart_adds) VALUES ('777657e2-eccf-4928-9c97-a5a609db944f', 'admin-user-id', 'Air Fried Salmon with Brussels Sprouts and Wild Rice', 'A delicious Air Fried Salmon with Brussels Sprouts and Wild Rice recipe. This Midwest-friendly dish is a family favorite and easy to make with common ingredients.', '1. Preheat oven to 375°F (190°C) if baking.
2. Prepare the Rice and other main ingredients.
3. In a large bowl, combine with seasonings.
4. Cook according to source instructions until internal temperature is safe.
5. Let rest for 5 minutes before serving.', 'https://images.unsplash.com/photo-1504754524776-8f4f37799ca7?auto=format&fit=crop&w=800&q=60', 7, 'https://www.allrecipes.com/recipe/air-fried-salmon-with-brussels-sprouts-and-wild-rice', 'AllRecipes', 0, 240, 86);
INSERT INTO ingredients (id, recipe_id, name, quantity, unit) VALUES ('7dfd65f8-ae2d-4d69-9035-eb2018972b21', '777657e2-eccf-4928-9c97-a5a609db944f', 'Lemon Juice', 2.7, 'tbsp');
INSERT INTO ingredients (id, recipe_id, name, quantity, unit) VALUES ('4c35b1dc-646b-449e-a8a6-9b62ab395505', '777657e2-eccf-4928-9c97-a5a609db944f', 'Sour Cream', 2.1, 'cup');
INSERT INTO ingredients (id, recipe_id, name, quantity, unit) VALUES ('8bb7c18d-ab6c-4a8f-b397-f8b80af1d54c', '777657e2-eccf-4928-9c97-a5a609db944f', 'Salt', 1.0, 'tsp');
INSERT INTO ingredients (id, recipe_id, name, quantity, unit) VALUES ('a1287909-2c7a-439e-bf00-85337ae11319', '777657e2-eccf-4928-9c97-a5a609db944f', 'Dijon Mustard', 1.1, 'tsp');
INSERT INTO ingredients (id, recipe_id, name, quantity, unit) VALUES ('d1849763-7e22-4ad1-adb5-c7eec6744fb0', '777657e2-eccf-4928-9c97-a5a609db944f', 'Milk', 3.5, 'cup');
INSERT INTO ingredients (id, recipe_id, name, quantity, unit) VALUES ('c5bab65e-d306-49d6-bf6b-05ccd2a568c1', '777657e2-eccf-4928-9c97-a5a609db944f', 'Honey', 0.6, 'tbsp');
INSERT INTO ingredients (id, recipe_id, name, quantity, unit) VALUES ('c2117599-a580-49d6-8773-d8ce44f52f56', '777657e2-eccf-4928-9c97-a5a609db944f', 'Heavy Cream', 2.9, 'cup');
INSERT INTO recipe_dietary_tags (recipe_id, tag_id) VALUES ('777657e2-eccf-4928-9c97-a5a609db944f', 3);
INSERT INTO recipe_dietary_tags (recipe_id, tag_id) VALUES ('777657e2-eccf-4928-9c97-a5a609db944f', 4);

INSERT INTO recipes (id, user_id, title, description, instructions, image_url, servings, source_url, source_name, is_archived, views, cart_adds) VALUES ('511d3009-d066-462c-ad66-fb4246cb32eb', 'admin-user-id', 'Sautéed Chicken with Kale and Quinoa', 'A delicious Sautéed Chicken with Kale and Quinoa recipe. This Midwest-friendly dish is a family favorite and easy to make with common ingredients.', '1. Preheat oven to 375°F (190°C) if baking.
2. Prepare the Quinoa and other main ingredients.
3. In a large bowl, combine with seasonings.
4. Cook according to source instructions until internal temperature is safe.
5. Let rest for 5 minutes before serving.', 'https://images.unsplash.com/photo-1476224203421-9ac3993557a4?auto=format&fit=crop&w=800&q=60', 3, 'https://www.tasteofhome.com/recipe/saut-ed-chicken-with-kale-and-quinoa', 'Taste of Home', 0, 718, 61);
INSERT INTO ingredients (id, recipe_id, name, quantity, unit) VALUES ('6cffbc78-967f-4995-af4e-c52a168baed6', '511d3009-d066-462c-ad66-fb4246cb32eb', 'Breadcrumbs', 3.0, 'cup');
INSERT INTO ingredients (id, recipe_id, name, quantity, unit) VALUES ('255d89b4-1c2c-4777-b107-56d56751fbd2', '511d3009-d066-462c-ad66-fb4246cb32eb', 'Garlic', 1.6, 'clove');
INSERT INTO ingredients (id, recipe_id, name, quantity, unit) VALUES ('88bc6208-f521-41bd-9269-bb2d1a63c044', '511d3009-d066-462c-ad66-fb4246cb32eb', 'Worcestershire Sauce', 2.0, 'tbsp');
INSERT INTO ingredients (id, recipe_id, name, quantity, unit) VALUES ('be5d6705-fbbf-42dc-afd8-e4c6f86aaec5', '511d3009-d066-462c-ad66-fb4246cb32eb', 'Carrots', 3.1, 'cup');
INSERT INTO recipe_dietary_tags (recipe_id, tag_id) VALUES ('511d3009-d066-462c-ad66-fb4246cb32eb', 10);
INSERT INTO recipe_dietary_tags (recipe_id, tag_id) VALUES ('511d3009-d066-462c-ad66-fb4246cb32eb', 4);

INSERT INTO recipes (id, user_id, title, description, instructions, image_url, servings, source_url, source_name, is_archived, views, cart_adds) VALUES ('c9ce3a2c-1e9e-4f92-8491-d63350d19986', 'admin-user-id', 'Baked Chicken with Spinach and Zucchini Noodles', 'A delicious Baked Chicken with Spinach and Zucchini Noodles recipe. This Midwest-friendly dish is a family favorite and easy to make with common ingredients.', '1. Preheat oven to 375°F (190°C) if baking.
2. Prepare the Noodles and other main ingredients.
3. In a large bowl, combine with seasonings.
4. Cook according to source instructions until internal temperature is safe.
5. Let rest for 5 minutes before serving.', 'https://images.unsplash.com/photo-1498837167721-8f5c1a322c2e?auto=format&fit=crop&w=800&q=60', 3, 'https://www.epicurious.com/recipe/baked-chicken-with-spinach-and-zucchini-noodles', 'Epicurious', 0, 687, 47);
INSERT INTO ingredients (id, recipe_id, name, quantity, unit) VALUES ('493cdeee-306a-4f86-be0f-a035fe9d191b', 'c9ce3a2c-1e9e-4f92-8491-d63350d19986', 'Heavy Cream', 2.3, 'cup');
INSERT INTO ingredients (id, recipe_id, name, quantity, unit) VALUES ('8fe0ed91-2786-40bf-8cfa-0728bf6060c5', 'c9ce3a2c-1e9e-4f92-8491-d63350d19986', 'Cream of Mushroom Soup', 1.4, 'can');
INSERT INTO ingredients (id, recipe_id, name, quantity, unit) VALUES ('76ce2ef8-84c9-4cc7-aa43-bb0b5ff89159', 'c9ce3a2c-1e9e-4f92-8491-d63350d19986', 'Black Pepper', 1.0, 'tsp');
INSERT INTO ingredients (id, recipe_id, name, quantity, unit) VALUES ('62be6d78-c08d-415d-97dd-1a7135103588', 'c9ce3a2c-1e9e-4f92-8491-d63350d19986', 'Sour Cream', 3.5, 'cup');
INSERT INTO ingredients (id, recipe_id, name, quantity, unit) VALUES ('e0635a4e-9618-466d-aaed-742964964426', 'c9ce3a2c-1e9e-4f92-8491-d63350d19986', 'Ground Beef', 1.7, 'lb');
INSERT INTO recipe_dietary_tags (recipe_id, tag_id) VALUES ('c9ce3a2c-1e9e-4f92-8491-d63350d19986', 1);
INSERT INTO recipe_dietary_tags (recipe_id, tag_id) VALUES ('c9ce3a2c-1e9e-4f92-8491-d63350d19986', 6);
INSERT INTO recipe_dietary_tags (recipe_id, tag_id) VALUES ('c9ce3a2c-1e9e-4f92-8491-d63350d19986', 10);
INSERT INTO recipe_dietary_tags (recipe_id, tag_id) VALUES ('c9ce3a2c-1e9e-4f92-8491-d63350d19986', 2);

INSERT INTO recipes (id, user_id, title, description, instructions, image_url, servings, source_url, source_name, is_archived, views, cart_adds) VALUES ('325a20b9-20c1-46e0-b78f-26151fef8dae', 'admin-user-id', 'Grilled Chicken with Broccoli and Couscous', 'A delicious Grilled Chicken with Broccoli and Couscous recipe. This Midwest-friendly dish is a family favorite and easy to make with common ingredients.', '1. Preheat oven to 375°F (190°C) if baking.
2. Prepare the Couscous and other main ingredients.
3. In a large bowl, combine with seasonings.
4. Cook according to source instructions until internal temperature is safe.
5. Let rest for 5 minutes before serving.', 'https://images.unsplash.com/photo-1490645935967-10de6ba17051?auto=format&fit=crop&w=800&q=60', 4, 'https://www.foodnetwork.com/recipe/grilled-chicken-with-broccoli-and-couscous', 'Food Network', 0, 413, 81);
INSERT INTO ingredients (id, recipe_id, name, quantity, unit) VALUES ('68721ef3-675a-4c31-81f3-b2d74856d9bc', '325a20b9-20c1-46e0-b78f-26151fef8dae', 'Ground Beef', 1.3, 'lb');
INSERT INTO ingredients (id, recipe_id, name, quantity, unit) VALUES ('968c6505-d2c2-4e38-92e9-e574be2bb8e8', '325a20b9-20c1-46e0-b78f-26151fef8dae', 'Honey', 2.8, 'tbsp');
INSERT INTO ingredients (id, recipe_id, name, quantity, unit) VALUES ('0144045b-2816-4bbb-bfb5-5def6e7ef0e1', '325a20b9-20c1-46e0-b78f-26151fef8dae', 'Egg', 0.9, 'large');
INSERT INTO ingredients (id, recipe_id, name, quantity, unit) VALUES ('f99ff4b1-6ccd-432d-9134-53dea133206b', '325a20b9-20c1-46e0-b78f-26151fef8dae', 'Cheddar Cheese', 1.5, 'cup');
INSERT INTO ingredients (id, recipe_id, name, quantity, unit) VALUES ('684a0f4c-ff3a-4a18-9e6f-7972d279e095', '325a20b9-20c1-46e0-b78f-26151fef8dae', 'Cream of Mushroom Soup', 2.3, 'can');
INSERT INTO ingredients (id, recipe_id, name, quantity, unit) VALUES ('1ee53adb-9571-4ecd-aa1f-aa7fee4650cb', '325a20b9-20c1-46e0-b78f-26151fef8dae', 'Sour Cream', 2.1, 'cup');
INSERT INTO ingredients (id, recipe_id, name, quantity, unit) VALUES ('1b6b54e8-fa1d-4a0d-a881-242387ad07af', '325a20b9-20c1-46e0-b78f-26151fef8dae', 'Potatoes', 1.4, 'lb');
INSERT INTO recipe_dietary_tags (recipe_id, tag_id) VALUES ('325a20b9-20c1-46e0-b78f-26151fef8dae', 10);
INSERT INTO recipe_dietary_tags (recipe_id, tag_id) VALUES ('325a20b9-20c1-46e0-b78f-26151fef8dae', 2);
INSERT INTO recipe_dietary_tags (recipe_id, tag_id) VALUES ('325a20b9-20c1-46e0-b78f-26151fef8dae', 9);

INSERT INTO recipes (id, user_id, title, description, instructions, image_url, servings, source_url, source_name, is_archived, views, cart_adds) VALUES ('3b28fe97-88fa-4c87-aa73-8d0c780e7cba', 'admin-user-id', 'Steamed Pork with Zucchini and Roasted Potatoes', 'A delicious Steamed Pork with Zucchini and Roasted Potatoes recipe. This Midwest-friendly dish is a family favorite and easy to make with common ingredients.', '1. Preheat oven to 375°F (190°C) if baking.
2. Prepare the Potatoes and other main ingredients.
3. In a large bowl, combine with seasonings.
4. Cook according to source instructions until internal temperature is safe.
5. Let rest for 5 minutes before serving.', 'https://images.unsplash.com/photo-1506084868214-19a1f9e147f8?auto=format&fit=crop&w=800&q=60', 2, 'https://www.allrecipes.com/recipe/steamed-pork-with-zucchini-and-roasted-potatoes', 'AllRecipes', 0, 859, 96);
INSERT INTO ingredients (id, recipe_id, name, quantity, unit) VALUES ('03143f88-7f19-4a4d-b9de-659b5c6cf79d', '3b28fe97-88fa-4c87-aa73-8d0c780e7cba', 'Pasta', 1.8, 'oz');
INSERT INTO ingredients (id, recipe_id, name, quantity, unit) VALUES ('17bb5f36-3b9e-41bb-b01a-65d68e019d64', '3b28fe97-88fa-4c87-aa73-8d0c780e7cba', 'Potatoes', 3.3, 'lb');
INSERT INTO ingredients (id, recipe_id, name, quantity, unit) VALUES ('ccf4a046-5fe3-4dd0-aa46-600714c44e3e', '3b28fe97-88fa-4c87-aa73-8d0c780e7cba', 'Tomato Sauce', 1.2, 'oz');
INSERT INTO ingredients (id, recipe_id, name, quantity, unit) VALUES ('8fe50bc4-b90e-436d-a579-1a07a4c7c692', '3b28fe97-88fa-4c87-aa73-8d0c780e7cba', 'Celery', 1.2, 'cup');
INSERT INTO recipe_dietary_tags (recipe_id, tag_id) VALUES ('3b28fe97-88fa-4c87-aa73-8d0c780e7cba', 10);
INSERT INTO recipe_dietary_tags (recipe_id, tag_id) VALUES ('3b28fe97-88fa-4c87-aa73-8d0c780e7cba', 8);

INSERT INTO recipes (id, user_id, title, description, instructions, image_url, servings, source_url, source_name, is_archived, views, cart_adds) VALUES ('969a5f7b-13d3-4d61-8196-8b8d9d176b10', 'admin-user-id', 'Grilled Turkey with Broccoli and Couscous', 'A delicious Grilled Turkey with Broccoli and Couscous recipe. This Midwest-friendly dish is a family favorite and easy to make with common ingredients.', '1. Preheat oven to 375°F (190°C) if baking.
2. Prepare the Couscous and other main ingredients.
3. In a large bowl, combine with seasonings.
4. Cook according to source instructions until internal temperature is safe.
5. Let rest for 5 minutes before serving.', 'https://images.unsplash.com/photo-1529042410759-adb828e4eaf0?auto=format&fit=crop&w=800&q=60', 2, 'https://www.bonappetit.com/recipe/grilled-turkey-with-broccoli-and-couscous', 'Bon Appetit', 0, 68, 38);
INSERT INTO ingredients (id, recipe_id, name, quantity, unit) VALUES ('95424705-88b6-4cb6-8a92-d6812b03068e', '969a5f7b-13d3-4d61-8196-8b8d9d176b10', 'Honey', 0.9, 'tbsp');
INSERT INTO ingredients (id, recipe_id, name, quantity, unit) VALUES ('aae50d2d-aea6-4d3d-bf04-87355724d46a', '969a5f7b-13d3-4d61-8196-8b8d9d176b10', 'Dijon Mustard', 2.9, 'tsp');
INSERT INTO ingredients (id, recipe_id, name, quantity, unit) VALUES ('d8524262-b84b-4ddb-864e-ba24745c9da0', '969a5f7b-13d3-4d61-8196-8b8d9d176b10', 'Frozen Peas', 1.5, 'cup');
INSERT INTO ingredients (id, recipe_id, name, quantity, unit) VALUES ('9328d016-81ad-4441-842f-fcb1b11e20ec', '969a5f7b-13d3-4d61-8196-8b8d9d176b10', 'Heavy Cream', 1.7, 'cup');
INSERT INTO ingredients (id, recipe_id, name, quantity, unit) VALUES ('9b4934fa-0fc6-46bf-b42d-a45ef69f28b5', '969a5f7b-13d3-4d61-8196-8b8d9d176b10', 'Lemon Juice', 1.8, 'tbsp');
INSERT INTO ingredients (id, recipe_id, name, quantity, unit) VALUES ('8b0851a2-a449-4934-ad33-0e69899535b6', '969a5f7b-13d3-4d61-8196-8b8d9d176b10', 'Sour Cream', 3.4, 'cup');
INSERT INTO recipe_dietary_tags (recipe_id, tag_id) VALUES ('969a5f7b-13d3-4d61-8196-8b8d9d176b10', 9);

INSERT INTO recipes (id, user_id, title, description, instructions, image_url, servings, source_url, source_name, is_archived, views, cart_adds) VALUES ('b7df848c-a4cd-435c-b939-80682656c9ce', 'admin-user-id', 'Pan-Seared Tofu with Sweet Potatoes and Wild Rice', 'A delicious Pan-Seared Tofu with Sweet Potatoes and Wild Rice recipe. This Midwest-friendly dish is a family favorite and easy to make with common ingredients.', '1. Preheat oven to 375°F (190°C) if baking.
2. Prepare the Rice and other main ingredients.
3. In a large bowl, combine with seasonings.
4. Cook according to source instructions until internal temperature is safe.
5. Let rest for 5 minutes before serving.', 'https://images.unsplash.com/photo-1455619452474-d2ba29bc06da?auto=format&fit=crop&w=800&q=60', 4, 'https://www.epicurious.com/recipe/pan-seared-tofu-with-sweet-potatoes-and-wild-rice', 'Epicurious', 0, 303, 33);
INSERT INTO ingredients (id, recipe_id, name, quantity, unit) VALUES ('42b1b5dc-703a-43ac-832d-d86305eb90d8', 'b7df848c-a4cd-435c-b939-80682656c9ce', 'Tater Tots', 3.2, 'oz');
INSERT INTO ingredients (id, recipe_id, name, quantity, unit) VALUES ('b346e45a-5d91-4163-a775-f1a0e3fa1325', 'b7df848c-a4cd-435c-b939-80682656c9ce', 'Ground Beef', 1.2, 'lb');
INSERT INTO ingredients (id, recipe_id, name, quantity, unit) VALUES ('3de5f596-5ceb-4e33-a80f-f6c0e8fcbad8', 'b7df848c-a4cd-435c-b939-80682656c9ce', 'Breadcrumbs', 1.3, 'cup');
INSERT INTO ingredients (id, recipe_id, name, quantity, unit) VALUES ('7d06364e-fde6-4a12-a0ea-3907d09d602e', 'b7df848c-a4cd-435c-b939-80682656c9ce', 'Pasta', 2.2, 'oz');
INSERT INTO ingredients (id, recipe_id, name, quantity, unit) VALUES ('f191db73-efeb-44a9-ad46-5b35b95f4b02', 'b7df848c-a4cd-435c-b939-80682656c9ce', 'Celery', 1.8, 'cup');
INSERT INTO ingredients (id, recipe_id, name, quantity, unit) VALUES ('c2937396-18b6-47f0-8d3c-ca35bd1292c9', 'b7df848c-a4cd-435c-b939-80682656c9ce', 'Garlic', 2.8, 'clove');
INSERT INTO ingredients (id, recipe_id, name, quantity, unit) VALUES ('e31d76f7-b151-4868-bf3c-e2ff814e67c8', 'b7df848c-a4cd-435c-b939-80682656c9ce', 'Tomato Sauce', 1.4, 'oz');
INSERT INTO recipe_dietary_tags (recipe_id, tag_id) VALUES ('b7df848c-a4cd-435c-b939-80682656c9ce', 3);

INSERT INTO recipes (id, user_id, title, description, instructions, image_url, servings, source_url, source_name, is_archived, views, cart_adds) VALUES ('2be024ad-333a-453d-b700-07d407a3c384', 'admin-user-id', 'Air Fried Chicken with Cauliflower and Cauliflower Rice', 'A delicious Air Fried Chicken with Cauliflower and Cauliflower Rice recipe. This Midwest-friendly dish is a family favorite and easy to make with common ingredients.', '1. Preheat oven to 375°F (190°C) if baking.
2. Prepare the Rice and other main ingredients.
3. In a large bowl, combine with seasonings.
4. Cook according to source instructions until internal temperature is safe.
5. Let rest for 5 minutes before serving.', 'https://images.unsplash.com/photo-1504113888839-14294c223d51?auto=format&fit=crop&w=800&q=60', 6, 'https://www.allrecipes.com/recipe/air-fried-chicken-with-cauliflower-and-cauliflower-rice', 'AllRecipes', 0, 875, 29);
INSERT INTO ingredients (id, recipe_id, name, quantity, unit) VALUES ('bffe2b4a-d59e-44e7-9f8f-88cb28c385e4', '2be024ad-333a-453d-b700-07d407a3c384', 'Salt', 1.1, 'tsp');
INSERT INTO ingredients (id, recipe_id, name, quantity, unit) VALUES ('a3d2993b-acbb-4132-b8ff-0affa70bdedf', '2be024ad-333a-453d-b700-07d407a3c384', 'Egg', 2.1, 'large');
INSERT INTO ingredients (id, recipe_id, name, quantity, unit) VALUES ('a77f97dd-ec51-46b8-9a7a-e65d91c59e4f', '2be024ad-333a-453d-b700-07d407a3c384', 'Dijon Mustard', 1.1, 'tsp');
INSERT INTO ingredients (id, recipe_id, name, quantity, unit) VALUES ('8bcb68e6-bda3-470c-8d7c-ecfa32e2e691', '2be024ad-333a-453d-b700-07d407a3c384', 'Tomato Sauce', 2.2, 'oz');
INSERT INTO ingredients (id, recipe_id, name, quantity, unit) VALUES ('6890d65f-e0d7-478f-bb67-d27506a5fd81', '2be024ad-333a-453d-b700-07d407a3c384', 'Milk', 2.0, 'cup');
INSERT INTO recipe_dietary_tags (recipe_id, tag_id) VALUES ('2be024ad-333a-453d-b700-07d407a3c384', 1);
INSERT INTO recipe_dietary_tags (recipe_id, tag_id) VALUES ('2be024ad-333a-453d-b700-07d407a3c384', 6);
INSERT INTO recipe_dietary_tags (recipe_id, tag_id) VALUES ('2be024ad-333a-453d-b700-07d407a3c384', 10);

INSERT INTO recipes (id, user_id, title, description, instructions, image_url, servings, source_url, source_name, is_archived, views, cart_adds) VALUES ('949352f0-f3dd-4805-b5c9-7387887f0868', 'admin-user-id', 'Roasted Chicken with Spinach and Lentil Pasta', 'A delicious Roasted Chicken with Spinach and Lentil Pasta recipe. This Midwest-friendly dish is a family favorite and easy to make with common ingredients.', '1. Preheat oven to 375°F (190°C) if baking.
2. Prepare the Pasta and other main ingredients.
3. In a large bowl, combine with seasonings.
4. Cook according to source instructions until internal temperature is safe.
5. Let rest for 5 minutes before serving.', 'https://images.unsplash.com/photo-1546062477-fe2f66230ba3?auto=format&fit=crop&w=800&q=60', 2, 'https://www.tasteofhome.com/recipe/roasted-chicken-with-spinach-and-lentil-pasta', 'Taste of Home', 0, 553, 40);
INSERT INTO ingredients (id, recipe_id, name, quantity, unit) VALUES ('f9aa8e51-0f14-43c3-9d8c-79cdcc601661', '949352f0-f3dd-4805-b5c9-7387887f0868', 'Breadcrumbs', 2.8, 'cup');
INSERT INTO ingredients (id, recipe_id, name, quantity, unit) VALUES ('5d1fa528-7ba9-4cd5-bdfa-8b167e567ab7', '949352f0-f3dd-4805-b5c9-7387887f0868', 'Olive Oil', 0.5, 'tbsp');
INSERT INTO ingredients (id, recipe_id, name, quantity, unit) VALUES ('04b6e738-3119-430e-8568-b265030bb349', '949352f0-f3dd-4805-b5c9-7387887f0868', 'Garlic', 1.2, 'clove');
INSERT INTO ingredients (id, recipe_id, name, quantity, unit) VALUES ('699a45eb-9e77-42d9-891b-1e8f5390f6dc', '949352f0-f3dd-4805-b5c9-7387887f0868', 'Frozen Peas', 2.8, 'cup');
INSERT INTO recipe_dietary_tags (recipe_id, tag_id) VALUES ('949352f0-f3dd-4805-b5c9-7387887f0868', 10);
INSERT INTO recipe_dietary_tags (recipe_id, tag_id) VALUES ('949352f0-f3dd-4805-b5c9-7387887f0868', 7);

INSERT INTO recipes (id, user_id, title, description, instructions, image_url, servings, source_url, source_name, is_archived, views, cart_adds) VALUES ('7772567e-aae3-4b6e-9b8c-ede9c72bcb91', 'admin-user-id', 'Steamed Turkey with Cauliflower and Wild Rice', 'A delicious Steamed Turkey with Cauliflower and Wild Rice recipe. This Midwest-friendly dish is a family favorite and easy to make with common ingredients.', '1. Preheat oven to 375°F (190°C) if baking.
2. Prepare the Rice and other main ingredients.
3. In a large bowl, combine with seasonings.
4. Cook according to source instructions until internal temperature is safe.
5. Let rest for 5 minutes before serving.', 'https://images.unsplash.com/photo-1504674900247-0877df9cc836?auto=format&fit=crop&w=800&q=60', 6, 'https://www.foodnetwork.com/recipe/steamed-turkey-with-cauliflower-and-wild-rice', 'Food Network', 0, 565, 76);
INSERT INTO ingredients (id, recipe_id, name, quantity, unit) VALUES ('7761ab18-a4e4-421f-a2d7-8cd14e5fb375', '7772567e-aae3-4b6e-9b8c-ede9c72bcb91', 'Sour Cream', 2.3, 'cup');
INSERT INTO ingredients (id, recipe_id, name, quantity, unit) VALUES ('14deecc7-b57b-45c5-8b0f-94c77f0bb68d', '7772567e-aae3-4b6e-9b8c-ede9c72bcb91', 'Butter', 0.7, 'tbsp');
INSERT INTO ingredients (id, recipe_id, name, quantity, unit) VALUES ('1ca174ab-e7bf-46f8-892c-b28bfc723dc3', '7772567e-aae3-4b6e-9b8c-ede9c72bcb91', 'Tomato Sauce', 1.7, 'oz');
INSERT INTO ingredients (id, recipe_id, name, quantity, unit) VALUES ('0defac90-2472-4199-8a05-fe846136c9d2', '7772567e-aae3-4b6e-9b8c-ede9c72bcb91', 'Worcestershire Sauce', 2.3, 'tbsp');
INSERT INTO ingredients (id, recipe_id, name, quantity, unit) VALUES ('3bd8c876-b6c3-4f03-91b1-9519cb37008e', '7772567e-aae3-4b6e-9b8c-ede9c72bcb91', 'Pasta', 1.8, 'oz');
INSERT INTO ingredients (id, recipe_id, name, quantity, unit) VALUES ('5a323911-0f7b-4f07-a116-a239dfd1a029', '7772567e-aae3-4b6e-9b8c-ede9c72bcb91', 'Garlic', 1.0, 'clove');
INSERT INTO recipe_dietary_tags (recipe_id, tag_id) VALUES ('7772567e-aae3-4b6e-9b8c-ede9c72bcb91', 2);
INSERT INTO recipe_dietary_tags (recipe_id, tag_id) VALUES ('7772567e-aae3-4b6e-9b8c-ede9c72bcb91', 4);

INSERT INTO recipes (id, user_id, title, description, instructions, image_url, servings, source_url, source_name, is_archived, views, cart_adds) VALUES ('a0879228-2352-4e6e-bf2b-1510288abc28', 'admin-user-id', 'Pan-Seared Shrimp with Brussels Sprouts and Wild Rice', 'A delicious Pan-Seared Shrimp with Brussels Sprouts and Wild Rice recipe. This Midwest-friendly dish is a family favorite and easy to make with common ingredients.', '1. Preheat oven to 375°F (190°C) if baking.
2. Prepare the Rice and other main ingredients.
3. In a large bowl, combine with seasonings.
4. Cook according to source instructions until internal temperature is safe.
5. Let rest for 5 minutes before serving.', 'https://images.unsplash.com/photo-1493770348161-369560ae357d?auto=format&fit=crop&w=800&q=60', 7, 'https://www.epicurious.com/recipe/pan-seared-shrimp-with-brussels-sprouts-and-wild-rice', 'Epicurious', 0, 671, 19);
INSERT INTO ingredients (id, recipe_id, name, quantity, unit) VALUES ('0ea4a394-3254-4fa0-a57f-41a157d718a2', 'a0879228-2352-4e6e-bf2b-1510288abc28', 'Chicken Breast', 1.7, 'lb');
INSERT INTO ingredients (id, recipe_id, name, quantity, unit) VALUES ('003b1736-0544-44b2-91c5-347aa3d10ccb', 'a0879228-2352-4e6e-bf2b-1510288abc28', 'Breadcrumbs', 1.2, 'cup');
INSERT INTO ingredients (id, recipe_id, name, quantity, unit) VALUES ('1fe31046-852b-438e-a934-2dd6f6efb00c', 'a0879228-2352-4e6e-bf2b-1510288abc28', 'Black Pepper', 1.2, 'tsp');
INSERT INTO ingredients (id, recipe_id, name, quantity, unit) VALUES ('12b04b03-219c-4797-93db-c1bd99c20665', 'a0879228-2352-4e6e-bf2b-1510288abc28', 'Ground Beef', 2.5, 'lb');
INSERT INTO recipe_dietary_tags (recipe_id, tag_id) VALUES ('a0879228-2352-4e6e-bf2b-1510288abc28', 9);

INSERT INTO recipes (id, user_id, title, description, instructions, image_url, servings, source_url, source_name, is_archived, views, cart_adds) VALUES ('36a7685d-a8d4-44d5-af64-580f540b4b67', 'admin-user-id', 'Grilled Venison with Brussels Sprouts and Cauliflower Rice', 'A delicious Grilled Venison with Brussels Sprouts and Cauliflower Rice recipe. This Midwest-friendly dish is a family favorite and easy to make with common ingredients.', '1. Preheat oven to 375°F (190°C) if baking.
2. Prepare the Rice and other main ingredients.
3. In a large bowl, combine with seasonings.
4. Cook according to source instructions until internal temperature is safe.
5. Let rest for 5 minutes before serving.', 'https://images.unsplash.com/photo-1473093226795-af9932fe5856?auto=format&fit=crop&w=800&q=60', 3, 'https://www.bonappetit.com/recipe/grilled-venison-with-brussels-sprouts-and-cauliflower-rice', 'Bon Appetit', 0, 52, 47);
INSERT INTO ingredients (id, recipe_id, name, quantity, unit) VALUES ('f77314c5-8457-446f-a555-295f6a0a7ec4', '36a7685d-a8d4-44d5-af64-580f540b4b67', 'Chicken Breast', 0.9, 'lb');
INSERT INTO ingredients (id, recipe_id, name, quantity, unit) VALUES ('4efd5b3d-654f-494e-8799-a94f75d89b18', '36a7685d-a8d4-44d5-af64-580f540b4b67', 'Milk', 1.9, 'cup');
INSERT INTO ingredients (id, recipe_id, name, quantity, unit) VALUES ('90bb70d6-bb19-4d0e-95e2-9bafd13be77f', '36a7685d-a8d4-44d5-af64-580f540b4b67', 'Egg', 2.3, 'large');
INSERT INTO ingredients (id, recipe_id, name, quantity, unit) VALUES ('7ca12f43-4cc3-432a-af0a-69d05c4cfa60', '36a7685d-a8d4-44d5-af64-580f540b4b67', 'Frozen Peas', 2.3, 'cup');
INSERT INTO ingredients (id, recipe_id, name, quantity, unit) VALUES ('34a24332-aac5-48f5-890b-32f49f4af3b5', '36a7685d-a8d4-44d5-af64-580f540b4b67', 'Onion', 2.6, 'cup');
INSERT INTO ingredients (id, recipe_id, name, quantity, unit) VALUES ('4a1afe19-6966-4c54-acff-f0083e57f1d4', '36a7685d-a8d4-44d5-af64-580f540b4b67', 'Worcestershire Sauce', 1.2, 'tbsp');
INSERT INTO ingredients (id, recipe_id, name, quantity, unit) VALUES ('d128d4b6-d929-4079-812a-b2c61f5aaea5', '36a7685d-a8d4-44d5-af64-580f540b4b67', 'Celery', 2.2, 'cup');
INSERT INTO recipe_dietary_tags (recipe_id, tag_id) VALUES ('36a7685d-a8d4-44d5-af64-580f540b4b67', 1);
INSERT INTO recipe_dietary_tags (recipe_id, tag_id) VALUES ('36a7685d-a8d4-44d5-af64-580f540b4b67', 6);

INSERT INTO recipes (id, user_id, title, description, instructions, image_url, servings, source_url, source_name, is_archived, views, cart_adds) VALUES ('17ddb8be-b966-4e41-b4b7-5f7bd36b5c21', 'admin-user-id', 'Sautéed Salmon with Zucchini and Lentil Pasta', 'A delicious Sautéed Salmon with Zucchini and Lentil Pasta recipe. This Midwest-friendly dish is a family favorite and easy to make with common ingredients.', '1. Preheat oven to 375°F (190°C) if baking.
2. Prepare the Pasta and other main ingredients.
3. In a large bowl, combine with seasonings.
4. Cook according to source instructions until internal temperature is safe.
5. Let rest for 5 minutes before serving.', 'https://images.unsplash.com/photo-1512621776951-a57141f2eefd?auto=format&fit=crop&w=800&q=60', 6, 'https://www.foodnetwork.com/recipe/saut-ed-salmon-with-zucchini-and-lentil-pasta', 'Food Network', 0, 515, 95);
INSERT INTO ingredients (id, recipe_id, name, quantity, unit) VALUES ('537c5ee6-6778-438c-98cb-bf78d7517cd7', '17ddb8be-b966-4e41-b4b7-5f7bd36b5c21', 'Dijon Mustard', 1.4, 'tsp');
INSERT INTO ingredients (id, recipe_id, name, quantity, unit) VALUES ('df7616b6-62df-46ed-81b0-0f97158e85e2', '17ddb8be-b966-4e41-b4b7-5f7bd36b5c21', 'Milk', 2.0, 'cup');
INSERT INTO ingredients (id, recipe_id, name, quantity, unit) VALUES ('6ee713f3-6f51-4262-8100-66d28f78f9f8', '17ddb8be-b966-4e41-b4b7-5f7bd36b5c21', 'Celery', 1.4, 'cup');
INSERT INTO ingredients (id, recipe_id, name, quantity, unit) VALUES ('7182d807-d490-409f-b8ac-aad546b956f1', '17ddb8be-b966-4e41-b4b7-5f7bd36b5c21', 'Cream of Mushroom Soup', 2.5, 'can');
INSERT INTO recipe_dietary_tags (recipe_id, tag_id) VALUES ('17ddb8be-b966-4e41-b4b7-5f7bd36b5c21', 3);

INSERT INTO recipes (id, user_id, title, description, instructions, image_url, servings, source_url, source_name, is_archived, views, cart_adds) VALUES ('92dc465e-70f7-4508-a914-ae3df8ef9eef', 'admin-user-id', 'Air Fried Turkey with Cauliflower and Wild Rice', 'A delicious Air Fried Turkey with Cauliflower and Wild Rice recipe. This Midwest-friendly dish is a family favorite and easy to make with common ingredients.', '1. Preheat oven to 375°F (190°C) if baking.
2. Prepare the Rice and other main ingredients.
3. In a large bowl, combine with seasonings.
4. Cook according to source instructions until internal temperature is safe.
5. Let rest for 5 minutes before serving.', 'https://images.unsplash.com/photo-1482049016688-2d3e1b311543?auto=format&fit=crop&w=800&q=60', 3, 'https://www.tasteofhome.com/recipe/air-fried-turkey-with-cauliflower-and-wild-rice', 'Taste of Home', 0, 533, 19);
INSERT INTO ingredients (id, recipe_id, name, quantity, unit) VALUES ('80afd29b-8415-4045-9713-4f2bb2040b04', '92dc465e-70f7-4508-a914-ae3df8ef9eef', 'Black Pepper', 2.8, 'tsp');
INSERT INTO ingredients (id, recipe_id, name, quantity, unit) VALUES ('3fb9fc8a-0211-4b6d-ab31-1eba3e470319', '92dc465e-70f7-4508-a914-ae3df8ef9eef', 'Lemon Juice', 0.8, 'tbsp');
INSERT INTO ingredients (id, recipe_id, name, quantity, unit) VALUES ('71c40994-c343-42d3-b03c-5afe889f08e8', '92dc465e-70f7-4508-a914-ae3df8ef9eef', 'Chicken Breast', 0.9, 'lb');
INSERT INTO ingredients (id, recipe_id, name, quantity, unit) VALUES ('79271c99-badc-4bae-a32c-efe27c9e9f01', '92dc465e-70f7-4508-a914-ae3df8ef9eef', 'Rice', 0.7, 'cup');
INSERT INTO ingredients (id, recipe_id, name, quantity, unit) VALUES ('c2de4086-7efd-437e-ac66-1b1f90b99372', '92dc465e-70f7-4508-a914-ae3df8ef9eef', 'Onion', 2.2, 'cup');
INSERT INTO recipe_dietary_tags (recipe_id, tag_id) VALUES ('92dc465e-70f7-4508-a914-ae3df8ef9eef', 2);

INSERT INTO recipes (id, user_id, title, description, instructions, image_url, servings, source_url, source_name, is_archived, views, cart_adds) VALUES ('95e8f2c5-c8e7-4fec-b352-6fef2c1dce8f', 'admin-user-id', 'Baked Lamb with Green Beans and Lentil Pasta', 'A delicious Baked Lamb with Green Beans and Lentil Pasta recipe. This Midwest-friendly dish is a family favorite and easy to make with common ingredients.', '1. Preheat oven to 375°F (190°C) if baking.
2. Prepare the Pasta and other main ingredients.
3. In a large bowl, combine with seasonings.
4. Cook according to source instructions until internal temperature is safe.
5. Let rest for 5 minutes before serving.', 'https://images.unsplash.com/photo-1484723091739-30a097e8f929?auto=format&fit=crop&w=800&q=60', 6, 'https://www.allrecipes.com/recipe/baked-lamb-with-green-beans-and-lentil-pasta', 'AllRecipes', 0, 423, 77);
INSERT INTO ingredients (id, recipe_id, name, quantity, unit) VALUES ('5eb3c193-b2e8-4c55-90b1-5fae5d4f7dd2', '95e8f2c5-c8e7-4fec-b352-6fef2c1dce8f', 'Egg', 3.3, 'large');
INSERT INTO ingredients (id, recipe_id, name, quantity, unit) VALUES ('6ba72184-d9b0-4b00-a850-fe4eb713a047', '95e8f2c5-c8e7-4fec-b352-6fef2c1dce8f', 'Cream of Mushroom Soup', 2.3, 'can');
INSERT INTO ingredients (id, recipe_id, name, quantity, unit) VALUES ('00a024d9-2365-4ae0-bfe5-f89f0082d0a3', '95e8f2c5-c8e7-4fec-b352-6fef2c1dce8f', 'Sour Cream', 2.1, 'cup');
INSERT INTO ingredients (id, recipe_id, name, quantity, unit) VALUES ('207d4533-7d47-4509-bd0c-356d8bcf90d3', '95e8f2c5-c8e7-4fec-b352-6fef2c1dce8f', 'Salt', 0.6, 'tsp');
INSERT INTO ingredients (id, recipe_id, name, quantity, unit) VALUES ('36326cdc-cfd4-4019-99ab-3f0af1d9f46e', '95e8f2c5-c8e7-4fec-b352-6fef2c1dce8f', 'Ground Beef', 1.6, 'lb');
INSERT INTO ingredients (id, recipe_id, name, quantity, unit) VALUES ('e2718690-7365-43a8-9a8b-f7a2340c47b5', '95e8f2c5-c8e7-4fec-b352-6fef2c1dce8f', 'Tomato Sauce', 1.3, 'oz');
INSERT INTO ingredients (id, recipe_id, name, quantity, unit) VALUES ('f070a817-4f73-450e-8fe6-bcf534f8d13f', '95e8f2c5-c8e7-4fec-b352-6fef2c1dce8f', 'Honey', 1.0, 'tbsp');
INSERT INTO recipe_dietary_tags (recipe_id, tag_id) VALUES ('95e8f2c5-c8e7-4fec-b352-6fef2c1dce8f', 7);
INSERT INTO recipe_dietary_tags (recipe_id, tag_id) VALUES ('95e8f2c5-c8e7-4fec-b352-6fef2c1dce8f', 4);

INSERT INTO recipes (id, user_id, title, description, instructions, image_url, servings, source_url, source_name, is_archived, views, cart_adds) VALUES ('4b18d441-5f59-4e85-827d-a9043bb123a6', 'admin-user-id', 'Roasted Shrimp with Green Beans and Brown Rice', 'A delicious Roasted Shrimp with Green Beans and Brown Rice recipe. This Midwest-friendly dish is a family favorite and easy to make with common ingredients.', '1. Preheat oven to 375°F (190°C) if baking.
2. Prepare the Rice and other main ingredients.
3. In a large bowl, combine with seasonings.
4. Cook according to source instructions until internal temperature is safe.
5. Let rest for 5 minutes before serving.', 'https://images.unsplash.com/photo-1540189549336-e6e99c3679fe?auto=format&fit=crop&w=800&q=60', 3, 'https://www.tasteofhome.com/recipe/roasted-shrimp-with-green-beans-and-brown-rice', 'Taste of Home', 0, 936, 10);
INSERT INTO ingredients (id, recipe_id, name, quantity, unit) VALUES ('c0073778-6edd-4ef8-91c0-b20fd02c7680', '4b18d441-5f59-4e85-827d-a9043bb123a6', 'Salt', 1.2, 'tsp');
INSERT INTO ingredients (id, recipe_id, name, quantity, unit) VALUES ('627a447c-e6e4-47fc-8521-97a0bc98481b', '4b18d441-5f59-4e85-827d-a9043bb123a6', 'Cheddar Cheese', 3.0, 'cup');
INSERT INTO ingredients (id, recipe_id, name, quantity, unit) VALUES ('24a597a7-b120-424e-8e60-1e00323e0b82', '4b18d441-5f59-4e85-827d-a9043bb123a6', 'Breadcrumbs', 3.2, 'cup');
INSERT INTO ingredients (id, recipe_id, name, quantity, unit) VALUES ('445fc6b6-3f0f-491f-8f1b-c2b25da3dc3c', '4b18d441-5f59-4e85-827d-a9043bb123a6', 'Cream of Mushroom Soup', 2.4, 'can');
INSERT INTO ingredients (id, recipe_id, name, quantity, unit) VALUES ('7d81c218-4b2d-4a35-b309-ac51d649247e', '4b18d441-5f59-4e85-827d-a9043bb123a6', 'Heavy Cream', 0.7, 'cup');
INSERT INTO ingredients (id, recipe_id, name, quantity, unit) VALUES ('37a9d0af-13a2-44d4-b6d2-d1a896fe0cff', '4b18d441-5f59-4e85-827d-a9043bb123a6', 'Ground Beef', 1.9, 'lb');
INSERT INTO ingredients (id, recipe_id, name, quantity, unit) VALUES ('a9a2bba4-34c3-434b-9851-0cfbdefd008f', '4b18d441-5f59-4e85-827d-a9043bb123a6', 'Frozen Peas', 3.4, 'cup');
INSERT INTO recipe_dietary_tags (recipe_id, tag_id) VALUES ('4b18d441-5f59-4e85-827d-a9043bb123a6', 8);
INSERT INTO recipe_dietary_tags (recipe_id, tag_id) VALUES ('4b18d441-5f59-4e85-827d-a9043bb123a6', 4);

INSERT INTO recipes (id, user_id, title, description, instructions, image_url, servings, source_url, source_name, is_archived, views, cart_adds) VALUES ('b8ce36b1-7603-41fc-8b27-6984677307c2', 'admin-user-id', 'Air Fried Beef with Zucchini and Mashed Cauliflower', 'A delicious Air Fried Beef with Zucchini and Mashed Cauliflower recipe. This Midwest-friendly dish is a family favorite and easy to make with common ingredients.', '1. Preheat oven to 375°F (190°C) if baking.
2. Prepare the Cauliflower and other main ingredients.
3. In a large bowl, combine with seasonings.
4. Cook according to source instructions until internal temperature is safe.
5. Let rest for 5 minutes before serving.', 'https://images.unsplash.com/photo-1567620985035-091781110527?auto=format&fit=crop&w=800&q=60', 4, 'https://www.bonappetit.com/recipe/air-fried-beef-with-zucchini-and-mashed-cauliflower', 'Bon Appetit', 0, 711, 35);
INSERT INTO ingredients (id, recipe_id, name, quantity, unit) VALUES ('7e524738-7a1b-4ca9-a2d6-4760ddadae23', 'b8ce36b1-7603-41fc-8b27-6984677307c2', 'Dijon Mustard', 3.4, 'tsp');
INSERT INTO ingredients (id, recipe_id, name, quantity, unit) VALUES ('132c922e-166b-4678-b1bb-677965c94ac1', 'b8ce36b1-7603-41fc-8b27-6984677307c2', 'Garlic', 1.5, 'clove');
INSERT INTO ingredients (id, recipe_id, name, quantity, unit) VALUES ('ae532dbf-bf2d-4c14-936c-7989653ae7e7', 'b8ce36b1-7603-41fc-8b27-6984677307c2', 'Egg', 2.8, 'large');
INSERT INTO ingredients (id, recipe_id, name, quantity, unit) VALUES ('8023a882-b9fd-48a9-b784-8f1ebb3ed8c4', 'b8ce36b1-7603-41fc-8b27-6984677307c2', 'Sour Cream', 0.7, 'cup');
INSERT INTO recipe_dietary_tags (recipe_id, tag_id) VALUES ('b8ce36b1-7603-41fc-8b27-6984677307c2', 1);
INSERT INTO recipe_dietary_tags (recipe_id, tag_id) VALUES ('b8ce36b1-7603-41fc-8b27-6984677307c2', 6);
INSERT INTO recipe_dietary_tags (recipe_id, tag_id) VALUES ('b8ce36b1-7603-41fc-8b27-6984677307c2', 10);

INSERT INTO recipes (id, user_id, title, description, instructions, image_url, servings, source_url, source_name, is_archived, views, cart_adds) VALUES ('08310b31-5cb2-40f4-825e-6441b75e92e0', 'admin-user-id', 'Sautéed Cod with Cauliflower and Zucchini Noodles', 'A delicious Sautéed Cod with Cauliflower and Zucchini Noodles recipe. This Midwest-friendly dish is a family favorite and easy to make with common ingredients.', '1. Preheat oven to 375°F (190°C) if baking.
2. Prepare the Noodles and other main ingredients.
3. In a large bowl, combine with seasonings.
4. Cook according to source instructions until internal temperature is safe.
5. Let rest for 5 minutes before serving.', 'https://images.unsplash.com/photo-1565299624946-b28f40a0ae38?auto=format&fit=crop&w=800&q=60', 4, 'https://www.bonappetit.com/recipe/saut-ed-cod-with-cauliflower-and-zucchini-noodles', 'Bon Appetit', 0, 767, 30);
INSERT INTO ingredients (id, recipe_id, name, quantity, unit) VALUES ('2fdbbb70-a1a4-4c43-878a-18a3d66c75d6', '08310b31-5cb2-40f4-825e-6441b75e92e0', 'Lemon Juice', 2.1, 'tbsp');
INSERT INTO ingredients (id, recipe_id, name, quantity, unit) VALUES ('c5a16657-c50a-4b88-abd8-a72d24372a13', '08310b31-5cb2-40f4-825e-6441b75e92e0', 'Milk', 2.2, 'cup');
INSERT INTO ingredients (id, recipe_id, name, quantity, unit) VALUES ('13072178-8258-4f5c-9913-45625611067d', '08310b31-5cb2-40f4-825e-6441b75e92e0', 'Heavy Cream', 3.5, 'cup');
INSERT INTO ingredients (id, recipe_id, name, quantity, unit) VALUES ('2a4373f6-82d7-4bbf-aefa-31c9e2582f40', '08310b31-5cb2-40f4-825e-6441b75e92e0', 'Carrots', 3.4, 'cup');
INSERT INTO recipe_dietary_tags (recipe_id, tag_id) VALUES ('08310b31-5cb2-40f4-825e-6441b75e92e0', 1);
INSERT INTO recipe_dietary_tags (recipe_id, tag_id) VALUES ('08310b31-5cb2-40f4-825e-6441b75e92e0', 6);
INSERT INTO recipe_dietary_tags (recipe_id, tag_id) VALUES ('08310b31-5cb2-40f4-825e-6441b75e92e0', 3);
INSERT INTO recipe_dietary_tags (recipe_id, tag_id) VALUES ('08310b31-5cb2-40f4-825e-6441b75e92e0', 2);

INSERT INTO recipes (id, user_id, title, description, instructions, image_url, servings, source_url, source_name, is_archived, views, cart_adds) VALUES ('cd2cb749-d076-46f4-9cb9-6a249a311dca', 'admin-user-id', 'Grilled Shrimp with Cauliflower and Wild Rice', 'A delicious Grilled Shrimp with Cauliflower and Wild Rice recipe. This Midwest-friendly dish is a family favorite and easy to make with common ingredients.', '1. Preheat oven to 375°F (190°C) if baking.
2. Prepare the Rice and other main ingredients.
3. In a large bowl, combine with seasonings.
4. Cook according to source instructions until internal temperature is safe.
5. Let rest for 5 minutes before serving.', 'https://images.unsplash.com/photo-1555939594-58d7cb561ad1?auto=format&fit=crop&w=800&q=60', 6, 'https://www.epicurious.com/recipe/grilled-shrimp-with-cauliflower-and-wild-rice', 'Epicurious', 0, 792, 34);
INSERT INTO ingredients (id, recipe_id, name, quantity, unit) VALUES ('a2539900-86bf-46fa-82d2-8399646397bf', 'cd2cb749-d076-46f4-9cb9-6a249a311dca', 'Frozen Peas', 1.6, 'cup');
INSERT INTO ingredients (id, recipe_id, name, quantity, unit) VALUES ('abbe81e5-9085-4779-8729-707442d72482', 'cd2cb749-d076-46f4-9cb9-6a249a311dca', 'Olive Oil', 1.5, 'tbsp');
INSERT INTO ingredients (id, recipe_id, name, quantity, unit) VALUES ('ed9a9cd9-0609-4639-9535-06eaa38a8892', 'cd2cb749-d076-46f4-9cb9-6a249a311dca', 'Cheddar Cheese', 3.2, 'cup');
INSERT INTO ingredients (id, recipe_id, name, quantity, unit) VALUES ('e9f8e326-2138-477e-823f-e3e14fdefc90', 'cd2cb749-d076-46f4-9cb9-6a249a311dca', 'Dijon Mustard', 1.7, 'tsp');
INSERT INTO ingredients (id, recipe_id, name, quantity, unit) VALUES ('43fdf7fc-7134-4e72-8cb1-100be84f9cce', 'cd2cb749-d076-46f4-9cb9-6a249a311dca', 'Tater Tots', 3.3, 'oz');
INSERT INTO ingredients (id, recipe_id, name, quantity, unit) VALUES ('f4897116-38e3-4a39-a6d9-87e2baffa8a0', 'cd2cb749-d076-46f4-9cb9-6a249a311dca', 'Sour Cream', 1.1, 'cup');
INSERT INTO ingredients (id, recipe_id, name, quantity, unit) VALUES ('4f29875a-320f-4f0c-b06f-83479d798f8e', 'cd2cb749-d076-46f4-9cb9-6a249a311dca', 'Ground Beef', 0.6, 'lb');
INSERT INTO recipe_dietary_tags (recipe_id, tag_id) VALUES ('cd2cb749-d076-46f4-9cb9-6a249a311dca', 6);
INSERT INTO recipe_dietary_tags (recipe_id, tag_id) VALUES ('cd2cb749-d076-46f4-9cb9-6a249a311dca', 9);

INSERT INTO recipes (id, user_id, title, description, instructions, image_url, servings, source_url, source_name, is_archived, views, cart_adds) VALUES ('0453a91e-0835-4ea7-a2d4-5e42cc405fbf', 'admin-user-id', 'Sautéed Cod with Kale and Brown Rice', 'A delicious Sautéed Cod with Kale and Brown Rice recipe. This Midwest-friendly dish is a family favorite and easy to make with common ingredients.', '1. Preheat oven to 375°F (190°C) if baking.
2. Prepare the Rice and other main ingredients.
3. In a large bowl, combine with seasonings.
4. Cook according to source instructions until internal temperature is safe.
5. Let rest for 5 minutes before serving.', 'https://images.unsplash.com/photo-1513104894114-bd7ea4718312?auto=format&fit=crop&w=800&q=60', 6, 'https://www.foodnetwork.com/recipe/saut-ed-cod-with-kale-and-brown-rice', 'Food Network', 0, 940, 82);
INSERT INTO ingredients (id, recipe_id, name, quantity, unit) VALUES ('da0bd891-de2e-42d4-a0a1-a1f1a7faf49a', '0453a91e-0835-4ea7-a2d4-5e42cc405fbf', 'Sour Cream', 2.1, 'cup');
INSERT INTO ingredients (id, recipe_id, name, quantity, unit) VALUES ('85fcc16b-3da1-4af9-8357-b1a3d1ba438e', '0453a91e-0835-4ea7-a2d4-5e42cc405fbf', 'Egg', 0.8, 'large');
INSERT INTO ingredients (id, recipe_id, name, quantity, unit) VALUES ('ed7b6c81-3608-4c4c-9f89-e6e7fe7239da', '0453a91e-0835-4ea7-a2d4-5e42cc405fbf', 'Cheddar Cheese', 2.5, 'cup');
INSERT INTO ingredients (id, recipe_id, name, quantity, unit) VALUES ('627d82c9-3fb7-47b4-acce-f6a894428e43', '0453a91e-0835-4ea7-a2d4-5e42cc405fbf', 'Heavy Cream', 1.0, 'cup');
INSERT INTO recipe_dietary_tags (recipe_id, tag_id) VALUES ('0453a91e-0835-4ea7-a2d4-5e42cc405fbf', 3);
INSERT INTO recipe_dietary_tags (recipe_id, tag_id) VALUES ('0453a91e-0835-4ea7-a2d4-5e42cc405fbf', 4);
INSERT INTO recipe_dietary_tags (recipe_id, tag_id) VALUES ('0453a91e-0835-4ea7-a2d4-5e42cc405fbf', 8);

INSERT INTO recipes (id, user_id, title, description, instructions, image_url, servings, source_url, source_name, is_archived, views, cart_adds) VALUES ('6c321715-9bde-4995-8395-6893b874cb46', 'admin-user-id', 'Roasted Salmon with Sweet Potatoes and Roasted Potatoes', 'A delicious Roasted Salmon with Sweet Potatoes and Roasted Potatoes recipe. This Midwest-friendly dish is a family favorite and easy to make with common ingredients.', '1. Preheat oven to 375°F (190°C) if baking.
2. Prepare the Potatoes and other main ingredients.
3. In a large bowl, combine with seasonings.
4. Cook according to source instructions until internal temperature is safe.
5. Let rest for 5 minutes before serving.', 'https://images.unsplash.com/photo-1504754524776-8f4f37799ca7?auto=format&fit=crop&w=800&q=60', 2, 'https://www.tasteofhome.com/recipe/roasted-salmon-with-sweet-potatoes-and-roasted-potatoes', 'Taste of Home', 0, 740, 18);
INSERT INTO ingredients (id, recipe_id, name, quantity, unit) VALUES ('2caab60c-0124-4c95-945c-a0bd2b7b4713', '6c321715-9bde-4995-8395-6893b874cb46', 'Potatoes', 3.1, 'lb');
INSERT INTO ingredients (id, recipe_id, name, quantity, unit) VALUES ('c55ff0d7-bb50-4802-816f-2fd43fee5f63', '6c321715-9bde-4995-8395-6893b874cb46', 'Butter', 2.1, 'tbsp');
INSERT INTO ingredients (id, recipe_id, name, quantity, unit) VALUES ('4c4e9b37-51f0-493e-a765-73d501e9fba0', '6c321715-9bde-4995-8395-6893b874cb46', 'Soy Sauce', 2.7, 'tbsp');
INSERT INTO ingredients (id, recipe_id, name, quantity, unit) VALUES ('f79c036d-5080-4134-a4ab-f10fabef347d', '6c321715-9bde-4995-8395-6893b874cb46', 'Carrots', 1.3, 'cup');
INSERT INTO ingredients (id, recipe_id, name, quantity, unit) VALUES ('7a5dc031-cfb0-4a18-beaf-70e75b918350', '6c321715-9bde-4995-8395-6893b874cb46', 'Milk', 2.9, 'cup');
INSERT INTO ingredients (id, recipe_id, name, quantity, unit) VALUES ('db351196-0784-45b9-a096-347ef7abbb9b', '6c321715-9bde-4995-8395-6893b874cb46', 'Cheddar Cheese', 2.1, 'cup');
INSERT INTO ingredients (id, recipe_id, name, quantity, unit) VALUES ('3294676d-c992-400f-a3f9-abaa1fb2f662', '6c321715-9bde-4995-8395-6893b874cb46', 'Frozen Peas', 0.7, 'cup');
INSERT INTO recipe_dietary_tags (recipe_id, tag_id) VALUES ('6c321715-9bde-4995-8395-6893b874cb46', 3);

INSERT INTO recipes (id, user_id, title, description, instructions, image_url, servings, source_url, source_name, is_archived, views, cart_adds) VALUES ('54a1ea53-b0a5-4e82-b899-37c39b76a717', 'admin-user-id', 'Baked Beef with Brussels Sprouts and Mashed Cauliflower', 'A delicious Baked Beef with Brussels Sprouts and Mashed Cauliflower recipe. This Midwest-friendly dish is a family favorite and easy to make with common ingredients.', '1. Preheat oven to 375°F (190°C) if baking.
2. Prepare the Cauliflower and other main ingredients.
3. In a large bowl, combine with seasonings.
4. Cook according to source instructions until internal temperature is safe.
5. Let rest for 5 minutes before serving.', 'https://images.unsplash.com/photo-1476224203421-9ac3993557a4?auto=format&fit=crop&w=800&q=60', 6, 'https://www.epicurious.com/recipe/baked-beef-with-brussels-sprouts-and-mashed-cauliflower', 'Epicurious', 0, 613, 5);
INSERT INTO ingredients (id, recipe_id, name, quantity, unit) VALUES ('8b95df1c-6289-46a2-a0df-a17bca092106', '54a1ea53-b0a5-4e82-b899-37c39b76a717', 'Egg', 3.2, 'large');
INSERT INTO ingredients (id, recipe_id, name, quantity, unit) VALUES ('30a2744c-349a-4cd9-a621-ca53733f1458', '54a1ea53-b0a5-4e82-b899-37c39b76a717', 'Sour Cream', 1.1, 'cup');
INSERT INTO ingredients (id, recipe_id, name, quantity, unit) VALUES ('98043f1e-ad51-41ad-a693-5f1767741b5e', '54a1ea53-b0a5-4e82-b899-37c39b76a717', 'Potatoes', 1.5, 'lb');
INSERT INTO ingredients (id, recipe_id, name, quantity, unit) VALUES ('a75fc31b-4bf4-41db-8d3e-81eb08c78796', '54a1ea53-b0a5-4e82-b899-37c39b76a717', 'Butter', 1.2, 'tbsp');
INSERT INTO ingredients (id, recipe_id, name, quantity, unit) VALUES ('d3866ca6-5216-41b3-a32a-1633a902fa77', '54a1ea53-b0a5-4e82-b899-37c39b76a717', 'Pasta', 1.3, 'oz');
INSERT INTO recipe_dietary_tags (recipe_id, tag_id) VALUES ('54a1ea53-b0a5-4e82-b899-37c39b76a717', 1);
INSERT INTO recipe_dietary_tags (recipe_id, tag_id) VALUES ('54a1ea53-b0a5-4e82-b899-37c39b76a717', 6);
INSERT INTO recipe_dietary_tags (recipe_id, tag_id) VALUES ('54a1ea53-b0a5-4e82-b899-37c39b76a717', 10);
INSERT INTO recipe_dietary_tags (recipe_id, tag_id) VALUES ('54a1ea53-b0a5-4e82-b899-37c39b76a717', 7);
INSERT INTO recipe_dietary_tags (recipe_id, tag_id) VALUES ('54a1ea53-b0a5-4e82-b899-37c39b76a717', 9);

INSERT INTO recipes (id, user_id, title, description, instructions, image_url, servings, source_url, source_name, is_archived, views, cart_adds) VALUES ('21897bae-fa47-4a5c-925f-8084f1551c52', 'admin-user-id', 'Grilled Tofu with Zucchini and Brown Rice', 'A delicious Grilled Tofu with Zucchini and Brown Rice recipe. This Midwest-friendly dish is a family favorite and easy to make with common ingredients.', '1. Preheat oven to 375°F (190°C) if baking.
2. Prepare the Rice and other main ingredients.
3. In a large bowl, combine with seasonings.
4. Cook according to source instructions until internal temperature is safe.
5. Let rest for 5 minutes before serving.', 'https://images.unsplash.com/photo-1498837167721-8f5c1a322c2e?auto=format&fit=crop&w=800&q=60', 2, 'https://www.allrecipes.com/recipe/grilled-tofu-with-zucchini-and-brown-rice', 'AllRecipes', 0, 777, 66);
INSERT INTO ingredients (id, recipe_id, name, quantity, unit) VALUES ('ec1188c1-1c2e-4f10-9362-4032f9eadef2', '21897bae-fa47-4a5c-925f-8084f1551c52', 'Milk', 1.7, 'cup');
INSERT INTO ingredients (id, recipe_id, name, quantity, unit) VALUES ('f218ac01-a0a5-435c-b365-375de57fcf9a', '21897bae-fa47-4a5c-925f-8084f1551c52', 'Salt', 0.8, 'tsp');
INSERT INTO ingredients (id, recipe_id, name, quantity, unit) VALUES ('09286cd7-8a2f-4177-ba04-45551fe13351', '21897bae-fa47-4a5c-925f-8084f1551c52', 'Dijon Mustard', 2.9, 'tsp');
INSERT INTO ingredients (id, recipe_id, name, quantity, unit) VALUES ('4b3d0699-848c-4261-beef-2001f15a2a4e', '21897bae-fa47-4a5c-925f-8084f1551c52', 'Olive Oil', 1.7, 'tbsp');
INSERT INTO ingredients (id, recipe_id, name, quantity, unit) VALUES ('9ba27fb3-7778-452c-8082-deed159e5932', '21897bae-fa47-4a5c-925f-8084f1551c52', 'Chicken Breast', 1.2, 'lb');
INSERT INTO recipe_dietary_tags (recipe_id, tag_id) VALUES ('21897bae-fa47-4a5c-925f-8084f1551c52', 3);
INSERT INTO recipe_dietary_tags (recipe_id, tag_id) VALUES ('21897bae-fa47-4a5c-925f-8084f1551c52', 2);
INSERT INTO recipe_dietary_tags (recipe_id, tag_id) VALUES ('21897bae-fa47-4a5c-925f-8084f1551c52', 4);

INSERT INTO recipes (id, user_id, title, description, instructions, image_url, servings, source_url, source_name, is_archived, views, cart_adds) VALUES ('c3816c54-4d81-4d50-90e8-84fb9a397847', 'admin-user-id', 'Baked Venison with Asparagus and Quinoa', 'A delicious Baked Venison with Asparagus and Quinoa recipe. This Midwest-friendly dish is a family favorite and easy to make with common ingredients.', '1. Preheat oven to 375°F (190°C) if baking.
2. Prepare the Quinoa and other main ingredients.
3. In a large bowl, combine with seasonings.
4. Cook according to source instructions until internal temperature is safe.
5. Let rest for 5 minutes before serving.', 'https://images.unsplash.com/photo-1490645935967-10de6ba17051?auto=format&fit=crop&w=800&q=60', 3, 'https://www.epicurious.com/recipe/baked-venison-with-asparagus-and-quinoa', 'Epicurious', 0, 249, 63);
INSERT INTO ingredients (id, recipe_id, name, quantity, unit) VALUES ('a3edfc09-d2e8-44e4-a770-e1c353fe7116', 'c3816c54-4d81-4d50-90e8-84fb9a397847', 'Tomato Sauce', 2.4, 'oz');
INSERT INTO ingredients (id, recipe_id, name, quantity, unit) VALUES ('0e3ffcae-de34-4514-ab76-cfecb954d8d7', 'c3816c54-4d81-4d50-90e8-84fb9a397847', 'Egg', 0.6, 'large');
INSERT INTO ingredients (id, recipe_id, name, quantity, unit) VALUES ('fc0a289c-1092-444c-9433-3b36ab3e4544', 'c3816c54-4d81-4d50-90e8-84fb9a397847', 'Celery', 3.2, 'cup');
INSERT INTO ingredients (id, recipe_id, name, quantity, unit) VALUES ('9b25364a-f20d-4bdf-bc8d-f7c31f4e4988', 'c3816c54-4d81-4d50-90e8-84fb9a397847', 'Carrots', 3.4, 'cup');
INSERT INTO ingredients (id, recipe_id, name, quantity, unit) VALUES ('84a69b82-6cd3-41cb-a98c-34bc3c5fbfea', 'c3816c54-4d81-4d50-90e8-84fb9a397847', 'Cheddar Cheese', 0.5, 'cup');
INSERT INTO ingredients (id, recipe_id, name, quantity, unit) VALUES ('75277f5a-e175-4a24-959d-8898158f33a7', 'c3816c54-4d81-4d50-90e8-84fb9a397847', 'Frozen Peas', 0.8, 'cup');
INSERT INTO recipe_dietary_tags (recipe_id, tag_id) VALUES ('c3816c54-4d81-4d50-90e8-84fb9a397847', 4);
INSERT INTO recipe_dietary_tags (recipe_id, tag_id) VALUES ('c3816c54-4d81-4d50-90e8-84fb9a397847', 7);

INSERT INTO recipes (id, user_id, title, description, instructions, image_url, servings, source_url, source_name, is_archived, views, cart_adds) VALUES ('7ff0c40f-5e5a-4b4f-973d-be7d01487a9a', 'admin-user-id', 'Pan-Seared Pork with Broccoli and Brown Rice', 'A delicious Pan-Seared Pork with Broccoli and Brown Rice recipe. This Midwest-friendly dish is a family favorite and easy to make with common ingredients.', '1. Preheat oven to 375°F (190°C) if baking.
2. Prepare the Rice and other main ingredients.
3. In a large bowl, combine with seasonings.
4. Cook according to source instructions until internal temperature is safe.
5. Let rest for 5 minutes before serving.', 'https://images.unsplash.com/photo-1506084868214-19a1f9e147f8?auto=format&fit=crop&w=800&q=60', 4, 'https://www.epicurious.com/recipe/pan-seared-pork-with-broccoli-and-brown-rice', 'Epicurious', 0, 794, 23);
INSERT INTO ingredients (id, recipe_id, name, quantity, unit) VALUES ('bdf11b62-b1b7-49f3-a340-19b095f84eec', '7ff0c40f-5e5a-4b4f-973d-be7d01487a9a', 'Tater Tots', 1.1, 'oz');
INSERT INTO ingredients (id, recipe_id, name, quantity, unit) VALUES ('b3ce3d94-20da-4fd5-8834-caaed5b5b590', '7ff0c40f-5e5a-4b4f-973d-be7d01487a9a', 'Milk', 1.7, 'cup');
INSERT INTO ingredients (id, recipe_id, name, quantity, unit) VALUES ('f8b158e4-c51c-4ff5-b124-0893bf08507a', '7ff0c40f-5e5a-4b4f-973d-be7d01487a9a', 'Soy Sauce', 0.9, 'tbsp');
INSERT INTO ingredients (id, recipe_id, name, quantity, unit) VALUES ('0cabff66-0000-460c-ab1e-3fe63624f201', '7ff0c40f-5e5a-4b4f-973d-be7d01487a9a', 'Worcestershire Sauce', 2.3, 'tbsp');
INSERT INTO ingredients (id, recipe_id, name, quantity, unit) VALUES ('e034f9cf-82c0-40ca-8d46-bd6514ff0d17', '7ff0c40f-5e5a-4b4f-973d-be7d01487a9a', 'Cheddar Cheese', 2.3, 'cup');
INSERT INTO ingredients (id, recipe_id, name, quantity, unit) VALUES ('e2d94846-c879-4815-b825-a38ca61aa195', '7ff0c40f-5e5a-4b4f-973d-be7d01487a9a', 'Potatoes', 1.9, 'lb');
INSERT INTO recipe_dietary_tags (recipe_id, tag_id) VALUES ('7ff0c40f-5e5a-4b4f-973d-be7d01487a9a', 10);
INSERT INTO recipe_dietary_tags (recipe_id, tag_id) VALUES ('7ff0c40f-5e5a-4b4f-973d-be7d01487a9a', 4);

INSERT INTO recipes (id, user_id, title, description, instructions, image_url, servings, source_url, source_name, is_archived, views, cart_adds) VALUES ('83794863-0acf-4e1d-b15e-06e339cfad1c', 'admin-user-id', 'Air Fried Beef with Spinach and Couscous', 'A delicious Air Fried Beef with Spinach and Couscous recipe. This Midwest-friendly dish is a family favorite and easy to make with common ingredients.', '1. Preheat oven to 375°F (190°C) if baking.
2. Prepare the Couscous and other main ingredients.
3. In a large bowl, combine with seasonings.
4. Cook according to source instructions until internal temperature is safe.
5. Let rest for 5 minutes before serving.', 'https://images.unsplash.com/photo-1529042410759-adb828e4eaf0?auto=format&fit=crop&w=800&q=60', 6, 'https://www.allrecipes.com/recipe/air-fried-beef-with-spinach-and-couscous', 'AllRecipes', 0, 73, 70);
INSERT INTO ingredients (id, recipe_id, name, quantity, unit) VALUES ('a0e1222f-6770-4127-a1b0-79dca099b103', '83794863-0acf-4e1d-b15e-06e339cfad1c', 'Honey', 2.0, 'tbsp');
INSERT INTO ingredients (id, recipe_id, name, quantity, unit) VALUES ('ce9ef1e3-7b1e-4643-84e6-352954674d94', '83794863-0acf-4e1d-b15e-06e339cfad1c', 'Cream of Mushroom Soup', 1.9, 'can');
INSERT INTO ingredients (id, recipe_id, name, quantity, unit) VALUES ('7291f4fa-ece8-4402-a7f2-9883d4b30fe9', '83794863-0acf-4e1d-b15e-06e339cfad1c', 'Heavy Cream', 3.0, 'cup');
INSERT INTO ingredients (id, recipe_id, name, quantity, unit) VALUES ('cc9aac2d-4faf-4835-8d48-647e74d77708', '83794863-0acf-4e1d-b15e-06e339cfad1c', 'Salt', 1.3, 'tsp');
INSERT INTO ingredients (id, recipe_id, name, quantity, unit) VALUES ('3213f09f-90ec-427c-9eac-22a416e97303', '83794863-0acf-4e1d-b15e-06e339cfad1c', 'Carrots', 1.6, 'cup');
INSERT INTO ingredients (id, recipe_id, name, quantity, unit) VALUES ('acb419d7-4649-4a09-ba70-923ba739a59b', '83794863-0acf-4e1d-b15e-06e339cfad1c', 'Olive Oil', 3.2, 'tbsp');
INSERT INTO ingredients (id, recipe_id, name, quantity, unit) VALUES ('e0ac83c4-c028-4404-bb46-a724dc936115', '83794863-0acf-4e1d-b15e-06e339cfad1c', 'Chicken Breast', 0.5, 'lb');
INSERT INTO recipe_dietary_tags (recipe_id, tag_id) VALUES ('83794863-0acf-4e1d-b15e-06e339cfad1c', 10);
INSERT INTO recipe_dietary_tags (recipe_id, tag_id) VALUES ('83794863-0acf-4e1d-b15e-06e339cfad1c', 2);
INSERT INTO recipe_dietary_tags (recipe_id, tag_id) VALUES ('83794863-0acf-4e1d-b15e-06e339cfad1c', 7);

INSERT INTO recipes (id, user_id, title, description, instructions, image_url, servings, source_url, source_name, is_archived, views, cart_adds) VALUES ('6e6e5960-a76a-4535-a500-b8dba980d4a8', 'admin-user-id', 'Sautéed Beef with Sweet Potatoes and Wild Rice', 'A delicious Sautéed Beef with Sweet Potatoes and Wild Rice recipe. This Midwest-friendly dish is a family favorite and easy to make with common ingredients.', '1. Preheat oven to 375°F (190°C) if baking.
2. Prepare the Rice and other main ingredients.
3. In a large bowl, combine with seasonings.
4. Cook according to source instructions until internal temperature is safe.
5. Let rest for 5 minutes before serving.', 'https://images.unsplash.com/photo-1455619452474-d2ba29bc06da?auto=format&fit=crop&w=800&q=60', 5, 'https://www.epicurious.com/recipe/saut-ed-beef-with-sweet-potatoes-and-wild-rice', 'Epicurious', 0, 856, 60);
INSERT INTO ingredients (id, recipe_id, name, quantity, unit) VALUES ('25af6caa-b075-47a9-96a9-f5780097481c', '6e6e5960-a76a-4535-a500-b8dba980d4a8', 'Butter', 1.9, 'tbsp');
INSERT INTO ingredients (id, recipe_id, name, quantity, unit) VALUES ('a5140d5b-4837-46b6-b979-7f21c94af2c0', '6e6e5960-a76a-4535-a500-b8dba980d4a8', 'Milk', 3.2, 'cup');
INSERT INTO ingredients (id, recipe_id, name, quantity, unit) VALUES ('cdecf2e6-62ea-4e95-891b-71379ff22961', '6e6e5960-a76a-4535-a500-b8dba980d4a8', 'Garlic', 0.6, 'clove');
INSERT INTO ingredients (id, recipe_id, name, quantity, unit) VALUES ('618e4d38-9c6d-4931-83b6-f4ad0aa05559', '6e6e5960-a76a-4535-a500-b8dba980d4a8', 'Heavy Cream', 1.6, 'cup');
INSERT INTO ingredients (id, recipe_id, name, quantity, unit) VALUES ('ae2f86e2-67ff-4e77-81db-b47986555d8e', '6e6e5960-a76a-4535-a500-b8dba980d4a8', 'Cheddar Cheese', 3.4, 'cup');
INSERT INTO ingredients (id, recipe_id, name, quantity, unit) VALUES ('827da892-1272-429a-950a-4230cdd28c2b', '6e6e5960-a76a-4535-a500-b8dba980d4a8', 'Rice', 2.1, 'cup');
INSERT INTO recipe_dietary_tags (recipe_id, tag_id) VALUES ('6e6e5960-a76a-4535-a500-b8dba980d4a8', 10);
INSERT INTO recipe_dietary_tags (recipe_id, tag_id) VALUES ('6e6e5960-a76a-4535-a500-b8dba980d4a8', 2);

INSERT INTO recipes (id, user_id, title, description, instructions, image_url, servings, source_url, source_name, is_archived, views, cart_adds) VALUES ('c8f5f7b7-1fdc-4a7e-b9ed-8e19bcc054d7', 'admin-user-id', 'Baked Chicken with Sweet Potatoes and Lentil Pasta', 'A delicious Baked Chicken with Sweet Potatoes and Lentil Pasta recipe. This Midwest-friendly dish is a family favorite and easy to make with common ingredients.', '1. Preheat oven to 375°F (190°C) if baking.
2. Prepare the Pasta and other main ingredients.
3. In a large bowl, combine with seasonings.
4. Cook according to source instructions until internal temperature is safe.
5. Let rest for 5 minutes before serving.', 'https://images.unsplash.com/photo-1504113888839-14294c223d51?auto=format&fit=crop&w=800&q=60', 4, 'https://www.epicurious.com/recipe/baked-chicken-with-sweet-potatoes-and-lentil-pasta', 'Epicurious', 0, 919, 9);
INSERT INTO ingredients (id, recipe_id, name, quantity, unit) VALUES ('d6dca6b9-d87d-4f4f-b484-adf853037b5a', 'c8f5f7b7-1fdc-4a7e-b9ed-8e19bcc054d7', 'Worcestershire Sauce', 2.6, 'tbsp');
INSERT INTO ingredients (id, recipe_id, name, quantity, unit) VALUES ('7be27a2d-9532-4226-9975-52e5e40f4e50', 'c8f5f7b7-1fdc-4a7e-b9ed-8e19bcc054d7', 'Carrots', 1.1, 'cup');
INSERT INTO ingredients (id, recipe_id, name, quantity, unit) VALUES ('4bebb79d-79f0-4340-8775-99da6588bb0a', 'c8f5f7b7-1fdc-4a7e-b9ed-8e19bcc054d7', 'Soy Sauce', 1.2, 'tbsp');
INSERT INTO ingredients (id, recipe_id, name, quantity, unit) VALUES ('346f3600-5fad-4418-86a5-9c65d8a328aa', 'c8f5f7b7-1fdc-4a7e-b9ed-8e19bcc054d7', 'Frozen Peas', 1.8, 'cup');
INSERT INTO ingredients (id, recipe_id, name, quantity, unit) VALUES ('0042b817-f803-4651-9478-1e23254adacc', 'c8f5f7b7-1fdc-4a7e-b9ed-8e19bcc054d7', 'Pasta', 2.4, 'oz');
INSERT INTO ingredients (id, recipe_id, name, quantity, unit) VALUES ('00a8b60f-0d43-4c20-9112-41a161ae67b4', 'c8f5f7b7-1fdc-4a7e-b9ed-8e19bcc054d7', 'Lemon Juice', 1.2, 'tbsp');
INSERT INTO ingredients (id, recipe_id, name, quantity, unit) VALUES ('983c31b0-bf82-4446-bd42-4aa2c50ade8c', 'c8f5f7b7-1fdc-4a7e-b9ed-8e19bcc054d7', 'Milk', 1.8, 'cup');
INSERT INTO recipe_dietary_tags (recipe_id, tag_id) VALUES ('c8f5f7b7-1fdc-4a7e-b9ed-8e19bcc054d7', 10);
INSERT INTO recipe_dietary_tags (recipe_id, tag_id) VALUES ('c8f5f7b7-1fdc-4a7e-b9ed-8e19bcc054d7', 2);

INSERT INTO recipes (id, user_id, title, description, instructions, image_url, servings, source_url, source_name, is_archived, views, cart_adds) VALUES ('e5a1b461-5b10-447f-aef5-930d2675dcc2', 'admin-user-id', 'Slow Cooked Pork with Sweet Potatoes and Lentil Pasta', 'A delicious Slow Cooked Pork with Sweet Potatoes and Lentil Pasta recipe. This Midwest-friendly dish is a family favorite and easy to make with common ingredients.', '1. Preheat oven to 375°F (190°C) if baking.
2. Prepare the Pasta and other main ingredients.
3. In a large bowl, combine with seasonings.
4. Cook according to source instructions until internal temperature is safe.
5. Let rest for 5 minutes before serving.', 'https://images.unsplash.com/photo-1546062477-fe2f66230ba3?auto=format&fit=crop&w=800&q=60', 4, 'https://www.tasteofhome.com/recipe/slow-cooked-pork-with-sweet-potatoes-and-lentil-pasta', 'Taste of Home', 0, 217, 73);
INSERT INTO ingredients (id, recipe_id, name, quantity, unit) VALUES ('022f8070-58b5-41ab-9423-a210a57fa901', 'e5a1b461-5b10-447f-aef5-930d2675dcc2', 'Lemon Juice', 1.4, 'tbsp');
INSERT INTO ingredients (id, recipe_id, name, quantity, unit) VALUES ('8b4b4ab6-a355-4bc6-b10b-4db351d9ba07', 'e5a1b461-5b10-447f-aef5-930d2675dcc2', 'Carrots', 0.8, 'cup');
INSERT INTO ingredients (id, recipe_id, name, quantity, unit) VALUES ('09e8b542-7272-4280-9c8b-54df90655b2c', 'e5a1b461-5b10-447f-aef5-930d2675dcc2', 'Rice', 1.7, 'cup');
INSERT INTO ingredients (id, recipe_id, name, quantity, unit) VALUES ('4669af19-6ffa-4e73-82ef-f09192fc51c0', 'e5a1b461-5b10-447f-aef5-930d2675dcc2', 'Dijon Mustard', 3.2, 'tsp');
INSERT INTO ingredients (id, recipe_id, name, quantity, unit) VALUES ('ed1a71e3-4e64-4ee2-a534-a590f4a503b8', 'e5a1b461-5b10-447f-aef5-930d2675dcc2', 'Worcestershire Sauce', 2.4, 'tbsp');
INSERT INTO ingredients (id, recipe_id, name, quantity, unit) VALUES ('69eff257-0590-4bee-9343-ab2496fe3648', 'e5a1b461-5b10-447f-aef5-930d2675dcc2', 'Celery', 2.1, 'cup');
INSERT INTO recipe_dietary_tags (recipe_id, tag_id) VALUES ('e5a1b461-5b10-447f-aef5-930d2675dcc2', 10);

INSERT INTO recipes (id, user_id, title, description, instructions, image_url, servings, source_url, source_name, is_archived, views, cart_adds) VALUES ('f9aeef7f-e5d5-451d-8275-80038abfa165', 'admin-user-id', 'Baked Lamb with Asparagus and Mashed Cauliflower', 'A delicious Baked Lamb with Asparagus and Mashed Cauliflower recipe. This Midwest-friendly dish is a family favorite and easy to make with common ingredients.', '1. Preheat oven to 375°F (190°C) if baking.
2. Prepare the Cauliflower and other main ingredients.
3. In a large bowl, combine with seasonings.
4. Cook according to source instructions until internal temperature is safe.
5. Let rest for 5 minutes before serving.', 'https://images.unsplash.com/photo-1504674900247-0877df9cc836?auto=format&fit=crop&w=800&q=60', 6, 'https://www.allrecipes.com/recipe/baked-lamb-with-asparagus-and-mashed-cauliflower', 'AllRecipes', 0, 743, 62);
INSERT INTO ingredients (id, recipe_id, name, quantity, unit) VALUES ('ffcb66c9-07c8-49e9-a063-fe34e0b640d1', 'f9aeef7f-e5d5-451d-8275-80038abfa165', 'Black Pepper', 3.2, 'tsp');
INSERT INTO ingredients (id, recipe_id, name, quantity, unit) VALUES ('273a7a50-b66c-4056-b694-a40650448edc', 'f9aeef7f-e5d5-451d-8275-80038abfa165', 'Tater Tots', 0.5, 'oz');
INSERT INTO ingredients (id, recipe_id, name, quantity, unit) VALUES ('e98e9247-5735-4a3a-9312-aeb3923cf889', 'f9aeef7f-e5d5-451d-8275-80038abfa165', 'Onion', 3.5, 'cup');
INSERT INTO ingredients (id, recipe_id, name, quantity, unit) VALUES ('b4ae16b9-3526-426a-9543-871b243959c1', 'f9aeef7f-e5d5-451d-8275-80038abfa165', 'Ground Beef', 1.5, 'lb');
INSERT INTO recipe_dietary_tags (recipe_id, tag_id) VALUES ('f9aeef7f-e5d5-451d-8275-80038abfa165', 1);
INSERT INTO recipe_dietary_tags (recipe_id, tag_id) VALUES ('f9aeef7f-e5d5-451d-8275-80038abfa165', 6);
INSERT INTO recipe_dietary_tags (recipe_id, tag_id) VALUES ('f9aeef7f-e5d5-451d-8275-80038abfa165', 2);
INSERT INTO recipe_dietary_tags (recipe_id, tag_id) VALUES ('f9aeef7f-e5d5-451d-8275-80038abfa165', 7);

INSERT INTO recipes (id, user_id, title, description, instructions, image_url, servings, source_url, source_name, is_archived, views, cart_adds) VALUES ('03d4fedb-1616-45eb-b217-ccba2fab27fd', 'admin-user-id', 'Roasted Pork with Broccoli and Couscous', 'A delicious Roasted Pork with Broccoli and Couscous recipe. This Midwest-friendly dish is a family favorite and easy to make with common ingredients.', '1. Preheat oven to 375°F (190°C) if baking.
2. Prepare the Couscous and other main ingredients.
3. In a large bowl, combine with seasonings.
4. Cook according to source instructions until internal temperature is safe.
5. Let rest for 5 minutes before serving.', 'https://images.unsplash.com/photo-1493770348161-369560ae357d?auto=format&fit=crop&w=800&q=60', 3, 'https://www.tasteofhome.com/recipe/roasted-pork-with-broccoli-and-couscous', 'Taste of Home', 0, 100, 45);
INSERT INTO ingredients (id, recipe_id, name, quantity, unit) VALUES ('1368e38b-331b-443c-9463-2a900d715235', '03d4fedb-1616-45eb-b217-ccba2fab27fd', 'Salt', 1.9, 'tsp');
INSERT INTO ingredients (id, recipe_id, name, quantity, unit) VALUES ('bb8953c0-7054-44f7-905b-f396086cbed3', '03d4fedb-1616-45eb-b217-ccba2fab27fd', 'Egg', 1.8, 'large');
INSERT INTO ingredients (id, recipe_id, name, quantity, unit) VALUES ('66f6d1d5-60c5-4dd2-ae0d-4516ceb74c77', '03d4fedb-1616-45eb-b217-ccba2fab27fd', 'Breadcrumbs', 2.0, 'cup');
INSERT INTO ingredients (id, recipe_id, name, quantity, unit) VALUES ('fc039018-60f1-4b32-b552-8bec3206a91c', '03d4fedb-1616-45eb-b217-ccba2fab27fd', 'Ground Beef', 1.0, 'lb');
INSERT INTO ingredients (id, recipe_id, name, quantity, unit) VALUES ('d9411d45-6faa-4fd6-b992-73375fb52818', '03d4fedb-1616-45eb-b217-ccba2fab27fd', 'Heavy Cream', 3.2, 'cup');
INSERT INTO ingredients (id, recipe_id, name, quantity, unit) VALUES ('efdcd302-6d3d-40f3-99a0-06ac6db45cb4', '03d4fedb-1616-45eb-b217-ccba2fab27fd', 'Carrots', 2.5, 'cup');
INSERT INTO ingredients (id, recipe_id, name, quantity, unit) VALUES ('6f2bcbc7-e473-4009-b0ad-4b26923b7906', '03d4fedb-1616-45eb-b217-ccba2fab27fd', 'Cheddar Cheese', 0.6, 'cup');
INSERT INTO recipe_dietary_tags (recipe_id, tag_id) VALUES ('03d4fedb-1616-45eb-b217-ccba2fab27fd', 10);

INSERT INTO recipes (id, user_id, title, description, instructions, image_url, servings, source_url, source_name, is_archived, views, cart_adds) VALUES ('1ebf5314-0e2f-4f5b-9776-0806a5bea302', 'admin-user-id', 'Baked Shrimp with Carrots and Couscous', 'A delicious Baked Shrimp with Carrots and Couscous recipe. This Midwest-friendly dish is a family favorite and easy to make with common ingredients.', '1. Preheat oven to 375°F (190°C) if baking.
2. Prepare the Couscous and other main ingredients.
3. In a large bowl, combine with seasonings.
4. Cook according to source instructions until internal temperature is safe.
5. Let rest for 5 minutes before serving.', 'https://images.unsplash.com/photo-1473093226795-af9932fe5856?auto=format&fit=crop&w=800&q=60', 4, 'https://www.tasteofhome.com/recipe/baked-shrimp-with-carrots-and-couscous', 'Taste of Home', 0, 4, 89);
INSERT INTO ingredients (id, recipe_id, name, quantity, unit) VALUES ('59baadde-6e5d-4296-b276-ac146bc2b049', '1ebf5314-0e2f-4f5b-9776-0806a5bea302', 'Frozen Peas', 3.1, 'cup');
INSERT INTO ingredients (id, recipe_id, name, quantity, unit) VALUES ('93c4e43f-5e9a-4e87-82b4-0f28c9e25908', '1ebf5314-0e2f-4f5b-9776-0806a5bea302', 'Carrots', 0.9, 'cup');
INSERT INTO ingredients (id, recipe_id, name, quantity, unit) VALUES ('e53ada05-8861-454a-a442-854edfa40d2c', '1ebf5314-0e2f-4f5b-9776-0806a5bea302', 'Soy Sauce', 3.0, 'tbsp');
INSERT INTO ingredients (id, recipe_id, name, quantity, unit) VALUES ('936ec540-0644-4f12-8a5b-030032be568f', '1ebf5314-0e2f-4f5b-9776-0806a5bea302', 'Sour Cream', 1.7, 'cup');
INSERT INTO ingredients (id, recipe_id, name, quantity, unit) VALUES ('d6aeedde-bc0d-4c22-a09c-6989f25985ab', '1ebf5314-0e2f-4f5b-9776-0806a5bea302', 'Heavy Cream', 1.6, 'cup');
INSERT INTO ingredients (id, recipe_id, name, quantity, unit) VALUES ('eae96e92-e23b-4def-870c-06c86d160fe1', '1ebf5314-0e2f-4f5b-9776-0806a5bea302', 'Potatoes', 2.8, 'lb');
INSERT INTO ingredients (id, recipe_id, name, quantity, unit) VALUES ('84dba75f-376a-47c4-bcc3-20eec2b02539', '1ebf5314-0e2f-4f5b-9776-0806a5bea302', 'Celery', 1.5, 'cup');
INSERT INTO recipe_dietary_tags (recipe_id, tag_id) VALUES ('1ebf5314-0e2f-4f5b-9776-0806a5bea302', 10);

INSERT INTO recipes (id, user_id, title, description, instructions, image_url, servings, source_url, source_name, is_archived, views, cart_adds) VALUES ('08be6fc0-766c-4875-b89e-62edf437a96c', 'admin-user-id', 'Baked Pork with Broccoli and Quinoa', 'A delicious Baked Pork with Broccoli and Quinoa recipe. This Midwest-friendly dish is a family favorite and easy to make with common ingredients.', '1. Preheat oven to 375°F (190°C) if baking.
2. Prepare the Quinoa and other main ingredients.
3. In a large bowl, combine with seasonings.
4. Cook according to source instructions until internal temperature is safe.
5. Let rest for 5 minutes before serving.', 'https://images.unsplash.com/photo-1512621776951-a57141f2eefd?auto=format&fit=crop&w=800&q=60', 2, 'https://www.epicurious.com/recipe/baked-pork-with-broccoli-and-quinoa', 'Epicurious', 0, 516, 50);
INSERT INTO ingredients (id, recipe_id, name, quantity, unit) VALUES ('7b9bbcae-7adc-4452-b7f1-42ac07eb225a', '08be6fc0-766c-4875-b89e-62edf437a96c', 'Egg', 3.1, 'large');
INSERT INTO ingredients (id, recipe_id, name, quantity, unit) VALUES ('485400c8-a7a1-4d85-a243-a3c2de2e621a', '08be6fc0-766c-4875-b89e-62edf437a96c', 'Heavy Cream', 1.6, 'cup');
INSERT INTO ingredients (id, recipe_id, name, quantity, unit) VALUES ('3273c62c-6ddb-4a65-afe1-e37fa66f9e86', '08be6fc0-766c-4875-b89e-62edf437a96c', 'Soy Sauce', 2.0, 'tbsp');
INSERT INTO ingredients (id, recipe_id, name, quantity, unit) VALUES ('d79a3cdb-f161-4c4c-9431-efd5ea278fcd', '08be6fc0-766c-4875-b89e-62edf437a96c', 'Potatoes', 1.5, 'lb');
INSERT INTO ingredients (id, recipe_id, name, quantity, unit) VALUES ('99cb5a3a-6d04-4e90-b1d5-a297c727db2b', '08be6fc0-766c-4875-b89e-62edf437a96c', 'Tater Tots', 1.5, 'oz');
INSERT INTO ingredients (id, recipe_id, name, quantity, unit) VALUES ('b08624af-af8f-47f9-9da3-a618af8ac9c4', '08be6fc0-766c-4875-b89e-62edf437a96c', 'Worcestershire Sauce', 2.8, 'tbsp');
INSERT INTO ingredients (id, recipe_id, name, quantity, unit) VALUES ('e5061742-bb04-4534-8fc3-58f998ff37f5', '08be6fc0-766c-4875-b89e-62edf437a96c', 'Carrots', 2.4, 'cup');
INSERT INTO recipe_dietary_tags (recipe_id, tag_id) VALUES ('08be6fc0-766c-4875-b89e-62edf437a96c', 10);
INSERT INTO recipe_dietary_tags (recipe_id, tag_id) VALUES ('08be6fc0-766c-4875-b89e-62edf437a96c', 2);

INSERT INTO recipes (id, user_id, title, description, instructions, image_url, servings, source_url, source_name, is_archived, views, cart_adds) VALUES ('d7d776d9-e77c-49bf-87f0-57e97ec99fa6', 'admin-user-id', 'Slow Cooked Salmon with Cauliflower and Zucchini Noodles', 'A delicious Slow Cooked Salmon with Cauliflower and Zucchini Noodles recipe. This Midwest-friendly dish is a family favorite and easy to make with common ingredients.', '1. Preheat oven to 375°F (190°C) if baking.
2. Prepare the Noodles and other main ingredients.
3. In a large bowl, combine with seasonings.
4. Cook according to source instructions until internal temperature is safe.
5. Let rest for 5 minutes before serving.', 'https://images.unsplash.com/photo-1482049016688-2d3e1b311543?auto=format&fit=crop&w=800&q=60', 5, 'https://www.tasteofhome.com/recipe/slow-cooked-salmon-with-cauliflower-and-zucchini-noodles', 'Taste of Home', 0, 89, 44);
INSERT INTO ingredients (id, recipe_id, name, quantity, unit) VALUES ('ca1be3b4-eaee-465c-955c-f06bb1900702', 'd7d776d9-e77c-49bf-87f0-57e97ec99fa6', 'Tater Tots', 1.1, 'oz');
INSERT INTO ingredients (id, recipe_id, name, quantity, unit) VALUES ('a4021ea9-2372-4b09-9b81-d8963397f3af', 'd7d776d9-e77c-49bf-87f0-57e97ec99fa6', 'Carrots', 2.5, 'cup');
INSERT INTO ingredients (id, recipe_id, name, quantity, unit) VALUES ('b04ec9fb-3035-46d3-a481-7f9a9fe4e87d', 'd7d776d9-e77c-49bf-87f0-57e97ec99fa6', 'Chicken Breast', 0.6, 'lb');
INSERT INTO ingredients (id, recipe_id, name, quantity, unit) VALUES ('e3ba00cf-b418-48eb-ad84-f2619c64ab25', 'd7d776d9-e77c-49bf-87f0-57e97ec99fa6', 'Rice', 2.6, 'cup');
INSERT INTO ingredients (id, recipe_id, name, quantity, unit) VALUES ('a7732ea9-586b-4817-bfd0-6cb076da3e6d', 'd7d776d9-e77c-49bf-87f0-57e97ec99fa6', 'Onion', 3.4, 'cup');
INSERT INTO ingredients (id, recipe_id, name, quantity, unit) VALUES ('6c93dc9d-5e86-4bec-adaa-6ae8bd81d642', 'd7d776d9-e77c-49bf-87f0-57e97ec99fa6', 'Breadcrumbs', 3.0, 'cup');
INSERT INTO recipe_dietary_tags (recipe_id, tag_id) VALUES ('d7d776d9-e77c-49bf-87f0-57e97ec99fa6', 1);
INSERT INTO recipe_dietary_tags (recipe_id, tag_id) VALUES ('d7d776d9-e77c-49bf-87f0-57e97ec99fa6', 6);
INSERT INTO recipe_dietary_tags (recipe_id, tag_id) VALUES ('d7d776d9-e77c-49bf-87f0-57e97ec99fa6', 3);

INSERT INTO recipes (id, user_id, title, description, instructions, image_url, servings, source_url, source_name, is_archived, views, cart_adds) VALUES ('dc441e49-ce1f-4334-9c3a-bea3cb5e6a8a', 'admin-user-id', 'Pan-Seared Salmon with Spinach and Quinoa', 'A delicious Pan-Seared Salmon with Spinach and Quinoa recipe. This Midwest-friendly dish is a family favorite and easy to make with common ingredients.', '1. Preheat oven to 375°F (190°C) if baking.
2. Prepare the Quinoa and other main ingredients.
3. In a large bowl, combine with seasonings.
4. Cook according to source instructions until internal temperature is safe.
5. Let rest for 5 minutes before serving.', 'https://images.unsplash.com/photo-1484723091739-30a097e8f929?auto=format&fit=crop&w=800&q=60', 7, 'https://www.epicurious.com/recipe/pan-seared-salmon-with-spinach-and-quinoa', 'Epicurious', 0, 114, 95);
INSERT INTO ingredients (id, recipe_id, name, quantity, unit) VALUES ('40bd274d-1528-4309-988b-bbc4b80f38fd', 'dc441e49-ce1f-4334-9c3a-bea3cb5e6a8a', 'Chicken Breast', 3.1, 'lb');
INSERT INTO ingredients (id, recipe_id, name, quantity, unit) VALUES ('28736200-2f18-4d8c-a653-7ad230e1e058', 'dc441e49-ce1f-4334-9c3a-bea3cb5e6a8a', 'Frozen Peas', 2.3, 'cup');
INSERT INTO ingredients (id, recipe_id, name, quantity, unit) VALUES ('d8ac2941-7baa-4581-bd42-6258a196a5dd', 'dc441e49-ce1f-4334-9c3a-bea3cb5e6a8a', 'Lemon Juice', 1.4, 'tbsp');
INSERT INTO ingredients (id, recipe_id, name, quantity, unit) VALUES ('39bb6904-ff82-46d7-9b27-60df8cfed702', 'dc441e49-ce1f-4334-9c3a-bea3cb5e6a8a', 'Olive Oil', 1.0, 'tbsp');
INSERT INTO ingredients (id, recipe_id, name, quantity, unit) VALUES ('b744355a-a86f-467e-9740-ede642889e2a', 'dc441e49-ce1f-4334-9c3a-bea3cb5e6a8a', 'Milk', 1.1, 'cup');
INSERT INTO ingredients (id, recipe_id, name, quantity, unit) VALUES ('1577c589-21da-4abe-b52a-ed586f9f08a3', 'dc441e49-ce1f-4334-9c3a-bea3cb5e6a8a', 'Honey', 1.1, 'tbsp');
INSERT INTO recipe_dietary_tags (recipe_id, tag_id) VALUES ('dc441e49-ce1f-4334-9c3a-bea3cb5e6a8a', 3);

INSERT INTO recipes (id, user_id, title, description, instructions, image_url, servings, source_url, source_name, is_archived, views, cart_adds) VALUES ('32cc64d1-da25-4da7-881c-793d9a7e6447', 'admin-user-id', 'Sautéed Cod with Sweet Potatoes and Lentil Pasta', 'A delicious Sautéed Cod with Sweet Potatoes and Lentil Pasta recipe. This Midwest-friendly dish is a family favorite and easy to make with common ingredients.', '1. Preheat oven to 375°F (190°C) if baking.
2. Prepare the Pasta and other main ingredients.
3. In a large bowl, combine with seasonings.
4. Cook according to source instructions until internal temperature is safe.
5. Let rest for 5 minutes before serving.', 'https://images.unsplash.com/photo-1540189549336-e6e99c3679fe?auto=format&fit=crop&w=800&q=60', 2, 'https://www.foodnetwork.com/recipe/saut-ed-cod-with-sweet-potatoes-and-lentil-pasta', 'Food Network', 0, 140, 86);
INSERT INTO ingredients (id, recipe_id, name, quantity, unit) VALUES ('efbdab26-13a7-4a63-9dcf-e8d4c681f9a8', '32cc64d1-da25-4da7-881c-793d9a7e6447', 'Rice', 3.1, 'cup');
INSERT INTO ingredients (id, recipe_id, name, quantity, unit) VALUES ('0c43fe0b-d44e-4b91-9176-c405d437bfdc', '32cc64d1-da25-4da7-881c-793d9a7e6447', 'Sour Cream', 0.7, 'cup');
INSERT INTO ingredients (id, recipe_id, name, quantity, unit) VALUES ('ca91a679-d80b-4ae8-b175-90dfe768cd71', '32cc64d1-da25-4da7-881c-793d9a7e6447', 'Egg', 0.9, 'large');
INSERT INTO ingredients (id, recipe_id, name, quantity, unit) VALUES ('28deb36a-91a6-4ed8-b9e2-83440d8eacaa', '32cc64d1-da25-4da7-881c-793d9a7e6447', 'Heavy Cream', 0.6, 'cup');
INSERT INTO ingredients (id, recipe_id, name, quantity, unit) VALUES ('63754bb2-3d3d-455b-9c61-3671abf4e409', '32cc64d1-da25-4da7-881c-793d9a7e6447', 'Celery', 2.6, 'cup');
INSERT INTO recipe_dietary_tags (recipe_id, tag_id) VALUES ('32cc64d1-da25-4da7-881c-793d9a7e6447', 3);

INSERT INTO recipes (id, user_id, title, description, instructions, image_url, servings, source_url, source_name, is_archived, views, cart_adds) VALUES ('6ef8209b-acbf-474b-a057-89c1e9da36de', 'admin-user-id', 'Steamed Beef with Brussels Sprouts and Brown Rice', 'A delicious Steamed Beef with Brussels Sprouts and Brown Rice recipe. This Midwest-friendly dish is a family favorite and easy to make with common ingredients.', '1. Preheat oven to 375°F (190°C) if baking.
2. Prepare the Rice and other main ingredients.
3. In a large bowl, combine with seasonings.
4. Cook according to source instructions until internal temperature is safe.
5. Let rest for 5 minutes before serving.', 'https://images.unsplash.com/photo-1567620985035-091781110527?auto=format&fit=crop&w=800&q=60', 3, 'https://www.epicurious.com/recipe/steamed-beef-with-brussels-sprouts-and-brown-rice', 'Epicurious', 0, 298, 15);
INSERT INTO ingredients (id, recipe_id, name, quantity, unit) VALUES ('f91c639f-3754-4c4f-afe1-e869f14cb010', '6ef8209b-acbf-474b-a057-89c1e9da36de', 'Cheddar Cheese', 1.6, 'cup');
INSERT INTO ingredients (id, recipe_id, name, quantity, unit) VALUES ('b7e9fd77-21b0-400e-9038-219adfb9554f', '6ef8209b-acbf-474b-a057-89c1e9da36de', 'Celery', 1.8, 'cup');
INSERT INTO ingredients (id, recipe_id, name, quantity, unit) VALUES ('a966ccae-4b84-4003-9fb3-3e61c8f97ce8', '6ef8209b-acbf-474b-a057-89c1e9da36de', 'Heavy Cream', 1.7, 'cup');
INSERT INTO ingredients (id, recipe_id, name, quantity, unit) VALUES ('4f8b3078-7099-4d4e-84e3-ce3fb7b777cd', '6ef8209b-acbf-474b-a057-89c1e9da36de', 'Dijon Mustard', 3.5, 'tsp');
INSERT INTO ingredients (id, recipe_id, name, quantity, unit) VALUES ('669cc924-de68-4252-bb0f-e86c7c89c92f', '6ef8209b-acbf-474b-a057-89c1e9da36de', 'Lemon Juice', 3.4, 'tbsp');
INSERT INTO ingredients (id, recipe_id, name, quantity, unit) VALUES ('d4421f5a-ff11-4c3d-9684-af5503ec023b', '6ef8209b-acbf-474b-a057-89c1e9da36de', 'Tater Tots', 1.1, 'oz');
INSERT INTO ingredients (id, recipe_id, name, quantity, unit) VALUES ('f451244b-8341-4d55-93f5-01300800dd24', '6ef8209b-acbf-474b-a057-89c1e9da36de', 'Sour Cream', 1.3, 'cup');
INSERT INTO recipe_dietary_tags (recipe_id, tag_id) VALUES ('6ef8209b-acbf-474b-a057-89c1e9da36de', 10);

INSERT INTO recipes (id, user_id, title, description, instructions, image_url, servings, source_url, source_name, is_archived, views, cart_adds) VALUES ('888c67f3-4225-469a-9727-2c2184a24818', 'admin-user-id', 'Roasted Shrimp with Brussels Sprouts and Lentil Pasta', 'A delicious Roasted Shrimp with Brussels Sprouts and Lentil Pasta recipe. This Midwest-friendly dish is a family favorite and easy to make with common ingredients.', '1. Preheat oven to 375°F (190°C) if baking.
2. Prepare the Pasta and other main ingredients.
3. In a large bowl, combine with seasonings.
4. Cook according to source instructions until internal temperature is safe.
5. Let rest for 5 minutes before serving.', 'https://images.unsplash.com/photo-1565299624946-b28f40a0ae38?auto=format&fit=crop&w=800&q=60', 5, 'https://www.epicurious.com/recipe/roasted-shrimp-with-brussels-sprouts-and-lentil-pasta', 'Epicurious', 0, 686, 32);
INSERT INTO ingredients (id, recipe_id, name, quantity, unit) VALUES ('c162cbdd-71eb-499f-afe6-e38d155f5d16', '888c67f3-4225-469a-9727-2c2184a24818', 'Tomato Sauce', 0.7, 'oz');
INSERT INTO ingredients (id, recipe_id, name, quantity, unit) VALUES ('0f7c5746-3a5a-4e44-bcc6-bf90f75ac42d', '888c67f3-4225-469a-9727-2c2184a24818', 'Chicken Breast', 2.8, 'lb');
INSERT INTO ingredients (id, recipe_id, name, quantity, unit) VALUES ('abb4beba-430a-4a51-96d5-3eba72a35498', '888c67f3-4225-469a-9727-2c2184a24818', 'Carrots', 0.7, 'cup');
INSERT INTO ingredients (id, recipe_id, name, quantity, unit) VALUES ('3e90282b-db70-436e-a1b9-d1a41a16581f', '888c67f3-4225-469a-9727-2c2184a24818', 'Egg', 0.9, 'large');
INSERT INTO recipe_dietary_tags (recipe_id, tag_id) VALUES ('888c67f3-4225-469a-9727-2c2184a24818', 1);

INSERT INTO recipes (id, user_id, title, description, instructions, image_url, servings, source_url, source_name, is_archived, views, cart_adds) VALUES ('501ba2cd-a493-44a3-a792-ed04519436ad', 'admin-user-id', 'Baked Beef with Sweet Potatoes and Mashed Cauliflower', 'A delicious Baked Beef with Sweet Potatoes and Mashed Cauliflower recipe. This Midwest-friendly dish is a family favorite and easy to make with common ingredients.', '1. Preheat oven to 375°F (190°C) if baking.
2. Prepare the Cauliflower and other main ingredients.
3. In a large bowl, combine with seasonings.
4. Cook according to source instructions until internal temperature is safe.
5. Let rest for 5 minutes before serving.', 'https://images.unsplash.com/photo-1555939594-58d7cb561ad1?auto=format&fit=crop&w=800&q=60', 5, 'https://www.allrecipes.com/recipe/baked-beef-with-sweet-potatoes-and-mashed-cauliflower', 'AllRecipes', 0, 138, 36);
INSERT INTO ingredients (id, recipe_id, name, quantity, unit) VALUES ('1a17ac6f-2ee8-448a-a920-2a7002acfae1', '501ba2cd-a493-44a3-a792-ed04519436ad', 'Milk', 1.8, 'cup');
INSERT INTO ingredients (id, recipe_id, name, quantity, unit) VALUES ('1f4b3886-fb3f-40a4-9efe-e99d9c75fe4f', '501ba2cd-a493-44a3-a792-ed04519436ad', 'Honey', 2.8, 'tbsp');
INSERT INTO ingredients (id, recipe_id, name, quantity, unit) VALUES ('87056444-b9ba-41cb-a187-14d45c3afeb4', '501ba2cd-a493-44a3-a792-ed04519436ad', 'Worcestershire Sauce', 1.5, 'tbsp');
INSERT INTO ingredients (id, recipe_id, name, quantity, unit) VALUES ('18c642fd-d709-4052-88ab-305ade4db150', '501ba2cd-a493-44a3-a792-ed04519436ad', 'Rice', 2.4, 'cup');
INSERT INTO ingredients (id, recipe_id, name, quantity, unit) VALUES ('53e8c2aa-f58d-41a5-8e78-6eeea3e9ea5b', '501ba2cd-a493-44a3-a792-ed04519436ad', 'Frozen Peas', 0.5, 'cup');
INSERT INTO ingredients (id, recipe_id, name, quantity, unit) VALUES ('a17d8ac9-40f6-40a0-97a1-8720e9b7d306', '501ba2cd-a493-44a3-a792-ed04519436ad', 'Pasta', 1.9, 'oz');
INSERT INTO ingredients (id, recipe_id, name, quantity, unit) VALUES ('9d032ce1-d683-4170-b593-77ff9a34d02d', '501ba2cd-a493-44a3-a792-ed04519436ad', 'Lemon Juice', 1.4, 'tbsp');
INSERT INTO recipe_dietary_tags (recipe_id, tag_id) VALUES ('501ba2cd-a493-44a3-a792-ed04519436ad', 1);
INSERT INTO recipe_dietary_tags (recipe_id, tag_id) VALUES ('501ba2cd-a493-44a3-a792-ed04519436ad', 6);
INSERT INTO recipe_dietary_tags (recipe_id, tag_id) VALUES ('501ba2cd-a493-44a3-a792-ed04519436ad', 10);

INSERT INTO recipes (id, user_id, title, description, instructions, image_url, servings, source_url, source_name, is_archived, views, cart_adds) VALUES ('ea92d660-6835-4b21-b563-287fecff800c', 'admin-user-id', 'Air Fried Tofu with Spinach and Brown Rice', 'A delicious Air Fried Tofu with Spinach and Brown Rice recipe. This Midwest-friendly dish is a family favorite and easy to make with common ingredients.', '1. Preheat oven to 375°F (190°C) if baking.
2. Prepare the Rice and other main ingredients.
3. In a large bowl, combine with seasonings.
4. Cook according to source instructions until internal temperature is safe.
5. Let rest for 5 minutes before serving.', 'https://images.unsplash.com/photo-1513104894114-bd7ea4718312?auto=format&fit=crop&w=800&q=60', 2, 'https://www.tasteofhome.com/recipe/air-fried-tofu-with-spinach-and-brown-rice', 'Taste of Home', 0, 535, 7);
INSERT INTO ingredients (id, recipe_id, name, quantity, unit) VALUES ('fded9718-89a6-416b-b815-9aedbfc8d67b', 'ea92d660-6835-4b21-b563-287fecff800c', 'Heavy Cream', 1.0, 'cup');
INSERT INTO ingredients (id, recipe_id, name, quantity, unit) VALUES ('710b3913-a85a-4432-9b0f-c2629b12855f', 'ea92d660-6835-4b21-b563-287fecff800c', 'Cheddar Cheese', 3.1, 'cup');
INSERT INTO ingredients (id, recipe_id, name, quantity, unit) VALUES ('3a502366-e46c-49d9-b6af-4c57a269669a', 'ea92d660-6835-4b21-b563-287fecff800c', 'Butter', 0.7, 'tbsp');
INSERT INTO ingredients (id, recipe_id, name, quantity, unit) VALUES ('ffcf53b7-b115-4b52-87d7-febcb49a8260', 'ea92d660-6835-4b21-b563-287fecff800c', 'Pasta', 3.4, 'oz');
INSERT INTO recipe_dietary_tags (recipe_id, tag_id) VALUES ('ea92d660-6835-4b21-b563-287fecff800c', 3);
INSERT INTO recipe_dietary_tags (recipe_id, tag_id) VALUES ('ea92d660-6835-4b21-b563-287fecff800c', 2);

INSERT INTO recipes (id, user_id, title, description, instructions, image_url, servings, source_url, source_name, is_archived, views, cart_adds) VALUES ('01179230-a433-475c-bebe-5bc415d512a8', 'admin-user-id', 'Air Fried Pork with Brussels Sprouts and Cauliflower Rice', 'A delicious Air Fried Pork with Brussels Sprouts and Cauliflower Rice recipe. This Midwest-friendly dish is a family favorite and easy to make with common ingredients.', '1. Preheat oven to 375°F (190°C) if baking.
2. Prepare the Rice and other main ingredients.
3. In a large bowl, combine with seasonings.
4. Cook according to source instructions until internal temperature is safe.
5. Let rest for 5 minutes before serving.', 'https://images.unsplash.com/photo-1504754524776-8f4f37799ca7?auto=format&fit=crop&w=800&q=60', 5, 'https://www.tasteofhome.com/recipe/air-fried-pork-with-brussels-sprouts-and-cauliflower-rice', 'Taste of Home', 0, 558, 48);
INSERT INTO ingredients (id, recipe_id, name, quantity, unit) VALUES ('0ce2b200-e3bf-43e6-933d-9ecd35d89747', '01179230-a433-475c-bebe-5bc415d512a8', 'Onion', 2.7, 'cup');
INSERT INTO ingredients (id, recipe_id, name, quantity, unit) VALUES ('e232ab07-05d6-4f63-968a-a850cb2bb58d', '01179230-a433-475c-bebe-5bc415d512a8', 'Heavy Cream', 1.5, 'cup');
INSERT INTO ingredients (id, recipe_id, name, quantity, unit) VALUES ('d7f7f718-a45a-4328-9dc8-f2fdeed36c91', '01179230-a433-475c-bebe-5bc415d512a8', 'Egg', 2.2, 'large');
INSERT INTO ingredients (id, recipe_id, name, quantity, unit) VALUES ('641a8c58-ee09-4819-bd99-61087e8b9677', '01179230-a433-475c-bebe-5bc415d512a8', 'Olive Oil', 0.7, 'tbsp');
INSERT INTO ingredients (id, recipe_id, name, quantity, unit) VALUES ('6d9c167f-16e0-4037-8e88-aceda7ea093c', '01179230-a433-475c-bebe-5bc415d512a8', 'Frozen Peas', 2.7, 'cup');
INSERT INTO ingredients (id, recipe_id, name, quantity, unit) VALUES ('2f4f5bcd-5914-4875-a914-ca34a8b17d7a', '01179230-a433-475c-bebe-5bc415d512a8', 'Chicken Breast', 3.1, 'lb');
INSERT INTO ingredients (id, recipe_id, name, quantity, unit) VALUES ('7f196166-cb1f-4416-9598-3fac05401f2d', '01179230-a433-475c-bebe-5bc415d512a8', 'Tomato Sauce', 2.8, 'oz');
INSERT INTO recipe_dietary_tags (recipe_id, tag_id) VALUES ('01179230-a433-475c-bebe-5bc415d512a8', 1);
INSERT INTO recipe_dietary_tags (recipe_id, tag_id) VALUES ('01179230-a433-475c-bebe-5bc415d512a8', 6);
INSERT INTO recipe_dietary_tags (recipe_id, tag_id) VALUES ('01179230-a433-475c-bebe-5bc415d512a8', 10);

INSERT INTO recipes (id, user_id, title, description, instructions, image_url, servings, source_url, source_name, is_archived, views, cart_adds) VALUES ('5e5f147a-650a-46ab-80eb-f1514f60b4b2', 'admin-user-id', 'Air Fried Turkey with Broccoli and Brown Rice', 'A delicious Air Fried Turkey with Broccoli and Brown Rice recipe. This Midwest-friendly dish is a family favorite and easy to make with common ingredients.', '1. Preheat oven to 375°F (190°C) if baking.
2. Prepare the Rice and other main ingredients.
3. In a large bowl, combine with seasonings.
4. Cook according to source instructions until internal temperature is safe.
5. Let rest for 5 minutes before serving.', 'https://images.unsplash.com/photo-1476224203421-9ac3993557a4?auto=format&fit=crop&w=800&q=60', 2, 'https://www.foodnetwork.com/recipe/air-fried-turkey-with-broccoli-and-brown-rice', 'Food Network', 0, 440, 95);
INSERT INTO ingredients (id, recipe_id, name, quantity, unit) VALUES ('7bb96eba-9d4d-4aea-a6e1-1ab1b121718c', '5e5f147a-650a-46ab-80eb-f1514f60b4b2', 'Garlic', 1.1, 'clove');
INSERT INTO ingredients (id, recipe_id, name, quantity, unit) VALUES ('4fa995de-209b-46bd-ae1b-da2482177ded', '5e5f147a-650a-46ab-80eb-f1514f60b4b2', 'Ground Beef', 1.4, 'lb');
INSERT INTO ingredients (id, recipe_id, name, quantity, unit) VALUES ('fdd4ba50-b421-4a69-8259-828c06f03a10', '5e5f147a-650a-46ab-80eb-f1514f60b4b2', 'Salt', 0.6, 'tsp');
INSERT INTO ingredients (id, recipe_id, name, quantity, unit) VALUES ('3d8fb8ab-b9e3-49c9-9d2c-0c542bad1e41', '5e5f147a-650a-46ab-80eb-f1514f60b4b2', 'Cheddar Cheese', 1.7, 'cup');
INSERT INTO recipe_dietary_tags (recipe_id, tag_id) VALUES ('5e5f147a-650a-46ab-80eb-f1514f60b4b2', 5);
INSERT INTO recipe_dietary_tags (recipe_id, tag_id) VALUES ('5e5f147a-650a-46ab-80eb-f1514f60b4b2', 7);

INSERT INTO recipes (id, user_id, title, description, instructions, image_url, servings, source_url, source_name, is_archived, views, cart_adds) VALUES ('0ceefd81-d15e-40fd-a882-b71e7fc239d1', 'admin-user-id', 'Roasted Pork with Broccoli and Roasted Potatoes', 'A delicious Roasted Pork with Broccoli and Roasted Potatoes recipe. This Midwest-friendly dish is a family favorite and easy to make with common ingredients.', '1. Preheat oven to 375°F (190°C) if baking.
2. Prepare the Potatoes and other main ingredients.
3. In a large bowl, combine with seasonings.
4. Cook according to source instructions until internal temperature is safe.
5. Let rest for 5 minutes before serving.', 'https://images.unsplash.com/photo-1498837167721-8f5c1a322c2e?auto=format&fit=crop&w=800&q=60', 3, 'https://www.bonappetit.com/recipe/roasted-pork-with-broccoli-and-roasted-potatoes', 'Bon Appetit', 0, 755, 36);
INSERT INTO ingredients (id, recipe_id, name, quantity, unit) VALUES ('c2265c3d-2b9d-4be1-9444-f124c3925d21', '0ceefd81-d15e-40fd-a882-b71e7fc239d1', 'Potatoes', 1.9, 'lb');
INSERT INTO ingredients (id, recipe_id, name, quantity, unit) VALUES ('a3d5c535-9285-4af8-9008-01c6f18886b6', '0ceefd81-d15e-40fd-a882-b71e7fc239d1', 'Sour Cream', 2.6, 'cup');
INSERT INTO ingredients (id, recipe_id, name, quantity, unit) VALUES ('eb0afb5a-8366-48e5-b00a-f8957a493b21', '0ceefd81-d15e-40fd-a882-b71e7fc239d1', 'Carrots', 2.6, 'cup');
INSERT INTO ingredients (id, recipe_id, name, quantity, unit) VALUES ('9e1e741b-faf4-4f8a-8918-291b8de917d8', '0ceefd81-d15e-40fd-a882-b71e7fc239d1', 'Milk', 3.0, 'cup');
INSERT INTO ingredients (id, recipe_id, name, quantity, unit) VALUES ('7accb27e-0bb0-4cc8-9ea8-776dfb370e4b', '0ceefd81-d15e-40fd-a882-b71e7fc239d1', 'Lemon Juice', 3.3, 'tbsp');
INSERT INTO ingredients (id, recipe_id, name, quantity, unit) VALUES ('d47abbb9-d631-4a9d-823e-20cfa04944fe', '0ceefd81-d15e-40fd-a882-b71e7fc239d1', 'Olive Oil', 3.3, 'tbsp');
INSERT INTO ingredients (id, recipe_id, name, quantity, unit) VALUES ('be1ba785-c066-487e-8b15-bce7f66c3dfe', '0ceefd81-d15e-40fd-a882-b71e7fc239d1', 'Rice', 2.5, 'cup');
INSERT INTO recipe_dietary_tags (recipe_id, tag_id) VALUES ('0ceefd81-d15e-40fd-a882-b71e7fc239d1', 10);

INSERT INTO recipes (id, user_id, title, description, instructions, image_url, servings, source_url, source_name, is_archived, views, cart_adds) VALUES ('baee3b29-17ae-454f-aace-0de3cd910955', 'admin-user-id', 'Sautéed Pork with Broccoli and Quinoa', 'A delicious Sautéed Pork with Broccoli and Quinoa recipe. This Midwest-friendly dish is a family favorite and easy to make with common ingredients.', '1. Preheat oven to 375°F (190°C) if baking.
2. Prepare the Quinoa and other main ingredients.
3. In a large bowl, combine with seasonings.
4. Cook according to source instructions until internal temperature is safe.
5. Let rest for 5 minutes before serving.', 'https://images.unsplash.com/photo-1490645935967-10de6ba17051?auto=format&fit=crop&w=800&q=60', 3, 'https://www.epicurious.com/recipe/saut-ed-pork-with-broccoli-and-quinoa', 'Epicurious', 0, 654, 39);
INSERT INTO ingredients (id, recipe_id, name, quantity, unit) VALUES ('e7ff01eb-0353-46a4-8db4-36cd29f41456', 'baee3b29-17ae-454f-aace-0de3cd910955', 'Soy Sauce', 1.2, 'tbsp');
INSERT INTO ingredients (id, recipe_id, name, quantity, unit) VALUES ('0db6ebef-ccf9-43f5-86be-93885503ea54', 'baee3b29-17ae-454f-aace-0de3cd910955', 'Cheddar Cheese', 3.1, 'cup');
INSERT INTO ingredients (id, recipe_id, name, quantity, unit) VALUES ('35d3329c-addd-4b6a-9b7a-e7c991f760ec', 'baee3b29-17ae-454f-aace-0de3cd910955', 'Potatoes', 1.2, 'lb');
INSERT INTO ingredients (id, recipe_id, name, quantity, unit) VALUES ('c8a3f764-6a13-41f0-99b6-ecc957420d77', 'baee3b29-17ae-454f-aace-0de3cd910955', 'Olive Oil', 2.7, 'tbsp');
INSERT INTO ingredients (id, recipe_id, name, quantity, unit) VALUES ('c3ee0205-4fec-4f59-bb18-02cd639e7dc2', 'baee3b29-17ae-454f-aace-0de3cd910955', 'Heavy Cream', 1.5, 'cup');
INSERT INTO recipe_dietary_tags (recipe_id, tag_id) VALUES ('baee3b29-17ae-454f-aace-0de3cd910955', 10);
INSERT INTO recipe_dietary_tags (recipe_id, tag_id) VALUES ('baee3b29-17ae-454f-aace-0de3cd910955', 2);
INSERT INTO recipe_dietary_tags (recipe_id, tag_id) VALUES ('baee3b29-17ae-454f-aace-0de3cd910955', 8);

INSERT INTO recipes (id, user_id, title, description, instructions, image_url, servings, source_url, source_name, is_archived, views, cart_adds) VALUES ('09a7826f-31f9-46a2-b776-f1a99eb60dd7', 'admin-user-id', 'Air Fried Tofu with Broccoli and Couscous', 'A delicious Air Fried Tofu with Broccoli and Couscous recipe. This Midwest-friendly dish is a family favorite and easy to make with common ingredients.', '1. Preheat oven to 375°F (190°C) if baking.
2. Prepare the Couscous and other main ingredients.
3. In a large bowl, combine with seasonings.
4. Cook according to source instructions until internal temperature is safe.
5. Let rest for 5 minutes before serving.', 'https://images.unsplash.com/photo-1506084868214-19a1f9e147f8?auto=format&fit=crop&w=800&q=60', 6, 'https://www.allrecipes.com/recipe/air-fried-tofu-with-broccoli-and-couscous', 'AllRecipes', 0, 199, 58);
INSERT INTO ingredients (id, recipe_id, name, quantity, unit) VALUES ('e769b056-2fbc-433d-9907-1ba02db12d59', '09a7826f-31f9-46a2-b776-f1a99eb60dd7', 'Dijon Mustard', 1.7, 'tsp');
INSERT INTO ingredients (id, recipe_id, name, quantity, unit) VALUES ('18823e08-62a5-421a-9c88-a7b0d91ebdd9', '09a7826f-31f9-46a2-b776-f1a99eb60dd7', 'Milk', 2.5, 'cup');
INSERT INTO ingredients (id, recipe_id, name, quantity, unit) VALUES ('f7fb7b18-dc23-40e1-a521-391c2b94b345', '09a7826f-31f9-46a2-b776-f1a99eb60dd7', 'Olive Oil', 1.6, 'tbsp');
INSERT INTO ingredients (id, recipe_id, name, quantity, unit) VALUES ('24415488-ca27-408a-b1dd-5c1b8cf7457e', '09a7826f-31f9-46a2-b776-f1a99eb60dd7', 'Salt', 1.7, 'tsp');
INSERT INTO ingredients (id, recipe_id, name, quantity, unit) VALUES ('21693667-336a-4974-8ab3-2f7ae5135567', '09a7826f-31f9-46a2-b776-f1a99eb60dd7', 'Celery', 0.8, 'cup');
INSERT INTO ingredients (id, recipe_id, name, quantity, unit) VALUES ('154998f1-950f-49b9-97fd-ce50343f47ad', '09a7826f-31f9-46a2-b776-f1a99eb60dd7', 'Pasta', 1.9, 'oz');
INSERT INTO ingredients (id, recipe_id, name, quantity, unit) VALUES ('a6efcfaa-f0f3-4cac-b1d5-7ae43ea8de22', '09a7826f-31f9-46a2-b776-f1a99eb60dd7', 'Ground Beef', 1.9, 'lb');
INSERT INTO recipe_dietary_tags (recipe_id, tag_id) VALUES ('09a7826f-31f9-46a2-b776-f1a99eb60dd7', 3);

INSERT INTO recipes (id, user_id, title, description, instructions, image_url, servings, source_url, source_name, is_archived, views, cart_adds) VALUES ('f342e817-23ec-4ea0-8773-8512a8eeaa39', 'admin-user-id', 'Pan-Seared Salmon with Brussels Sprouts and Wild Rice', 'A delicious Pan-Seared Salmon with Brussels Sprouts and Wild Rice recipe. This Midwest-friendly dish is a family favorite and easy to make with common ingredients.', '1. Preheat oven to 375°F (190°C) if baking.
2. Prepare the Rice and other main ingredients.
3. In a large bowl, combine with seasonings.
4. Cook according to source instructions until internal temperature is safe.
5. Let rest for 5 minutes before serving.', 'https://images.unsplash.com/photo-1529042410759-adb828e4eaf0?auto=format&fit=crop&w=800&q=60', 5, 'https://www.tasteofhome.com/recipe/pan-seared-salmon-with-brussels-sprouts-and-wild-rice', 'Taste of Home', 0, 827, 45);
INSERT INTO ingredients (id, recipe_id, name, quantity, unit) VALUES ('7771ac95-4a6f-4940-98e6-ada07bc33d67', 'f342e817-23ec-4ea0-8773-8512a8eeaa39', 'Black Pepper', 1.1, 'tsp');
INSERT INTO ingredients (id, recipe_id, name, quantity, unit) VALUES ('2bb716bd-e6b9-433b-8a8e-720ff5d34c76', 'f342e817-23ec-4ea0-8773-8512a8eeaa39', 'Tomato Sauce', 1.2, 'oz');
INSERT INTO ingredients (id, recipe_id, name, quantity, unit) VALUES ('f3e1581c-e4c0-4a47-9667-14bded167417', 'f342e817-23ec-4ea0-8773-8512a8eeaa39', 'Potatoes', 1.9, 'lb');
INSERT INTO ingredients (id, recipe_id, name, quantity, unit) VALUES ('1ea9ead7-eeea-4ae0-8ccf-b38283fae31f', 'f342e817-23ec-4ea0-8773-8512a8eeaa39', 'Garlic', 2.9, 'clove');
INSERT INTO recipe_dietary_tags (recipe_id, tag_id) VALUES ('f342e817-23ec-4ea0-8773-8512a8eeaa39', 3);

INSERT INTO recipes (id, user_id, title, description, instructions, image_url, servings, source_url, source_name, is_archived, views, cart_adds) VALUES ('f8a647a6-7516-4ae5-939c-bd701373decd', 'admin-user-id', 'Grilled Pork with Zucchini and Brown Rice', 'A delicious Grilled Pork with Zucchini and Brown Rice recipe. This Midwest-friendly dish is a family favorite and easy to make with common ingredients.', '1. Preheat oven to 375°F (190°C) if baking.
2. Prepare the Rice and other main ingredients.
3. In a large bowl, combine with seasonings.
4. Cook according to source instructions until internal temperature is safe.
5. Let rest for 5 minutes before serving.', 'https://images.unsplash.com/photo-1455619452474-d2ba29bc06da?auto=format&fit=crop&w=800&q=60', 2, 'https://www.bonappetit.com/recipe/grilled-pork-with-zucchini-and-brown-rice', 'Bon Appetit', 0, 326, 60);
INSERT INTO ingredients (id, recipe_id, name, quantity, unit) VALUES ('0a7d8dab-2f50-4970-9887-62995ae28d2d', 'f8a647a6-7516-4ae5-939c-bd701373decd', 'Carrots', 0.8, 'cup');
INSERT INTO ingredients (id, recipe_id, name, quantity, unit) VALUES ('8f559654-b8f3-4677-8d58-1c68de315e7d', 'f8a647a6-7516-4ae5-939c-bd701373decd', 'Garlic', 2.8, 'clove');
INSERT INTO ingredients (id, recipe_id, name, quantity, unit) VALUES ('0aed45e1-ce6a-4075-933b-aa94f1213212', 'f8a647a6-7516-4ae5-939c-bd701373decd', 'Lemon Juice', 3.1, 'tbsp');
INSERT INTO ingredients (id, recipe_id, name, quantity, unit) VALUES ('10df82dc-50ba-4884-a62a-bb149b327e70', 'f8a647a6-7516-4ae5-939c-bd701373decd', 'Honey', 2.1, 'tbsp');
INSERT INTO ingredients (id, recipe_id, name, quantity, unit) VALUES ('3012bbfa-d77d-46e2-9954-6d9f70c3df18', 'f8a647a6-7516-4ae5-939c-bd701373decd', 'Olive Oil', 2.1, 'tbsp');
INSERT INTO ingredients (id, recipe_id, name, quantity, unit) VALUES ('218ea372-176e-48bd-9ea3-58208a7f63dd', 'f8a647a6-7516-4ae5-939c-bd701373decd', 'Tater Tots', 0.5, 'oz');
INSERT INTO recipe_dietary_tags (recipe_id, tag_id) VALUES ('f8a647a6-7516-4ae5-939c-bd701373decd', 10);
INSERT INTO recipe_dietary_tags (recipe_id, tag_id) VALUES ('f8a647a6-7516-4ae5-939c-bd701373decd', 2);

INSERT INTO recipes (id, user_id, title, description, instructions, image_url, servings, source_url, source_name, is_archived, views, cart_adds) VALUES ('26124156-1ada-4aa8-9aa2-f425df763782', 'admin-user-id', 'Roasted Venison with Kale and Quinoa', 'A delicious Roasted Venison with Kale and Quinoa recipe. This Midwest-friendly dish is a family favorite and easy to make with common ingredients.', '1. Preheat oven to 375°F (190°C) if baking.
2. Prepare the Quinoa and other main ingredients.
3. In a large bowl, combine with seasonings.
4. Cook according to source instructions until internal temperature is safe.
5. Let rest for 5 minutes before serving.', 'https://images.unsplash.com/photo-1504113888839-14294c223d51?auto=format&fit=crop&w=800&q=60', 3, 'https://www.foodnetwork.com/recipe/roasted-venison-with-kale-and-quinoa', 'Food Network', 0, 451, 0);
INSERT INTO ingredients (id, recipe_id, name, quantity, unit) VALUES ('d2eb2744-64d7-4d91-8db2-682c1d2bc704', '26124156-1ada-4aa8-9aa2-f425df763782', 'Cream of Mushroom Soup', 2.5, 'can');
INSERT INTO ingredients (id, recipe_id, name, quantity, unit) VALUES ('f42139f4-4907-49f2-a72c-d6e8048ab0ba', '26124156-1ada-4aa8-9aa2-f425df763782', 'Milk', 3.2, 'cup');
INSERT INTO ingredients (id, recipe_id, name, quantity, unit) VALUES ('c51d219b-84e6-4b66-9906-d20610bae713', '26124156-1ada-4aa8-9aa2-f425df763782', 'Heavy Cream', 0.5, 'cup');
INSERT INTO ingredients (id, recipe_id, name, quantity, unit) VALUES ('444f60aa-d3ba-4068-a0cd-7fa353f51af6', '26124156-1ada-4aa8-9aa2-f425df763782', 'Celery', 1.4, 'cup');
INSERT INTO recipe_dietary_tags (recipe_id, tag_id) VALUES ('26124156-1ada-4aa8-9aa2-f425df763782', 8);
INSERT INTO recipe_dietary_tags (recipe_id, tag_id) VALUES ('26124156-1ada-4aa8-9aa2-f425df763782', 4);

INSERT INTO recipes (id, user_id, title, description, instructions, image_url, servings, source_url, source_name, is_archived, views, cart_adds) VALUES ('175b0cd1-f7ce-44aa-91e5-b2d96bf29f40', 'admin-user-id', 'Pan-Seared Turkey with Sweet Potatoes and Mashed Cauliflower', 'A delicious Pan-Seared Turkey with Sweet Potatoes and Mashed Cauliflower recipe. This Midwest-friendly dish is a family favorite and easy to make with common ingredients.', '1. Preheat oven to 375°F (190°C) if baking.
2. Prepare the Cauliflower and other main ingredients.
3. In a large bowl, combine with seasonings.
4. Cook according to source instructions until internal temperature is safe.
5. Let rest for 5 minutes before serving.', 'https://images.unsplash.com/photo-1546062477-fe2f66230ba3?auto=format&fit=crop&w=800&q=60', 7, 'https://www.tasteofhome.com/recipe/pan-seared-turkey-with-sweet-potatoes-and-mashed-cauliflower', 'Taste of Home', 0, 988, 15);
INSERT INTO ingredients (id, recipe_id, name, quantity, unit) VALUES ('42f0dfa9-e5cd-4c8b-850e-ce0770c56700', '175b0cd1-f7ce-44aa-91e5-b2d96bf29f40', 'Potatoes', 0.7, 'lb');
INSERT INTO ingredients (id, recipe_id, name, quantity, unit) VALUES ('5bb91e8f-8fb1-4d40-a372-d82389f75672', '175b0cd1-f7ce-44aa-91e5-b2d96bf29f40', 'Chicken Breast', 1.2, 'lb');
INSERT INTO ingredients (id, recipe_id, name, quantity, unit) VALUES ('40add321-b7ff-4642-baa6-8fffd917b65d', '175b0cd1-f7ce-44aa-91e5-b2d96bf29f40', 'Egg', 3.4, 'large');
INSERT INTO ingredients (id, recipe_id, name, quantity, unit) VALUES ('55e0400d-1b90-4deb-b02f-1b18901404e5', '175b0cd1-f7ce-44aa-91e5-b2d96bf29f40', 'Lemon Juice', 1.0, 'tbsp');
INSERT INTO ingredients (id, recipe_id, name, quantity, unit) VALUES ('86a53c35-dcd4-4ca6-99b2-5d86a3951660', '175b0cd1-f7ce-44aa-91e5-b2d96bf29f40', 'Carrots', 1.2, 'cup');
INSERT INTO ingredients (id, recipe_id, name, quantity, unit) VALUES ('73600076-52f1-4e03-916d-b42d71f84bb8', '175b0cd1-f7ce-44aa-91e5-b2d96bf29f40', 'Celery', 1.7, 'cup');
INSERT INTO recipe_dietary_tags (recipe_id, tag_id) VALUES ('175b0cd1-f7ce-44aa-91e5-b2d96bf29f40', 1);
INSERT INTO recipe_dietary_tags (recipe_id, tag_id) VALUES ('175b0cd1-f7ce-44aa-91e5-b2d96bf29f40', 6);
INSERT INTO recipe_dietary_tags (recipe_id, tag_id) VALUES ('175b0cd1-f7ce-44aa-91e5-b2d96bf29f40', 2);

INSERT INTO recipes (id, user_id, title, description, instructions, image_url, servings, source_url, source_name, is_archived, views, cart_adds) VALUES ('6fa16385-6ae4-46a7-a8e5-3ddd9c120716', 'admin-user-id', 'Sautéed Beef with Broccoli and Cauliflower Rice', 'A delicious Sautéed Beef with Broccoli and Cauliflower Rice recipe. This Midwest-friendly dish is a family favorite and easy to make with common ingredients.', '1. Preheat oven to 375°F (190°C) if baking.
2. Prepare the Rice and other main ingredients.
3. In a large bowl, combine with seasonings.
4. Cook according to source instructions until internal temperature is safe.
5. Let rest for 5 minutes before serving.', 'https://images.unsplash.com/photo-1504674900247-0877df9cc836?auto=format&fit=crop&w=800&q=60', 6, 'https://www.epicurious.com/recipe/saut-ed-beef-with-broccoli-and-cauliflower-rice', 'Epicurious', 0, 141, 82);
INSERT INTO ingredients (id, recipe_id, name, quantity, unit) VALUES ('3e388d6d-f3b6-478d-a9bc-14207747a18b', '6fa16385-6ae4-46a7-a8e5-3ddd9c120716', 'Soy Sauce', 2.0, 'tbsp');
INSERT INTO ingredients (id, recipe_id, name, quantity, unit) VALUES ('a69f3a5a-284b-4470-a6e9-6d9eaa8ca3a9', '6fa16385-6ae4-46a7-a8e5-3ddd9c120716', 'Garlic', 1.2, 'clove');
INSERT INTO ingredients (id, recipe_id, name, quantity, unit) VALUES ('a7510761-b2fa-4ea2-a913-84a15f228526', '6fa16385-6ae4-46a7-a8e5-3ddd9c120716', 'Tomato Sauce', 3.0, 'oz');
INSERT INTO ingredients (id, recipe_id, name, quantity, unit) VALUES ('cb37eae1-6c05-44d5-a06e-8b284e77a1d0', '6fa16385-6ae4-46a7-a8e5-3ddd9c120716', 'Milk', 2.7, 'cup');
INSERT INTO recipe_dietary_tags (recipe_id, tag_id) VALUES ('6fa16385-6ae4-46a7-a8e5-3ddd9c120716', 1);
INSERT INTO recipe_dietary_tags (recipe_id, tag_id) VALUES ('6fa16385-6ae4-46a7-a8e5-3ddd9c120716', 6);
INSERT INTO recipe_dietary_tags (recipe_id, tag_id) VALUES ('6fa16385-6ae4-46a7-a8e5-3ddd9c120716', 10);
INSERT INTO recipe_dietary_tags (recipe_id, tag_id) VALUES ('6fa16385-6ae4-46a7-a8e5-3ddd9c120716', 2);
INSERT INTO recipe_dietary_tags (recipe_id, tag_id) VALUES ('6fa16385-6ae4-46a7-a8e5-3ddd9c120716', 4);

INSERT INTO recipes (id, user_id, title, description, instructions, image_url, servings, source_url, source_name, is_archived, views, cart_adds) VALUES ('93722a5d-3b7e-47e1-ad4b-27becd218830', 'admin-user-id', 'Air Fried Chicken with Green Beans and Brown Rice', 'A delicious Air Fried Chicken with Green Beans and Brown Rice recipe. This Midwest-friendly dish is a family favorite and easy to make with common ingredients.', '1. Preheat oven to 375°F (190°C) if baking.
2. Prepare the Rice and other main ingredients.
3. In a large bowl, combine with seasonings.
4. Cook according to source instructions until internal temperature is safe.
5. Let rest for 5 minutes before serving.', 'https://images.unsplash.com/photo-1493770348161-369560ae357d?auto=format&fit=crop&w=800&q=60', 4, 'https://www.bonappetit.com/recipe/air-fried-chicken-with-green-beans-and-brown-rice', 'Bon Appetit', 0, 403, 32);
INSERT INTO ingredients (id, recipe_id, name, quantity, unit) VALUES ('8f01f068-c5b6-4e26-9307-ff95daed4784', '93722a5d-3b7e-47e1-ad4b-27becd218830', 'Garlic', 3.0, 'clove');
INSERT INTO ingredients (id, recipe_id, name, quantity, unit) VALUES ('41a8d9a3-9a28-4693-a6f2-f5bd63613e6f', '93722a5d-3b7e-47e1-ad4b-27becd218830', 'Tomato Sauce', 2.2, 'oz');
INSERT INTO ingredients (id, recipe_id, name, quantity, unit) VALUES ('6d299b0e-03b8-4967-a2c0-0aff97591559', '93722a5d-3b7e-47e1-ad4b-27becd218830', 'Celery', 2.9, 'cup');
INSERT INTO ingredients (id, recipe_id, name, quantity, unit) VALUES ('b2c59986-440a-4736-8fe2-68506c9af480', '93722a5d-3b7e-47e1-ad4b-27becd218830', 'Cream of Mushroom Soup', 2.1, 'can');
INSERT INTO ingredients (id, recipe_id, name, quantity, unit) VALUES ('ef993a46-7aa6-4ff9-9010-fa21eb2782f3', '93722a5d-3b7e-47e1-ad4b-27becd218830', 'Sour Cream', 2.1, 'cup');
INSERT INTO ingredients (id, recipe_id, name, quantity, unit) VALUES ('1ba095e8-a51f-46bd-aea5-8ee8a3d020c5', '93722a5d-3b7e-47e1-ad4b-27becd218830', 'Potatoes', 3.5, 'lb');
INSERT INTO ingredients (id, recipe_id, name, quantity, unit) VALUES ('85564f76-9a30-41b8-a086-6df8871d03a0', '93722a5d-3b7e-47e1-ad4b-27becd218830', 'Cheddar Cheese', 1.4, 'cup');
INSERT INTO recipe_dietary_tags (recipe_id, tag_id) VALUES ('93722a5d-3b7e-47e1-ad4b-27becd218830', 10);
INSERT INTO recipe_dietary_tags (recipe_id, tag_id) VALUES ('93722a5d-3b7e-47e1-ad4b-27becd218830', 2);

INSERT INTO recipes (id, user_id, title, description, instructions, image_url, servings, source_url, source_name, is_archived, views, cart_adds) VALUES ('a341cc3d-12f1-4d5e-8591-889997ec4bce', 'admin-user-id', 'Pan-Seared Beef with Cauliflower and Couscous', 'A delicious Pan-Seared Beef with Cauliflower and Couscous recipe. This Midwest-friendly dish is a family favorite and easy to make with common ingredients.', '1. Preheat oven to 375°F (190°C) if baking.
2. Prepare the Couscous and other main ingredients.
3. In a large bowl, combine with seasonings.
4. Cook according to source instructions until internal temperature is safe.
5. Let rest for 5 minutes before serving.', 'https://images.unsplash.com/photo-1473093226795-af9932fe5856?auto=format&fit=crop&w=800&q=60', 5, 'https://www.foodnetwork.com/recipe/pan-seared-beef-with-cauliflower-and-couscous', 'Food Network', 0, 223, 42);
INSERT INTO ingredients (id, recipe_id, name, quantity, unit) VALUES ('222f5500-b268-4947-bc01-77b501f53f22', 'a341cc3d-12f1-4d5e-8591-889997ec4bce', 'Salt', 3.0, 'tsp');
INSERT INTO ingredients (id, recipe_id, name, quantity, unit) VALUES ('c634ed15-8594-4cd5-b0d7-c199aa56a5b5', 'a341cc3d-12f1-4d5e-8591-889997ec4bce', 'Celery', 2.4, 'cup');
INSERT INTO ingredients (id, recipe_id, name, quantity, unit) VALUES ('ffe86862-c950-40ec-aac8-4a8478af39ce', 'a341cc3d-12f1-4d5e-8591-889997ec4bce', 'Potatoes', 3.4, 'lb');
INSERT INTO ingredients (id, recipe_id, name, quantity, unit) VALUES ('cea62b65-58ef-404b-a4aa-b43f41d9d98d', 'a341cc3d-12f1-4d5e-8591-889997ec4bce', 'Pasta', 1.2, 'oz');
INSERT INTO ingredients (id, recipe_id, name, quantity, unit) VALUES ('28e388de-c8e3-4ba3-8d1d-ef493c2b0b73', 'a341cc3d-12f1-4d5e-8591-889997ec4bce', 'Egg', 1.1, 'large');
INSERT INTO ingredients (id, recipe_id, name, quantity, unit) VALUES ('afcf3d03-dcfa-46fb-8d4e-74bfecfd8675', 'a341cc3d-12f1-4d5e-8591-889997ec4bce', 'Tater Tots', 1.5, 'oz');
INSERT INTO recipe_dietary_tags (recipe_id, tag_id) VALUES ('a341cc3d-12f1-4d5e-8591-889997ec4bce', 10);
INSERT INTO recipe_dietary_tags (recipe_id, tag_id) VALUES ('a341cc3d-12f1-4d5e-8591-889997ec4bce', 2);

INSERT INTO recipes (id, user_id, title, description, instructions, image_url, servings, source_url, source_name, is_archived, views, cart_adds) VALUES ('7e9d4145-49bc-4738-9b06-752c19bcbb71', 'admin-user-id', 'Steamed Lamb with Cauliflower and Cauliflower Rice', 'A delicious Steamed Lamb with Cauliflower and Cauliflower Rice recipe. This Midwest-friendly dish is a family favorite and easy to make with common ingredients.', '1. Preheat oven to 375°F (190°C) if baking.
2. Prepare the Rice and other main ingredients.
3. In a large bowl, combine with seasonings.
4. Cook according to source instructions until internal temperature is safe.
5. Let rest for 5 minutes before serving.', 'https://images.unsplash.com/photo-1512621776951-a57141f2eefd?auto=format&fit=crop&w=800&q=60', 2, 'https://www.epicurious.com/recipe/steamed-lamb-with-cauliflower-and-cauliflower-rice', 'Epicurious', 0, 897, 66);
INSERT INTO ingredients (id, recipe_id, name, quantity, unit) VALUES ('4ba334e5-7364-4eb5-b3a4-7d09efa76678', '7e9d4145-49bc-4738-9b06-752c19bcbb71', 'Chicken Breast', 1.0, 'lb');
INSERT INTO ingredients (id, recipe_id, name, quantity, unit) VALUES ('863b76ac-d288-49ef-9ca7-e9db4b2c0592', '7e9d4145-49bc-4738-9b06-752c19bcbb71', 'Celery', 0.8, 'cup');
INSERT INTO ingredients (id, recipe_id, name, quantity, unit) VALUES ('ff23ae90-9e4c-4c04-944c-47b92c9eb41c', '7e9d4145-49bc-4738-9b06-752c19bcbb71', 'Onion', 3.3, 'cup');
INSERT INTO ingredients (id, recipe_id, name, quantity, unit) VALUES ('9485504a-f248-4b43-820b-9cdcf8d1b117', '7e9d4145-49bc-4738-9b06-752c19bcbb71', 'Potatoes', 2.1, 'lb');
INSERT INTO ingredients (id, recipe_id, name, quantity, unit) VALUES ('ea8f04e2-7463-4312-bbb3-94a18eeed8df', '7e9d4145-49bc-4738-9b06-752c19bcbb71', 'Worcestershire Sauce', 1.2, 'tbsp');
INSERT INTO ingredients (id, recipe_id, name, quantity, unit) VALUES ('26b82216-1f17-4662-8191-c7f23edd349b', '7e9d4145-49bc-4738-9b06-752c19bcbb71', 'Lemon Juice', 2.9, 'tbsp');
INSERT INTO recipe_dietary_tags (recipe_id, tag_id) VALUES ('7e9d4145-49bc-4738-9b06-752c19bcbb71', 1);
INSERT INTO recipe_dietary_tags (recipe_id, tag_id) VALUES ('7e9d4145-49bc-4738-9b06-752c19bcbb71', 6);

INSERT INTO recipes (id, user_id, title, description, instructions, image_url, servings, source_url, source_name, is_archived, views, cart_adds) VALUES ('dc79defa-3afd-46b0-a2c0-8588b0ac30b0', 'admin-user-id', 'Air Fried Shrimp with Broccoli and Lentil Pasta', 'A delicious Air Fried Shrimp with Broccoli and Lentil Pasta recipe. This Midwest-friendly dish is a family favorite and easy to make with common ingredients.', '1. Preheat oven to 375°F (190°C) if baking.
2. Prepare the Pasta and other main ingredients.
3. In a large bowl, combine with seasonings.
4. Cook according to source instructions until internal temperature is safe.
5. Let rest for 5 minutes before serving.', 'https://images.unsplash.com/photo-1482049016688-2d3e1b311543?auto=format&fit=crop&w=800&q=60', 6, 'https://www.epicurious.com/recipe/air-fried-shrimp-with-broccoli-and-lentil-pasta', 'Epicurious', 0, 557, 0);
INSERT INTO ingredients (id, recipe_id, name, quantity, unit) VALUES ('04a958e3-b28c-447f-91b6-c4e3c27c9a48', 'dc79defa-3afd-46b0-a2c0-8588b0ac30b0', 'Carrots', 2.5, 'cup');
INSERT INTO ingredients (id, recipe_id, name, quantity, unit) VALUES ('c5f05c85-c7c2-44a8-85fc-7aab0935dfb4', 'dc79defa-3afd-46b0-a2c0-8588b0ac30b0', 'Soy Sauce', 2.3, 'tbsp');
INSERT INTO ingredients (id, recipe_id, name, quantity, unit) VALUES ('604bb20b-0eb3-45d3-9028-844ffdf569a8', 'dc79defa-3afd-46b0-a2c0-8588b0ac30b0', 'Butter', 0.7, 'tbsp');
INSERT INTO ingredients (id, recipe_id, name, quantity, unit) VALUES ('01e72b5e-1c6d-4712-b721-75a4de273afa', 'dc79defa-3afd-46b0-a2c0-8588b0ac30b0', 'Tomato Sauce', 0.7, 'oz');
INSERT INTO ingredients (id, recipe_id, name, quantity, unit) VALUES ('983fe11f-1925-4bd8-815c-4b28a0407493', 'dc79defa-3afd-46b0-a2c0-8588b0ac30b0', 'Garlic', 2.3, 'clove');
INSERT INTO ingredients (id, recipe_id, name, quantity, unit) VALUES ('6b83a9f6-c050-4a9e-b57a-16c6cf1cbbd3', 'dc79defa-3afd-46b0-a2c0-8588b0ac30b0', 'Breadcrumbs', 1.2, 'cup');
INSERT INTO recipe_dietary_tags (recipe_id, tag_id) VALUES ('dc79defa-3afd-46b0-a2c0-8588b0ac30b0', 10);
INSERT INTO recipe_dietary_tags (recipe_id, tag_id) VALUES ('dc79defa-3afd-46b0-a2c0-8588b0ac30b0', 2);

INSERT INTO recipes (id, user_id, title, description, instructions, image_url, servings, source_url, source_name, is_archived, views, cart_adds) VALUES ('118b6496-ae79-48e3-9de1-e466c03ccb09', 'admin-user-id', 'Sautéed Cod with Cauliflower and Brown Rice', 'A delicious Sautéed Cod with Cauliflower and Brown Rice recipe. This Midwest-friendly dish is a family favorite and easy to make with common ingredients.', '1. Preheat oven to 375°F (190°C) if baking.
2. Prepare the Rice and other main ingredients.
3. In a large bowl, combine with seasonings.
4. Cook according to source instructions until internal temperature is safe.
5. Let rest for 5 minutes before serving.', 'https://images.unsplash.com/photo-1484723091739-30a097e8f929?auto=format&fit=crop&w=800&q=60', 5, 'https://www.foodnetwork.com/recipe/saut-ed-cod-with-cauliflower-and-brown-rice', 'Food Network', 0, 837, 67);
INSERT INTO ingredients (id, recipe_id, name, quantity, unit) VALUES ('1c976f25-e297-4d5b-8fd6-f59454c2668e', '118b6496-ae79-48e3-9de1-e466c03ccb09', 'Celery', 2.8, 'cup');
INSERT INTO ingredients (id, recipe_id, name, quantity, unit) VALUES ('f792c853-be1f-41a4-b2a0-a22f9f8b420b', '118b6496-ae79-48e3-9de1-e466c03ccb09', 'Black Pepper', 2.9, 'tsp');
INSERT INTO ingredients (id, recipe_id, name, quantity, unit) VALUES ('6dfe8b3a-ef6a-4e22-9375-4ed88fae7381', '118b6496-ae79-48e3-9de1-e466c03ccb09', 'Honey', 1.5, 'tbsp');
INSERT INTO ingredients (id, recipe_id, name, quantity, unit) VALUES ('780ffe4c-5610-4468-970d-ab3d94fd4c4e', '118b6496-ae79-48e3-9de1-e466c03ccb09', 'Chicken Breast', 0.5, 'lb');
INSERT INTO ingredients (id, recipe_id, name, quantity, unit) VALUES ('0d891140-ed30-45bb-af2b-c98a29c0ba9d', '118b6496-ae79-48e3-9de1-e466c03ccb09', 'Cheddar Cheese', 0.5, 'cup');
INSERT INTO ingredients (id, recipe_id, name, quantity, unit) VALUES ('c94a79de-5e05-425d-8b74-f8e9a6dbcfd9', '118b6496-ae79-48e3-9de1-e466c03ccb09', 'Pasta', 1.1, 'oz');
INSERT INTO recipe_dietary_tags (recipe_id, tag_id) VALUES ('118b6496-ae79-48e3-9de1-e466c03ccb09', 3);
INSERT INTO recipe_dietary_tags (recipe_id, tag_id) VALUES ('118b6496-ae79-48e3-9de1-e466c03ccb09', 4);
INSERT INTO recipe_dietary_tags (recipe_id, tag_id) VALUES ('118b6496-ae79-48e3-9de1-e466c03ccb09', 7);

INSERT INTO recipes (id, user_id, title, description, instructions, image_url, servings, source_url, source_name, is_archived, views, cart_adds) VALUES ('eb7a2c13-a09d-493f-9e50-284338d1a05f', 'admin-user-id', 'Steamed Shrimp with Brussels Sprouts and Zucchini Noodles', 'A delicious Steamed Shrimp with Brussels Sprouts and Zucchini Noodles recipe. This Midwest-friendly dish is a family favorite and easy to make with common ingredients.', '1. Preheat oven to 375°F (190°C) if baking.
2. Prepare the Noodles and other main ingredients.
3. In a large bowl, combine with seasonings.
4. Cook according to source instructions until internal temperature is safe.
5. Let rest for 5 minutes before serving.', 'https://images.unsplash.com/photo-1540189549336-e6e99c3679fe?auto=format&fit=crop&w=800&q=60', 2, 'https://www.bonappetit.com/recipe/steamed-shrimp-with-brussels-sprouts-and-zucchini-noodles', 'Bon Appetit', 0, 962, 92);
INSERT INTO ingredients (id, recipe_id, name, quantity, unit) VALUES ('a9980f2a-d0d6-4a3e-8cb1-6e70ac5f5606', 'eb7a2c13-a09d-493f-9e50-284338d1a05f', 'Cream of Mushroom Soup', 1.0, 'can');
INSERT INTO ingredients (id, recipe_id, name, quantity, unit) VALUES ('ac7c3009-923e-4c04-983c-dbcf3405ac89', 'eb7a2c13-a09d-493f-9e50-284338d1a05f', 'Worcestershire Sauce', 3.3, 'tbsp');
INSERT INTO ingredients (id, recipe_id, name, quantity, unit) VALUES ('1a354d00-0ad6-401e-8901-69555ddfc8cf', 'eb7a2c13-a09d-493f-9e50-284338d1a05f', 'Salt', 1.4, 'tsp');
INSERT INTO ingredients (id, recipe_id, name, quantity, unit) VALUES ('15b29ba8-b757-4a98-8b9a-47c85d26ec65', 'eb7a2c13-a09d-493f-9e50-284338d1a05f', 'Celery', 2.3, 'cup');
INSERT INTO recipe_dietary_tags (recipe_id, tag_id) VALUES ('eb7a2c13-a09d-493f-9e50-284338d1a05f', 1);
INSERT INTO recipe_dietary_tags (recipe_id, tag_id) VALUES ('eb7a2c13-a09d-493f-9e50-284338d1a05f', 6);
INSERT INTO recipe_dietary_tags (recipe_id, tag_id) VALUES ('eb7a2c13-a09d-493f-9e50-284338d1a05f', 9);

INSERT INTO recipes (id, user_id, title, description, instructions, image_url, servings, source_url, source_name, is_archived, views, cart_adds) VALUES ('3f814c58-27b2-4f15-a2f4-517a8367d09c', 'admin-user-id', 'Grilled Lamb with Sweet Potatoes and Brown Rice', 'A delicious Grilled Lamb with Sweet Potatoes and Brown Rice recipe. This Midwest-friendly dish is a family favorite and easy to make with common ingredients.', '1. Preheat oven to 375°F (190°C) if baking.
2. Prepare the Rice and other main ingredients.
3. In a large bowl, combine with seasonings.
4. Cook according to source instructions until internal temperature is safe.
5. Let rest for 5 minutes before serving.', 'https://images.unsplash.com/photo-1567620985035-091781110527?auto=format&fit=crop&w=800&q=60', 4, 'https://www.foodnetwork.com/recipe/grilled-lamb-with-sweet-potatoes-and-brown-rice', 'Food Network', 0, 196, 10);
INSERT INTO ingredients (id, recipe_id, name, quantity, unit) VALUES ('2e01a167-12eb-4ed0-968e-06a32d230b2b', '3f814c58-27b2-4f15-a2f4-517a8367d09c', 'Butter', 0.7, 'tbsp');
INSERT INTO ingredients (id, recipe_id, name, quantity, unit) VALUES ('ce397812-f564-446f-91e0-71c9b770f486', '3f814c58-27b2-4f15-a2f4-517a8367d09c', 'Heavy Cream', 0.7, 'cup');
INSERT INTO ingredients (id, recipe_id, name, quantity, unit) VALUES ('53d629c4-c517-471a-9801-2c4bfa2f5c3d', '3f814c58-27b2-4f15-a2f4-517a8367d09c', 'Lemon Juice', 0.6, 'tbsp');
INSERT INTO ingredients (id, recipe_id, name, quantity, unit) VALUES ('a3686674-ebdd-44dd-8f02-61f552c552ea', '3f814c58-27b2-4f15-a2f4-517a8367d09c', 'Worcestershire Sauce', 2.8, 'tbsp');
INSERT INTO ingredients (id, recipe_id, name, quantity, unit) VALUES ('cfd9a4c3-ea00-43f5-9f5b-3edf25a77cdd', '3f814c58-27b2-4f15-a2f4-517a8367d09c', 'Frozen Peas', 0.8, 'cup');
INSERT INTO ingredients (id, recipe_id, name, quantity, unit) VALUES ('fc169810-8630-4d4e-bed4-2668a1e06c8d', '3f814c58-27b2-4f15-a2f4-517a8367d09c', 'Carrots', 2.2, 'cup');
INSERT INTO ingredients (id, recipe_id, name, quantity, unit) VALUES ('c9373318-b342-4f60-851c-ce47dee92f8c', '3f814c58-27b2-4f15-a2f4-517a8367d09c', 'Onion', 0.6, 'cup');
INSERT INTO recipe_dietary_tags (recipe_id, tag_id) VALUES ('3f814c58-27b2-4f15-a2f4-517a8367d09c', 1);
INSERT INTO recipe_dietary_tags (recipe_id, tag_id) VALUES ('3f814c58-27b2-4f15-a2f4-517a8367d09c', 7);
INSERT INTO recipe_dietary_tags (recipe_id, tag_id) VALUES ('3f814c58-27b2-4f15-a2f4-517a8367d09c', 9);

INSERT INTO recipes (id, user_id, title, description, instructions, image_url, servings, source_url, source_name, is_archived, views, cart_adds) VALUES ('31abff97-9dca-4108-8353-e2fa925ae28c', 'admin-user-id', 'Baked Venison with Asparagus and Lentil Pasta', 'A delicious Baked Venison with Asparagus and Lentil Pasta recipe. This Midwest-friendly dish is a family favorite and easy to make with common ingredients.', '1. Preheat oven to 375°F (190°C) if baking.
2. Prepare the Pasta and other main ingredients.
3. In a large bowl, combine with seasonings.
4. Cook according to source instructions until internal temperature is safe.
5. Let rest for 5 minutes before serving.', 'https://images.unsplash.com/photo-1565299624946-b28f40a0ae38?auto=format&fit=crop&w=800&q=60', 6, 'https://www.bonappetit.com/recipe/baked-venison-with-asparagus-and-lentil-pasta', 'Bon Appetit', 0, 125, 53);
INSERT INTO ingredients (id, recipe_id, name, quantity, unit) VALUES ('0b74cf5b-fd37-4d65-a9e0-ab519c8ac2a8', '31abff97-9dca-4108-8353-e2fa925ae28c', 'Black Pepper', 1.4, 'tsp');
INSERT INTO ingredients (id, recipe_id, name, quantity, unit) VALUES ('8caebb1d-5ac2-417e-aaaa-cc946a9c8adf', '31abff97-9dca-4108-8353-e2fa925ae28c', 'Pasta', 2.6, 'oz');
INSERT INTO ingredients (id, recipe_id, name, quantity, unit) VALUES ('289f5447-7b8e-40c8-9c65-d8ffe2403c62', '31abff97-9dca-4108-8353-e2fa925ae28c', 'Salt', 1.0, 'tsp');
INSERT INTO ingredients (id, recipe_id, name, quantity, unit) VALUES ('27877da8-fcf2-4426-a88e-29dab2e6e0c7', '31abff97-9dca-4108-8353-e2fa925ae28c', 'Worcestershire Sauce', 0.6, 'tbsp');
INSERT INTO ingredients (id, recipe_id, name, quantity, unit) VALUES ('d5f5122d-188a-4d44-a976-5ca6e2738cc2', '31abff97-9dca-4108-8353-e2fa925ae28c', 'Onion', 3.0, 'cup');
INSERT INTO ingredients (id, recipe_id, name, quantity, unit) VALUES ('52f73341-8fc5-4f67-a213-4cd233528b70', '31abff97-9dca-4108-8353-e2fa925ae28c', 'Sour Cream', 2.2, 'cup');
INSERT INTO recipe_dietary_tags (recipe_id, tag_id) VALUES ('31abff97-9dca-4108-8353-e2fa925ae28c', 1);
INSERT INTO recipe_dietary_tags (recipe_id, tag_id) VALUES ('31abff97-9dca-4108-8353-e2fa925ae28c', 2);
INSERT INTO recipe_dietary_tags (recipe_id, tag_id) VALUES ('31abff97-9dca-4108-8353-e2fa925ae28c', 4);

INSERT INTO recipes (id, user_id, title, description, instructions, image_url, servings, source_url, source_name, is_archived, views, cart_adds) VALUES ('cd88467f-fff5-4306-9c9f-e36be29dd343', 'admin-user-id', 'Roasted Tofu with Asparagus and Cauliflower Rice', 'A delicious Roasted Tofu with Asparagus and Cauliflower Rice recipe. This Midwest-friendly dish is a family favorite and easy to make with common ingredients.', '1. Preheat oven to 375°F (190°C) if baking.
2. Prepare the Rice and other main ingredients.
3. In a large bowl, combine with seasonings.
4. Cook according to source instructions until internal temperature is safe.
5. Let rest for 5 minutes before serving.', 'https://images.unsplash.com/photo-1555939594-58d7cb561ad1?auto=format&fit=crop&w=800&q=60', 4, 'https://www.tasteofhome.com/recipe/roasted-tofu-with-asparagus-and-cauliflower-rice', 'Taste of Home', 0, 999, 84);
INSERT INTO ingredients (id, recipe_id, name, quantity, unit) VALUES ('d3d34b59-29d7-4133-adca-d7f4bcd47856', 'cd88467f-fff5-4306-9c9f-e36be29dd343', 'Honey', 3.4, 'tbsp');
INSERT INTO ingredients (id, recipe_id, name, quantity, unit) VALUES ('9915e984-f221-46a2-b3e8-5bb43a8e583a', 'cd88467f-fff5-4306-9c9f-e36be29dd343', 'Rice', 2.7, 'cup');
INSERT INTO ingredients (id, recipe_id, name, quantity, unit) VALUES ('c19a7d9f-1e62-4629-aca2-be17ea26305a', 'cd88467f-fff5-4306-9c9f-e36be29dd343', 'Cheddar Cheese', 2.1, 'cup');
INSERT INTO ingredients (id, recipe_id, name, quantity, unit) VALUES ('ec686d47-2e9f-47b0-aa38-7aaa54afa2b7', 'cd88467f-fff5-4306-9c9f-e36be29dd343', 'Butter', 1.2, 'tbsp');
INSERT INTO ingredients (id, recipe_id, name, quantity, unit) VALUES ('f3eabb13-a96b-4437-b5d4-23ebfe150ccd', 'cd88467f-fff5-4306-9c9f-e36be29dd343', 'Heavy Cream', 3.4, 'cup');
INSERT INTO recipe_dietary_tags (recipe_id, tag_id) VALUES ('cd88467f-fff5-4306-9c9f-e36be29dd343', 1);
INSERT INTO recipe_dietary_tags (recipe_id, tag_id) VALUES ('cd88467f-fff5-4306-9c9f-e36be29dd343', 6);
INSERT INTO recipe_dietary_tags (recipe_id, tag_id) VALUES ('cd88467f-fff5-4306-9c9f-e36be29dd343', 3);
INSERT INTO recipe_dietary_tags (recipe_id, tag_id) VALUES ('cd88467f-fff5-4306-9c9f-e36be29dd343', 2);
INSERT INTO recipe_dietary_tags (recipe_id, tag_id) VALUES ('cd88467f-fff5-4306-9c9f-e36be29dd343', 8);

INSERT INTO recipes (id, user_id, title, description, instructions, image_url, servings, source_url, source_name, is_archived, views, cart_adds) VALUES ('ff6f6ad2-8a5e-4456-9023-b9f172448a19', 'admin-user-id', 'Grilled Turkey with Broccoli and Wild Rice', 'A delicious Grilled Turkey with Broccoli and Wild Rice recipe. This Midwest-friendly dish is a family favorite and easy to make with common ingredients.', '1. Preheat oven to 375°F (190°C) if baking.
2. Prepare the Rice and other main ingredients.
3. In a large bowl, combine with seasonings.
4. Cook according to source instructions until internal temperature is safe.
5. Let rest for 5 minutes before serving.', 'https://images.unsplash.com/photo-1513104894114-bd7ea4718312?auto=format&fit=crop&w=800&q=60', 2, 'https://www.tasteofhome.com/recipe/grilled-turkey-with-broccoli-and-wild-rice', 'Taste of Home', 0, 704, 8);
INSERT INTO ingredients (id, recipe_id, name, quantity, unit) VALUES ('3b80079b-984a-47aa-a9f1-8a1e952eca1f', 'ff6f6ad2-8a5e-4456-9023-b9f172448a19', 'Potatoes', 0.5, 'lb');
INSERT INTO ingredients (id, recipe_id, name, quantity, unit) VALUES ('426e5272-e070-4138-825d-a4649ca7c139', 'ff6f6ad2-8a5e-4456-9023-b9f172448a19', 'Lemon Juice', 1.2, 'tbsp');
INSERT INTO ingredients (id, recipe_id, name, quantity, unit) VALUES ('06e84b87-a3b5-4acc-b2bd-c5e0cd1bde9b', 'ff6f6ad2-8a5e-4456-9023-b9f172448a19', 'Soy Sauce', 1.9, 'tbsp');
INSERT INTO ingredients (id, recipe_id, name, quantity, unit) VALUES ('b46b4ba4-f30e-4fff-ab00-a27bd2d719d6', 'ff6f6ad2-8a5e-4456-9023-b9f172448a19', 'Butter', 0.6, 'tbsp');
INSERT INTO recipe_dietary_tags (recipe_id, tag_id) VALUES ('ff6f6ad2-8a5e-4456-9023-b9f172448a19', 6);

INSERT INTO recipes (id, user_id, title, description, instructions, image_url, servings, source_url, source_name, is_archived, views, cart_adds) VALUES ('c773ea8c-b602-4fcf-bff3-f54185b4ec05', 'admin-user-id', 'Roasted Tofu with Brussels Sprouts and Zucchini Noodles', 'A delicious Roasted Tofu with Brussels Sprouts and Zucchini Noodles recipe. This Midwest-friendly dish is a family favorite and easy to make with common ingredients.', '1. Preheat oven to 375°F (190°C) if baking.
2. Prepare the Noodles and other main ingredients.
3. In a large bowl, combine with seasonings.
4. Cook according to source instructions until internal temperature is safe.
5. Let rest for 5 minutes before serving.', 'https://images.unsplash.com/photo-1504754524776-8f4f37799ca7?auto=format&fit=crop&w=800&q=60', 6, 'https://www.allrecipes.com/recipe/roasted-tofu-with-brussels-sprouts-and-zucchini-noodles', 'AllRecipes', 0, 959, 91);
INSERT INTO ingredients (id, recipe_id, name, quantity, unit) VALUES ('d448471b-7d67-4d20-8cf8-81de47ea44bc', 'c773ea8c-b602-4fcf-bff3-f54185b4ec05', 'Salt', 1.7, 'tsp');
INSERT INTO ingredients (id, recipe_id, name, quantity, unit) VALUES ('5417271e-7ac2-42cf-a812-1f300ec87473', 'c773ea8c-b602-4fcf-bff3-f54185b4ec05', 'Rice', 2.8, 'cup');
INSERT INTO ingredients (id, recipe_id, name, quantity, unit) VALUES ('8f28d81c-e63c-44a1-90cc-d7acc801d733', 'c773ea8c-b602-4fcf-bff3-f54185b4ec05', 'Olive Oil', 0.9, 'tbsp');
INSERT INTO ingredients (id, recipe_id, name, quantity, unit) VALUES ('3d446d66-42d6-4cb5-8262-963b7017524a', 'c773ea8c-b602-4fcf-bff3-f54185b4ec05', 'Garlic', 1.6, 'clove');
INSERT INTO ingredients (id, recipe_id, name, quantity, unit) VALUES ('81f3e9f3-7e2c-4110-8089-cb2e96200e76', 'c773ea8c-b602-4fcf-bff3-f54185b4ec05', 'Tomato Sauce', 2.1, 'oz');
INSERT INTO ingredients (id, recipe_id, name, quantity, unit) VALUES ('78520d8e-182c-4954-bfc6-9d4beb546538', 'c773ea8c-b602-4fcf-bff3-f54185b4ec05', 'Breadcrumbs', 2.3, 'cup');
INSERT INTO recipe_dietary_tags (recipe_id, tag_id) VALUES ('c773ea8c-b602-4fcf-bff3-f54185b4ec05', 1);
INSERT INTO recipe_dietary_tags (recipe_id, tag_id) VALUES ('c773ea8c-b602-4fcf-bff3-f54185b4ec05', 6);
INSERT INTO recipe_dietary_tags (recipe_id, tag_id) VALUES ('c773ea8c-b602-4fcf-bff3-f54185b4ec05', 3);

INSERT INTO recipes (id, user_id, title, description, instructions, image_url, servings, source_url, source_name, is_archived, views, cart_adds) VALUES ('d801633c-9c3f-4708-a21d-4bdda63a55bf', 'admin-user-id', 'Grilled Cod with Kale and Couscous', 'A delicious Grilled Cod with Kale and Couscous recipe. This Midwest-friendly dish is a family favorite and easy to make with common ingredients.', '1. Preheat oven to 375°F (190°C) if baking.
2. Prepare the Couscous and other main ingredients.
3. In a large bowl, combine with seasonings.
4. Cook according to source instructions until internal temperature is safe.
5. Let rest for 5 minutes before serving.', 'https://images.unsplash.com/photo-1476224203421-9ac3993557a4?auto=format&fit=crop&w=800&q=60', 7, 'https://www.bonappetit.com/recipe/grilled-cod-with-kale-and-couscous', 'Bon Appetit', 0, 965, 60);
INSERT INTO ingredients (id, recipe_id, name, quantity, unit) VALUES ('47f36396-4626-4395-9758-86a98bde7afd', 'd801633c-9c3f-4708-a21d-4bdda63a55bf', 'Breadcrumbs', 0.6, 'cup');
INSERT INTO ingredients (id, recipe_id, name, quantity, unit) VALUES ('d0e3abae-c406-475d-87ec-1834caf0e1cf', 'd801633c-9c3f-4708-a21d-4bdda63a55bf', 'Celery', 1.1, 'cup');
INSERT INTO ingredients (id, recipe_id, name, quantity, unit) VALUES ('0455b1e3-9bff-4abd-a344-1b783b78b369', 'd801633c-9c3f-4708-a21d-4bdda63a55bf', 'Garlic', 1.0, 'clove');
INSERT INTO ingredients (id, recipe_id, name, quantity, unit) VALUES ('96cbcdae-fa50-4695-a1ca-f770724a5e98', 'd801633c-9c3f-4708-a21d-4bdda63a55bf', 'Cream of Mushroom Soup', 3.0, 'can');
INSERT INTO ingredients (id, recipe_id, name, quantity, unit) VALUES ('df5fc2fd-2903-4288-9959-4a5964c1e26b', 'd801633c-9c3f-4708-a21d-4bdda63a55bf', 'Olive Oil', 1.2, 'tbsp');
INSERT INTO ingredients (id, recipe_id, name, quantity, unit) VALUES ('c6319135-2c4a-4364-b8c6-0789c6a5ffe2', 'd801633c-9c3f-4708-a21d-4bdda63a55bf', 'Butter', 1.0, 'tbsp');
INSERT INTO ingredients (id, recipe_id, name, quantity, unit) VALUES ('bcfd6e37-28de-4805-9e15-e4586bd599c0', 'd801633c-9c3f-4708-a21d-4bdda63a55bf', 'Lemon Juice', 1.9, 'tbsp');
INSERT INTO recipe_dietary_tags (recipe_id, tag_id) VALUES ('d801633c-9c3f-4708-a21d-4bdda63a55bf', 3);
INSERT INTO recipe_dietary_tags (recipe_id, tag_id) VALUES ('d801633c-9c3f-4708-a21d-4bdda63a55bf', 7);
INSERT INTO recipe_dietary_tags (recipe_id, tag_id) VALUES ('d801633c-9c3f-4708-a21d-4bdda63a55bf', 9);

INSERT INTO recipes (id, user_id, title, description, instructions, image_url, servings, source_url, source_name, is_archived, views, cart_adds) VALUES ('db832607-e8bd-4f49-98d3-d514e4ed91e7', 'admin-user-id', 'Sautéed Pork with Sweet Potatoes and Zucchini Noodles', 'A delicious Sautéed Pork with Sweet Potatoes and Zucchini Noodles recipe. This Midwest-friendly dish is a family favorite and easy to make with common ingredients.', '1. Preheat oven to 375°F (190°C) if baking.
2. Prepare the Noodles and other main ingredients.
3. In a large bowl, combine with seasonings.
4. Cook according to source instructions until internal temperature is safe.
5. Let rest for 5 minutes before serving.', 'https://images.unsplash.com/photo-1498837167721-8f5c1a322c2e?auto=format&fit=crop&w=800&q=60', 7, 'https://www.allrecipes.com/recipe/saut-ed-pork-with-sweet-potatoes-and-zucchini-noodles', 'AllRecipes', 0, 683, 16);
INSERT INTO ingredients (id, recipe_id, name, quantity, unit) VALUES ('8a7b1d76-28ce-4380-9708-835c2b995aac', 'db832607-e8bd-4f49-98d3-d514e4ed91e7', 'Tomato Sauce', 2.3, 'oz');
INSERT INTO ingredients (id, recipe_id, name, quantity, unit) VALUES ('66574a5b-8cc9-4ead-a722-7acc69cdfd15', 'db832607-e8bd-4f49-98d3-d514e4ed91e7', 'Ground Beef', 3.4, 'lb');
INSERT INTO ingredients (id, recipe_id, name, quantity, unit) VALUES ('60ad85a0-e6a3-42fc-8165-3d64fa2c8d13', 'db832607-e8bd-4f49-98d3-d514e4ed91e7', 'Heavy Cream', 3.4, 'cup');
INSERT INTO ingredients (id, recipe_id, name, quantity, unit) VALUES ('e8e5949d-9f22-4167-9356-bb67fc844ddf', 'db832607-e8bd-4f49-98d3-d514e4ed91e7', 'Sour Cream', 2.7, 'cup');
INSERT INTO ingredients (id, recipe_id, name, quantity, unit) VALUES ('ffc1dfb1-ff4d-4114-b834-77fb2f649707', 'db832607-e8bd-4f49-98d3-d514e4ed91e7', 'Worcestershire Sauce', 1.0, 'tbsp');
INSERT INTO ingredients (id, recipe_id, name, quantity, unit) VALUES ('38824d20-0ee5-4c00-bbc0-8ae52a17eb00', 'db832607-e8bd-4f49-98d3-d514e4ed91e7', 'Potatoes', 1.9, 'lb');
INSERT INTO ingredients (id, recipe_id, name, quantity, unit) VALUES ('b2658339-0a05-4242-b560-ec71d4143dd2', 'db832607-e8bd-4f49-98d3-d514e4ed91e7', 'Lemon Juice', 0.6, 'tbsp');
INSERT INTO recipe_dietary_tags (recipe_id, tag_id) VALUES ('db832607-e8bd-4f49-98d3-d514e4ed91e7', 1);
INSERT INTO recipe_dietary_tags (recipe_id, tag_id) VALUES ('db832607-e8bd-4f49-98d3-d514e4ed91e7', 6);
INSERT INTO recipe_dietary_tags (recipe_id, tag_id) VALUES ('db832607-e8bd-4f49-98d3-d514e4ed91e7', 10);
INSERT INTO recipe_dietary_tags (recipe_id, tag_id) VALUES ('db832607-e8bd-4f49-98d3-d514e4ed91e7', 7);

INSERT INTO recipes (id, user_id, title, description, instructions, image_url, servings, source_url, source_name, is_archived, views, cart_adds) VALUES ('d9ceb12d-dfbd-4949-bea4-c14d8d8dbe9b', 'admin-user-id', 'Roasted Pork with Brussels Sprouts and Zucchini Noodles', 'A delicious Roasted Pork with Brussels Sprouts and Zucchini Noodles recipe. This Midwest-friendly dish is a family favorite and easy to make with common ingredients.', '1. Preheat oven to 375°F (190°C) if baking.
2. Prepare the Noodles and other main ingredients.
3. In a large bowl, combine with seasonings.
4. Cook according to source instructions until internal temperature is safe.
5. Let rest for 5 minutes before serving.', 'https://images.unsplash.com/photo-1490645935967-10de6ba17051?auto=format&fit=crop&w=800&q=60', 5, 'https://www.tasteofhome.com/recipe/roasted-pork-with-brussels-sprouts-and-zucchini-noodles', 'Taste of Home', 0, 939, 82);
INSERT INTO ingredients (id, recipe_id, name, quantity, unit) VALUES ('9243e06b-6081-414b-a0fb-8eec27b63a9a', 'd9ceb12d-dfbd-4949-bea4-c14d8d8dbe9b', 'Frozen Peas', 1.7, 'cup');
INSERT INTO ingredients (id, recipe_id, name, quantity, unit) VALUES ('8c557af5-ea49-412c-9eb3-2e10fbce08a3', 'd9ceb12d-dfbd-4949-bea4-c14d8d8dbe9b', 'Sour Cream', 2.4, 'cup');
INSERT INTO ingredients (id, recipe_id, name, quantity, unit) VALUES ('36403958-edfb-4393-907c-985abf0d20e9', 'd9ceb12d-dfbd-4949-bea4-c14d8d8dbe9b', 'Tater Tots', 3.2, 'oz');
INSERT INTO ingredients (id, recipe_id, name, quantity, unit) VALUES ('203e334b-ef7b-483f-a0f6-16b1fb8f619b', 'd9ceb12d-dfbd-4949-bea4-c14d8d8dbe9b', 'Ground Beef', 2.4, 'lb');
INSERT INTO recipe_dietary_tags (recipe_id, tag_id) VALUES ('d9ceb12d-dfbd-4949-bea4-c14d8d8dbe9b', 1);
INSERT INTO recipe_dietary_tags (recipe_id, tag_id) VALUES ('d9ceb12d-dfbd-4949-bea4-c14d8d8dbe9b', 6);
INSERT INTO recipe_dietary_tags (recipe_id, tag_id) VALUES ('d9ceb12d-dfbd-4949-bea4-c14d8d8dbe9b', 10);

INSERT INTO recipes (id, user_id, title, description, instructions, image_url, servings, source_url, source_name, is_archived, views, cart_adds) VALUES ('5e688657-4bcf-49f8-80d0-8ee147ec8517', 'admin-user-id', 'Roasted Salmon with Zucchini and Roasted Potatoes', 'A delicious Roasted Salmon with Zucchini and Roasted Potatoes recipe. This Midwest-friendly dish is a family favorite and easy to make with common ingredients.', '1. Preheat oven to 375°F (190°C) if baking.
2. Prepare the Potatoes and other main ingredients.
3. In a large bowl, combine with seasonings.
4. Cook according to source instructions until internal temperature is safe.
5. Let rest for 5 minutes before serving.', 'https://images.unsplash.com/photo-1506084868214-19a1f9e147f8?auto=format&fit=crop&w=800&q=60', 2, 'https://www.bonappetit.com/recipe/roasted-salmon-with-zucchini-and-roasted-potatoes', 'Bon Appetit', 0, 629, 59);
INSERT INTO ingredients (id, recipe_id, name, quantity, unit) VALUES ('ef4a3ca4-8dc2-4b4f-ac7e-7d65cf160b7f', '5e688657-4bcf-49f8-80d0-8ee147ec8517', 'Onion', 2.6, 'cup');
INSERT INTO ingredients (id, recipe_id, name, quantity, unit) VALUES ('3d50d96b-8187-4cfd-91e5-acc0011c8e8a', '5e688657-4bcf-49f8-80d0-8ee147ec8517', 'Butter', 0.5, 'tbsp');
INSERT INTO ingredients (id, recipe_id, name, quantity, unit) VALUES ('4858c820-4bd6-45da-ae6a-57f32ee899a2', '5e688657-4bcf-49f8-80d0-8ee147ec8517', 'Garlic', 1.3, 'clove');
INSERT INTO ingredients (id, recipe_id, name, quantity, unit) VALUES ('e3b60e03-9068-4469-b8e0-3d291625649a', '5e688657-4bcf-49f8-80d0-8ee147ec8517', 'Rice', 2.1, 'cup');
INSERT INTO ingredients (id, recipe_id, name, quantity, unit) VALUES ('dc9167cc-c0d6-4b40-a98b-aeea5d9d4cc9', '5e688657-4bcf-49f8-80d0-8ee147ec8517', 'Breadcrumbs', 0.6, 'cup');
INSERT INTO recipe_dietary_tags (recipe_id, tag_id) VALUES ('5e688657-4bcf-49f8-80d0-8ee147ec8517', 3);
INSERT INTO recipe_dietary_tags (recipe_id, tag_id) VALUES ('5e688657-4bcf-49f8-80d0-8ee147ec8517', 8);

INSERT INTO recipes (id, user_id, title, description, instructions, image_url, servings, source_url, source_name, is_archived, views, cart_adds) VALUES ('d29e93e9-f93a-4756-8ca7-7737bd33967b', 'admin-user-id', 'Slow Cooked Turkey with Spinach and Roasted Potatoes', 'A delicious Slow Cooked Turkey with Spinach and Roasted Potatoes recipe. This Midwest-friendly dish is a family favorite and easy to make with common ingredients.', '1. Preheat oven to 375°F (190°C) if baking.
2. Prepare the Potatoes and other main ingredients.
3. In a large bowl, combine with seasonings.
4. Cook according to source instructions until internal temperature is safe.
5. Let rest for 5 minutes before serving.', 'https://images.unsplash.com/photo-1529042410759-adb828e4eaf0?auto=format&fit=crop&w=800&q=60', 5, 'https://www.foodnetwork.com/recipe/slow-cooked-turkey-with-spinach-and-roasted-potatoes', 'Food Network', 0, 994, 43);
INSERT INTO ingredients (id, recipe_id, name, quantity, unit) VALUES ('e48eb7a3-9a9f-4c12-b7a4-4c098e0c0fb9', 'd29e93e9-f93a-4756-8ca7-7737bd33967b', 'Dijon Mustard', 1.1, 'tsp');
INSERT INTO ingredients (id, recipe_id, name, quantity, unit) VALUES ('76009e49-573a-4f74-bfe1-a0592bc3e3b6', 'd29e93e9-f93a-4756-8ca7-7737bd33967b', 'Butter', 0.5, 'tbsp');
INSERT INTO ingredients (id, recipe_id, name, quantity, unit) VALUES ('0143a150-c3a2-46ea-ae6f-afcd77839a0c', 'd29e93e9-f93a-4756-8ca7-7737bd33967b', 'Egg', 2.6, 'large');
INSERT INTO ingredients (id, recipe_id, name, quantity, unit) VALUES ('8a1c0f95-f03b-4aee-a133-b01dde7c382c', 'd29e93e9-f93a-4756-8ca7-7737bd33967b', 'Lemon Juice', 1.6, 'tbsp');
INSERT INTO ingredients (id, recipe_id, name, quantity, unit) VALUES ('10032202-eec3-469f-947e-cd285dfb0ca5', 'd29e93e9-f93a-4756-8ca7-7737bd33967b', 'Honey', 3.1, 'tbsp');
INSERT INTO recipe_dietary_tags (recipe_id, tag_id) VALUES ('d29e93e9-f93a-4756-8ca7-7737bd33967b', 1);
INSERT INTO recipe_dietary_tags (recipe_id, tag_id) VALUES ('d29e93e9-f93a-4756-8ca7-7737bd33967b', 2);

INSERT INTO recipes (id, user_id, title, description, instructions, image_url, servings, source_url, source_name, is_archived, views, cart_adds) VALUES ('4bf638e8-97c9-49f4-9b44-9b029123a67b', 'admin-user-id', 'Steamed Beef with Asparagus and Mashed Cauliflower', 'A delicious Steamed Beef with Asparagus and Mashed Cauliflower recipe. This Midwest-friendly dish is a family favorite and easy to make with common ingredients.', '1. Preheat oven to 375°F (190°C) if baking.
2. Prepare the Cauliflower and other main ingredients.
3. In a large bowl, combine with seasonings.
4. Cook according to source instructions until internal temperature is safe.
5. Let rest for 5 minutes before serving.', 'https://images.unsplash.com/photo-1455619452474-d2ba29bc06da?auto=format&fit=crop&w=800&q=60', 4, 'https://www.bonappetit.com/recipe/steamed-beef-with-asparagus-and-mashed-cauliflower', 'Bon Appetit', 0, 701, 91);
INSERT INTO ingredients (id, recipe_id, name, quantity, unit) VALUES ('c94649a2-3282-429f-b8ed-f0315b4153fe', '4bf638e8-97c9-49f4-9b44-9b029123a67b', 'Cream of Mushroom Soup', 3.4, 'can');
INSERT INTO ingredients (id, recipe_id, name, quantity, unit) VALUES ('f676e361-bec4-47cd-abcc-385abd2ec0c7', '4bf638e8-97c9-49f4-9b44-9b029123a67b', 'Frozen Peas', 0.9, 'cup');
INSERT INTO ingredients (id, recipe_id, name, quantity, unit) VALUES ('6aed2ad4-6027-4d78-86de-ccb75b1c5166', '4bf638e8-97c9-49f4-9b44-9b029123a67b', 'Lemon Juice', 2.0, 'tbsp');
INSERT INTO ingredients (id, recipe_id, name, quantity, unit) VALUES ('34ff8de9-95a4-4ab1-a42f-d8fe2f6a1897', '4bf638e8-97c9-49f4-9b44-9b029123a67b', 'Worcestershire Sauce', 3.0, 'tbsp');
INSERT INTO recipe_dietary_tags (recipe_id, tag_id) VALUES ('4bf638e8-97c9-49f4-9b44-9b029123a67b', 1);
INSERT INTO recipe_dietary_tags (recipe_id, tag_id) VALUES ('4bf638e8-97c9-49f4-9b44-9b029123a67b', 6);
INSERT INTO recipe_dietary_tags (recipe_id, tag_id) VALUES ('4bf638e8-97c9-49f4-9b44-9b029123a67b', 10);
INSERT INTO recipe_dietary_tags (recipe_id, tag_id) VALUES ('4bf638e8-97c9-49f4-9b44-9b029123a67b', 2);

INSERT INTO recipes (id, user_id, title, description, instructions, image_url, servings, source_url, source_name, is_archived, views, cart_adds) VALUES ('1fac4f2d-c6a6-441e-9952-5e0e1e1af367', 'admin-user-id', 'Steamed Chicken with Spinach and Wild Rice', 'A delicious Steamed Chicken with Spinach and Wild Rice recipe. This Midwest-friendly dish is a family favorite and easy to make with common ingredients.', '1. Preheat oven to 375°F (190°C) if baking.
2. Prepare the Rice and other main ingredients.
3. In a large bowl, combine with seasonings.
4. Cook according to source instructions until internal temperature is safe.
5. Let rest for 5 minutes before serving.', 'https://images.unsplash.com/photo-1504113888839-14294c223d51?auto=format&fit=crop&w=800&q=60', 7, 'https://www.allrecipes.com/recipe/steamed-chicken-with-spinach-and-wild-rice', 'AllRecipes', 0, 759, 53);
INSERT INTO ingredients (id, recipe_id, name, quantity, unit) VALUES ('c0ce1fd7-663f-4cd1-b2e5-d5998a52d9d2', '1fac4f2d-c6a6-441e-9952-5e0e1e1af367', 'Butter', 1.6, 'tbsp');
INSERT INTO ingredients (id, recipe_id, name, quantity, unit) VALUES ('bf0caaa3-418e-46ab-84a1-7053a3b3f079', '1fac4f2d-c6a6-441e-9952-5e0e1e1af367', 'Pasta', 2.3, 'oz');
INSERT INTO ingredients (id, recipe_id, name, quantity, unit) VALUES ('fbe78ffc-945f-4707-9847-e617332a3237', '1fac4f2d-c6a6-441e-9952-5e0e1e1af367', 'Dijon Mustard', 1.2, 'tsp');
INSERT INTO ingredients (id, recipe_id, name, quantity, unit) VALUES ('450cf0ef-99c0-49fe-9771-667d48f08e46', '1fac4f2d-c6a6-441e-9952-5e0e1e1af367', 'Soy Sauce', 0.6, 'tbsp');
INSERT INTO ingredients (id, recipe_id, name, quantity, unit) VALUES ('abf2b818-b192-4d9a-a12c-d13ddb3fc795', '1fac4f2d-c6a6-441e-9952-5e0e1e1af367', 'Lemon Juice', 2.8, 'tbsp');
INSERT INTO ingredients (id, recipe_id, name, quantity, unit) VALUES ('6e74f4cf-a1e7-49e3-aa82-c3c4e24f1e12', '1fac4f2d-c6a6-441e-9952-5e0e1e1af367', 'Tomato Sauce', 1.7, 'oz');
INSERT INTO ingredients (id, recipe_id, name, quantity, unit) VALUES ('c9ccc95f-5fb5-4c8b-9fb4-045f409e35ee', '1fac4f2d-c6a6-441e-9952-5e0e1e1af367', 'Black Pepper', 0.8, 'tsp');
INSERT INTO recipe_dietary_tags (recipe_id, tag_id) VALUES ('1fac4f2d-c6a6-441e-9952-5e0e1e1af367', 10);

INSERT INTO recipes (id, user_id, title, description, instructions, image_url, servings, source_url, source_name, is_archived, views, cart_adds) VALUES ('5177e70e-a0f1-4a16-b7da-d934f112f278', 'admin-user-id', 'Steamed Venison with Brussels Sprouts and Brown Rice', 'A delicious Steamed Venison with Brussels Sprouts and Brown Rice recipe. This Midwest-friendly dish is a family favorite and easy to make with common ingredients.', '1. Preheat oven to 375°F (190°C) if baking.
2. Prepare the Rice and other main ingredients.
3. In a large bowl, combine with seasonings.
4. Cook according to source instructions until internal temperature is safe.
5. Let rest for 5 minutes before serving.', 'https://images.unsplash.com/photo-1546062477-fe2f66230ba3?auto=format&fit=crop&w=800&q=60', 2, 'https://www.allrecipes.com/recipe/steamed-venison-with-brussels-sprouts-and-brown-rice', 'AllRecipes', 0, 302, 10);
INSERT INTO ingredients (id, recipe_id, name, quantity, unit) VALUES ('b5509f37-94da-4322-b76f-0f1a4118ff37', '5177e70e-a0f1-4a16-b7da-d934f112f278', 'Soy Sauce', 2.0, 'tbsp');
INSERT INTO ingredients (id, recipe_id, name, quantity, unit) VALUES ('58688208-e855-43b8-b167-2f9bb622114a', '5177e70e-a0f1-4a16-b7da-d934f112f278', 'Olive Oil', 1.4, 'tbsp');
INSERT INTO ingredients (id, recipe_id, name, quantity, unit) VALUES ('fcfd9409-ec77-4423-9f9e-d8d12a935aa8', '5177e70e-a0f1-4a16-b7da-d934f112f278', 'Milk', 1.6, 'cup');
INSERT INTO ingredients (id, recipe_id, name, quantity, unit) VALUES ('4fe15841-187f-4488-8fd4-582a40c1d3f8', '5177e70e-a0f1-4a16-b7da-d934f112f278', 'Garlic', 2.5, 'clove');
INSERT INTO ingredients (id, recipe_id, name, quantity, unit) VALUES ('1ff1dee3-4299-4b42-8d53-248a7d421403', '5177e70e-a0f1-4a16-b7da-d934f112f278', 'Celery', 1.2, 'cup');
INSERT INTO ingredients (id, recipe_id, name, quantity, unit) VALUES ('1d28d304-590c-4503-9926-64a1b196e7a8', '5177e70e-a0f1-4a16-b7da-d934f112f278', 'Carrots', 2.0, 'cup');
INSERT INTO recipe_dietary_tags (recipe_id, tag_id) VALUES ('5177e70e-a0f1-4a16-b7da-d934f112f278', 4);
INSERT INTO recipe_dietary_tags (recipe_id, tag_id) VALUES ('5177e70e-a0f1-4a16-b7da-d934f112f278', 2);

INSERT INTO recipes (id, user_id, title, description, instructions, image_url, servings, source_url, source_name, is_archived, views, cart_adds) VALUES ('e4aaa47f-3f11-46e3-a4c5-713337624da4', 'admin-user-id', 'Air Fried Lamb with Spinach and Zucchini Noodles', 'A delicious Air Fried Lamb with Spinach and Zucchini Noodles recipe. This Midwest-friendly dish is a family favorite and easy to make with common ingredients.', '1. Preheat oven to 375°F (190°C) if baking.
2. Prepare the Noodles and other main ingredients.
3. In a large bowl, combine with seasonings.
4. Cook according to source instructions until internal temperature is safe.
5. Let rest for 5 minutes before serving.', 'https://images.unsplash.com/photo-1504674900247-0877df9cc836?auto=format&fit=crop&w=800&q=60', 7, 'https://www.bonappetit.com/recipe/air-fried-lamb-with-spinach-and-zucchini-noodles', 'Bon Appetit', 0, 919, 45);
INSERT INTO ingredients (id, recipe_id, name, quantity, unit) VALUES ('b1ccb30e-3d1f-47fd-ac90-b9f434ab853a', 'e4aaa47f-3f11-46e3-a4c5-713337624da4', 'Frozen Peas', 2.5, 'cup');
INSERT INTO ingredients (id, recipe_id, name, quantity, unit) VALUES ('ed986dce-6d82-4f44-84d0-5cfbdb2e0e60', 'e4aaa47f-3f11-46e3-a4c5-713337624da4', 'Potatoes', 3.5, 'lb');
INSERT INTO ingredients (id, recipe_id, name, quantity, unit) VALUES ('b431fad4-77a0-4eca-8285-69e21766123e', 'e4aaa47f-3f11-46e3-a4c5-713337624da4', 'Black Pepper', 3.5, 'tsp');
INSERT INTO ingredients (id, recipe_id, name, quantity, unit) VALUES ('596696f9-153b-4515-92d3-5cf9f0e67e05', 'e4aaa47f-3f11-46e3-a4c5-713337624da4', 'Worcestershire Sauce', 1.3, 'tbsp');
INSERT INTO recipe_dietary_tags (recipe_id, tag_id) VALUES ('e4aaa47f-3f11-46e3-a4c5-713337624da4', 1);
INSERT INTO recipe_dietary_tags (recipe_id, tag_id) VALUES ('e4aaa47f-3f11-46e3-a4c5-713337624da4', 6);

INSERT INTO recipes (id, user_id, title, description, instructions, image_url, servings, source_url, source_name, is_archived, views, cart_adds) VALUES ('e38152da-14db-4aef-b563-c1306644ef59', 'admin-user-id', 'Baked Cod with Sweet Potatoes and Brown Rice', 'A delicious Baked Cod with Sweet Potatoes and Brown Rice recipe. This Midwest-friendly dish is a family favorite and easy to make with common ingredients.', '1. Preheat oven to 375°F (190°C) if baking.
2. Prepare the Rice and other main ingredients.
3. In a large bowl, combine with seasonings.
4. Cook according to source instructions until internal temperature is safe.
5. Let rest for 5 minutes before serving.', 'https://images.unsplash.com/photo-1493770348161-369560ae357d?auto=format&fit=crop&w=800&q=60', 6, 'https://www.epicurious.com/recipe/baked-cod-with-sweet-potatoes-and-brown-rice', 'Epicurious', 0, 692, 66);
INSERT INTO ingredients (id, recipe_id, name, quantity, unit) VALUES ('743d136d-9ce2-4a41-810a-f587a2a10632', 'e38152da-14db-4aef-b563-c1306644ef59', 'Carrots', 1.9, 'cup');
INSERT INTO ingredients (id, recipe_id, name, quantity, unit) VALUES ('162b8a14-14eb-4317-a6cc-373d0a9a52c5', 'e38152da-14db-4aef-b563-c1306644ef59', 'Lemon Juice', 2.7, 'tbsp');
INSERT INTO ingredients (id, recipe_id, name, quantity, unit) VALUES ('0ab53920-8d4c-4983-8a67-5b762afd95b1', 'e38152da-14db-4aef-b563-c1306644ef59', 'Heavy Cream', 1.5, 'cup');
INSERT INTO ingredients (id, recipe_id, name, quantity, unit) VALUES ('d7211906-5e16-439a-bfb6-fa90a2b94a49', 'e38152da-14db-4aef-b563-c1306644ef59', 'Garlic', 2.9, 'clove');
INSERT INTO ingredients (id, recipe_id, name, quantity, unit) VALUES ('77423b9f-24ed-4680-a3e6-74114132c78e', 'e38152da-14db-4aef-b563-c1306644ef59', 'Dijon Mustard', 3.0, 'tsp');
INSERT INTO ingredients (id, recipe_id, name, quantity, unit) VALUES ('c4ed9ba1-4cda-45b3-95e2-c7f7965ae176', 'e38152da-14db-4aef-b563-c1306644ef59', 'Olive Oil', 2.6, 'tbsp');
INSERT INTO ingredients (id, recipe_id, name, quantity, unit) VALUES ('d61b12f4-5540-4587-9eee-9a22e4bad8c7', 'e38152da-14db-4aef-b563-c1306644ef59', 'Breadcrumbs', 1.5, 'cup');
INSERT INTO recipe_dietary_tags (recipe_id, tag_id) VALUES ('e38152da-14db-4aef-b563-c1306644ef59', 3);

INSERT INTO recipes (id, user_id, title, description, instructions, image_url, servings, source_url, source_name, is_archived, views, cart_adds) VALUES ('81a49447-754d-4d95-a568-3c627b44be9b', 'admin-user-id', 'Slow Cooked Cod with Spinach and Zucchini Noodles', 'A delicious Slow Cooked Cod with Spinach and Zucchini Noodles recipe. This Midwest-friendly dish is a family favorite and easy to make with common ingredients.', '1. Preheat oven to 375°F (190°C) if baking.
2. Prepare the Noodles and other main ingredients.
3. In a large bowl, combine with seasonings.
4. Cook according to source instructions until internal temperature is safe.
5. Let rest for 5 minutes before serving.', 'https://images.unsplash.com/photo-1473093226795-af9932fe5856?auto=format&fit=crop&w=800&q=60', 7, 'https://www.foodnetwork.com/recipe/slow-cooked-cod-with-spinach-and-zucchini-noodles', 'Food Network', 0, 944, 54);
INSERT INTO ingredients (id, recipe_id, name, quantity, unit) VALUES ('eb56d63c-d8b3-4604-8b3b-b2413425331d', '81a49447-754d-4d95-a568-3c627b44be9b', 'Egg', 2.0, 'large');
INSERT INTO ingredients (id, recipe_id, name, quantity, unit) VALUES ('f47b0561-4654-431c-b440-5c68c9c99161', '81a49447-754d-4d95-a568-3c627b44be9b', 'Garlic', 2.8, 'clove');
INSERT INTO ingredients (id, recipe_id, name, quantity, unit) VALUES ('2efeffbf-10f2-4c65-b257-3523d884b62a', '81a49447-754d-4d95-a568-3c627b44be9b', 'Soy Sauce', 0.6, 'tbsp');
INSERT INTO ingredients (id, recipe_id, name, quantity, unit) VALUES ('31a27abf-156d-42f3-bd19-bf0d796d9302', '81a49447-754d-4d95-a568-3c627b44be9b', 'Onion', 1.1, 'cup');
INSERT INTO ingredients (id, recipe_id, name, quantity, unit) VALUES ('9a2bb0ef-238d-4e3a-a939-548529ea46dd', '81a49447-754d-4d95-a568-3c627b44be9b', 'Ground Beef', 3.0, 'lb');
INSERT INTO ingredients (id, recipe_id, name, quantity, unit) VALUES ('f495bf60-c987-44bd-b8ec-54ee2b500fae', '81a49447-754d-4d95-a568-3c627b44be9b', 'Tomato Sauce', 1.0, 'oz');
INSERT INTO ingredients (id, recipe_id, name, quantity, unit) VALUES ('b65a7cff-7c93-4ab4-b71d-6d7fb78d1c09', '81a49447-754d-4d95-a568-3c627b44be9b', 'Dijon Mustard', 2.8, 'tsp');
INSERT INTO recipe_dietary_tags (recipe_id, tag_id) VALUES ('81a49447-754d-4d95-a568-3c627b44be9b', 1);
INSERT INTO recipe_dietary_tags (recipe_id, tag_id) VALUES ('81a49447-754d-4d95-a568-3c627b44be9b', 6);
INSERT INTO recipe_dietary_tags (recipe_id, tag_id) VALUES ('81a49447-754d-4d95-a568-3c627b44be9b', 3);
INSERT INTO recipe_dietary_tags (recipe_id, tag_id) VALUES ('81a49447-754d-4d95-a568-3c627b44be9b', 4);

INSERT INTO recipes (id, user_id, title, description, instructions, image_url, servings, source_url, source_name, is_archived, views, cart_adds) VALUES ('0b574133-8ed3-4694-a798-e31390d8a0b1', 'admin-user-id', 'Grilled Chicken with Sweet Potatoes and Brown Rice', 'A delicious Grilled Chicken with Sweet Potatoes and Brown Rice recipe. This Midwest-friendly dish is a family favorite and easy to make with common ingredients.', '1. Preheat oven to 375°F (190°C) if baking.
2. Prepare the Rice and other main ingredients.
3. In a large bowl, combine with seasonings.
4. Cook according to source instructions until internal temperature is safe.
5. Let rest for 5 minutes before serving.', 'https://images.unsplash.com/photo-1512621776951-a57141f2eefd?auto=format&fit=crop&w=800&q=60', 2, 'https://www.allrecipes.com/recipe/grilled-chicken-with-sweet-potatoes-and-brown-rice', 'AllRecipes', 0, 620, 63);
INSERT INTO ingredients (id, recipe_id, name, quantity, unit) VALUES ('4c1d53a0-dc1b-4571-bafe-68d6052fd530', '0b574133-8ed3-4694-a798-e31390d8a0b1', 'Carrots', 2.4, 'cup');
INSERT INTO ingredients (id, recipe_id, name, quantity, unit) VALUES ('571d87a1-797c-4d92-a27b-758567fef30e', '0b574133-8ed3-4694-a798-e31390d8a0b1', 'Cheddar Cheese', 0.7, 'cup');
INSERT INTO ingredients (id, recipe_id, name, quantity, unit) VALUES ('98f1c0ce-bacc-4692-8842-bcf37dcbe0f6', '0b574133-8ed3-4694-a798-e31390d8a0b1', 'Black Pepper', 1.5, 'tsp');
INSERT INTO ingredients (id, recipe_id, name, quantity, unit) VALUES ('634da87d-7fa3-4a1b-ba9a-3c88391a8b06', '0b574133-8ed3-4694-a798-e31390d8a0b1', 'Garlic', 1.5, 'clove');
INSERT INTO ingredients (id, recipe_id, name, quantity, unit) VALUES ('71782d93-cb89-4b83-8379-7f17f9f5e8ec', '0b574133-8ed3-4694-a798-e31390d8a0b1', 'Honey', 3.0, 'tbsp');
INSERT INTO ingredients (id, recipe_id, name, quantity, unit) VALUES ('a5b69f3d-b27d-4836-bd76-8ad328ded461', '0b574133-8ed3-4694-a798-e31390d8a0b1', 'Dijon Mustard', 3.5, 'tsp');
INSERT INTO ingredients (id, recipe_id, name, quantity, unit) VALUES ('bbc5c749-f18e-4f15-8765-3936b29c2e96', '0b574133-8ed3-4694-a798-e31390d8a0b1', 'Worcestershire Sauce', 1.6, 'tbsp');
INSERT INTO recipe_dietary_tags (recipe_id, tag_id) VALUES ('0b574133-8ed3-4694-a798-e31390d8a0b1', 10);
INSERT INTO recipe_dietary_tags (recipe_id, tag_id) VALUES ('0b574133-8ed3-4694-a798-e31390d8a0b1', 2);
INSERT INTO recipe_dietary_tags (recipe_id, tag_id) VALUES ('0b574133-8ed3-4694-a798-e31390d8a0b1', 4);
INSERT INTO recipe_dietary_tags (recipe_id, tag_id) VALUES ('0b574133-8ed3-4694-a798-e31390d8a0b1', 7);

INSERT INTO recipes (id, user_id, title, description, instructions, image_url, servings, source_url, source_name, is_archived, views, cart_adds) VALUES ('6f647645-abd8-4e1c-bc60-d62e45a78a17', 'admin-user-id', 'Steamed Beef with Asparagus and Roasted Potatoes', 'A delicious Steamed Beef with Asparagus and Roasted Potatoes recipe. This Midwest-friendly dish is a family favorite and easy to make with common ingredients.', '1. Preheat oven to 375°F (190°C) if baking.
2. Prepare the Potatoes and other main ingredients.
3. In a large bowl, combine with seasonings.
4. Cook according to source instructions until internal temperature is safe.
5. Let rest for 5 minutes before serving.', 'https://images.unsplash.com/photo-1482049016688-2d3e1b311543?auto=format&fit=crop&w=800&q=60', 3, 'https://www.bonappetit.com/recipe/steamed-beef-with-asparagus-and-roasted-potatoes', 'Bon Appetit', 0, 888, 33);
INSERT INTO ingredients (id, recipe_id, name, quantity, unit) VALUES ('ff365f87-fd0f-448b-90b4-7d9785a85e22', '6f647645-abd8-4e1c-bc60-d62e45a78a17', 'Lemon Juice', 2.0, 'tbsp');
INSERT INTO ingredients (id, recipe_id, name, quantity, unit) VALUES ('4e907936-9279-431f-af0e-378f4a206493', '6f647645-abd8-4e1c-bc60-d62e45a78a17', 'Carrots', 0.9, 'cup');
INSERT INTO ingredients (id, recipe_id, name, quantity, unit) VALUES ('a4534c30-d64d-4ac2-bbc8-1bb90fa61c53', '6f647645-abd8-4e1c-bc60-d62e45a78a17', 'Tater Tots', 2.8, 'oz');
INSERT INTO ingredients (id, recipe_id, name, quantity, unit) VALUES ('acf73c2f-ba8e-4156-a46e-35125b4b5f57', '6f647645-abd8-4e1c-bc60-d62e45a78a17', 'Egg', 2.2, 'large');
INSERT INTO ingredients (id, recipe_id, name, quantity, unit) VALUES ('e78ac52d-4862-4108-b43f-1737b6c60ed9', '6f647645-abd8-4e1c-bc60-d62e45a78a17', 'Salt', 0.7, 'tsp');
INSERT INTO ingredients (id, recipe_id, name, quantity, unit) VALUES ('75c9b50c-3156-4810-bc5e-ea9d4b13570d', '6f647645-abd8-4e1c-bc60-d62e45a78a17', 'Cream of Mushroom Soup', 2.3, 'can');
INSERT INTO recipe_dietary_tags (recipe_id, tag_id) VALUES ('6f647645-abd8-4e1c-bc60-d62e45a78a17', 10);
INSERT INTO recipe_dietary_tags (recipe_id, tag_id) VALUES ('6f647645-abd8-4e1c-bc60-d62e45a78a17', 2);
INSERT INTO recipe_dietary_tags (recipe_id, tag_id) VALUES ('6f647645-abd8-4e1c-bc60-d62e45a78a17', 7);

INSERT INTO recipes (id, user_id, title, description, instructions, image_url, servings, source_url, source_name, is_archived, views, cart_adds) VALUES ('0b234b84-23d0-40b6-ab3c-27c7acd0da07', 'admin-user-id', 'Pan-Seared Beef with Broccoli and Brown Rice', 'A delicious Pan-Seared Beef with Broccoli and Brown Rice recipe. This Midwest-friendly dish is a family favorite and easy to make with common ingredients.', '1. Preheat oven to 375°F (190°C) if baking.
2. Prepare the Rice and other main ingredients.
3. In a large bowl, combine with seasonings.
4. Cook according to source instructions until internal temperature is safe.
5. Let rest for 5 minutes before serving.', 'https://images.unsplash.com/photo-1484723091739-30a097e8f929?auto=format&fit=crop&w=800&q=60', 7, 'https://www.tasteofhome.com/recipe/pan-seared-beef-with-broccoli-and-brown-rice', 'Taste of Home', 0, 43, 70);
INSERT INTO ingredients (id, recipe_id, name, quantity, unit) VALUES ('ee8c403a-f3f0-4fb9-bcb6-9f02656df9ef', '0b234b84-23d0-40b6-ab3c-27c7acd0da07', 'Egg', 3.2, 'large');
INSERT INTO ingredients (id, recipe_id, name, quantity, unit) VALUES ('65491006-ec00-4101-a7b2-13af928b0764', '0b234b84-23d0-40b6-ab3c-27c7acd0da07', 'Tater Tots', 1.9, 'oz');
INSERT INTO ingredients (id, recipe_id, name, quantity, unit) VALUES ('5e964683-55f2-4196-8ade-20ba49e50a65', '0b234b84-23d0-40b6-ab3c-27c7acd0da07', 'Milk', 0.7, 'cup');
INSERT INTO ingredients (id, recipe_id, name, quantity, unit) VALUES ('c7ffb003-ee37-488e-9486-b30866966b26', '0b234b84-23d0-40b6-ab3c-27c7acd0da07', 'Cheddar Cheese', 1.1, 'cup');
INSERT INTO recipe_dietary_tags (recipe_id, tag_id) VALUES ('0b234b84-23d0-40b6-ab3c-27c7acd0da07', 10);
INSERT INTO recipe_dietary_tags (recipe_id, tag_id) VALUES ('0b234b84-23d0-40b6-ab3c-27c7acd0da07', 2);

INSERT INTO recipes (id, user_id, title, description, instructions, image_url, servings, source_url, source_name, is_archived, views, cart_adds) VALUES ('8f434a1e-2ab8-49fa-8569-d625c434a74d', 'admin-user-id', 'Pan-Seared Tofu with Brussels Sprouts and Lentil Pasta', 'A delicious Pan-Seared Tofu with Brussels Sprouts and Lentil Pasta recipe. This Midwest-friendly dish is a family favorite and easy to make with common ingredients.', '1. Preheat oven to 375°F (190°C) if baking.
2. Prepare the Pasta and other main ingredients.
3. In a large bowl, combine with seasonings.
4. Cook according to source instructions until internal temperature is safe.
5. Let rest for 5 minutes before serving.', 'https://images.unsplash.com/photo-1540189549336-e6e99c3679fe?auto=format&fit=crop&w=800&q=60', 6, 'https://www.epicurious.com/recipe/pan-seared-tofu-with-brussels-sprouts-and-lentil-pasta', 'Epicurious', 0, 810, 96);
INSERT INTO ingredients (id, recipe_id, name, quantity, unit) VALUES ('231f5d4a-3870-4daf-85f9-8231ba44084a', '8f434a1e-2ab8-49fa-8569-d625c434a74d', 'Soy Sauce', 3.0, 'tbsp');
INSERT INTO ingredients (id, recipe_id, name, quantity, unit) VALUES ('cb4f8bfc-3a43-40fe-94e0-66e292ab317a', '8f434a1e-2ab8-49fa-8569-d625c434a74d', 'Ground Beef', 2.5, 'lb');
INSERT INTO ingredients (id, recipe_id, name, quantity, unit) VALUES ('d31a7b6d-4dd1-4a74-974b-d1b06573c55e', '8f434a1e-2ab8-49fa-8569-d625c434a74d', 'Carrots', 1.7, 'cup');
INSERT INTO ingredients (id, recipe_id, name, quantity, unit) VALUES ('948b5db6-20fe-48b9-b22f-f1ffe9abc82b', '8f434a1e-2ab8-49fa-8569-d625c434a74d', 'Heavy Cream', 3.4, 'cup');
INSERT INTO ingredients (id, recipe_id, name, quantity, unit) VALUES ('2bd25edb-6b0b-423d-af98-8ffdb07f265b', '8f434a1e-2ab8-49fa-8569-d625c434a74d', 'Olive Oil', 0.9, 'tbsp');
INSERT INTO ingredients (id, recipe_id, name, quantity, unit) VALUES ('75a0a77b-a055-4b05-8037-3fcbd2eea3ef', '8f434a1e-2ab8-49fa-8569-d625c434a74d', 'Honey', 1.6, 'tbsp');
INSERT INTO recipe_dietary_tags (recipe_id, tag_id) VALUES ('8f434a1e-2ab8-49fa-8569-d625c434a74d', 3);
INSERT INTO recipe_dietary_tags (recipe_id, tag_id) VALUES ('8f434a1e-2ab8-49fa-8569-d625c434a74d', 2);

INSERT INTO recipes (id, user_id, title, description, instructions, image_url, servings, source_url, source_name, is_archived, views, cart_adds) VALUES ('ca034185-aef7-4c6e-a21d-d683d0a6ff74', 'admin-user-id', 'Slow Cooked Cod with Kale and Zucchini Noodles', 'A delicious Slow Cooked Cod with Kale and Zucchini Noodles recipe. This Midwest-friendly dish is a family favorite and easy to make with common ingredients.', '1. Preheat oven to 375°F (190°C) if baking.
2. Prepare the Noodles and other main ingredients.
3. In a large bowl, combine with seasonings.
4. Cook according to source instructions until internal temperature is safe.
5. Let rest for 5 minutes before serving.', 'https://images.unsplash.com/photo-1567620985035-091781110527?auto=format&fit=crop&w=800&q=60', 6, 'https://www.foodnetwork.com/recipe/slow-cooked-cod-with-kale-and-zucchini-noodles', 'Food Network', 0, 78, 31);
INSERT INTO ingredients (id, recipe_id, name, quantity, unit) VALUES ('70a6dd37-b9ae-4860-b3dd-8dcaa938f06e', 'ca034185-aef7-4c6e-a21d-d683d0a6ff74', 'Dijon Mustard', 1.6, 'tsp');
INSERT INTO ingredients (id, recipe_id, name, quantity, unit) VALUES ('81ec7dae-c3e2-48c7-8802-017d04117a79', 'ca034185-aef7-4c6e-a21d-d683d0a6ff74', 'Butter', 1.6, 'tbsp');
INSERT INTO ingredients (id, recipe_id, name, quantity, unit) VALUES ('e243528e-8ea1-4c44-9bee-579a26d9c01a', 'ca034185-aef7-4c6e-a21d-d683d0a6ff74', 'Chicken Breast', 0.6, 'lb');
INSERT INTO ingredients (id, recipe_id, name, quantity, unit) VALUES ('1cc3bac5-2bcd-4cfc-8a72-203dd774d371', 'ca034185-aef7-4c6e-a21d-d683d0a6ff74', 'Tater Tots', 0.6, 'oz');
INSERT INTO ingredients (id, recipe_id, name, quantity, unit) VALUES ('642f7939-3cf9-4a47-9200-f6dc9ebdedb1', 'ca034185-aef7-4c6e-a21d-d683d0a6ff74', 'Sour Cream', 2.1, 'cup');
INSERT INTO ingredients (id, recipe_id, name, quantity, unit) VALUES ('3fb0b2cb-8689-4a64-8bd0-e65895a79299', 'ca034185-aef7-4c6e-a21d-d683d0a6ff74', 'Rice', 0.8, 'cup');
INSERT INTO recipe_dietary_tags (recipe_id, tag_id) VALUES ('ca034185-aef7-4c6e-a21d-d683d0a6ff74', 1);
INSERT INTO recipe_dietary_tags (recipe_id, tag_id) VALUES ('ca034185-aef7-4c6e-a21d-d683d0a6ff74', 6);
INSERT INTO recipe_dietary_tags (recipe_id, tag_id) VALUES ('ca034185-aef7-4c6e-a21d-d683d0a6ff74', 3);
INSERT INTO recipe_dietary_tags (recipe_id, tag_id) VALUES ('ca034185-aef7-4c6e-a21d-d683d0a6ff74', 7);

INSERT INTO recipes (id, user_id, title, description, instructions, image_url, servings, source_url, source_name, is_archived, views, cart_adds) VALUES ('36f60602-1c52-4a9b-b5a0-34833ee8de4f', 'admin-user-id', 'Baked Turkey with Sweet Potatoes and Cauliflower Rice', 'A delicious Baked Turkey with Sweet Potatoes and Cauliflower Rice recipe. This Midwest-friendly dish is a family favorite and easy to make with common ingredients.', '1. Preheat oven to 375°F (190°C) if baking.
2. Prepare the Rice and other main ingredients.
3. In a large bowl, combine with seasonings.
4. Cook according to source instructions until internal temperature is safe.
5. Let rest for 5 minutes before serving.', 'https://images.unsplash.com/photo-1565299624946-b28f40a0ae38?auto=format&fit=crop&w=800&q=60', 3, 'https://www.allrecipes.com/recipe/baked-turkey-with-sweet-potatoes-and-cauliflower-rice', 'AllRecipes', 0, 38, 96);
INSERT INTO ingredients (id, recipe_id, name, quantity, unit) VALUES ('cd18047f-47a6-41bf-b2d2-8f0b1a261eb2', '36f60602-1c52-4a9b-b5a0-34833ee8de4f', 'Dijon Mustard', 2.0, 'tsp');
INSERT INTO ingredients (id, recipe_id, name, quantity, unit) VALUES ('7a29b074-60f8-44a3-9319-a607d87c7770', '36f60602-1c52-4a9b-b5a0-34833ee8de4f', 'Worcestershire Sauce', 0.9, 'tbsp');
INSERT INTO ingredients (id, recipe_id, name, quantity, unit) VALUES ('390fd4a3-e2c8-4da2-ac32-3e43e6e5661f', '36f60602-1c52-4a9b-b5a0-34833ee8de4f', 'Garlic', 2.5, 'clove');
INSERT INTO ingredients (id, recipe_id, name, quantity, unit) VALUES ('a8685a22-39e7-43a0-9325-e3b4aeac6a2a', '36f60602-1c52-4a9b-b5a0-34833ee8de4f', 'Milk', 1.7, 'cup');
INSERT INTO ingredients (id, recipe_id, name, quantity, unit) VALUES ('da95e0b7-39a2-4fb4-9da0-fc4cf4b8a9f6', '36f60602-1c52-4a9b-b5a0-34833ee8de4f', 'Pasta', 1.3, 'oz');
INSERT INTO recipe_dietary_tags (recipe_id, tag_id) VALUES ('36f60602-1c52-4a9b-b5a0-34833ee8de4f', 1);
INSERT INTO recipe_dietary_tags (recipe_id, tag_id) VALUES ('36f60602-1c52-4a9b-b5a0-34833ee8de4f', 6);
INSERT INTO recipe_dietary_tags (recipe_id, tag_id) VALUES ('36f60602-1c52-4a9b-b5a0-34833ee8de4f', 9);

INSERT INTO recipes (id, user_id, title, description, instructions, image_url, servings, source_url, source_name, is_archived, views, cart_adds) VALUES ('98293334-b619-4a43-989f-05834a9b675e', 'admin-user-id', 'Baked Pork with Zucchini and Brown Rice', 'A delicious Baked Pork with Zucchini and Brown Rice recipe. This Midwest-friendly dish is a family favorite and easy to make with common ingredients.', '1. Preheat oven to 375°F (190°C) if baking.
2. Prepare the Rice and other main ingredients.
3. In a large bowl, combine with seasonings.
4. Cook according to source instructions until internal temperature is safe.
5. Let rest for 5 minutes before serving.', 'https://images.unsplash.com/photo-1555939594-58d7cb561ad1?auto=format&fit=crop&w=800&q=60', 3, 'https://www.foodnetwork.com/recipe/baked-pork-with-zucchini-and-brown-rice', 'Food Network', 0, 909, 21);
INSERT INTO ingredients (id, recipe_id, name, quantity, unit) VALUES ('f71ce7d9-2bdb-447e-894f-3fc2df5211e4', '98293334-b619-4a43-989f-05834a9b675e', 'Honey', 3.5, 'tbsp');
INSERT INTO ingredients (id, recipe_id, name, quantity, unit) VALUES ('d04a5578-edb5-44c3-a882-17b5cebb54cb', '98293334-b619-4a43-989f-05834a9b675e', 'Potatoes', 3.2, 'lb');
INSERT INTO ingredients (id, recipe_id, name, quantity, unit) VALUES ('6867b635-5535-4af0-86ad-36d429afe5bb', '98293334-b619-4a43-989f-05834a9b675e', 'Frozen Peas', 1.6, 'cup');
INSERT INTO ingredients (id, recipe_id, name, quantity, unit) VALUES ('b1364ffc-b28f-4764-b1dc-27218af7d0fd', '98293334-b619-4a43-989f-05834a9b675e', 'Tomato Sauce', 2.6, 'oz');
INSERT INTO ingredients (id, recipe_id, name, quantity, unit) VALUES ('4c5c0c25-e417-4fcf-bac0-d1f3ad2f8986', '98293334-b619-4a43-989f-05834a9b675e', 'Breadcrumbs', 1.6, 'cup');
INSERT INTO ingredients (id, recipe_id, name, quantity, unit) VALUES ('79eef515-332e-485f-af53-46e920bd2a7c', '98293334-b619-4a43-989f-05834a9b675e', 'Salt', 0.6, 'tsp');
INSERT INTO ingredients (id, recipe_id, name, quantity, unit) VALUES ('f66ca0f5-3a46-4819-a7c4-552c5dfab2d5', '98293334-b619-4a43-989f-05834a9b675e', 'Olive Oil', 2.8, 'tbsp');
INSERT INTO recipe_dietary_tags (recipe_id, tag_id) VALUES ('98293334-b619-4a43-989f-05834a9b675e', 10);
INSERT INTO recipe_dietary_tags (recipe_id, tag_id) VALUES ('98293334-b619-4a43-989f-05834a9b675e', 4);

INSERT INTO recipes (id, user_id, title, description, instructions, image_url, servings, source_url, source_name, is_archived, views, cart_adds) VALUES ('4cc575c4-c966-4c73-89ef-9bdae1c638e0', 'admin-user-id', 'Pan-Seared Venison with Sweet Potatoes and Roasted Potatoes', 'A delicious Pan-Seared Venison with Sweet Potatoes and Roasted Potatoes recipe. This Midwest-friendly dish is a family favorite and easy to make with common ingredients.', '1. Preheat oven to 375°F (190°C) if baking.
2. Prepare the Potatoes and other main ingredients.
3. In a large bowl, combine with seasonings.
4. Cook according to source instructions until internal temperature is safe.
5. Let rest for 5 minutes before serving.', 'https://images.unsplash.com/photo-1513104894114-bd7ea4718312?auto=format&fit=crop&w=800&q=60', 6, 'https://www.foodnetwork.com/recipe/pan-seared-venison-with-sweet-potatoes-and-roasted-potatoes', 'Food Network', 0, 864, 48);
INSERT INTO ingredients (id, recipe_id, name, quantity, unit) VALUES ('6bc7117a-adcd-418d-bd51-04fc04583b2f', '4cc575c4-c966-4c73-89ef-9bdae1c638e0', 'Carrots', 1.3, 'cup');
INSERT INTO ingredients (id, recipe_id, name, quantity, unit) VALUES ('eef06c82-e0d1-44b9-8f74-d5ce6cf3de94', '4cc575c4-c966-4c73-89ef-9bdae1c638e0', 'Ground Beef', 0.6, 'lb');
INSERT INTO ingredients (id, recipe_id, name, quantity, unit) VALUES ('60b7214c-9d9a-46a0-8712-ea33a78a0965', '4cc575c4-c966-4c73-89ef-9bdae1c638e0', 'Sour Cream', 1.3, 'cup');
INSERT INTO ingredients (id, recipe_id, name, quantity, unit) VALUES ('4c77dadd-ba9f-4a39-bac8-5bee61cabfbb', '4cc575c4-c966-4c73-89ef-9bdae1c638e0', 'Milk', 1.0, 'cup');
INSERT INTO ingredients (id, recipe_id, name, quantity, unit) VALUES ('713ce87c-142f-4c21-a6d8-95b3d08963f0', '4cc575c4-c966-4c73-89ef-9bdae1c638e0', 'Butter', 2.0, 'tbsp');
INSERT INTO recipe_dietary_tags (recipe_id, tag_id) VALUES ('4cc575c4-c966-4c73-89ef-9bdae1c638e0', 3);
INSERT INTO recipe_dietary_tags (recipe_id, tag_id) VALUES ('4cc575c4-c966-4c73-89ef-9bdae1c638e0', 7);

INSERT INTO recipes (id, user_id, title, description, instructions, image_url, servings, source_url, source_name, is_archived, views, cart_adds) VALUES ('5a4f9930-175a-4b49-bdb7-118dc7c6a3ad', 'admin-user-id', 'Baked Pork with Green Beans and Cauliflower Rice', 'A delicious Baked Pork with Green Beans and Cauliflower Rice recipe. This Midwest-friendly dish is a family favorite and easy to make with common ingredients.', '1. Preheat oven to 375°F (190°C) if baking.
2. Prepare the Rice and other main ingredients.
3. In a large bowl, combine with seasonings.
4. Cook according to source instructions until internal temperature is safe.
5. Let rest for 5 minutes before serving.', 'https://images.unsplash.com/photo-1504754524776-8f4f37799ca7?auto=format&fit=crop&w=800&q=60', 2, 'https://www.epicurious.com/recipe/baked-pork-with-green-beans-and-cauliflower-rice', 'Epicurious', 0, 226, 0);
INSERT INTO ingredients (id, recipe_id, name, quantity, unit) VALUES ('c6c7140d-ad91-4f24-952c-11e1b10bf135', '5a4f9930-175a-4b49-bdb7-118dc7c6a3ad', 'Salt', 2.6, 'tsp');
INSERT INTO ingredients (id, recipe_id, name, quantity, unit) VALUES ('301c26c4-91b2-403f-a923-35902594d3af', '5a4f9930-175a-4b49-bdb7-118dc7c6a3ad', 'Onion', 0.6, 'cup');
INSERT INTO ingredients (id, recipe_id, name, quantity, unit) VALUES ('cabd1904-7222-4b2e-8165-b18f9204eb4f', '5a4f9930-175a-4b49-bdb7-118dc7c6a3ad', 'Dijon Mustard', 0.8, 'tsp');
INSERT INTO ingredients (id, recipe_id, name, quantity, unit) VALUES ('6a7f7170-5105-44ae-939a-a65faa64bd02', '5a4f9930-175a-4b49-bdb7-118dc7c6a3ad', 'Potatoes', 2.5, 'lb');
INSERT INTO recipe_dietary_tags (recipe_id, tag_id) VALUES ('5a4f9930-175a-4b49-bdb7-118dc7c6a3ad', 1);
INSERT INTO recipe_dietary_tags (recipe_id, tag_id) VALUES ('5a4f9930-175a-4b49-bdb7-118dc7c6a3ad', 6);
INSERT INTO recipe_dietary_tags (recipe_id, tag_id) VALUES ('5a4f9930-175a-4b49-bdb7-118dc7c6a3ad', 10);

INSERT INTO recipes (id, user_id, title, description, instructions, image_url, servings, source_url, source_name, is_archived, views, cart_adds) VALUES ('cc9ef9b9-1bf1-4805-941a-8de787040e91', 'admin-user-id', 'Steamed Salmon with Brussels Sprouts and Wild Rice', 'A delicious Steamed Salmon with Brussels Sprouts and Wild Rice recipe. This Midwest-friendly dish is a family favorite and easy to make with common ingredients.', '1. Preheat oven to 375°F (190°C) if baking.
2. Prepare the Rice and other main ingredients.
3. In a large bowl, combine with seasonings.
4. Cook according to source instructions until internal temperature is safe.
5. Let rest for 5 minutes before serving.', 'https://images.unsplash.com/photo-1476224203421-9ac3993557a4?auto=format&fit=crop&w=800&q=60', 3, 'https://www.foodnetwork.com/recipe/steamed-salmon-with-brussels-sprouts-and-wild-rice', 'Food Network', 0, 321, 89);
INSERT INTO ingredients (id, recipe_id, name, quantity, unit) VALUES ('f7d2c174-c1f8-427c-831b-7547b9d3c96d', 'cc9ef9b9-1bf1-4805-941a-8de787040e91', 'Butter', 2.1, 'tbsp');
INSERT INTO ingredients (id, recipe_id, name, quantity, unit) VALUES ('69e4b726-4825-4f73-a248-43f273bd924b', 'cc9ef9b9-1bf1-4805-941a-8de787040e91', 'Frozen Peas', 0.9, 'cup');
INSERT INTO ingredients (id, recipe_id, name, quantity, unit) VALUES ('d10e3cc8-a352-443c-9af9-b35761a5bd60', 'cc9ef9b9-1bf1-4805-941a-8de787040e91', 'Tater Tots', 0.5, 'oz');
INSERT INTO ingredients (id, recipe_id, name, quantity, unit) VALUES ('13b4003d-6f38-4a57-b771-e855c0ed0a43', 'cc9ef9b9-1bf1-4805-941a-8de787040e91', 'Carrots', 0.6, 'cup');
INSERT INTO recipe_dietary_tags (recipe_id, tag_id) VALUES ('cc9ef9b9-1bf1-4805-941a-8de787040e91', 3);
INSERT INTO recipe_dietary_tags (recipe_id, tag_id) VALUES ('cc9ef9b9-1bf1-4805-941a-8de787040e91', 2);
INSERT INTO recipe_dietary_tags (recipe_id, tag_id) VALUES ('cc9ef9b9-1bf1-4805-941a-8de787040e91', 8);

INSERT INTO recipes (id, user_id, title, description, instructions, image_url, servings, source_url, source_name, is_archived, views, cart_adds) VALUES ('acaba5b2-5b36-4233-8a31-16a3484abef3', 'admin-user-id', 'Air Fried Salmon with Carrots and Cauliflower Rice', 'A delicious Air Fried Salmon with Carrots and Cauliflower Rice recipe. This Midwest-friendly dish is a family favorite and easy to make with common ingredients.', '1. Preheat oven to 375°F (190°C) if baking.
2. Prepare the Rice and other main ingredients.
3. In a large bowl, combine with seasonings.
4. Cook according to source instructions until internal temperature is safe.
5. Let rest for 5 minutes before serving.', 'https://images.unsplash.com/photo-1498837167721-8f5c1a322c2e?auto=format&fit=crop&w=800&q=60', 6, 'https://www.tasteofhome.com/recipe/air-fried-salmon-with-carrots-and-cauliflower-rice', 'Taste of Home', 0, 44, 40);
INSERT INTO ingredients (id, recipe_id, name, quantity, unit) VALUES ('8b7c53d1-77c3-44c1-ac67-439bf862dba8', 'acaba5b2-5b36-4233-8a31-16a3484abef3', 'Heavy Cream', 3.0, 'cup');
INSERT INTO ingredients (id, recipe_id, name, quantity, unit) VALUES ('d31f5bc6-5f30-4e30-9670-23edc86855a9', 'acaba5b2-5b36-4233-8a31-16a3484abef3', 'Cheddar Cheese', 3.4, 'cup');
INSERT INTO ingredients (id, recipe_id, name, quantity, unit) VALUES ('d16940d9-ad0d-4486-9d4e-050af35c2b21', 'acaba5b2-5b36-4233-8a31-16a3484abef3', 'Honey', 1.4, 'tbsp');
INSERT INTO ingredients (id, recipe_id, name, quantity, unit) VALUES ('1b868ce6-df86-42ee-b0a6-5c6f16568e56', 'acaba5b2-5b36-4233-8a31-16a3484abef3', 'Tater Tots', 2.8, 'oz');
INSERT INTO ingredients (id, recipe_id, name, quantity, unit) VALUES ('963a236d-297f-479b-a59a-50a9658dd9ee', 'acaba5b2-5b36-4233-8a31-16a3484abef3', 'Frozen Peas', 1.5, 'cup');
INSERT INTO ingredients (id, recipe_id, name, quantity, unit) VALUES ('f755dfe4-1c0b-48f3-be81-fc3a7ef8ce49', 'acaba5b2-5b36-4233-8a31-16a3484abef3', 'Salt', 2.0, 'tsp');
INSERT INTO ingredients (id, recipe_id, name, quantity, unit) VALUES ('6c5c3fe2-cef0-4055-abc2-17bf7c80986d', 'acaba5b2-5b36-4233-8a31-16a3484abef3', 'Sour Cream', 3.4, 'cup');
INSERT INTO recipe_dietary_tags (recipe_id, tag_id) VALUES ('acaba5b2-5b36-4233-8a31-16a3484abef3', 1);
INSERT INTO recipe_dietary_tags (recipe_id, tag_id) VALUES ('acaba5b2-5b36-4233-8a31-16a3484abef3', 6);
INSERT INTO recipe_dietary_tags (recipe_id, tag_id) VALUES ('acaba5b2-5b36-4233-8a31-16a3484abef3', 3);
INSERT INTO recipe_dietary_tags (recipe_id, tag_id) VALUES ('acaba5b2-5b36-4233-8a31-16a3484abef3', 2);

INSERT INTO recipes (id, user_id, title, description, instructions, image_url, servings, source_url, source_name, is_archived, views, cart_adds) VALUES ('5838cb8c-018f-4522-8f0a-0ee355d6d683', 'admin-user-id', 'Steamed Chicken with Spinach and Zucchini Noodles', 'A delicious Steamed Chicken with Spinach and Zucchini Noodles recipe. This Midwest-friendly dish is a family favorite and easy to make with common ingredients.', '1. Preheat oven to 375°F (190°C) if baking.
2. Prepare the Noodles and other main ingredients.
3. In a large bowl, combine with seasonings.
4. Cook according to source instructions until internal temperature is safe.
5. Let rest for 5 minutes before serving.', 'https://images.unsplash.com/photo-1490645935967-10de6ba17051?auto=format&fit=crop&w=800&q=60', 6, 'https://www.foodnetwork.com/recipe/steamed-chicken-with-spinach-and-zucchini-noodles', 'Food Network', 0, 149, 56);
INSERT INTO ingredients (id, recipe_id, name, quantity, unit) VALUES ('d8711a4f-fbe3-4e48-bc4d-47e26da32d22', '5838cb8c-018f-4522-8f0a-0ee355d6d683', 'Rice', 2.0, 'cup');
INSERT INTO ingredients (id, recipe_id, name, quantity, unit) VALUES ('de269cae-640f-40f5-8cb4-e0f19bf7545f', '5838cb8c-018f-4522-8f0a-0ee355d6d683', 'Tomato Sauce', 2.6, 'oz');
INSERT INTO ingredients (id, recipe_id, name, quantity, unit) VALUES ('2621073d-f31e-4a28-9cc8-d43cfccb1a47', '5838cb8c-018f-4522-8f0a-0ee355d6d683', 'Celery', 1.7, 'cup');
INSERT INTO ingredients (id, recipe_id, name, quantity, unit) VALUES ('ba4bb266-7fc5-4ba9-9ffb-57796f1afb6d', '5838cb8c-018f-4522-8f0a-0ee355d6d683', 'Garlic', 2.7, 'clove');
INSERT INTO recipe_dietary_tags (recipe_id, tag_id) VALUES ('5838cb8c-018f-4522-8f0a-0ee355d6d683', 1);
INSERT INTO recipe_dietary_tags (recipe_id, tag_id) VALUES ('5838cb8c-018f-4522-8f0a-0ee355d6d683', 6);
INSERT INTO recipe_dietary_tags (recipe_id, tag_id) VALUES ('5838cb8c-018f-4522-8f0a-0ee355d6d683', 10);
INSERT INTO recipe_dietary_tags (recipe_id, tag_id) VALUES ('5838cb8c-018f-4522-8f0a-0ee355d6d683', 4);

INSERT INTO recipes (id, user_id, title, description, instructions, image_url, servings, source_url, source_name, is_archived, views, cart_adds) VALUES ('738f3fee-0d7f-4c5a-b88a-0fba2122c1bd', 'admin-user-id', 'Slow Cooked Lamb with Cauliflower and Couscous', 'A delicious Slow Cooked Lamb with Cauliflower and Couscous recipe. This Midwest-friendly dish is a family favorite and easy to make with common ingredients.', '1. Preheat oven to 375°F (190°C) if baking.
2. Prepare the Couscous and other main ingredients.
3. In a large bowl, combine with seasonings.
4. Cook according to source instructions until internal temperature is safe.
5. Let rest for 5 minutes before serving.', 'https://images.unsplash.com/photo-1506084868214-19a1f9e147f8?auto=format&fit=crop&w=800&q=60', 2, 'https://www.foodnetwork.com/recipe/slow-cooked-lamb-with-cauliflower-and-couscous', 'Food Network', 0, 116, 33);
INSERT INTO ingredients (id, recipe_id, name, quantity, unit) VALUES ('61194eb8-7042-46f3-8a22-a6b8589b29cd', '738f3fee-0d7f-4c5a-b88a-0fba2122c1bd', 'Tater Tots', 3.0, 'oz');
INSERT INTO ingredients (id, recipe_id, name, quantity, unit) VALUES ('7ae15959-441b-4c65-b6ae-1225bd2a38c8', '738f3fee-0d7f-4c5a-b88a-0fba2122c1bd', 'Cream of Mushroom Soup', 3.3, 'can');
INSERT INTO ingredients (id, recipe_id, name, quantity, unit) VALUES ('c909f3f4-a9c9-4e8e-b71e-4943e6ac5139', '738f3fee-0d7f-4c5a-b88a-0fba2122c1bd', 'Rice', 1.0, 'cup');
INSERT INTO ingredients (id, recipe_id, name, quantity, unit) VALUES ('12c9dd38-8d90-4055-9ee9-908dfcd0922b', '738f3fee-0d7f-4c5a-b88a-0fba2122c1bd', 'Worcestershire Sauce', 0.8, 'tbsp');
INSERT INTO recipe_dietary_tags (recipe_id, tag_id) VALUES ('738f3fee-0d7f-4c5a-b88a-0fba2122c1bd', 3);
INSERT INTO recipe_dietary_tags (recipe_id, tag_id) VALUES ('738f3fee-0d7f-4c5a-b88a-0fba2122c1bd', 2);
INSERT INTO recipe_dietary_tags (recipe_id, tag_id) VALUES ('738f3fee-0d7f-4c5a-b88a-0fba2122c1bd', 4);

INSERT INTO recipes (id, user_id, title, description, instructions, image_url, servings, source_url, source_name, is_archived, views, cart_adds) VALUES ('cb226566-62c8-4502-a304-5cc7f20bccd3', 'admin-user-id', 'Air Fried Venison with Kale and Mashed Cauliflower', 'A delicious Air Fried Venison with Kale and Mashed Cauliflower recipe. This Midwest-friendly dish is a family favorite and easy to make with common ingredients.', '1. Preheat oven to 375°F (190°C) if baking.
2. Prepare the Cauliflower and other main ingredients.
3. In a large bowl, combine with seasonings.
4. Cook according to source instructions until internal temperature is safe.
5. Let rest for 5 minutes before serving.', 'https://images.unsplash.com/photo-1529042410759-adb828e4eaf0?auto=format&fit=crop&w=800&q=60', 7, 'https://www.bonappetit.com/recipe/air-fried-venison-with-kale-and-mashed-cauliflower', 'Bon Appetit', 0, 206, 57);
INSERT INTO ingredients (id, recipe_id, name, quantity, unit) VALUES ('53ff5281-fb84-4df9-a08c-2da0a04117d7', 'cb226566-62c8-4502-a304-5cc7f20bccd3', 'Soy Sauce', 1.2, 'tbsp');
INSERT INTO ingredients (id, recipe_id, name, quantity, unit) VALUES ('a25f0e74-bed6-4a8c-86c6-1a520f7a3553', 'cb226566-62c8-4502-a304-5cc7f20bccd3', 'Rice', 1.4, 'cup');
INSERT INTO ingredients (id, recipe_id, name, quantity, unit) VALUES ('7d6b9bb9-a778-4208-940e-1959506d7ae4', 'cb226566-62c8-4502-a304-5cc7f20bccd3', 'Pasta', 1.0, 'oz');
INSERT INTO ingredients (id, recipe_id, name, quantity, unit) VALUES ('844f8ead-c335-4f31-9b60-f9a008653128', 'cb226566-62c8-4502-a304-5cc7f20bccd3', 'Garlic', 1.2, 'clove');
INSERT INTO recipe_dietary_tags (recipe_id, tag_id) VALUES ('cb226566-62c8-4502-a304-5cc7f20bccd3', 1);
INSERT INTO recipe_dietary_tags (recipe_id, tag_id) VALUES ('cb226566-62c8-4502-a304-5cc7f20bccd3', 6);

INSERT INTO recipes (id, user_id, title, description, instructions, image_url, servings, source_url, source_name, is_archived, views, cart_adds) VALUES ('4ea8f4e8-85fe-4b5f-8f5d-9aec3dccf6e1', 'admin-user-id', 'Sautéed Venison with Carrots and Cauliflower Rice', 'A delicious Sautéed Venison with Carrots and Cauliflower Rice recipe. This Midwest-friendly dish is a family favorite and easy to make with common ingredients.', '1. Preheat oven to 375°F (190°C) if baking.
2. Prepare the Rice and other main ingredients.
3. In a large bowl, combine with seasonings.
4. Cook according to source instructions until internal temperature is safe.
5. Let rest for 5 minutes before serving.', 'https://images.unsplash.com/photo-1455619452474-d2ba29bc06da?auto=format&fit=crop&w=800&q=60', 3, 'https://www.tasteofhome.com/recipe/saut-ed-venison-with-carrots-and-cauliflower-rice', 'Taste of Home', 0, 478, 91);
INSERT INTO ingredients (id, recipe_id, name, quantity, unit) VALUES ('97c6845b-f2bd-42ea-967d-91fa0b9f65a6', '4ea8f4e8-85fe-4b5f-8f5d-9aec3dccf6e1', 'Egg', 1.8, 'large');
INSERT INTO ingredients (id, recipe_id, name, quantity, unit) VALUES ('ce3448d0-ca4e-4260-9bab-510dfb21b808', '4ea8f4e8-85fe-4b5f-8f5d-9aec3dccf6e1', 'Carrots', 2.5, 'cup');
INSERT INTO ingredients (id, recipe_id, name, quantity, unit) VALUES ('bd95dfd2-7881-4e44-95b5-3f5eacae9bd0', '4ea8f4e8-85fe-4b5f-8f5d-9aec3dccf6e1', 'Frozen Peas', 1.2, 'cup');
INSERT INTO ingredients (id, recipe_id, name, quantity, unit) VALUES ('a193f59b-bc82-41f0-9311-d4271e4492eb', '4ea8f4e8-85fe-4b5f-8f5d-9aec3dccf6e1', 'Milk', 1.0, 'cup');
INSERT INTO ingredients (id, recipe_id, name, quantity, unit) VALUES ('680fa153-1254-48b0-9f8d-dd4f83efe590', '4ea8f4e8-85fe-4b5f-8f5d-9aec3dccf6e1', 'Ground Beef', 0.7, 'lb');
INSERT INTO ingredients (id, recipe_id, name, quantity, unit) VALUES ('72f2245a-a380-42a2-a0a4-04e2cb06f1d7', '4ea8f4e8-85fe-4b5f-8f5d-9aec3dccf6e1', 'Breadcrumbs', 1.0, 'cup');
INSERT INTO ingredients (id, recipe_id, name, quantity, unit) VALUES ('6c446894-5827-4f0d-9a2f-3f972f01f79e', '4ea8f4e8-85fe-4b5f-8f5d-9aec3dccf6e1', 'Sour Cream', 0.9, 'cup');
INSERT INTO recipe_dietary_tags (recipe_id, tag_id) VALUES ('4ea8f4e8-85fe-4b5f-8f5d-9aec3dccf6e1', 1);
INSERT INTO recipe_dietary_tags (recipe_id, tag_id) VALUES ('4ea8f4e8-85fe-4b5f-8f5d-9aec3dccf6e1', 6);

INSERT INTO recipes (id, user_id, title, description, instructions, image_url, servings, source_url, source_name, is_archived, views, cart_adds) VALUES ('9bd376d1-c9c9-4e00-b9e8-850b4e0acf68', 'admin-user-id', 'Roasted Salmon with Green Beans and Quinoa', 'A delicious Roasted Salmon with Green Beans and Quinoa recipe. This Midwest-friendly dish is a family favorite and easy to make with common ingredients.', '1. Preheat oven to 375°F (190°C) if baking.
2. Prepare the Quinoa and other main ingredients.
3. In a large bowl, combine with seasonings.
4. Cook according to source instructions until internal temperature is safe.
5. Let rest for 5 minutes before serving.', 'https://images.unsplash.com/photo-1504113888839-14294c223d51?auto=format&fit=crop&w=800&q=60', 5, 'https://www.epicurious.com/recipe/roasted-salmon-with-green-beans-and-quinoa', 'Epicurious', 0, 577, 45);
INSERT INTO ingredients (id, recipe_id, name, quantity, unit) VALUES ('8385f665-a9af-40d0-9f6e-445a87ff5ab2', '9bd376d1-c9c9-4e00-b9e8-850b4e0acf68', 'Ground Beef', 1.8, 'lb');
INSERT INTO ingredients (id, recipe_id, name, quantity, unit) VALUES ('e6551a91-8260-461d-9ce0-337fc41dc120', '9bd376d1-c9c9-4e00-b9e8-850b4e0acf68', 'Celery', 1.7, 'cup');
INSERT INTO ingredients (id, recipe_id, name, quantity, unit) VALUES ('037e0b9d-f066-4c47-9e5c-19ad29d4768b', '9bd376d1-c9c9-4e00-b9e8-850b4e0acf68', 'Heavy Cream', 3.0, 'cup');
INSERT INTO ingredients (id, recipe_id, name, quantity, unit) VALUES ('3e1adce3-863b-4f5f-99bf-62023ee97654', '9bd376d1-c9c9-4e00-b9e8-850b4e0acf68', 'Soy Sauce', 3.0, 'tbsp');
INSERT INTO ingredients (id, recipe_id, name, quantity, unit) VALUES ('81853bb7-17f9-48d6-a088-50fd696c753d', '9bd376d1-c9c9-4e00-b9e8-850b4e0acf68', 'Frozen Peas', 1.7, 'cup');
INSERT INTO recipe_dietary_tags (recipe_id, tag_id) VALUES ('9bd376d1-c9c9-4e00-b9e8-850b4e0acf68', 3);
INSERT INTO recipe_dietary_tags (recipe_id, tag_id) VALUES ('9bd376d1-c9c9-4e00-b9e8-850b4e0acf68', 2);
INSERT INTO recipe_dietary_tags (recipe_id, tag_id) VALUES ('9bd376d1-c9c9-4e00-b9e8-850b4e0acf68', 4);

INSERT INTO recipes (id, user_id, title, description, instructions, image_url, servings, source_url, source_name, is_archived, views, cart_adds) VALUES ('a4bf83fc-e183-4324-8584-74ba44a2d9fb', 'admin-user-id', 'Steamed Lamb with Green Beans and Mashed Cauliflower', 'A delicious Steamed Lamb with Green Beans and Mashed Cauliflower recipe. This Midwest-friendly dish is a family favorite and easy to make with common ingredients.', '1. Preheat oven to 375°F (190°C) if baking.
2. Prepare the Cauliflower and other main ingredients.
3. In a large bowl, combine with seasonings.
4. Cook according to source instructions until internal temperature is safe.
5. Let rest for 5 minutes before serving.', 'https://images.unsplash.com/photo-1546062477-fe2f66230ba3?auto=format&fit=crop&w=800&q=60', 3, 'https://www.tasteofhome.com/recipe/steamed-lamb-with-green-beans-and-mashed-cauliflower', 'Taste of Home', 0, 977, 4);
INSERT INTO ingredients (id, recipe_id, name, quantity, unit) VALUES ('7d88c4d4-6073-4ce4-9351-74fd9e7714c9', 'a4bf83fc-e183-4324-8584-74ba44a2d9fb', 'Cream of Mushroom Soup', 0.6, 'can');
INSERT INTO ingredients (id, recipe_id, name, quantity, unit) VALUES ('f8227eb6-1aa2-45a6-aa9f-b71f01cbd5f7', 'a4bf83fc-e183-4324-8584-74ba44a2d9fb', 'Pasta', 2.8, 'oz');
INSERT INTO ingredients (id, recipe_id, name, quantity, unit) VALUES ('35227e82-f74f-4113-bb53-7a7f4a7d8209', 'a4bf83fc-e183-4324-8584-74ba44a2d9fb', 'Sour Cream', 1.9, 'cup');
INSERT INTO ingredients (id, recipe_id, name, quantity, unit) VALUES ('39c51421-cd3a-4d88-a3f9-f86dc9eaa749', 'a4bf83fc-e183-4324-8584-74ba44a2d9fb', 'Soy Sauce', 3.1, 'tbsp');
INSERT INTO ingredients (id, recipe_id, name, quantity, unit) VALUES ('bc3ce5a2-fc4d-44c1-a9ae-0356a9eddb7e', 'a4bf83fc-e183-4324-8584-74ba44a2d9fb', 'Lemon Juice', 2.5, 'tbsp');
INSERT INTO recipe_dietary_tags (recipe_id, tag_id) VALUES ('a4bf83fc-e183-4324-8584-74ba44a2d9fb', 1);
INSERT INTO recipe_dietary_tags (recipe_id, tag_id) VALUES ('a4bf83fc-e183-4324-8584-74ba44a2d9fb', 6);
INSERT INTO recipe_dietary_tags (recipe_id, tag_id) VALUES ('a4bf83fc-e183-4324-8584-74ba44a2d9fb', 7);

INSERT INTO recipes (id, user_id, title, description, instructions, image_url, servings, source_url, source_name, is_archived, views, cart_adds) VALUES ('a280433f-ee31-4d49-a3ef-4a1db3ec32d3', 'admin-user-id', 'Roasted Tofu with Green Beans and Quinoa', 'A delicious Roasted Tofu with Green Beans and Quinoa recipe. This Midwest-friendly dish is a family favorite and easy to make with common ingredients.', '1. Preheat oven to 375°F (190°C) if baking.
2. Prepare the Quinoa and other main ingredients.
3. In a large bowl, combine with seasonings.
4. Cook according to source instructions until internal temperature is safe.
5. Let rest for 5 minutes before serving.', 'https://images.unsplash.com/photo-1504674900247-0877df9cc836?auto=format&fit=crop&w=800&q=60', 3, 'https://www.foodnetwork.com/recipe/roasted-tofu-with-green-beans-and-quinoa', 'Food Network', 0, 380, 36);
INSERT INTO ingredients (id, recipe_id, name, quantity, unit) VALUES ('26b70d4c-7c7c-47c4-931a-24ab136f6139', 'a280433f-ee31-4d49-a3ef-4a1db3ec32d3', 'Cream of Mushroom Soup', 2.9, 'can');
INSERT INTO ingredients (id, recipe_id, name, quantity, unit) VALUES ('351fd05d-77b3-43e2-a8f8-303f747f4522', 'a280433f-ee31-4d49-a3ef-4a1db3ec32d3', 'Sour Cream', 2.4, 'cup');
INSERT INTO ingredients (id, recipe_id, name, quantity, unit) VALUES ('1caaf169-4786-4944-af49-22717171e98b', 'a280433f-ee31-4d49-a3ef-4a1db3ec32d3', 'Butter', 3.2, 'tbsp');
INSERT INTO ingredients (id, recipe_id, name, quantity, unit) VALUES ('854f7363-ed4b-4c49-ba59-4060cd782a77', 'a280433f-ee31-4d49-a3ef-4a1db3ec32d3', 'Cheddar Cheese', 1.9, 'cup');
INSERT INTO ingredients (id, recipe_id, name, quantity, unit) VALUES ('a282245a-dd98-4525-a272-5ebc973383e9', 'a280433f-ee31-4d49-a3ef-4a1db3ec32d3', 'Dijon Mustard', 2.2, 'tsp');
INSERT INTO ingredients (id, recipe_id, name, quantity, unit) VALUES ('21fb950a-6e0b-4a57-af93-dcf0edaf9988', 'a280433f-ee31-4d49-a3ef-4a1db3ec32d3', 'Lemon Juice', 2.0, 'tbsp');
INSERT INTO recipe_dietary_tags (recipe_id, tag_id) VALUES ('a280433f-ee31-4d49-a3ef-4a1db3ec32d3', 3);
INSERT INTO recipe_dietary_tags (recipe_id, tag_id) VALUES ('a280433f-ee31-4d49-a3ef-4a1db3ec32d3', 4);

INSERT INTO recipes (id, user_id, title, description, instructions, image_url, servings, source_url, source_name, is_archived, views, cart_adds) VALUES ('e2239cb7-38bd-4c77-bccc-88e1c712b76f', 'admin-user-id', 'Air Fried Venison with Sweet Potatoes and Cauliflower Rice', 'A delicious Air Fried Venison with Sweet Potatoes and Cauliflower Rice recipe. This Midwest-friendly dish is a family favorite and easy to make with common ingredients.', '1. Preheat oven to 375°F (190°C) if baking.
2. Prepare the Rice and other main ingredients.
3. In a large bowl, combine with seasonings.
4. Cook according to source instructions until internal temperature is safe.
5. Let rest for 5 minutes before serving.', 'https://images.unsplash.com/photo-1493770348161-369560ae357d?auto=format&fit=crop&w=800&q=60', 6, 'https://www.bonappetit.com/recipe/air-fried-venison-with-sweet-potatoes-and-cauliflower-rice', 'Bon Appetit', 0, 228, 51);
INSERT INTO ingredients (id, recipe_id, name, quantity, unit) VALUES ('3f6bc203-1a80-4572-a3bb-e77afa723751', 'e2239cb7-38bd-4c77-bccc-88e1c712b76f', 'Olive Oil', 1.5, 'tbsp');
INSERT INTO ingredients (id, recipe_id, name, quantity, unit) VALUES ('f017739f-36b3-4cb1-b679-bbe513836c6e', 'e2239cb7-38bd-4c77-bccc-88e1c712b76f', 'Frozen Peas', 3.3, 'cup');
INSERT INTO ingredients (id, recipe_id, name, quantity, unit) VALUES ('7e1a0ca6-39ad-49be-9503-0a5fa25dfd3e', 'e2239cb7-38bd-4c77-bccc-88e1c712b76f', 'Rice', 3.4, 'cup');
INSERT INTO ingredients (id, recipe_id, name, quantity, unit) VALUES ('f956c0d2-5ea6-4f5e-b0fa-6ccf8dd11414', 'e2239cb7-38bd-4c77-bccc-88e1c712b76f', 'Heavy Cream', 1.9, 'cup');
INSERT INTO ingredients (id, recipe_id, name, quantity, unit) VALUES ('5d69a76a-7614-43db-a7e2-67f221b67f16', 'e2239cb7-38bd-4c77-bccc-88e1c712b76f', 'Honey', 1.4, 'tbsp');
INSERT INTO ingredients (id, recipe_id, name, quantity, unit) VALUES ('387fd15c-14d0-4580-97f8-308abaec48f6', 'e2239cb7-38bd-4c77-bccc-88e1c712b76f', 'Breadcrumbs', 0.6, 'cup');
INSERT INTO recipe_dietary_tags (recipe_id, tag_id) VALUES ('e2239cb7-38bd-4c77-bccc-88e1c712b76f', 1);
INSERT INTO recipe_dietary_tags (recipe_id, tag_id) VALUES ('e2239cb7-38bd-4c77-bccc-88e1c712b76f', 6);
INSERT INTO recipe_dietary_tags (recipe_id, tag_id) VALUES ('e2239cb7-38bd-4c77-bccc-88e1c712b76f', 2);

INSERT INTO recipes (id, user_id, title, description, instructions, image_url, servings, source_url, source_name, is_archived, views, cart_adds) VALUES ('6dac98f0-b165-4040-a41c-9db87fbfa1b0', 'admin-user-id', 'Steamed Lamb with Zucchini and Cauliflower Rice', 'A delicious Steamed Lamb with Zucchini and Cauliflower Rice recipe. This Midwest-friendly dish is a family favorite and easy to make with common ingredients.', '1. Preheat oven to 375°F (190°C) if baking.
2. Prepare the Rice and other main ingredients.
3. In a large bowl, combine with seasonings.
4. Cook according to source instructions until internal temperature is safe.
5. Let rest for 5 minutes before serving.', 'https://images.unsplash.com/photo-1473093226795-af9932fe5856?auto=format&fit=crop&w=800&q=60', 7, 'https://www.tasteofhome.com/recipe/steamed-lamb-with-zucchini-and-cauliflower-rice', 'Taste of Home', 0, 907, 79);
INSERT INTO ingredients (id, recipe_id, name, quantity, unit) VALUES ('aa9651ca-3a4b-4dbc-92eb-2c9d16ae23f8', '6dac98f0-b165-4040-a41c-9db87fbfa1b0', 'Carrots', 3.5, 'cup');
INSERT INTO ingredients (id, recipe_id, name, quantity, unit) VALUES ('000fef5a-ad01-47b2-af21-c68b18115905', '6dac98f0-b165-4040-a41c-9db87fbfa1b0', 'Breadcrumbs', 1.8, 'cup');
INSERT INTO ingredients (id, recipe_id, name, quantity, unit) VALUES ('25d1b6cd-478d-482d-a5f8-6f122a52d86a', '6dac98f0-b165-4040-a41c-9db87fbfa1b0', 'Celery', 2.6, 'cup');
INSERT INTO ingredients (id, recipe_id, name, quantity, unit) VALUES ('eee33dee-ca2f-46ae-b484-5152afaf3f1c', '6dac98f0-b165-4040-a41c-9db87fbfa1b0', 'Dijon Mustard', 1.0, 'tsp');
INSERT INTO recipe_dietary_tags (recipe_id, tag_id) VALUES ('6dac98f0-b165-4040-a41c-9db87fbfa1b0', 1);
INSERT INTO recipe_dietary_tags (recipe_id, tag_id) VALUES ('6dac98f0-b165-4040-a41c-9db87fbfa1b0', 6);
INSERT INTO recipe_dietary_tags (recipe_id, tag_id) VALUES ('6dac98f0-b165-4040-a41c-9db87fbfa1b0', 2);

INSERT INTO recipes (id, user_id, title, description, instructions, image_url, servings, source_url, source_name, is_archived, views, cart_adds) VALUES ('6cfc452d-0a9d-4f50-99b0-7d86494ee956', 'admin-user-id', 'Grilled Salmon with Spinach and Mashed Cauliflower', 'A delicious Grilled Salmon with Spinach and Mashed Cauliflower recipe. This Midwest-friendly dish is a family favorite and easy to make with common ingredients.', '1. Preheat oven to 375°F (190°C) if baking.
2. Prepare the Cauliflower and other main ingredients.
3. In a large bowl, combine with seasonings.
4. Cook according to source instructions until internal temperature is safe.
5. Let rest for 5 minutes before serving.', 'https://images.unsplash.com/photo-1512621776951-a57141f2eefd?auto=format&fit=crop&w=800&q=60', 2, 'https://www.epicurious.com/recipe/grilled-salmon-with-spinach-and-mashed-cauliflower', 'Epicurious', 0, 324, 58);
INSERT INTO ingredients (id, recipe_id, name, quantity, unit) VALUES ('a893dfd2-ea41-4200-8068-92a6aa03b5df', '6cfc452d-0a9d-4f50-99b0-7d86494ee956', 'Tomato Sauce', 0.9, 'oz');
INSERT INTO ingredients (id, recipe_id, name, quantity, unit) VALUES ('6a44f893-b8dc-4277-a328-f79f7464fdb1', '6cfc452d-0a9d-4f50-99b0-7d86494ee956', 'Cream of Mushroom Soup', 1.0, 'can');
INSERT INTO ingredients (id, recipe_id, name, quantity, unit) VALUES ('b95a6f06-d92a-46ea-a168-a3c1888ed00a', '6cfc452d-0a9d-4f50-99b0-7d86494ee956', 'Salt', 2.8, 'tsp');
INSERT INTO ingredients (id, recipe_id, name, quantity, unit) VALUES ('99d4f2c6-32c6-4981-b52d-d2563a6926d2', '6cfc452d-0a9d-4f50-99b0-7d86494ee956', 'Black Pepper', 0.6, 'tsp');
INSERT INTO ingredients (id, recipe_id, name, quantity, unit) VALUES ('c5bad2e1-c56c-4ef2-acbd-81787674578d', '6cfc452d-0a9d-4f50-99b0-7d86494ee956', 'Dijon Mustard', 1.5, 'tsp');
INSERT INTO ingredients (id, recipe_id, name, quantity, unit) VALUES ('cff65b56-c29e-48b9-ac58-1ef0f3bd2692', '6cfc452d-0a9d-4f50-99b0-7d86494ee956', 'Milk', 2.8, 'cup');
INSERT INTO ingredients (id, recipe_id, name, quantity, unit) VALUES ('2dd02648-7cf0-46ec-8cbe-6b9af6f000c2', '6cfc452d-0a9d-4f50-99b0-7d86494ee956', 'Lemon Juice', 1.7, 'tbsp');
INSERT INTO recipe_dietary_tags (recipe_id, tag_id) VALUES ('6cfc452d-0a9d-4f50-99b0-7d86494ee956', 1);
INSERT INTO recipe_dietary_tags (recipe_id, tag_id) VALUES ('6cfc452d-0a9d-4f50-99b0-7d86494ee956', 6);
INSERT INTO recipe_dietary_tags (recipe_id, tag_id) VALUES ('6cfc452d-0a9d-4f50-99b0-7d86494ee956', 3);
INSERT INTO recipe_dietary_tags (recipe_id, tag_id) VALUES ('6cfc452d-0a9d-4f50-99b0-7d86494ee956', 7);

INSERT INTO recipes (id, user_id, title, description, instructions, image_url, servings, source_url, source_name, is_archived, views, cart_adds) VALUES ('0d07d5e2-990f-4f5c-9174-ffd0d3f644ae', 'admin-user-id', 'Pan-Seared Cod with Brussels Sprouts and Brown Rice', 'A delicious Pan-Seared Cod with Brussels Sprouts and Brown Rice recipe. This Midwest-friendly dish is a family favorite and easy to make with common ingredients.', '1. Preheat oven to 375°F (190°C) if baking.
2. Prepare the Rice and other main ingredients.
3. In a large bowl, combine with seasonings.
4. Cook according to source instructions until internal temperature is safe.
5. Let rest for 5 minutes before serving.', 'https://images.unsplash.com/photo-1482049016688-2d3e1b311543?auto=format&fit=crop&w=800&q=60', 6, 'https://www.tasteofhome.com/recipe/pan-seared-cod-with-brussels-sprouts-and-brown-rice', 'Taste of Home', 0, 125, 56);
INSERT INTO ingredients (id, recipe_id, name, quantity, unit) VALUES ('362d7b23-4c3a-4cb4-afe4-f7efe2e96d2a', '0d07d5e2-990f-4f5c-9174-ffd0d3f644ae', 'Worcestershire Sauce', 1.0, 'tbsp');
INSERT INTO ingredients (id, recipe_id, name, quantity, unit) VALUES ('e5649cdb-5a28-4637-8d11-d32053b63fc8', '0d07d5e2-990f-4f5c-9174-ffd0d3f644ae', 'Egg', 2.1, 'large');
INSERT INTO ingredients (id, recipe_id, name, quantity, unit) VALUES ('3e493821-44d4-4f4b-bccd-448eea94fb46', '0d07d5e2-990f-4f5c-9174-ffd0d3f644ae', 'Salt', 2.3, 'tsp');
INSERT INTO ingredients (id, recipe_id, name, quantity, unit) VALUES ('9c978c05-8e1b-478c-b192-afc67be3d440', '0d07d5e2-990f-4f5c-9174-ffd0d3f644ae', 'Chicken Breast', 2.6, 'lb');
INSERT INTO recipe_dietary_tags (recipe_id, tag_id) VALUES ('0d07d5e2-990f-4f5c-9174-ffd0d3f644ae', 3);
INSERT INTO recipe_dietary_tags (recipe_id, tag_id) VALUES ('0d07d5e2-990f-4f5c-9174-ffd0d3f644ae', 4);
INSERT INTO recipe_dietary_tags (recipe_id, tag_id) VALUES ('0d07d5e2-990f-4f5c-9174-ffd0d3f644ae', 8);

INSERT INTO recipes (id, user_id, title, description, instructions, image_url, servings, source_url, source_name, is_archived, views, cart_adds) VALUES ('9ff74cf5-75c1-4c80-ad6b-abcd6ce7f428', 'admin-user-id', 'Pan-Seared Venison with Brussels Sprouts and Quinoa', 'A delicious Pan-Seared Venison with Brussels Sprouts and Quinoa recipe. This Midwest-friendly dish is a family favorite and easy to make with common ingredients.', '1. Preheat oven to 375°F (190°C) if baking.
2. Prepare the Quinoa and other main ingredients.
3. In a large bowl, combine with seasonings.
4. Cook according to source instructions until internal temperature is safe.
5. Let rest for 5 minutes before serving.', 'https://images.unsplash.com/photo-1484723091739-30a097e8f929?auto=format&fit=crop&w=800&q=60', 4, 'https://www.epicurious.com/recipe/pan-seared-venison-with-brussels-sprouts-and-quinoa', 'Epicurious', 0, 788, 64);
INSERT INTO ingredients (id, recipe_id, name, quantity, unit) VALUES ('c7890dfc-96ee-44b0-a7b1-b58bec9dd0a0', '9ff74cf5-75c1-4c80-ad6b-abcd6ce7f428', 'Carrots', 1.5, 'cup');
INSERT INTO ingredients (id, recipe_id, name, quantity, unit) VALUES ('be312cfb-3ca7-49a7-9488-0628b32cfebe', '9ff74cf5-75c1-4c80-ad6b-abcd6ce7f428', 'Cream of Mushroom Soup', 1.8, 'can');
INSERT INTO ingredients (id, recipe_id, name, quantity, unit) VALUES ('11d7aa57-26d4-4351-b74a-838669f5b733', '9ff74cf5-75c1-4c80-ad6b-abcd6ce7f428', 'Worcestershire Sauce', 1.7, 'tbsp');
INSERT INTO ingredients (id, recipe_id, name, quantity, unit) VALUES ('019bb7f8-306a-4bab-b163-09110234afd8', '9ff74cf5-75c1-4c80-ad6b-abcd6ce7f428', 'Cheddar Cheese', 1.5, 'cup');
INSERT INTO ingredients (id, recipe_id, name, quantity, unit) VALUES ('cb7eb119-6255-47be-adfa-646fcd3b8023', '9ff74cf5-75c1-4c80-ad6b-abcd6ce7f428', 'Black Pepper', 1.6, 'tsp');
INSERT INTO ingredients (id, recipe_id, name, quantity, unit) VALUES ('78f6592c-b322-42d8-9184-4dbba7adf3eb', '9ff74cf5-75c1-4c80-ad6b-abcd6ce7f428', 'Potatoes', 1.1, 'lb');
INSERT INTO recipe_dietary_tags (recipe_id, tag_id) VALUES ('9ff74cf5-75c1-4c80-ad6b-abcd6ce7f428', 3);
INSERT INTO recipe_dietary_tags (recipe_id, tag_id) VALUES ('9ff74cf5-75c1-4c80-ad6b-abcd6ce7f428', 2);
INSERT INTO recipe_dietary_tags (recipe_id, tag_id) VALUES ('9ff74cf5-75c1-4c80-ad6b-abcd6ce7f428', 7);

INSERT INTO recipes (id, user_id, title, description, instructions, image_url, servings, source_url, source_name, is_archived, views, cart_adds) VALUES ('33c3db7e-7a16-48ec-b9c4-ecbcb7456179', 'admin-user-id', 'Grilled Tofu with Carrots and Quinoa', 'A delicious Grilled Tofu with Carrots and Quinoa recipe. This Midwest-friendly dish is a family favorite and easy to make with common ingredients.', '1. Preheat oven to 375°F (190°C) if baking.
2. Prepare the Quinoa and other main ingredients.
3. In a large bowl, combine with seasonings.
4. Cook according to source instructions until internal temperature is safe.
5. Let rest for 5 minutes before serving.', 'https://images.unsplash.com/photo-1540189549336-e6e99c3679fe?auto=format&fit=crop&w=800&q=60', 5, 'https://www.epicurious.com/recipe/grilled-tofu-with-carrots-and-quinoa', 'Epicurious', 0, 525, 47);
INSERT INTO ingredients (id, recipe_id, name, quantity, unit) VALUES ('428e0178-b586-4e7c-a694-acf553e3507d', '33c3db7e-7a16-48ec-b9c4-ecbcb7456179', 'Frozen Peas', 1.7, 'cup');
INSERT INTO ingredients (id, recipe_id, name, quantity, unit) VALUES ('129b091d-99e5-4ec2-a080-101f66a0fae9', '33c3db7e-7a16-48ec-b9c4-ecbcb7456179', 'Celery', 2.8, 'cup');
INSERT INTO ingredients (id, recipe_id, name, quantity, unit) VALUES ('7baadae3-f0cb-41ba-876e-60b361e87e6e', '33c3db7e-7a16-48ec-b9c4-ecbcb7456179', 'Salt', 3.5, 'tsp');
INSERT INTO ingredients (id, recipe_id, name, quantity, unit) VALUES ('b284f818-3c7d-4444-9317-4d8cc058e91c', '33c3db7e-7a16-48ec-b9c4-ecbcb7456179', 'Egg', 2.6, 'large');
INSERT INTO recipe_dietary_tags (recipe_id, tag_id) VALUES ('33c3db7e-7a16-48ec-b9c4-ecbcb7456179', 3);
INSERT INTO recipe_dietary_tags (recipe_id, tag_id) VALUES ('33c3db7e-7a16-48ec-b9c4-ecbcb7456179', 4);

INSERT INTO recipes (id, user_id, title, description, instructions, image_url, servings, source_url, source_name, is_archived, views, cart_adds) VALUES ('145a7121-253f-4bb6-b814-5d4d79ecf079', 'admin-user-id', 'Air Fried Turkey with Green Beans and Couscous', 'A delicious Air Fried Turkey with Green Beans and Couscous recipe. This Midwest-friendly dish is a family favorite and easy to make with common ingredients.', '1. Preheat oven to 375°F (190°C) if baking.
2. Prepare the Couscous and other main ingredients.
3. In a large bowl, combine with seasonings.
4. Cook according to source instructions until internal temperature is safe.
5. Let rest for 5 minutes before serving.', 'https://images.unsplash.com/photo-1567620985035-091781110527?auto=format&fit=crop&w=800&q=60', 7, 'https://www.bonappetit.com/recipe/air-fried-turkey-with-green-beans-and-couscous', 'Bon Appetit', 0, 354, 93);
INSERT INTO ingredients (id, recipe_id, name, quantity, unit) VALUES ('d8679d8b-c08a-49ad-a1ed-b611469b4a2d', '145a7121-253f-4bb6-b814-5d4d79ecf079', 'Onion', 2.6, 'cup');
INSERT INTO ingredients (id, recipe_id, name, quantity, unit) VALUES ('8007d5a8-b196-45b2-a23d-1ea6768e5a5e', '145a7121-253f-4bb6-b814-5d4d79ecf079', 'Butter', 3.2, 'tbsp');
INSERT INTO ingredients (id, recipe_id, name, quantity, unit) VALUES ('4b50181d-e843-452a-9370-16b18574d91a', '145a7121-253f-4bb6-b814-5d4d79ecf079', 'Tater Tots', 1.0, 'oz');
INSERT INTO ingredients (id, recipe_id, name, quantity, unit) VALUES ('f05d8a64-82f0-4151-9a8b-605c34c448b5', '145a7121-253f-4bb6-b814-5d4d79ecf079', 'Honey', 0.7, 'tbsp');
INSERT INTO recipe_dietary_tags (recipe_id, tag_id) VALUES ('145a7121-253f-4bb6-b814-5d4d79ecf079', 6);
INSERT INTO recipe_dietary_tags (recipe_id, tag_id) VALUES ('145a7121-253f-4bb6-b814-5d4d79ecf079', 4);

INSERT INTO recipes (id, user_id, title, description, instructions, image_url, servings, source_url, source_name, is_archived, views, cart_adds) VALUES ('7cad78f9-06cf-40f5-b3dc-ff54eb0df874', 'admin-user-id', 'Air Fried Lamb with Brussels Sprouts and Brown Rice', 'A delicious Air Fried Lamb with Brussels Sprouts and Brown Rice recipe. This Midwest-friendly dish is a family favorite and easy to make with common ingredients.', '1. Preheat oven to 375°F (190°C) if baking.
2. Prepare the Rice and other main ingredients.
3. In a large bowl, combine with seasonings.
4. Cook according to source instructions until internal temperature is safe.
5. Let rest for 5 minutes before serving.', 'https://images.unsplash.com/photo-1565299624946-b28f40a0ae38?auto=format&fit=crop&w=800&q=60', 6, 'https://www.allrecipes.com/recipe/air-fried-lamb-with-brussels-sprouts-and-brown-rice', 'AllRecipes', 0, 193, 73);
INSERT INTO ingredients (id, recipe_id, name, quantity, unit) VALUES ('a4d737f2-74a2-4d7f-a3a4-ceef94b86ec0', '7cad78f9-06cf-40f5-b3dc-ff54eb0df874', 'Salt', 1.9, 'tsp');
INSERT INTO ingredients (id, recipe_id, name, quantity, unit) VALUES ('e3575fd0-84d4-4a36-b080-ca0e7d69b187', '7cad78f9-06cf-40f5-b3dc-ff54eb0df874', 'Celery', 1.7, 'cup');
INSERT INTO ingredients (id, recipe_id, name, quantity, unit) VALUES ('6100e619-eb5f-4de4-aa96-6f575f201fbc', '7cad78f9-06cf-40f5-b3dc-ff54eb0df874', 'Milk', 0.7, 'cup');
INSERT INTO ingredients (id, recipe_id, name, quantity, unit) VALUES ('b2644a9a-0995-4426-b286-9e4b6ce8ae67', '7cad78f9-06cf-40f5-b3dc-ff54eb0df874', 'Honey', 1.0, 'tbsp');
INSERT INTO recipe_dietary_tags (recipe_id, tag_id) VALUES ('7cad78f9-06cf-40f5-b3dc-ff54eb0df874', 2);

INSERT INTO recipes (id, user_id, title, description, instructions, image_url, servings, source_url, source_name, is_archived, views, cart_adds) VALUES ('49adb3eb-27dd-43a4-8f31-feec2b83f521', 'admin-user-id', 'Baked Beef with Kale and Mashed Cauliflower', 'A delicious Baked Beef with Kale and Mashed Cauliflower recipe. This Midwest-friendly dish is a family favorite and easy to make with common ingredients.', '1. Preheat oven to 375°F (190°C) if baking.
2. Prepare the Cauliflower and other main ingredients.
3. In a large bowl, combine with seasonings.
4. Cook according to source instructions until internal temperature is safe.
5. Let rest for 5 minutes before serving.', 'https://images.unsplash.com/photo-1555939594-58d7cb561ad1?auto=format&fit=crop&w=800&q=60', 3, 'https://www.epicurious.com/recipe/baked-beef-with-kale-and-mashed-cauliflower', 'Epicurious', 0, 672, 64);
INSERT INTO ingredients (id, recipe_id, name, quantity, unit) VALUES ('63269f54-5c56-415c-8c71-737870424153', '49adb3eb-27dd-43a4-8f31-feec2b83f521', 'Tater Tots', 1.6, 'oz');
INSERT INTO ingredients (id, recipe_id, name, quantity, unit) VALUES ('f41b7922-b9aa-4b34-b085-1d272d1fb4eb', '49adb3eb-27dd-43a4-8f31-feec2b83f521', 'Cream of Mushroom Soup', 0.7, 'can');
INSERT INTO ingredients (id, recipe_id, name, quantity, unit) VALUES ('30b0eaab-6199-466f-81e7-13abe7cbbdfb', '49adb3eb-27dd-43a4-8f31-feec2b83f521', 'Egg', 3.1, 'large');
INSERT INTO ingredients (id, recipe_id, name, quantity, unit) VALUES ('2d4f9c96-7b7a-4eed-9939-9e8104a54f17', '49adb3eb-27dd-43a4-8f31-feec2b83f521', 'Cheddar Cheese', 3.3, 'cup');
INSERT INTO ingredients (id, recipe_id, name, quantity, unit) VALUES ('27605755-fd59-4fb1-bd25-cd416f43b088', '49adb3eb-27dd-43a4-8f31-feec2b83f521', 'Milk', 2.6, 'cup');
INSERT INTO recipe_dietary_tags (recipe_id, tag_id) VALUES ('49adb3eb-27dd-43a4-8f31-feec2b83f521', 1);
INSERT INTO recipe_dietary_tags (recipe_id, tag_id) VALUES ('49adb3eb-27dd-43a4-8f31-feec2b83f521', 6);
INSERT INTO recipe_dietary_tags (recipe_id, tag_id) VALUES ('49adb3eb-27dd-43a4-8f31-feec2b83f521', 10);
INSERT INTO recipe_dietary_tags (recipe_id, tag_id) VALUES ('49adb3eb-27dd-43a4-8f31-feec2b83f521', 2);
INSERT INTO recipe_dietary_tags (recipe_id, tag_id) VALUES ('49adb3eb-27dd-43a4-8f31-feec2b83f521', 7);

INSERT INTO recipes (id, user_id, title, description, instructions, image_url, servings, source_url, source_name, is_archived, views, cart_adds) VALUES ('2e25fe8b-bac1-496f-889f-b6dcb36f1d12', 'admin-user-id', 'Pan-Seared Tofu with Zucchini and Brown Rice', 'A delicious Pan-Seared Tofu with Zucchini and Brown Rice recipe. This Midwest-friendly dish is a family favorite and easy to make with common ingredients.', '1. Preheat oven to 375°F (190°C) if baking.
2. Prepare the Rice and other main ingredients.
3. In a large bowl, combine with seasonings.
4. Cook according to source instructions until internal temperature is safe.
5. Let rest for 5 minutes before serving.', 'https://images.unsplash.com/photo-1513104894114-bd7ea4718312?auto=format&fit=crop&w=800&q=60', 7, 'https://www.tasteofhome.com/recipe/pan-seared-tofu-with-zucchini-and-brown-rice', 'Taste of Home', 0, 248, 26);
INSERT INTO ingredients (id, recipe_id, name, quantity, unit) VALUES ('3f2fa7b2-1e12-4177-acdf-3c100908e480', '2e25fe8b-bac1-496f-889f-b6dcb36f1d12', 'Soy Sauce', 0.9, 'tbsp');
INSERT INTO ingredients (id, recipe_id, name, quantity, unit) VALUES ('e2387e9a-a468-4be3-8ade-486a0a4de5c8', '2e25fe8b-bac1-496f-889f-b6dcb36f1d12', 'Tater Tots', 2.8, 'oz');
INSERT INTO ingredients (id, recipe_id, name, quantity, unit) VALUES ('d010e28f-dcff-4535-9c7e-3dd8d5086c8c', '2e25fe8b-bac1-496f-889f-b6dcb36f1d12', 'Cream of Mushroom Soup', 2.4, 'can');
INSERT INTO ingredients (id, recipe_id, name, quantity, unit) VALUES ('b807ea55-197e-4eb4-9bf9-2513bd475c30', '2e25fe8b-bac1-496f-889f-b6dcb36f1d12', 'Pasta', 2.5, 'oz');
INSERT INTO recipe_dietary_tags (recipe_id, tag_id) VALUES ('2e25fe8b-bac1-496f-889f-b6dcb36f1d12', 3);

INSERT INTO recipes (id, user_id, title, description, instructions, image_url, servings, source_url, source_name, is_archived, views, cart_adds) VALUES ('5ad3a73f-ffe1-47b1-818a-66ef54c03795', 'admin-user-id', 'Sautéed Turkey with Green Beans and Quinoa', 'A delicious Sautéed Turkey with Green Beans and Quinoa recipe. This Midwest-friendly dish is a family favorite and easy to make with common ingredients.', '1. Preheat oven to 375°F (190°C) if baking.
2. Prepare the Quinoa and other main ingredients.
3. In a large bowl, combine with seasonings.
4. Cook according to source instructions until internal temperature is safe.
5. Let rest for 5 minutes before serving.', 'https://images.unsplash.com/photo-1504754524776-8f4f37799ca7?auto=format&fit=crop&w=800&q=60', 7, 'https://www.foodnetwork.com/recipe/saut-ed-turkey-with-green-beans-and-quinoa', 'Food Network', 0, 851, 88);
INSERT INTO ingredients (id, recipe_id, name, quantity, unit) VALUES ('5781e059-5ed7-4ae5-9a9a-14287236b87f', '5ad3a73f-ffe1-47b1-818a-66ef54c03795', 'Sour Cream', 1.5, 'cup');
INSERT INTO ingredients (id, recipe_id, name, quantity, unit) VALUES ('bb59ac8d-920c-4caa-ad9b-97bca7aceab3', '5ad3a73f-ffe1-47b1-818a-66ef54c03795', 'Chicken Breast', 1.8, 'lb');
INSERT INTO ingredients (id, recipe_id, name, quantity, unit) VALUES ('cbde56ac-e87f-4e0f-ac5e-eae6970195d4', '5ad3a73f-ffe1-47b1-818a-66ef54c03795', 'Celery', 3.0, 'cup');
INSERT INTO ingredients (id, recipe_id, name, quantity, unit) VALUES ('3e55911e-8cfc-450a-b9cc-153736b52043', '5ad3a73f-ffe1-47b1-818a-66ef54c03795', 'Black Pepper', 2.9, 'tsp');
INSERT INTO ingredients (id, recipe_id, name, quantity, unit) VALUES ('7e6306fa-f700-46dd-a42e-47ef24dcf867', '5ad3a73f-ffe1-47b1-818a-66ef54c03795', 'Lemon Juice', 1.5, 'tbsp');
INSERT INTO recipe_dietary_tags (recipe_id, tag_id) VALUES ('5ad3a73f-ffe1-47b1-818a-66ef54c03795', 4);

INSERT INTO recipes (id, user_id, title, description, instructions, image_url, servings, source_url, source_name, is_archived, views, cart_adds) VALUES ('50db7140-2d92-4112-9cb0-d99c8c218652', 'admin-user-id', 'Air Fried Beef with Asparagus and Couscous', 'A delicious Air Fried Beef with Asparagus and Couscous recipe. This Midwest-friendly dish is a family favorite and easy to make with common ingredients.', '1. Preheat oven to 375°F (190°C) if baking.
2. Prepare the Couscous and other main ingredients.
3. In a large bowl, combine with seasonings.
4. Cook according to source instructions until internal temperature is safe.
5. Let rest for 5 minutes before serving.', 'https://images.unsplash.com/photo-1476224203421-9ac3993557a4?auto=format&fit=crop&w=800&q=60', 4, 'https://www.allrecipes.com/recipe/air-fried-beef-with-asparagus-and-couscous', 'AllRecipes', 0, 422, 37);
INSERT INTO ingredients (id, recipe_id, name, quantity, unit) VALUES ('5dcdd93e-ab5f-432f-8142-52b3b3c4783a', '50db7140-2d92-4112-9cb0-d99c8c218652', 'Frozen Peas', 2.9, 'cup');
INSERT INTO ingredients (id, recipe_id, name, quantity, unit) VALUES ('79431711-fa66-4d18-8ab9-600c67aab9d9', '50db7140-2d92-4112-9cb0-d99c8c218652', 'Chicken Breast', 2.2, 'lb');
INSERT INTO ingredients (id, recipe_id, name, quantity, unit) VALUES ('7ac08eb1-a534-4a3b-be7e-67ad2eb681e0', '50db7140-2d92-4112-9cb0-d99c8c218652', 'Worcestershire Sauce', 1.4, 'tbsp');
INSERT INTO ingredients (id, recipe_id, name, quantity, unit) VALUES ('0ace6a44-d712-4faf-9c68-bd0d2c8d4169', '50db7140-2d92-4112-9cb0-d99c8c218652', 'Lemon Juice', 0.7, 'tbsp');
INSERT INTO ingredients (id, recipe_id, name, quantity, unit) VALUES ('f260773a-cf01-450f-adfd-88d43976f9c5', '50db7140-2d92-4112-9cb0-d99c8c218652', 'Butter', 3.2, 'tbsp');
INSERT INTO recipe_dietary_tags (recipe_id, tag_id) VALUES ('50db7140-2d92-4112-9cb0-d99c8c218652', 10);

INSERT INTO recipes (id, user_id, title, description, instructions, image_url, servings, source_url, source_name, is_archived, views, cart_adds) VALUES ('9468bf2d-d12b-40a1-b96c-b4e084710394', 'admin-user-id', 'Air Fried Chicken with Zucchini and Roasted Potatoes', 'A delicious Air Fried Chicken with Zucchini and Roasted Potatoes recipe. This Midwest-friendly dish is a family favorite and easy to make with common ingredients.', '1. Preheat oven to 375°F (190°C) if baking.
2. Prepare the Potatoes and other main ingredients.
3. In a large bowl, combine with seasonings.
4. Cook according to source instructions until internal temperature is safe.
5. Let rest for 5 minutes before serving.', 'https://images.unsplash.com/photo-1498837167721-8f5c1a322c2e?auto=format&fit=crop&w=800&q=60', 2, 'https://www.foodnetwork.com/recipe/air-fried-chicken-with-zucchini-and-roasted-potatoes', 'Food Network', 0, 401, 42);
INSERT INTO ingredients (id, recipe_id, name, quantity, unit) VALUES ('c63c1b6a-da23-4381-b57b-c291bc12cf44', '9468bf2d-d12b-40a1-b96c-b4e084710394', 'Dijon Mustard', 1.3, 'tsp');
INSERT INTO ingredients (id, recipe_id, name, quantity, unit) VALUES ('ba4b334d-a63e-4ee9-a052-ac55490f6ae0', '9468bf2d-d12b-40a1-b96c-b4e084710394', 'Celery', 3.1, 'cup');
INSERT INTO ingredients (id, recipe_id, name, quantity, unit) VALUES ('8a91085f-0a31-4637-820a-f0325abc1a69', '9468bf2d-d12b-40a1-b96c-b4e084710394', 'Olive Oil', 0.8, 'tbsp');
INSERT INTO ingredients (id, recipe_id, name, quantity, unit) VALUES ('148cbd98-3896-42c3-92bd-3eea10e15e05', '9468bf2d-d12b-40a1-b96c-b4e084710394', 'Onion', 3.4, 'cup');
INSERT INTO ingredients (id, recipe_id, name, quantity, unit) VALUES ('f9995c68-6ede-4b3a-9bf6-711eb81569bf', '9468bf2d-d12b-40a1-b96c-b4e084710394', 'Breadcrumbs', 3.1, 'cup');
INSERT INTO recipe_dietary_tags (recipe_id, tag_id) VALUES ('9468bf2d-d12b-40a1-b96c-b4e084710394', 10);

INSERT INTO recipes (id, user_id, title, description, instructions, image_url, servings, source_url, source_name, is_archived, views, cart_adds) VALUES ('42b394e9-3238-442e-b873-c8d43fb6311f', 'admin-user-id', 'Air Fried Turkey with Cauliflower and Cauliflower Rice', 'A delicious Air Fried Turkey with Cauliflower and Cauliflower Rice recipe. This Midwest-friendly dish is a family favorite and easy to make with common ingredients.', '1. Preheat oven to 375°F (190°C) if baking.
2. Prepare the Rice and other main ingredients.
3. In a large bowl, combine with seasonings.
4. Cook according to source instructions until internal temperature is safe.
5. Let rest for 5 minutes before serving.', 'https://images.unsplash.com/photo-1490645935967-10de6ba17051?auto=format&fit=crop&w=800&q=60', 3, 'https://www.tasteofhome.com/recipe/air-fried-turkey-with-cauliflower-and-cauliflower-rice', 'Taste of Home', 0, 726, 1);
INSERT INTO ingredients (id, recipe_id, name, quantity, unit) VALUES ('353f89bb-8b79-4005-99c1-f0155162cec8', '42b394e9-3238-442e-b873-c8d43fb6311f', 'Salt', 0.7, 'tsp');
INSERT INTO ingredients (id, recipe_id, name, quantity, unit) VALUES ('99449686-9c2b-47e8-b89c-2068a0e2ce32', '42b394e9-3238-442e-b873-c8d43fb6311f', 'Ground Beef', 0.9, 'lb');
INSERT INTO ingredients (id, recipe_id, name, quantity, unit) VALUES ('eb4ebb41-1142-4b21-9f3d-dc38130679d8', '42b394e9-3238-442e-b873-c8d43fb6311f', 'Olive Oil', 3.2, 'tbsp');
INSERT INTO ingredients (id, recipe_id, name, quantity, unit) VALUES ('91907216-9612-4a50-be75-4a660d821f13', '42b394e9-3238-442e-b873-c8d43fb6311f', 'Tater Tots', 2.8, 'oz');
INSERT INTO ingredients (id, recipe_id, name, quantity, unit) VALUES ('c894fbf2-4600-45fa-b018-96fa8931c85f', '42b394e9-3238-442e-b873-c8d43fb6311f', 'Pasta', 3.4, 'oz');
INSERT INTO recipe_dietary_tags (recipe_id, tag_id) VALUES ('42b394e9-3238-442e-b873-c8d43fb6311f', 1);
INSERT INTO recipe_dietary_tags (recipe_id, tag_id) VALUES ('42b394e9-3238-442e-b873-c8d43fb6311f', 6);
INSERT INTO recipe_dietary_tags (recipe_id, tag_id) VALUES ('42b394e9-3238-442e-b873-c8d43fb6311f', 4);

INSERT INTO recipes (id, user_id, title, description, instructions, image_url, servings, source_url, source_name, is_archived, views, cart_adds) VALUES ('979a13cc-a953-4c82-8013-479bcbecd4ff', 'admin-user-id', 'Slow Cooked Shrimp with Asparagus and Cauliflower Rice', 'A delicious Slow Cooked Shrimp with Asparagus and Cauliflower Rice recipe. This Midwest-friendly dish is a family favorite and easy to make with common ingredients.', '1. Preheat oven to 375°F (190°C) if baking.
2. Prepare the Rice and other main ingredients.
3. In a large bowl, combine with seasonings.
4. Cook according to source instructions until internal temperature is safe.
5. Let rest for 5 minutes before serving.', 'https://images.unsplash.com/photo-1506084868214-19a1f9e147f8?auto=format&fit=crop&w=800&q=60', 5, 'https://www.bonappetit.com/recipe/slow-cooked-shrimp-with-asparagus-and-cauliflower-rice', 'Bon Appetit', 0, 507, 92);
INSERT INTO ingredients (id, recipe_id, name, quantity, unit) VALUES ('29facba6-2c65-4e24-a355-0cabcb4672bf', '979a13cc-a953-4c82-8013-479bcbecd4ff', 'Dijon Mustard', 1.3, 'tsp');
INSERT INTO ingredients (id, recipe_id, name, quantity, unit) VALUES ('1c647473-7e88-45d6-bda3-97c1a4fafd91', '979a13cc-a953-4c82-8013-479bcbecd4ff', 'Ground Beef', 3.4, 'lb');
INSERT INTO ingredients (id, recipe_id, name, quantity, unit) VALUES ('62b11986-0352-4601-bd0d-363345478f80', '979a13cc-a953-4c82-8013-479bcbecd4ff', 'Pasta', 1.4, 'oz');
INSERT INTO ingredients (id, recipe_id, name, quantity, unit) VALUES ('6afccdaa-a116-4202-b05b-3a6dce31a2a5', '979a13cc-a953-4c82-8013-479bcbecd4ff', 'Heavy Cream', 1.6, 'cup');
INSERT INTO ingredients (id, recipe_id, name, quantity, unit) VALUES ('a41362e1-f9bd-4d20-bbba-abfb6c503d94', '979a13cc-a953-4c82-8013-479bcbecd4ff', 'Salt', 1.8, 'tsp');
INSERT INTO recipe_dietary_tags (recipe_id, tag_id) VALUES ('979a13cc-a953-4c82-8013-479bcbecd4ff', 1);
INSERT INTO recipe_dietary_tags (recipe_id, tag_id) VALUES ('979a13cc-a953-4c82-8013-479bcbecd4ff', 6);
INSERT INTO recipe_dietary_tags (recipe_id, tag_id) VALUES ('979a13cc-a953-4c82-8013-479bcbecd4ff', 2);

INSERT INTO recipes (id, user_id, title, description, instructions, image_url, servings, source_url, source_name, is_archived, views, cart_adds) VALUES ('750b69ea-8e82-4718-8303-3c06462b9d32', 'admin-user-id', 'Roasted Salmon with Cauliflower and Wild Rice', 'A delicious Roasted Salmon with Cauliflower and Wild Rice recipe. This Midwest-friendly dish is a family favorite and easy to make with common ingredients.', '1. Preheat oven to 375°F (190°C) if baking.
2. Prepare the Rice and other main ingredients.
3. In a large bowl, combine with seasonings.
4. Cook according to source instructions until internal temperature is safe.
5. Let rest for 5 minutes before serving.', 'https://images.unsplash.com/photo-1529042410759-adb828e4eaf0?auto=format&fit=crop&w=800&q=60', 4, 'https://www.allrecipes.com/recipe/roasted-salmon-with-cauliflower-and-wild-rice', 'AllRecipes', 0, 175, 94);
INSERT INTO ingredients (id, recipe_id, name, quantity, unit) VALUES ('0df72689-3aa2-4b46-8e27-3805565310bc', '750b69ea-8e82-4718-8303-3c06462b9d32', 'Tater Tots', 3.2, 'oz');
INSERT INTO ingredients (id, recipe_id, name, quantity, unit) VALUES ('0b8c43f0-877f-4d64-9a8f-a94e9d949557', '750b69ea-8e82-4718-8303-3c06462b9d32', 'Tomato Sauce', 2.5, 'oz');
INSERT INTO ingredients (id, recipe_id, name, quantity, unit) VALUES ('a9715827-ed91-4a16-a31b-5e930633d4b2', '750b69ea-8e82-4718-8303-3c06462b9d32', 'Cream of Mushroom Soup', 2.3, 'can');
INSERT INTO ingredients (id, recipe_id, name, quantity, unit) VALUES ('46ddaa14-1ba2-4a8a-bec6-37573ef77cd3', '750b69ea-8e82-4718-8303-3c06462b9d32', 'Worcestershire Sauce', 1.2, 'tbsp');
INSERT INTO ingredients (id, recipe_id, name, quantity, unit) VALUES ('90125a47-f208-41da-9ea4-86abfec8a12a', '750b69ea-8e82-4718-8303-3c06462b9d32', 'Rice', 1.7, 'cup');
INSERT INTO recipe_dietary_tags (recipe_id, tag_id) VALUES ('750b69ea-8e82-4718-8303-3c06462b9d32', 3);

INSERT INTO recipes (id, user_id, title, description, instructions, image_url, servings, source_url, source_name, is_archived, views, cart_adds) VALUES ('4f36aba8-fc97-4ae7-ab14-68cc36a5a86f', 'admin-user-id', 'Baked Venison with Sweet Potatoes and Wild Rice', 'A delicious Baked Venison with Sweet Potatoes and Wild Rice recipe. This Midwest-friendly dish is a family favorite and easy to make with common ingredients.', '1. Preheat oven to 375°F (190°C) if baking.
2. Prepare the Rice and other main ingredients.
3. In a large bowl, combine with seasonings.
4. Cook according to source instructions until internal temperature is safe.
5. Let rest for 5 minutes before serving.', 'https://images.unsplash.com/photo-1455619452474-d2ba29bc06da?auto=format&fit=crop&w=800&q=60', 7, 'https://www.allrecipes.com/recipe/baked-venison-with-sweet-potatoes-and-wild-rice', 'AllRecipes', 0, 900, 10);
INSERT INTO ingredients (id, recipe_id, name, quantity, unit) VALUES ('894cce01-633d-4ab0-8ff0-d8aee0c59e2d', '4f36aba8-fc97-4ae7-ab14-68cc36a5a86f', 'Carrots', 3.0, 'cup');
INSERT INTO ingredients (id, recipe_id, name, quantity, unit) VALUES ('4bc76693-8faf-4fd9-9d6a-9a9b7cba6e11', '4f36aba8-fc97-4ae7-ab14-68cc36a5a86f', 'Cream of Mushroom Soup', 1.3, 'can');
INSERT INTO ingredients (id, recipe_id, name, quantity, unit) VALUES ('c7c40e77-81ef-4982-b283-d09882a07dcb', '4f36aba8-fc97-4ae7-ab14-68cc36a5a86f', 'Rice', 0.9, 'cup');
INSERT INTO ingredients (id, recipe_id, name, quantity, unit) VALUES ('78f8cdb2-5a69-4f82-8fe4-d1cf1f29d25b', '4f36aba8-fc97-4ae7-ab14-68cc36a5a86f', 'Milk', 2.3, 'cup');
INSERT INTO recipe_dietary_tags (recipe_id, tag_id) VALUES ('4f36aba8-fc97-4ae7-ab14-68cc36a5a86f', 5);

INSERT INTO recipes (id, user_id, title, description, instructions, image_url, servings, source_url, source_name, is_archived, views, cart_adds) VALUES ('89f821ac-db88-485b-8bd5-7df4cda765bf', 'admin-user-id', 'Sautéed Pork with Brussels Sprouts and Quinoa', 'A delicious Sautéed Pork with Brussels Sprouts and Quinoa recipe. This Midwest-friendly dish is a family favorite and easy to make with common ingredients.', '1. Preheat oven to 375°F (190°C) if baking.
2. Prepare the Quinoa and other main ingredients.
3. In a large bowl, combine with seasonings.
4. Cook according to source instructions until internal temperature is safe.
5. Let rest for 5 minutes before serving.', 'https://images.unsplash.com/photo-1504113888839-14294c223d51?auto=format&fit=crop&w=800&q=60', 4, 'https://www.foodnetwork.com/recipe/saut-ed-pork-with-brussels-sprouts-and-quinoa', 'Food Network', 0, 731, 69);
INSERT INTO ingredients (id, recipe_id, name, quantity, unit) VALUES ('848f3639-8a06-4ea5-9d38-2cb5b0108a59', '89f821ac-db88-485b-8bd5-7df4cda765bf', 'Frozen Peas', 2.1, 'cup');
INSERT INTO ingredients (id, recipe_id, name, quantity, unit) VALUES ('698f6537-dbed-48ec-b7fc-81b01e3b7258', '89f821ac-db88-485b-8bd5-7df4cda765bf', 'Milk', 0.9, 'cup');
INSERT INTO ingredients (id, recipe_id, name, quantity, unit) VALUES ('ea49709d-f5d7-4681-b88f-747f6d566590', '89f821ac-db88-485b-8bd5-7df4cda765bf', 'Heavy Cream', 1.6, 'cup');
INSERT INTO ingredients (id, recipe_id, name, quantity, unit) VALUES ('4e3acf34-d736-46ce-ace0-5fd876c47928', '89f821ac-db88-485b-8bd5-7df4cda765bf', 'Worcestershire Sauce', 1.0, 'tbsp');
INSERT INTO ingredients (id, recipe_id, name, quantity, unit) VALUES ('9ed81e67-9633-40cf-9460-5b96fb6572e2', '89f821ac-db88-485b-8bd5-7df4cda765bf', 'Tomato Sauce', 2.0, 'oz');
INSERT INTO ingredients (id, recipe_id, name, quantity, unit) VALUES ('663559ce-c18b-43f5-a2af-98f2acb29f00', '89f821ac-db88-485b-8bd5-7df4cda765bf', 'Pasta', 2.3, 'oz');
INSERT INTO ingredients (id, recipe_id, name, quantity, unit) VALUES ('45476e5a-755e-4976-b032-fc5fd81b0ade', '89f821ac-db88-485b-8bd5-7df4cda765bf', 'Soy Sauce', 1.6, 'tbsp');
INSERT INTO recipe_dietary_tags (recipe_id, tag_id) VALUES ('89f821ac-db88-485b-8bd5-7df4cda765bf', 10);
INSERT INTO recipe_dietary_tags (recipe_id, tag_id) VALUES ('89f821ac-db88-485b-8bd5-7df4cda765bf', 2);

INSERT INTO recipes (id, user_id, title, description, instructions, image_url, servings, source_url, source_name, is_archived, views, cart_adds) VALUES ('c7cac0f1-a6d0-499c-a91e-06e3bb747c85', 'admin-user-id', 'Steamed Lamb with Sweet Potatoes and Wild Rice', 'A delicious Steamed Lamb with Sweet Potatoes and Wild Rice recipe. This Midwest-friendly dish is a family favorite and easy to make with common ingredients.', '1. Preheat oven to 375°F (190°C) if baking.
2. Prepare the Rice and other main ingredients.
3. In a large bowl, combine with seasonings.
4. Cook according to source instructions until internal temperature is safe.
5. Let rest for 5 minutes before serving.', 'https://images.unsplash.com/photo-1546062477-fe2f66230ba3?auto=format&fit=crop&w=800&q=60', 4, 'https://www.tasteofhome.com/recipe/steamed-lamb-with-sweet-potatoes-and-wild-rice', 'Taste of Home', 0, 5, 50);
INSERT INTO ingredients (id, recipe_id, name, quantity, unit) VALUES ('6450145a-84be-4261-80f7-ec8fd02f65c5', 'c7cac0f1-a6d0-499c-a91e-06e3bb747c85', 'Rice', 2.4, 'cup');
INSERT INTO ingredients (id, recipe_id, name, quantity, unit) VALUES ('4521f823-6da4-4a0e-ba69-76372cb29361', 'c7cac0f1-a6d0-499c-a91e-06e3bb747c85', 'Milk', 2.3, 'cup');
INSERT INTO ingredients (id, recipe_id, name, quantity, unit) VALUES ('0e8ae82a-89fa-40be-84b7-426dddae225b', 'c7cac0f1-a6d0-499c-a91e-06e3bb747c85', 'Heavy Cream', 1.2, 'cup');
INSERT INTO ingredients (id, recipe_id, name, quantity, unit) VALUES ('6ae81ea8-b484-4422-86e1-0f4a1b3d3698', 'c7cac0f1-a6d0-499c-a91e-06e3bb747c85', 'Olive Oil', 0.6, 'tbsp');
INSERT INTO ingredients (id, recipe_id, name, quantity, unit) VALUES ('f243b19e-852c-4b54-aaec-42e54c97d990', 'c7cac0f1-a6d0-499c-a91e-06e3bb747c85', 'Onion', 3.3, 'cup');
INSERT INTO recipe_dietary_tags (recipe_id, tag_id) VALUES ('c7cac0f1-a6d0-499c-a91e-06e3bb747c85', 4);

INSERT INTO recipes (id, user_id, title, description, instructions, image_url, servings, source_url, source_name, is_archived, views, cart_adds) VALUES ('ca03c52d-3503-4bca-bd68-dd3e09841a59', 'admin-user-id', 'Grilled Venison with Carrots and Brown Rice', 'A delicious Grilled Venison with Carrots and Brown Rice recipe. This Midwest-friendly dish is a family favorite and easy to make with common ingredients.', '1. Preheat oven to 375°F (190°C) if baking.
2. Prepare the Rice and other main ingredients.
3. In a large bowl, combine with seasonings.
4. Cook according to source instructions until internal temperature is safe.
5. Let rest for 5 minutes before serving.', 'https://images.unsplash.com/photo-1504674900247-0877df9cc836?auto=format&fit=crop&w=800&q=60', 6, 'https://www.foodnetwork.com/recipe/grilled-venison-with-carrots-and-brown-rice', 'Food Network', 0, 575, 46);
INSERT INTO ingredients (id, recipe_id, name, quantity, unit) VALUES ('4db7177e-f837-4dca-bd9d-4408f2d6a4ee', 'ca03c52d-3503-4bca-bd68-dd3e09841a59', 'Heavy Cream', 1.6, 'cup');
INSERT INTO ingredients (id, recipe_id, name, quantity, unit) VALUES ('894ad9c3-9a18-406a-a933-041a2af86dab', 'ca03c52d-3503-4bca-bd68-dd3e09841a59', 'Sour Cream', 2.2, 'cup');
INSERT INTO ingredients (id, recipe_id, name, quantity, unit) VALUES ('99719a3f-b9f4-4f30-816d-46b99b79c04f', 'ca03c52d-3503-4bca-bd68-dd3e09841a59', 'Olive Oil', 2.4, 'tbsp');
INSERT INTO ingredients (id, recipe_id, name, quantity, unit) VALUES ('80d83960-b240-4de4-b4e8-2d400cc0b36b', 'ca03c52d-3503-4bca-bd68-dd3e09841a59', 'Lemon Juice', 0.9, 'tbsp');
INSERT INTO ingredients (id, recipe_id, name, quantity, unit) VALUES ('0dea636d-c106-4390-a71f-391fcb924167', 'ca03c52d-3503-4bca-bd68-dd3e09841a59', 'Onion', 3.3, 'cup');
INSERT INTO ingredients (id, recipe_id, name, quantity, unit) VALUES ('46d66732-fbba-4146-a4c4-10f01c772dbe', 'ca03c52d-3503-4bca-bd68-dd3e09841a59', 'Salt', 1.4, 'tsp');
INSERT INTO recipe_dietary_tags (recipe_id, tag_id) VALUES ('ca03c52d-3503-4bca-bd68-dd3e09841a59', 7);

INSERT INTO recipes (id, user_id, title, description, instructions, image_url, servings, source_url, source_name, is_archived, views, cart_adds) VALUES ('e0ae9765-b969-44f9-b1d8-a1ca5edf5ec8', 'admin-user-id', 'Baked Chicken with Zucchini and Quinoa', 'A delicious Baked Chicken with Zucchini and Quinoa recipe. This Midwest-friendly dish is a family favorite and easy to make with common ingredients.', '1. Preheat oven to 375°F (190°C) if baking.
2. Prepare the Quinoa and other main ingredients.
3. In a large bowl, combine with seasonings.
4. Cook according to source instructions until internal temperature is safe.
5. Let rest for 5 minutes before serving.', 'https://images.unsplash.com/photo-1493770348161-369560ae357d?auto=format&fit=crop&w=800&q=60', 5, 'https://www.allrecipes.com/recipe/baked-chicken-with-zucchini-and-quinoa', 'AllRecipes', 0, 830, 24);
INSERT INTO ingredients (id, recipe_id, name, quantity, unit) VALUES ('0586ee23-8ef9-495d-9c92-30750dfa3d2a', 'e0ae9765-b969-44f9-b1d8-a1ca5edf5ec8', 'Rice', 3.2, 'cup');
INSERT INTO ingredients (id, recipe_id, name, quantity, unit) VALUES ('ed7474b5-d202-47cb-bf22-e97ceb855a40', 'e0ae9765-b969-44f9-b1d8-a1ca5edf5ec8', 'Butter', 3.5, 'tbsp');
INSERT INTO ingredients (id, recipe_id, name, quantity, unit) VALUES ('0f6fe342-5814-4a3a-87ee-9b0f9c190e5a', 'e0ae9765-b969-44f9-b1d8-a1ca5edf5ec8', 'Lemon Juice', 2.2, 'tbsp');
INSERT INTO ingredients (id, recipe_id, name, quantity, unit) VALUES ('8665afa9-2857-4c91-9abd-b10019030f21', 'e0ae9765-b969-44f9-b1d8-a1ca5edf5ec8', 'Tomato Sauce', 1.3, 'oz');
INSERT INTO ingredients (id, recipe_id, name, quantity, unit) VALUES ('b7cbec08-b29e-4235-bf3f-0040f13163b4', 'e0ae9765-b969-44f9-b1d8-a1ca5edf5ec8', 'Honey', 2.2, 'tbsp');
INSERT INTO ingredients (id, recipe_id, name, quantity, unit) VALUES ('aabc4a7e-a11a-4cb8-84ef-ccd00ef1ca82', 'e0ae9765-b969-44f9-b1d8-a1ca5edf5ec8', 'Chicken Breast', 2.2, 'lb');
INSERT INTO ingredients (id, recipe_id, name, quantity, unit) VALUES ('cd873998-c086-48fb-ac5f-751762f64984', 'e0ae9765-b969-44f9-b1d8-a1ca5edf5ec8', 'Salt', 0.6, 'tsp');
INSERT INTO recipe_dietary_tags (recipe_id, tag_id) VALUES ('e0ae9765-b969-44f9-b1d8-a1ca5edf5ec8', 10);
INSERT INTO recipe_dietary_tags (recipe_id, tag_id) VALUES ('e0ae9765-b969-44f9-b1d8-a1ca5edf5ec8', 7);

INSERT INTO recipes (id, user_id, title, description, instructions, image_url, servings, source_url, source_name, is_archived, views, cart_adds) VALUES ('5f8b1bbb-3965-4332-9148-4f891ca39624', 'admin-user-id', 'Baked Cod with Asparagus and Cauliflower Rice', 'A delicious Baked Cod with Asparagus and Cauliflower Rice recipe. This Midwest-friendly dish is a family favorite and easy to make with common ingredients.', '1. Preheat oven to 375°F (190°C) if baking.
2. Prepare the Rice and other main ingredients.
3. In a large bowl, combine with seasonings.
4. Cook according to source instructions until internal temperature is safe.
5. Let rest for 5 minutes before serving.', 'https://images.unsplash.com/photo-1473093226795-af9932fe5856?auto=format&fit=crop&w=800&q=60', 2, 'https://www.tasteofhome.com/recipe/baked-cod-with-asparagus-and-cauliflower-rice', 'Taste of Home', 0, 996, 38);
INSERT INTO ingredients (id, recipe_id, name, quantity, unit) VALUES ('bf8ba619-ecff-4bad-8854-aac849ccbb80', '5f8b1bbb-3965-4332-9148-4f891ca39624', 'Pasta', 3.3, 'oz');
INSERT INTO ingredients (id, recipe_id, name, quantity, unit) VALUES ('1adebc6e-1750-4333-b327-b56788a6558e', '5f8b1bbb-3965-4332-9148-4f891ca39624', 'Frozen Peas', 3.3, 'cup');
INSERT INTO ingredients (id, recipe_id, name, quantity, unit) VALUES ('ef67a13e-74af-4b96-adf9-c55c517f4758', '5f8b1bbb-3965-4332-9148-4f891ca39624', 'Chicken Breast', 2.3, 'lb');
INSERT INTO ingredients (id, recipe_id, name, quantity, unit) VALUES ('415e8e8c-6c16-4b0a-9fc5-8e6f80ea5218', '5f8b1bbb-3965-4332-9148-4f891ca39624', 'Worcestershire Sauce', 1.7, 'tbsp');
INSERT INTO recipe_dietary_tags (recipe_id, tag_id) VALUES ('5f8b1bbb-3965-4332-9148-4f891ca39624', 1);
INSERT INTO recipe_dietary_tags (recipe_id, tag_id) VALUES ('5f8b1bbb-3965-4332-9148-4f891ca39624', 6);
INSERT INTO recipe_dietary_tags (recipe_id, tag_id) VALUES ('5f8b1bbb-3965-4332-9148-4f891ca39624', 3);

INSERT INTO recipes (id, user_id, title, description, instructions, image_url, servings, source_url, source_name, is_archived, views, cart_adds) VALUES ('f72b872b-4e5f-4453-8d2f-b064489463df', 'admin-user-id', 'Roasted Shrimp with Broccoli and Wild Rice', 'A delicious Roasted Shrimp with Broccoli and Wild Rice recipe. This Midwest-friendly dish is a family favorite and easy to make with common ingredients.', '1. Preheat oven to 375°F (190°C) if baking.
2. Prepare the Rice and other main ingredients.
3. In a large bowl, combine with seasonings.
4. Cook according to source instructions until internal temperature is safe.
5. Let rest for 5 minutes before serving.', 'https://images.unsplash.com/photo-1512621776951-a57141f2eefd?auto=format&fit=crop&w=800&q=60', 5, 'https://www.allrecipes.com/recipe/roasted-shrimp-with-broccoli-and-wild-rice', 'AllRecipes', 0, 440, 76);
INSERT INTO ingredients (id, recipe_id, name, quantity, unit) VALUES ('82c52527-5a19-4d86-a23b-41168af9f1ea', 'f72b872b-4e5f-4453-8d2f-b064489463df', 'Ground Beef', 2.4, 'lb');
INSERT INTO ingredients (id, recipe_id, name, quantity, unit) VALUES ('0bcdbe9f-4270-4bfa-9b3c-f778cea7d5fd', 'f72b872b-4e5f-4453-8d2f-b064489463df', 'Salt', 1.2, 'tsp');
INSERT INTO ingredients (id, recipe_id, name, quantity, unit) VALUES ('80f9a06f-f241-4725-b796-b1c1fc6d6f70', 'f72b872b-4e5f-4453-8d2f-b064489463df', 'Celery', 3.3, 'cup');
INSERT INTO ingredients (id, recipe_id, name, quantity, unit) VALUES ('d64252f6-246e-46a9-b3ba-17efa8d9e3a5', 'f72b872b-4e5f-4453-8d2f-b064489463df', 'Chicken Breast', 0.8, 'lb');
INSERT INTO recipe_dietary_tags (recipe_id, tag_id) VALUES ('f72b872b-4e5f-4453-8d2f-b064489463df', 5);

INSERT INTO recipes (id, user_id, title, description, instructions, image_url, servings, source_url, source_name, is_archived, views, cart_adds) VALUES ('b3a48985-1862-44ff-aff0-7731fbe3ea51', 'admin-user-id', 'Grilled Tofu with Sweet Potatoes and Quinoa', 'A delicious Grilled Tofu with Sweet Potatoes and Quinoa recipe. This Midwest-friendly dish is a family favorite and easy to make with common ingredients.', '1. Preheat oven to 375°F (190°C) if baking.
2. Prepare the Quinoa and other main ingredients.
3. In a large bowl, combine with seasonings.
4. Cook according to source instructions until internal temperature is safe.
5. Let rest for 5 minutes before serving.', 'https://images.unsplash.com/photo-1482049016688-2d3e1b311543?auto=format&fit=crop&w=800&q=60', 2, 'https://www.bonappetit.com/recipe/grilled-tofu-with-sweet-potatoes-and-quinoa', 'Bon Appetit', 0, 292, 9);
INSERT INTO ingredients (id, recipe_id, name, quantity, unit) VALUES ('7ce6a103-53b0-4d20-877c-aa3d8971d168', 'b3a48985-1862-44ff-aff0-7731fbe3ea51', 'Ground Beef', 1.5, 'lb');
INSERT INTO ingredients (id, recipe_id, name, quantity, unit) VALUES ('13bd7f2a-54ee-4aa1-8b50-326624ad60c2', 'b3a48985-1862-44ff-aff0-7731fbe3ea51', 'Breadcrumbs', 3.0, 'cup');
INSERT INTO ingredients (id, recipe_id, name, quantity, unit) VALUES ('f3fff6a3-01e8-4f3a-ad99-dea5d5efd9df', 'b3a48985-1862-44ff-aff0-7731fbe3ea51', 'Tomato Sauce', 2.6, 'oz');
INSERT INTO ingredients (id, recipe_id, name, quantity, unit) VALUES ('8d1955c5-617e-40fb-90bd-15b19a441518', 'b3a48985-1862-44ff-aff0-7731fbe3ea51', 'Tater Tots', 2.9, 'oz');
INSERT INTO ingredients (id, recipe_id, name, quantity, unit) VALUES ('5a1ce3dd-2984-4dda-b369-0e007c1b3bed', 'b3a48985-1862-44ff-aff0-7731fbe3ea51', 'Chicken Breast', 2.4, 'lb');
INSERT INTO ingredients (id, recipe_id, name, quantity, unit) VALUES ('89cadcf1-4890-4f54-93af-abfa239bab4b', 'b3a48985-1862-44ff-aff0-7731fbe3ea51', 'Black Pepper', 1.2, 'tsp');
INSERT INTO ingredients (id, recipe_id, name, quantity, unit) VALUES ('00b6673b-31ca-4643-a8e8-a21951cca6d3', 'b3a48985-1862-44ff-aff0-7731fbe3ea51', 'Olive Oil', 2.1, 'tbsp');
INSERT INTO recipe_dietary_tags (recipe_id, tag_id) VALUES ('b3a48985-1862-44ff-aff0-7731fbe3ea51', 3);
INSERT INTO recipe_dietary_tags (recipe_id, tag_id) VALUES ('b3a48985-1862-44ff-aff0-7731fbe3ea51', 2);

INSERT INTO recipes (id, user_id, title, description, instructions, image_url, servings, source_url, source_name, is_archived, views, cart_adds) VALUES ('8a256886-de8c-494f-9a08-b2d372ed5288', 'admin-user-id', 'Roasted Pork with Asparagus and Mashed Cauliflower', 'A delicious Roasted Pork with Asparagus and Mashed Cauliflower recipe. This Midwest-friendly dish is a family favorite and easy to make with common ingredients.', '1. Preheat oven to 375°F (190°C) if baking.
2. Prepare the Cauliflower and other main ingredients.
3. In a large bowl, combine with seasonings.
4. Cook according to source instructions until internal temperature is safe.
5. Let rest for 5 minutes before serving.', 'https://images.unsplash.com/photo-1484723091739-30a097e8f929?auto=format&fit=crop&w=800&q=60', 4, 'https://www.tasteofhome.com/recipe/roasted-pork-with-asparagus-and-mashed-cauliflower', 'Taste of Home', 0, 637, 31);
INSERT INTO ingredients (id, recipe_id, name, quantity, unit) VALUES ('b5528187-9311-4975-9c1f-ed6e20c38280', '8a256886-de8c-494f-9a08-b2d372ed5288', 'Tomato Sauce', 2.7, 'oz');
INSERT INTO ingredients (id, recipe_id, name, quantity, unit) VALUES ('f259c938-e06d-4127-b985-6365dcc097f0', '8a256886-de8c-494f-9a08-b2d372ed5288', 'Cream of Mushroom Soup', 2.2, 'can');
INSERT INTO ingredients (id, recipe_id, name, quantity, unit) VALUES ('94cada2e-fe25-4a30-a479-a240c7c0027a', '8a256886-de8c-494f-9a08-b2d372ed5288', 'Honey', 2.1, 'tbsp');
INSERT INTO ingredients (id, recipe_id, name, quantity, unit) VALUES ('9cd77ddb-9940-4b2a-9455-09fcb60f36d3', '8a256886-de8c-494f-9a08-b2d372ed5288', 'Lemon Juice', 0.7, 'tbsp');
INSERT INTO ingredients (id, recipe_id, name, quantity, unit) VALUES ('975c65b0-e19a-4587-9da3-601936441bbe', '8a256886-de8c-494f-9a08-b2d372ed5288', 'Salt', 2.1, 'tsp');
INSERT INTO ingredients (id, recipe_id, name, quantity, unit) VALUES ('3647fad4-0e01-4f89-a2fc-6a6da7a02367', '8a256886-de8c-494f-9a08-b2d372ed5288', 'Cheddar Cheese', 1.9, 'cup');
INSERT INTO ingredients (id, recipe_id, name, quantity, unit) VALUES ('659b2b9c-1eb5-4b65-be07-62fc504fc274', '8a256886-de8c-494f-9a08-b2d372ed5288', 'Olive Oil', 0.8, 'tbsp');
INSERT INTO recipe_dietary_tags (recipe_id, tag_id) VALUES ('8a256886-de8c-494f-9a08-b2d372ed5288', 1);
INSERT INTO recipe_dietary_tags (recipe_id, tag_id) VALUES ('8a256886-de8c-494f-9a08-b2d372ed5288', 6);
INSERT INTO recipe_dietary_tags (recipe_id, tag_id) VALUES ('8a256886-de8c-494f-9a08-b2d372ed5288', 10);

INSERT INTO recipes (id, user_id, title, description, instructions, image_url, servings, source_url, source_name, is_archived, views, cart_adds) VALUES ('0a9f50e5-ea57-445f-addd-169c0ca7c8c4', 'admin-user-id', 'Sautéed Beef with Spinach and Couscous', 'A delicious Sautéed Beef with Spinach and Couscous recipe. This Midwest-friendly dish is a family favorite and easy to make with common ingredients.', '1. Preheat oven to 375°F (190°C) if baking.
2. Prepare the Couscous and other main ingredients.
3. In a large bowl, combine with seasonings.
4. Cook according to source instructions until internal temperature is safe.
5. Let rest for 5 minutes before serving.', 'https://images.unsplash.com/photo-1540189549336-e6e99c3679fe?auto=format&fit=crop&w=800&q=60', 4, 'https://www.bonappetit.com/recipe/saut-ed-beef-with-spinach-and-couscous', 'Bon Appetit', 0, 648, 27);
INSERT INTO ingredients (id, recipe_id, name, quantity, unit) VALUES ('9bfc6c53-eed9-4095-8d0c-55f6927e66b3', '0a9f50e5-ea57-445f-addd-169c0ca7c8c4', 'Heavy Cream', 3.1, 'cup');
INSERT INTO ingredients (id, recipe_id, name, quantity, unit) VALUES ('d9bc6df7-7c84-4c46-aef1-815bb718b14f', '0a9f50e5-ea57-445f-addd-169c0ca7c8c4', 'Tater Tots', 0.8, 'oz');
INSERT INTO ingredients (id, recipe_id, name, quantity, unit) VALUES ('4f47112d-ebe0-4846-bf35-b1f1fc0d1b7e', '0a9f50e5-ea57-445f-addd-169c0ca7c8c4', 'Ground Beef', 2.6, 'lb');
INSERT INTO ingredients (id, recipe_id, name, quantity, unit) VALUES ('69c6eea0-48a1-48f2-abd8-04159f4369d2', '0a9f50e5-ea57-445f-addd-169c0ca7c8c4', 'Rice', 3.5, 'cup');
INSERT INTO recipe_dietary_tags (recipe_id, tag_id) VALUES ('0a9f50e5-ea57-445f-addd-169c0ca7c8c4', 10);

INSERT INTO recipes (id, user_id, title, description, instructions, image_url, servings, source_url, source_name, is_archived, views, cart_adds) VALUES ('c55ec091-fe12-49b9-b888-188192f9a7dd', 'admin-user-id', 'Slow Cooked Lamb with Zucchini and Wild Rice', 'A delicious Slow Cooked Lamb with Zucchini and Wild Rice recipe. This Midwest-friendly dish is a family favorite and easy to make with common ingredients.', '1. Preheat oven to 375°F (190°C) if baking.
2. Prepare the Rice and other main ingredients.
3. In a large bowl, combine with seasonings.
4. Cook according to source instructions until internal temperature is safe.
5. Let rest for 5 minutes before serving.', 'https://images.unsplash.com/photo-1567620985035-091781110527?auto=format&fit=crop&w=800&q=60', 4, 'https://www.bonappetit.com/recipe/slow-cooked-lamb-with-zucchini-and-wild-rice', 'Bon Appetit', 0, 754, 97);
INSERT INTO ingredients (id, recipe_id, name, quantity, unit) VALUES ('f28c4832-8c35-483b-9221-e156e18f032f', 'c55ec091-fe12-49b9-b888-188192f9a7dd', 'Frozen Peas', 3.5, 'cup');
INSERT INTO ingredients (id, recipe_id, name, quantity, unit) VALUES ('3b3b87b4-b37c-47d5-9797-d9cb648c7a1e', 'c55ec091-fe12-49b9-b888-188192f9a7dd', 'Sour Cream', 1.7, 'cup');
INSERT INTO ingredients (id, recipe_id, name, quantity, unit) VALUES ('055b9e8b-3c84-4bbb-adc0-c6b02812fd4c', 'c55ec091-fe12-49b9-b888-188192f9a7dd', 'Breadcrumbs', 1.9, 'cup');
INSERT INTO ingredients (id, recipe_id, name, quantity, unit) VALUES ('0a55d237-9ff3-4dc9-95a4-27647402389f', 'c55ec091-fe12-49b9-b888-188192f9a7dd', 'Butter', 2.6, 'tbsp');
INSERT INTO recipe_dietary_tags (recipe_id, tag_id) VALUES ('c55ec091-fe12-49b9-b888-188192f9a7dd', 3);
INSERT INTO recipe_dietary_tags (recipe_id, tag_id) VALUES ('c55ec091-fe12-49b9-b888-188192f9a7dd', 8);

INSERT INTO recipes (id, user_id, title, description, instructions, image_url, servings, source_url, source_name, is_archived, views, cart_adds) VALUES ('b2add608-d6e6-48b1-85b3-64c15eb162e8', 'admin-user-id', 'Air Fried Chicken with Brussels Sprouts and Couscous', 'A delicious Air Fried Chicken with Brussels Sprouts and Couscous recipe. This Midwest-friendly dish is a family favorite and easy to make with common ingredients.', '1. Preheat oven to 375°F (190°C) if baking.
2. Prepare the Couscous and other main ingredients.
3. In a large bowl, combine with seasonings.
4. Cook according to source instructions until internal temperature is safe.
5. Let rest for 5 minutes before serving.', 'https://images.unsplash.com/photo-1565299624946-b28f40a0ae38?auto=format&fit=crop&w=800&q=60', 3, 'https://www.foodnetwork.com/recipe/air-fried-chicken-with-brussels-sprouts-and-couscous', 'Food Network', 0, 211, 80);
INSERT INTO ingredients (id, recipe_id, name, quantity, unit) VALUES ('31452df2-a04a-4c21-b829-d46d896ae82d', 'b2add608-d6e6-48b1-85b3-64c15eb162e8', 'Breadcrumbs', 3.2, 'cup');
INSERT INTO ingredients (id, recipe_id, name, quantity, unit) VALUES ('464bd2d8-bddb-4c6b-bd3d-a77b52b76475', 'b2add608-d6e6-48b1-85b3-64c15eb162e8', 'Black Pepper', 2.0, 'tsp');
INSERT INTO ingredients (id, recipe_id, name, quantity, unit) VALUES ('7622db04-8a0b-4a6e-b4cd-da84298d3c60', 'b2add608-d6e6-48b1-85b3-64c15eb162e8', 'Carrots', 2.1, 'cup');
INSERT INTO ingredients (id, recipe_id, name, quantity, unit) VALUES ('91fd7818-7b59-45a1-a228-14c5a8c073a9', 'b2add608-d6e6-48b1-85b3-64c15eb162e8', 'Tater Tots', 0.8, 'oz');
INSERT INTO ingredients (id, recipe_id, name, quantity, unit) VALUES ('c3e795ca-bf7e-4ee5-ba5e-db46d6ed9d06', 'b2add608-d6e6-48b1-85b3-64c15eb162e8', 'Onion', 2.9, 'cup');
INSERT INTO recipe_dietary_tags (recipe_id, tag_id) VALUES ('b2add608-d6e6-48b1-85b3-64c15eb162e8', 10);
INSERT INTO recipe_dietary_tags (recipe_id, tag_id) VALUES ('b2add608-d6e6-48b1-85b3-64c15eb162e8', 2);
INSERT INTO recipe_dietary_tags (recipe_id, tag_id) VALUES ('b2add608-d6e6-48b1-85b3-64c15eb162e8', 7);

INSERT INTO recipes (id, user_id, title, description, instructions, image_url, servings, source_url, source_name, is_archived, views, cart_adds) VALUES ('4ea5b490-cd63-4ef7-9657-1e7c8dd0af93', 'admin-user-id', 'Steamed Pork with Green Beans and Mashed Cauliflower', 'A delicious Steamed Pork with Green Beans and Mashed Cauliflower recipe. This Midwest-friendly dish is a family favorite and easy to make with common ingredients.', '1. Preheat oven to 375°F (190°C) if baking.
2. Prepare the Cauliflower and other main ingredients.
3. In a large bowl, combine with seasonings.
4. Cook according to source instructions until internal temperature is safe.
5. Let rest for 5 minutes before serving.', 'https://images.unsplash.com/photo-1555939594-58d7cb561ad1?auto=format&fit=crop&w=800&q=60', 2, 'https://www.foodnetwork.com/recipe/steamed-pork-with-green-beans-and-mashed-cauliflower', 'Food Network', 0, 170, 20);
INSERT INTO ingredients (id, recipe_id, name, quantity, unit) VALUES ('c99af5b0-4a88-4222-8188-5dc256927859', '4ea5b490-cd63-4ef7-9657-1e7c8dd0af93', 'Potatoes', 2.1, 'lb');
INSERT INTO ingredients (id, recipe_id, name, quantity, unit) VALUES ('dc345c36-c698-4c35-85eb-c2100ddc2b52', '4ea5b490-cd63-4ef7-9657-1e7c8dd0af93', 'Chicken Breast', 2.3, 'lb');
INSERT INTO ingredients (id, recipe_id, name, quantity, unit) VALUES ('068fdc71-a574-497c-ac3e-c1d39ec037db', '4ea5b490-cd63-4ef7-9657-1e7c8dd0af93', 'Frozen Peas', 0.6, 'cup');
INSERT INTO ingredients (id, recipe_id, name, quantity, unit) VALUES ('85e554d6-726a-4fe4-902d-72bc233b6c66', '4ea5b490-cd63-4ef7-9657-1e7c8dd0af93', 'Lemon Juice', 1.1, 'tbsp');
INSERT INTO recipe_dietary_tags (recipe_id, tag_id) VALUES ('4ea5b490-cd63-4ef7-9657-1e7c8dd0af93', 1);
INSERT INTO recipe_dietary_tags (recipe_id, tag_id) VALUES ('4ea5b490-cd63-4ef7-9657-1e7c8dd0af93', 6);
INSERT INTO recipe_dietary_tags (recipe_id, tag_id) VALUES ('4ea5b490-cd63-4ef7-9657-1e7c8dd0af93', 10);

INSERT INTO recipes (id, user_id, title, description, instructions, image_url, servings, source_url, source_name, is_archived, views, cart_adds) VALUES ('f24a46b2-dccf-4df4-a1e5-2fa1e3dd2770', 'admin-user-id', 'Air Fried Chicken with Green Beans and Cauliflower Rice', 'A delicious Air Fried Chicken with Green Beans and Cauliflower Rice recipe. This Midwest-friendly dish is a family favorite and easy to make with common ingredients.', '1. Preheat oven to 375°F (190°C) if baking.
2. Prepare the Rice and other main ingredients.
3. In a large bowl, combine with seasonings.
4. Cook according to source instructions until internal temperature is safe.
5. Let rest for 5 minutes before serving.', 'https://images.unsplash.com/photo-1513104894114-bd7ea4718312?auto=format&fit=crop&w=800&q=60', 2, 'https://www.allrecipes.com/recipe/air-fried-chicken-with-green-beans-and-cauliflower-rice', 'AllRecipes', 0, 629, 33);
INSERT INTO ingredients (id, recipe_id, name, quantity, unit) VALUES ('dee49fef-c01b-44a9-a726-1043408cc41c', 'f24a46b2-dccf-4df4-a1e5-2fa1e3dd2770', 'Worcestershire Sauce', 1.1, 'tbsp');
INSERT INTO ingredients (id, recipe_id, name, quantity, unit) VALUES ('bf4a9bda-9a6e-4f00-b8da-2707984b4e53', 'f24a46b2-dccf-4df4-a1e5-2fa1e3dd2770', 'Rice', 0.8, 'cup');
INSERT INTO ingredients (id, recipe_id, name, quantity, unit) VALUES ('7a1177e6-68cf-40bd-ad25-6b4d321a4915', 'f24a46b2-dccf-4df4-a1e5-2fa1e3dd2770', 'Tater Tots', 1.6, 'oz');
INSERT INTO ingredients (id, recipe_id, name, quantity, unit) VALUES ('ae9beaa2-b654-4268-8629-44965a71882d', 'f24a46b2-dccf-4df4-a1e5-2fa1e3dd2770', 'Heavy Cream', 1.9, 'cup');
INSERT INTO ingredients (id, recipe_id, name, quantity, unit) VALUES ('3ea5dbef-2927-4943-9331-5ebc26a3f570', 'f24a46b2-dccf-4df4-a1e5-2fa1e3dd2770', 'Cream of Mushroom Soup', 1.8, 'can');
INSERT INTO recipe_dietary_tags (recipe_id, tag_id) VALUES ('f24a46b2-dccf-4df4-a1e5-2fa1e3dd2770', 1);
INSERT INTO recipe_dietary_tags (recipe_id, tag_id) VALUES ('f24a46b2-dccf-4df4-a1e5-2fa1e3dd2770', 6);
INSERT INTO recipe_dietary_tags (recipe_id, tag_id) VALUES ('f24a46b2-dccf-4df4-a1e5-2fa1e3dd2770', 10);
INSERT INTO recipe_dietary_tags (recipe_id, tag_id) VALUES ('f24a46b2-dccf-4df4-a1e5-2fa1e3dd2770', 4);
INSERT INTO recipe_dietary_tags (recipe_id, tag_id) VALUES ('f24a46b2-dccf-4df4-a1e5-2fa1e3dd2770', 8);

INSERT INTO recipes (id, user_id, title, description, instructions, image_url, servings, source_url, source_name, is_archived, views, cart_adds) VALUES ('4087be41-c35b-4e9a-a639-b49acc3e44e9', 'admin-user-id', 'Pan-Seared Venison with Cauliflower and Brown Rice', 'A delicious Pan-Seared Venison with Cauliflower and Brown Rice recipe. This Midwest-friendly dish is a family favorite and easy to make with common ingredients.', '1. Preheat oven to 375°F (190°C) if baking.
2. Prepare the Rice and other main ingredients.
3. In a large bowl, combine with seasonings.
4. Cook according to source instructions until internal temperature is safe.
5. Let rest for 5 minutes before serving.', 'https://images.unsplash.com/photo-1504754524776-8f4f37799ca7?auto=format&fit=crop&w=800&q=60', 6, 'https://www.epicurious.com/recipe/pan-seared-venison-with-cauliflower-and-brown-rice', 'Epicurious', 0, 956, 56);
INSERT INTO ingredients (id, recipe_id, name, quantity, unit) VALUES ('14502f89-c6ed-4e91-b629-3e96f1808c9c', '4087be41-c35b-4e9a-a639-b49acc3e44e9', 'Tater Tots', 1.7, 'oz');
INSERT INTO ingredients (id, recipe_id, name, quantity, unit) VALUES ('dd2edf91-be69-4702-9550-d2a193d45f7d', '4087be41-c35b-4e9a-a639-b49acc3e44e9', 'Salt', 2.3, 'tsp');
INSERT INTO ingredients (id, recipe_id, name, quantity, unit) VALUES ('d1930487-25f2-4f0b-b93d-737fbbe537c0', '4087be41-c35b-4e9a-a639-b49acc3e44e9', 'Rice', 2.4, 'cup');
INSERT INTO ingredients (id, recipe_id, name, quantity, unit) VALUES ('f07a7045-ced8-4af4-8c9f-c72b541ee260', '4087be41-c35b-4e9a-a639-b49acc3e44e9', 'Butter', 2.3, 'tbsp');
INSERT INTO ingredients (id, recipe_id, name, quantity, unit) VALUES ('37182ce9-2907-433a-b361-6233672fb71a', '4087be41-c35b-4e9a-a639-b49acc3e44e9', 'Dijon Mustard', 2.3, 'tsp');
INSERT INTO recipe_dietary_tags (recipe_id, tag_id) VALUES ('4087be41-c35b-4e9a-a639-b49acc3e44e9', 1);
INSERT INTO recipe_dietary_tags (recipe_id, tag_id) VALUES ('4087be41-c35b-4e9a-a639-b49acc3e44e9', 2);

INSERT INTO recipes (id, user_id, title, description, instructions, image_url, servings, source_url, source_name, is_archived, views, cart_adds) VALUES ('3e6b1236-af33-4287-ba44-2ec8c14a2cfc', 'admin-user-id', 'Baked Salmon with Brussels Sprouts and Quinoa', 'A delicious Baked Salmon with Brussels Sprouts and Quinoa recipe. This Midwest-friendly dish is a family favorite and easy to make with common ingredients.', '1. Preheat oven to 375°F (190°C) if baking.
2. Prepare the Quinoa and other main ingredients.
3. In a large bowl, combine with seasonings.
4. Cook according to source instructions until internal temperature is safe.
5. Let rest for 5 minutes before serving.', 'https://images.unsplash.com/photo-1476224203421-9ac3993557a4?auto=format&fit=crop&w=800&q=60', 4, 'https://www.bonappetit.com/recipe/baked-salmon-with-brussels-sprouts-and-quinoa', 'Bon Appetit', 0, 88, 44);
INSERT INTO ingredients (id, recipe_id, name, quantity, unit) VALUES ('7b44ffd5-740d-45a2-a14f-39f055d56f97', '3e6b1236-af33-4287-ba44-2ec8c14a2cfc', 'Garlic', 0.6, 'clove');
INSERT INTO ingredients (id, recipe_id, name, quantity, unit) VALUES ('1f0c86ec-dc83-402a-a351-2dcb4917e923', '3e6b1236-af33-4287-ba44-2ec8c14a2cfc', 'Cheddar Cheese', 1.8, 'cup');
INSERT INTO ingredients (id, recipe_id, name, quantity, unit) VALUES ('66bfcee9-7a04-4ca7-956f-ea009e5dd575', '3e6b1236-af33-4287-ba44-2ec8c14a2cfc', 'Honey', 0.7, 'tbsp');
INSERT INTO ingredients (id, recipe_id, name, quantity, unit) VALUES ('0fe9c873-3ba0-498e-842c-26db799544ba', '3e6b1236-af33-4287-ba44-2ec8c14a2cfc', 'Egg', 2.3, 'large');
INSERT INTO ingredients (id, recipe_id, name, quantity, unit) VALUES ('ee01ce2e-e38a-4fa4-bf35-c1d993c888a7', '3e6b1236-af33-4287-ba44-2ec8c14a2cfc', 'Tomato Sauce', 3.1, 'oz');
INSERT INTO ingredients (id, recipe_id, name, quantity, unit) VALUES ('62bce29b-9aeb-4296-8268-867e9ae140d1', '3e6b1236-af33-4287-ba44-2ec8c14a2cfc', 'Breadcrumbs', 2.2, 'cup');
INSERT INTO ingredients (id, recipe_id, name, quantity, unit) VALUES ('d3411a9c-dcf3-4e62-8530-5c9224bb6d8a', '3e6b1236-af33-4287-ba44-2ec8c14a2cfc', 'Pasta', 2.6, 'oz');
INSERT INTO recipe_dietary_tags (recipe_id, tag_id) VALUES ('3e6b1236-af33-4287-ba44-2ec8c14a2cfc', 3);
INSERT INTO recipe_dietary_tags (recipe_id, tag_id) VALUES ('3e6b1236-af33-4287-ba44-2ec8c14a2cfc', 7);

INSERT INTO recipes (id, user_id, title, description, instructions, image_url, servings, source_url, source_name, is_archived, views, cart_adds) VALUES ('68e9f970-97fb-4639-a219-d97f30536d16', 'admin-user-id', 'Sautéed Lamb with Broccoli and Roasted Potatoes', 'A delicious Sautéed Lamb with Broccoli and Roasted Potatoes recipe. This Midwest-friendly dish is a family favorite and easy to make with common ingredients.', '1. Preheat oven to 375°F (190°C) if baking.
2. Prepare the Potatoes and other main ingredients.
3. In a large bowl, combine with seasonings.
4. Cook according to source instructions until internal temperature is safe.
5. Let rest for 5 minutes before serving.', 'https://images.unsplash.com/photo-1498837167721-8f5c1a322c2e?auto=format&fit=crop&w=800&q=60', 6, 'https://www.foodnetwork.com/recipe/saut-ed-lamb-with-broccoli-and-roasted-potatoes', 'Food Network', 0, 798, 80);
INSERT INTO ingredients (id, recipe_id, name, quantity, unit) VALUES ('7f70cd31-8675-4e08-9240-f6d7068f363b', '68e9f970-97fb-4639-a219-d97f30536d16', 'Celery', 3.0, 'cup');
INSERT INTO ingredients (id, recipe_id, name, quantity, unit) VALUES ('62ec6269-5c10-443c-b519-07c433640e86', '68e9f970-97fb-4639-a219-d97f30536d16', 'Salt', 1.0, 'tsp');
INSERT INTO ingredients (id, recipe_id, name, quantity, unit) VALUES ('01414055-f9cd-4c1b-a74e-86575e17abce', '68e9f970-97fb-4639-a219-d97f30536d16', 'Worcestershire Sauce', 3.0, 'tbsp');
INSERT INTO ingredients (id, recipe_id, name, quantity, unit) VALUES ('49f1fa42-416b-42f2-b49f-af792e2106cc', '68e9f970-97fb-4639-a219-d97f30536d16', 'Pasta', 2.8, 'oz');
INSERT INTO recipe_dietary_tags (recipe_id, tag_id) VALUES ('68e9f970-97fb-4639-a219-d97f30536d16', 4);

INSERT INTO recipes (id, user_id, title, description, instructions, image_url, servings, source_url, source_name, is_archived, views, cart_adds) VALUES ('2b15e3c5-2ebe-4afe-a7f5-880214c67e7f', 'admin-user-id', 'Grilled Tofu with Cauliflower and Zucchini Noodles', 'A delicious Grilled Tofu with Cauliflower and Zucchini Noodles recipe. This Midwest-friendly dish is a family favorite and easy to make with common ingredients.', '1. Preheat oven to 375°F (190°C) if baking.
2. Prepare the Noodles and other main ingredients.
3. In a large bowl, combine with seasonings.
4. Cook according to source instructions until internal temperature is safe.
5. Let rest for 5 minutes before serving.', 'https://images.unsplash.com/photo-1490645935967-10de6ba17051?auto=format&fit=crop&w=800&q=60', 2, 'https://www.bonappetit.com/recipe/grilled-tofu-with-cauliflower-and-zucchini-noodles', 'Bon Appetit', 0, 181, 50);
INSERT INTO ingredients (id, recipe_id, name, quantity, unit) VALUES ('d4793e22-9670-47a7-b426-87f56c117ca0', '2b15e3c5-2ebe-4afe-a7f5-880214c67e7f', 'Onion', 0.6, 'cup');
INSERT INTO ingredients (id, recipe_id, name, quantity, unit) VALUES ('42b6441c-db49-46a2-b114-b88c08e40c32', '2b15e3c5-2ebe-4afe-a7f5-880214c67e7f', 'Salt', 1.5, 'tsp');
INSERT INTO ingredients (id, recipe_id, name, quantity, unit) VALUES ('469bc2ba-bb8c-4c08-9639-8725317eae94', '2b15e3c5-2ebe-4afe-a7f5-880214c67e7f', 'Rice', 0.7, 'cup');
INSERT INTO ingredients (id, recipe_id, name, quantity, unit) VALUES ('398c4cbc-2c1d-4c4e-9f81-df0db92250d0', '2b15e3c5-2ebe-4afe-a7f5-880214c67e7f', 'Frozen Peas', 1.6, 'cup');
INSERT INTO recipe_dietary_tags (recipe_id, tag_id) VALUES ('2b15e3c5-2ebe-4afe-a7f5-880214c67e7f', 1);
INSERT INTO recipe_dietary_tags (recipe_id, tag_id) VALUES ('2b15e3c5-2ebe-4afe-a7f5-880214c67e7f', 6);
INSERT INTO recipe_dietary_tags (recipe_id, tag_id) VALUES ('2b15e3c5-2ebe-4afe-a7f5-880214c67e7f', 3);

INSERT INTO recipes (id, user_id, title, description, instructions, image_url, servings, source_url, source_name, is_archived, views, cart_adds) VALUES ('4ed99ae7-179f-4f4b-9597-ea015c60f3a1', 'admin-user-id', 'Air Fried Cod with Kale and Quinoa', 'A delicious Air Fried Cod with Kale and Quinoa recipe. This Midwest-friendly dish is a family favorite and easy to make with common ingredients.', '1. Preheat oven to 375°F (190°C) if baking.
2. Prepare the Quinoa and other main ingredients.
3. In a large bowl, combine with seasonings.
4. Cook according to source instructions until internal temperature is safe.
5. Let rest for 5 minutes before serving.', 'https://images.unsplash.com/photo-1506084868214-19a1f9e147f8?auto=format&fit=crop&w=800&q=60', 7, 'https://www.foodnetwork.com/recipe/air-fried-cod-with-kale-and-quinoa', 'Food Network', 0, 603, 77);
INSERT INTO ingredients (id, recipe_id, name, quantity, unit) VALUES ('6806b9cf-cfc0-497a-a64f-852fa50a4186', '4ed99ae7-179f-4f4b-9597-ea015c60f3a1', 'Cream of Mushroom Soup', 3.1, 'can');
INSERT INTO ingredients (id, recipe_id, name, quantity, unit) VALUES ('e22d866c-b8dc-4bfa-bcd9-753a8bd898dc', '4ed99ae7-179f-4f4b-9597-ea015c60f3a1', 'Tater Tots', 1.4, 'oz');
INSERT INTO ingredients (id, recipe_id, name, quantity, unit) VALUES ('2aed7f43-2d4e-4762-b9d6-1b03d812b415', '4ed99ae7-179f-4f4b-9597-ea015c60f3a1', 'Dijon Mustard', 1.5, 'tsp');
INSERT INTO ingredients (id, recipe_id, name, quantity, unit) VALUES ('4a7c2b9f-f715-441e-8634-307781add59c', '4ed99ae7-179f-4f4b-9597-ea015c60f3a1', 'Salt', 3.3, 'tsp');
INSERT INTO ingredients (id, recipe_id, name, quantity, unit) VALUES ('41bac5c3-b986-4eef-8caa-df91a2a98554', '4ed99ae7-179f-4f4b-9597-ea015c60f3a1', 'Milk', 1.6, 'cup');
INSERT INTO ingredients (id, recipe_id, name, quantity, unit) VALUES ('390a87aa-877c-4e41-b883-336b1298b098', '4ed99ae7-179f-4f4b-9597-ea015c60f3a1', 'Breadcrumbs', 3.4, 'cup');
INSERT INTO ingredients (id, recipe_id, name, quantity, unit) VALUES ('3c65775f-ad13-4702-8143-6faa11083778', '4ed99ae7-179f-4f4b-9597-ea015c60f3a1', 'Chicken Breast', 1.2, 'lb');
INSERT INTO recipe_dietary_tags (recipe_id, tag_id) VALUES ('4ed99ae7-179f-4f4b-9597-ea015c60f3a1', 3);

INSERT INTO recipes (id, user_id, title, description, instructions, image_url, servings, source_url, source_name, is_archived, views, cart_adds) VALUES ('23f06d88-c225-445c-ba3b-43a6b9ec9c00', 'admin-user-id', 'Slow Cooked Cod with Carrots and Brown Rice', 'A delicious Slow Cooked Cod with Carrots and Brown Rice recipe. This Midwest-friendly dish is a family favorite and easy to make with common ingredients.', '1. Preheat oven to 375°F (190°C) if baking.
2. Prepare the Rice and other main ingredients.
3. In a large bowl, combine with seasonings.
4. Cook according to source instructions until internal temperature is safe.
5. Let rest for 5 minutes before serving.', 'https://images.unsplash.com/photo-1529042410759-adb828e4eaf0?auto=format&fit=crop&w=800&q=60', 4, 'https://www.tasteofhome.com/recipe/slow-cooked-cod-with-carrots-and-brown-rice', 'Taste of Home', 0, 395, 57);
INSERT INTO ingredients (id, recipe_id, name, quantity, unit) VALUES ('646117a9-7f5e-429f-b33f-05e75c87f479', '23f06d88-c225-445c-ba3b-43a6b9ec9c00', 'Chicken Breast', 0.6, 'lb');
INSERT INTO ingredients (id, recipe_id, name, quantity, unit) VALUES ('4b375416-42a6-451c-9273-a8af08a05f4f', '23f06d88-c225-445c-ba3b-43a6b9ec9c00', 'Milk', 0.9, 'cup');
INSERT INTO ingredients (id, recipe_id, name, quantity, unit) VALUES ('6524125c-5d0b-4caf-8c87-5d8b472ff94e', '23f06d88-c225-445c-ba3b-43a6b9ec9c00', 'Honey', 1.9, 'tbsp');
INSERT INTO ingredients (id, recipe_id, name, quantity, unit) VALUES ('32d5fbfc-e458-4601-9a77-2631104838f3', '23f06d88-c225-445c-ba3b-43a6b9ec9c00', 'Dijon Mustard', 2.2, 'tsp');
INSERT INTO recipe_dietary_tags (recipe_id, tag_id) VALUES ('23f06d88-c225-445c-ba3b-43a6b9ec9c00', 3);

INSERT INTO recipes (id, user_id, title, description, instructions, image_url, servings, source_url, source_name, is_archived, views, cart_adds) VALUES ('5a772472-a574-4982-a582-483aaff938bf', 'admin-user-id', 'Pan-Seared Venison with Broccoli and Mashed Cauliflower', 'A delicious Pan-Seared Venison with Broccoli and Mashed Cauliflower recipe. This Midwest-friendly dish is a family favorite and easy to make with common ingredients.', '1. Preheat oven to 375°F (190°C) if baking.
2. Prepare the Cauliflower and other main ingredients.
3. In a large bowl, combine with seasonings.
4. Cook according to source instructions until internal temperature is safe.
5. Let rest for 5 minutes before serving.', 'https://images.unsplash.com/photo-1455619452474-d2ba29bc06da?auto=format&fit=crop&w=800&q=60', 2, 'https://www.allrecipes.com/recipe/pan-seared-venison-with-broccoli-and-mashed-cauliflower', 'AllRecipes', 0, 313, 98);
INSERT INTO ingredients (id, recipe_id, name, quantity, unit) VALUES ('915db36d-99e1-4819-afab-78704a916da0', '5a772472-a574-4982-a582-483aaff938bf', 'Dijon Mustard', 0.8, 'tsp');
INSERT INTO ingredients (id, recipe_id, name, quantity, unit) VALUES ('e3fcad4a-4039-40b4-bd3a-9b9657aaba16', '5a772472-a574-4982-a582-483aaff938bf', 'Worcestershire Sauce', 0.9, 'tbsp');
INSERT INTO ingredients (id, recipe_id, name, quantity, unit) VALUES ('0bcccac3-8397-4f20-817f-223101405532', '5a772472-a574-4982-a582-483aaff938bf', 'Onion', 3.0, 'cup');
INSERT INTO ingredients (id, recipe_id, name, quantity, unit) VALUES ('406fe2b1-65a2-4265-99ff-36c8c244d2b2', '5a772472-a574-4982-a582-483aaff938bf', 'Salt', 1.1, 'tsp');
INSERT INTO ingredients (id, recipe_id, name, quantity, unit) VALUES ('5b0583d5-1ec9-4c79-a82d-69313584ac29', '5a772472-a574-4982-a582-483aaff938bf', 'Olive Oil', 2.1, 'tbsp');
INSERT INTO ingredients (id, recipe_id, name, quantity, unit) VALUES ('a90efc07-4490-45d9-9a83-af47da10bc55', '5a772472-a574-4982-a582-483aaff938bf', 'Tomato Sauce', 2.1, 'oz');
INSERT INTO ingredients (id, recipe_id, name, quantity, unit) VALUES ('51ee2418-d9a2-46c9-9599-7b78d98120a2', '5a772472-a574-4982-a582-483aaff938bf', 'Cream of Mushroom Soup', 1.7, 'can');
INSERT INTO recipe_dietary_tags (recipe_id, tag_id) VALUES ('5a772472-a574-4982-a582-483aaff938bf', 1);
INSERT INTO recipe_dietary_tags (recipe_id, tag_id) VALUES ('5a772472-a574-4982-a582-483aaff938bf', 6);

INSERT INTO recipes (id, user_id, title, description, instructions, image_url, servings, source_url, source_name, is_archived, views, cart_adds) VALUES ('e59716c3-8ef5-45fb-b320-c1137a03340e', 'admin-user-id', 'Roasted Turkey with Broccoli and Brown Rice', 'A delicious Roasted Turkey with Broccoli and Brown Rice recipe. This Midwest-friendly dish is a family favorite and easy to make with common ingredients.', '1. Preheat oven to 375°F (190°C) if baking.
2. Prepare the Rice and other main ingredients.
3. In a large bowl, combine with seasonings.
4. Cook according to source instructions until internal temperature is safe.
5. Let rest for 5 minutes before serving.', 'https://images.unsplash.com/photo-1504113888839-14294c223d51?auto=format&fit=crop&w=800&q=60', 2, 'https://www.epicurious.com/recipe/roasted-turkey-with-broccoli-and-brown-rice', 'Epicurious', 0, 98, 90);
INSERT INTO ingredients (id, recipe_id, name, quantity, unit) VALUES ('1838e752-9748-4b23-a4df-4a0f6aa1095f', 'e59716c3-8ef5-45fb-b320-c1137a03340e', 'Tater Tots', 3.3, 'oz');
INSERT INTO ingredients (id, recipe_id, name, quantity, unit) VALUES ('0932fa05-ff02-4224-bd4e-91b87b5d87c2', 'e59716c3-8ef5-45fb-b320-c1137a03340e', 'Lemon Juice', 2.0, 'tbsp');
INSERT INTO ingredients (id, recipe_id, name, quantity, unit) VALUES ('c05257e1-18c0-42f7-b0b9-7f08045066b2', 'e59716c3-8ef5-45fb-b320-c1137a03340e', 'Cheddar Cheese', 3.2, 'cup');
INSERT INTO ingredients (id, recipe_id, name, quantity, unit) VALUES ('dadcd8f4-6426-40f4-81c7-2a7e71a45922', 'e59716c3-8ef5-45fb-b320-c1137a03340e', 'Egg', 2.7, 'large');
INSERT INTO ingredients (id, recipe_id, name, quantity, unit) VALUES ('30d1951d-b878-4798-8756-fec8311e46d9', 'e59716c3-8ef5-45fb-b320-c1137a03340e', 'Honey', 2.0, 'tbsp');
INSERT INTO ingredients (id, recipe_id, name, quantity, unit) VALUES ('723318a9-48fd-4b0d-b901-2f38f49de667', 'e59716c3-8ef5-45fb-b320-c1137a03340e', 'Onion', 1.8, 'cup');
INSERT INTO ingredients (id, recipe_id, name, quantity, unit) VALUES ('e5d18140-77f1-43e5-b282-8a2e516fabfb', 'e59716c3-8ef5-45fb-b320-c1137a03340e', 'Sour Cream', 2.8, 'cup');
INSERT INTO recipe_dietary_tags (recipe_id, tag_id) VALUES ('e59716c3-8ef5-45fb-b320-c1137a03340e', 6);
INSERT INTO recipe_dietary_tags (recipe_id, tag_id) VALUES ('e59716c3-8ef5-45fb-b320-c1137a03340e', 2);
INSERT INTO recipe_dietary_tags (recipe_id, tag_id) VALUES ('e59716c3-8ef5-45fb-b320-c1137a03340e', 4);

INSERT INTO recipes (id, user_id, title, description, instructions, image_url, servings, source_url, source_name, is_archived, views, cart_adds) VALUES ('55e3190e-ab34-4bd9-aeec-5661ca7a303e', 'admin-user-id', 'Pan-Seared Shrimp with Carrots and Mashed Cauliflower', 'A delicious Pan-Seared Shrimp with Carrots and Mashed Cauliflower recipe. This Midwest-friendly dish is a family favorite and easy to make with common ingredients.', '1. Preheat oven to 375°F (190°C) if baking.
2. Prepare the Cauliflower and other main ingredients.
3. In a large bowl, combine with seasonings.
4. Cook according to source instructions until internal temperature is safe.
5. Let rest for 5 minutes before serving.', 'https://images.unsplash.com/photo-1546062477-fe2f66230ba3?auto=format&fit=crop&w=800&q=60', 3, 'https://www.epicurious.com/recipe/pan-seared-shrimp-with-carrots-and-mashed-cauliflower', 'Epicurious', 0, 602, 42);
INSERT INTO ingredients (id, recipe_id, name, quantity, unit) VALUES ('534f1386-d4c1-408f-9ddc-f819c40b998b', '55e3190e-ab34-4bd9-aeec-5661ca7a303e', 'Worcestershire Sauce', 1.7, 'tbsp');
INSERT INTO ingredients (id, recipe_id, name, quantity, unit) VALUES ('044301f3-03b4-4600-a976-2e95cb2323ed', '55e3190e-ab34-4bd9-aeec-5661ca7a303e', 'Dijon Mustard', 1.1, 'tsp');
INSERT INTO ingredients (id, recipe_id, name, quantity, unit) VALUES ('c594e223-f5fd-493c-a764-23270d279166', '55e3190e-ab34-4bd9-aeec-5661ca7a303e', 'Olive Oil', 1.3, 'tbsp');
INSERT INTO ingredients (id, recipe_id, name, quantity, unit) VALUES ('2b1d2352-2631-485a-943b-93a232d0c6d3', '55e3190e-ab34-4bd9-aeec-5661ca7a303e', 'Rice', 2.4, 'cup');
INSERT INTO ingredients (id, recipe_id, name, quantity, unit) VALUES ('27ed85f2-9c98-46b6-b185-e2c1906c877d', '55e3190e-ab34-4bd9-aeec-5661ca7a303e', 'Cream of Mushroom Soup', 2.9, 'can');
INSERT INTO recipe_dietary_tags (recipe_id, tag_id) VALUES ('55e3190e-ab34-4bd9-aeec-5661ca7a303e', 1);
INSERT INTO recipe_dietary_tags (recipe_id, tag_id) VALUES ('55e3190e-ab34-4bd9-aeec-5661ca7a303e', 6);
INSERT INTO recipe_dietary_tags (recipe_id, tag_id) VALUES ('55e3190e-ab34-4bd9-aeec-5661ca7a303e', 2);

INSERT INTO recipes (id, user_id, title, description, instructions, image_url, servings, source_url, source_name, is_archived, views, cart_adds) VALUES ('81acc935-9130-4cd4-abf4-64782358ee77', 'admin-user-id', 'Grilled Turkey with Brussels Sprouts and Mashed Cauliflower', 'A delicious Grilled Turkey with Brussels Sprouts and Mashed Cauliflower recipe. This Midwest-friendly dish is a family favorite and easy to make with common ingredients.', '1. Preheat oven to 375°F (190°C) if baking.
2. Prepare the Cauliflower and other main ingredients.
3. In a large bowl, combine with seasonings.
4. Cook according to source instructions until internal temperature is safe.
5. Let rest for 5 minutes before serving.', 'https://images.unsplash.com/photo-1504674900247-0877df9cc836?auto=format&fit=crop&w=800&q=60', 6, 'https://www.foodnetwork.com/recipe/grilled-turkey-with-brussels-sprouts-and-mashed-cauliflower', 'Food Network', 0, 283, 74);
INSERT INTO ingredients (id, recipe_id, name, quantity, unit) VALUES ('4a625fe6-eb3a-4d8c-a53e-f3563f135317', '81acc935-9130-4cd4-abf4-64782358ee77', 'Cream of Mushroom Soup', 2.8, 'can');
INSERT INTO ingredients (id, recipe_id, name, quantity, unit) VALUES ('60e217cd-9cbc-4680-a612-1617177b2a10', '81acc935-9130-4cd4-abf4-64782358ee77', 'Breadcrumbs', 1.1, 'cup');
INSERT INTO ingredients (id, recipe_id, name, quantity, unit) VALUES ('2cbfec0b-e324-4b6e-ae76-dbc468124724', '81acc935-9130-4cd4-abf4-64782358ee77', 'Olive Oil', 2.6, 'tbsp');
INSERT INTO ingredients (id, recipe_id, name, quantity, unit) VALUES ('7f49218f-e813-4a70-b208-062cd7c35dd8', '81acc935-9130-4cd4-abf4-64782358ee77', 'Milk', 3.3, 'cup');
INSERT INTO recipe_dietary_tags (recipe_id, tag_id) VALUES ('81acc935-9130-4cd4-abf4-64782358ee77', 1);
INSERT INTO recipe_dietary_tags (recipe_id, tag_id) VALUES ('81acc935-9130-4cd4-abf4-64782358ee77', 6);
INSERT INTO recipe_dietary_tags (recipe_id, tag_id) VALUES ('81acc935-9130-4cd4-abf4-64782358ee77', 2);

INSERT INTO recipes (id, user_id, title, description, instructions, image_url, servings, source_url, source_name, is_archived, views, cart_adds) VALUES ('94fe637d-9084-4bb5-be51-8cd7e336d208', 'admin-user-id', 'Steamed Lamb with Carrots and Couscous', 'A delicious Steamed Lamb with Carrots and Couscous recipe. This Midwest-friendly dish is a family favorite and easy to make with common ingredients.', '1. Preheat oven to 375°F (190°C) if baking.
2. Prepare the Couscous and other main ingredients.
3. In a large bowl, combine with seasonings.
4. Cook according to source instructions until internal temperature is safe.
5. Let rest for 5 minutes before serving.', 'https://images.unsplash.com/photo-1493770348161-369560ae357d?auto=format&fit=crop&w=800&q=60', 4, 'https://www.epicurious.com/recipe/steamed-lamb-with-carrots-and-couscous', 'Epicurious', 0, 107, 60);
INSERT INTO ingredients (id, recipe_id, name, quantity, unit) VALUES ('bf8be35e-5308-4aa2-b90c-7e26e961119d', '94fe637d-9084-4bb5-be51-8cd7e336d208', 'Milk', 3.0, 'cup');
INSERT INTO ingredients (id, recipe_id, name, quantity, unit) VALUES ('47792519-0588-4ae4-b93a-a10cf4c60d94', '94fe637d-9084-4bb5-be51-8cd7e336d208', 'Cheddar Cheese', 0.5, 'cup');
INSERT INTO ingredients (id, recipe_id, name, quantity, unit) VALUES ('598a73b5-fc25-490a-968d-225051dfb630', '94fe637d-9084-4bb5-be51-8cd7e336d208', 'Salt', 2.4, 'tsp');
INSERT INTO ingredients (id, recipe_id, name, quantity, unit) VALUES ('fe837e28-da10-4d03-a65c-c048ad8ba719', '94fe637d-9084-4bb5-be51-8cd7e336d208', 'Worcestershire Sauce', 1.3, 'tbsp');
INSERT INTO ingredients (id, recipe_id, name, quantity, unit) VALUES ('e504dc4f-322e-4e67-af7e-722bdda2394b', '94fe637d-9084-4bb5-be51-8cd7e336d208', 'Pasta', 1.6, 'oz');
INSERT INTO ingredients (id, recipe_id, name, quantity, unit) VALUES ('8eb72aab-cb35-42f1-80c6-bf38b2f7e2bd', '94fe637d-9084-4bb5-be51-8cd7e336d208', 'Celery', 0.7, 'cup');
INSERT INTO ingredients (id, recipe_id, name, quantity, unit) VALUES ('a19140fc-f98f-49c0-bb9c-1b33e3e54a61', '94fe637d-9084-4bb5-be51-8cd7e336d208', 'Carrots', 1.4, 'cup');
INSERT INTO recipe_dietary_tags (recipe_id, tag_id) VALUES ('94fe637d-9084-4bb5-be51-8cd7e336d208', 5);

INSERT INTO recipes (id, user_id, title, description, instructions, image_url, servings, source_url, source_name, is_archived, views, cart_adds) VALUES ('e30bf1d7-16d2-44e0-9fbb-9fe79519c8d2', 'admin-user-id', 'Grilled Tofu with Asparagus and Quinoa', 'A delicious Grilled Tofu with Asparagus and Quinoa recipe. This Midwest-friendly dish is a family favorite and easy to make with common ingredients.', '1. Preheat oven to 375°F (190°C) if baking.
2. Prepare the Quinoa and other main ingredients.
3. In a large bowl, combine with seasonings.
4. Cook according to source instructions until internal temperature is safe.
5. Let rest for 5 minutes before serving.', 'https://images.unsplash.com/photo-1473093226795-af9932fe5856?auto=format&fit=crop&w=800&q=60', 3, 'https://www.allrecipes.com/recipe/grilled-tofu-with-asparagus-and-quinoa', 'AllRecipes', 0, 394, 1);
INSERT INTO ingredients (id, recipe_id, name, quantity, unit) VALUES ('ba54779a-5af2-42ac-840c-a47150074990', 'e30bf1d7-16d2-44e0-9fbb-9fe79519c8d2', 'Carrots', 3.1, 'cup');
INSERT INTO ingredients (id, recipe_id, name, quantity, unit) VALUES ('b6b81492-34bb-437c-b81c-d20e47d661b6', 'e30bf1d7-16d2-44e0-9fbb-9fe79519c8d2', 'Worcestershire Sauce', 2.7, 'tbsp');
INSERT INTO ingredients (id, recipe_id, name, quantity, unit) VALUES ('eb58f105-7932-4886-b19a-8a2299eef408', 'e30bf1d7-16d2-44e0-9fbb-9fe79519c8d2', 'Black Pepper', 2.7, 'tsp');
INSERT INTO ingredients (id, recipe_id, name, quantity, unit) VALUES ('a167c647-4262-4d47-8ebc-95c48a79d06e', 'e30bf1d7-16d2-44e0-9fbb-9fe79519c8d2', 'Onion', 1.0, 'cup');
INSERT INTO ingredients (id, recipe_id, name, quantity, unit) VALUES ('30d80d20-44a6-4b49-bcdc-9a8b0ec7e353', 'e30bf1d7-16d2-44e0-9fbb-9fe79519c8d2', 'Egg', 2.1, 'large');
INSERT INTO recipe_dietary_tags (recipe_id, tag_id) VALUES ('e30bf1d7-16d2-44e0-9fbb-9fe79519c8d2', 3);
INSERT INTO recipe_dietary_tags (recipe_id, tag_id) VALUES ('e30bf1d7-16d2-44e0-9fbb-9fe79519c8d2', 2);
INSERT INTO recipe_dietary_tags (recipe_id, tag_id) VALUES ('e30bf1d7-16d2-44e0-9fbb-9fe79519c8d2', 4);

INSERT INTO recipes (id, user_id, title, description, instructions, image_url, servings, source_url, source_name, is_archived, views, cart_adds) VALUES ('893dd11f-d474-4627-8619-8fd8ec382443', 'admin-user-id', 'Air Fried Beef with Asparagus and Cauliflower Rice', 'A delicious Air Fried Beef with Asparagus and Cauliflower Rice recipe. This Midwest-friendly dish is a family favorite and easy to make with common ingredients.', '1. Preheat oven to 375°F (190°C) if baking.
2. Prepare the Rice and other main ingredients.
3. In a large bowl, combine with seasonings.
4. Cook according to source instructions until internal temperature is safe.
5. Let rest for 5 minutes before serving.', 'https://images.unsplash.com/photo-1512621776951-a57141f2eefd?auto=format&fit=crop&w=800&q=60', 5, 'https://www.tasteofhome.com/recipe/air-fried-beef-with-asparagus-and-cauliflower-rice', 'Taste of Home', 0, 3, 80);
INSERT INTO ingredients (id, recipe_id, name, quantity, unit) VALUES ('c257b28d-26e1-4a11-a007-9e917a9569dc', '893dd11f-d474-4627-8619-8fd8ec382443', 'Cream of Mushroom Soup', 1.0, 'can');
INSERT INTO ingredients (id, recipe_id, name, quantity, unit) VALUES ('172607ec-b635-4f2d-b0db-8367509ae77f', '893dd11f-d474-4627-8619-8fd8ec382443', 'Celery', 2.7, 'cup');
INSERT INTO ingredients (id, recipe_id, name, quantity, unit) VALUES ('e3d7fda2-cd63-41ae-bf92-57495939ec92', '893dd11f-d474-4627-8619-8fd8ec382443', 'Chicken Breast', 1.9, 'lb');
INSERT INTO ingredients (id, recipe_id, name, quantity, unit) VALUES ('6369a4ed-6e86-42cc-b4a0-cc4ad11e7a5c', '893dd11f-d474-4627-8619-8fd8ec382443', 'Butter', 2.1, 'tbsp');
INSERT INTO ingredients (id, recipe_id, name, quantity, unit) VALUES ('9a565965-c969-4e88-9533-40ac5b7aad6d', '893dd11f-d474-4627-8619-8fd8ec382443', 'Onion', 2.7, 'cup');
INSERT INTO recipe_dietary_tags (recipe_id, tag_id) VALUES ('893dd11f-d474-4627-8619-8fd8ec382443', 1);
INSERT INTO recipe_dietary_tags (recipe_id, tag_id) VALUES ('893dd11f-d474-4627-8619-8fd8ec382443', 6);
INSERT INTO recipe_dietary_tags (recipe_id, tag_id) VALUES ('893dd11f-d474-4627-8619-8fd8ec382443', 10);

INSERT INTO recipes (id, user_id, title, description, instructions, image_url, servings, source_url, source_name, is_archived, views, cart_adds) VALUES ('ca96c982-1403-4d7f-bce2-c2c9230ab4ee', 'admin-user-id', 'Grilled Beef with Green Beans and Wild Rice', 'A delicious Grilled Beef with Green Beans and Wild Rice recipe. This Midwest-friendly dish is a family favorite and easy to make with common ingredients.', '1. Preheat oven to 375°F (190°C) if baking.
2. Prepare the Rice and other main ingredients.
3. In a large bowl, combine with seasonings.
4. Cook according to source instructions until internal temperature is safe.
5. Let rest for 5 minutes before serving.', 'https://images.unsplash.com/photo-1482049016688-2d3e1b311543?auto=format&fit=crop&w=800&q=60', 7, 'https://www.foodnetwork.com/recipe/grilled-beef-with-green-beans-and-wild-rice', 'Food Network', 0, 147, 26);
INSERT INTO ingredients (id, recipe_id, name, quantity, unit) VALUES ('13dfacc4-fb4c-4146-972a-68fab3903f4c', 'ca96c982-1403-4d7f-bce2-c2c9230ab4ee', 'Breadcrumbs', 1.3, 'cup');
INSERT INTO ingredients (id, recipe_id, name, quantity, unit) VALUES ('ad031802-c740-4222-91b0-e2f200f60a48', 'ca96c982-1403-4d7f-bce2-c2c9230ab4ee', 'Dijon Mustard', 1.3, 'tsp');
INSERT INTO ingredients (id, recipe_id, name, quantity, unit) VALUES ('8473264c-b056-4c64-935c-9b289d0c7e09', 'ca96c982-1403-4d7f-bce2-c2c9230ab4ee', 'Pasta', 2.3, 'oz');
INSERT INTO ingredients (id, recipe_id, name, quantity, unit) VALUES ('70e753fa-492f-4395-9604-2ef59b51282b', 'ca96c982-1403-4d7f-bce2-c2c9230ab4ee', 'Cream of Mushroom Soup', 2.2, 'can');
INSERT INTO ingredients (id, recipe_id, name, quantity, unit) VALUES ('8d63e026-c925-41ea-b2be-cf62a2f1c6b1', 'ca96c982-1403-4d7f-bce2-c2c9230ab4ee', 'Tomato Sauce', 2.7, 'oz');
INSERT INTO ingredients (id, recipe_id, name, quantity, unit) VALUES ('ec733932-ffb6-4bda-9e69-964332237c14', 'ca96c982-1403-4d7f-bce2-c2c9230ab4ee', 'Worcestershire Sauce', 2.7, 'tbsp');
INSERT INTO ingredients (id, recipe_id, name, quantity, unit) VALUES ('ab8d79c8-0af7-47fc-8832-ff6cf2c5228f', 'ca96c982-1403-4d7f-bce2-c2c9230ab4ee', 'Lemon Juice', 2.4, 'tbsp');
INSERT INTO recipe_dietary_tags (recipe_id, tag_id) VALUES ('ca96c982-1403-4d7f-bce2-c2c9230ab4ee', 10);

INSERT INTO recipes (id, user_id, title, description, instructions, image_url, servings, source_url, source_name, is_archived, views, cart_adds) VALUES ('66d3eaaf-1df6-4e03-8a9f-3bbab94b8e6d', 'admin-user-id', 'Slow Cooked Venison with Asparagus and Roasted Potatoes', 'A delicious Slow Cooked Venison with Asparagus and Roasted Potatoes recipe. This Midwest-friendly dish is a family favorite and easy to make with common ingredients.', '1. Preheat oven to 375°F (190°C) if baking.
2. Prepare the Potatoes and other main ingredients.
3. In a large bowl, combine with seasonings.
4. Cook according to source instructions until internal temperature is safe.
5. Let rest for 5 minutes before serving.', 'https://images.unsplash.com/photo-1484723091739-30a097e8f929?auto=format&fit=crop&w=800&q=60', 6, 'https://www.bonappetit.com/recipe/slow-cooked-venison-with-asparagus-and-roasted-potatoes', 'Bon Appetit', 0, 340, 82);
INSERT INTO ingredients (id, recipe_id, name, quantity, unit) VALUES ('9a6b61bd-98c7-46eb-8ebc-5604466df17e', '66d3eaaf-1df6-4e03-8a9f-3bbab94b8e6d', 'Soy Sauce', 2.7, 'tbsp');
INSERT INTO ingredients (id, recipe_id, name, quantity, unit) VALUES ('baae8805-03d9-4337-9dac-beb163b4a6f5', '66d3eaaf-1df6-4e03-8a9f-3bbab94b8e6d', 'Rice', 1.7, 'cup');
INSERT INTO ingredients (id, recipe_id, name, quantity, unit) VALUES ('aef42d8d-5806-4cd0-854c-213337634dba', '66d3eaaf-1df6-4e03-8a9f-3bbab94b8e6d', 'Tater Tots', 2.1, 'oz');
INSERT INTO ingredients (id, recipe_id, name, quantity, unit) VALUES ('00babf25-06d8-4454-975c-22de32ad00b3', '66d3eaaf-1df6-4e03-8a9f-3bbab94b8e6d', 'Ground Beef', 2.6, 'lb');
INSERT INTO recipe_dietary_tags (recipe_id, tag_id) VALUES ('66d3eaaf-1df6-4e03-8a9f-3bbab94b8e6d', 1);
INSERT INTO recipe_dietary_tags (recipe_id, tag_id) VALUES ('66d3eaaf-1df6-4e03-8a9f-3bbab94b8e6d', 4);

INSERT INTO recipes (id, user_id, title, description, instructions, image_url, servings, source_url, source_name, is_archived, views, cart_adds) VALUES ('115222cf-1638-4093-b453-648910478429', 'admin-user-id', 'Pan-Seared Venison with Asparagus and Wild Rice', 'A delicious Pan-Seared Venison with Asparagus and Wild Rice recipe. This Midwest-friendly dish is a family favorite and easy to make with common ingredients.', '1. Preheat oven to 375°F (190°C) if baking.
2. Prepare the Rice and other main ingredients.
3. In a large bowl, combine with seasonings.
4. Cook according to source instructions until internal temperature is safe.
5. Let rest for 5 minutes before serving.', 'https://images.unsplash.com/photo-1540189549336-e6e99c3679fe?auto=format&fit=crop&w=800&q=60', 4, 'https://www.tasteofhome.com/recipe/pan-seared-venison-with-asparagus-and-wild-rice', 'Taste of Home', 0, 264, 57);
INSERT INTO ingredients (id, recipe_id, name, quantity, unit) VALUES ('5e69f436-cc4c-4803-ab18-0f32440ae1a8', '115222cf-1638-4093-b453-648910478429', 'Honey', 1.7, 'tbsp');
INSERT INTO ingredients (id, recipe_id, name, quantity, unit) VALUES ('6b207752-3566-4600-b1b8-53daac1176b7', '115222cf-1638-4093-b453-648910478429', 'Salt', 2.5, 'tsp');
INSERT INTO ingredients (id, recipe_id, name, quantity, unit) VALUES ('850e0919-d3b1-4dae-8531-ad363d1cc8c3', '115222cf-1638-4093-b453-648910478429', 'Garlic', 2.2, 'clove');
INSERT INTO ingredients (id, recipe_id, name, quantity, unit) VALUES ('43e191c2-67f3-4e19-802f-99d0b4c68b7f', '115222cf-1638-4093-b453-648910478429', 'Butter', 1.8, 'tbsp');
INSERT INTO recipe_dietary_tags (recipe_id, tag_id) VALUES ('115222cf-1638-4093-b453-648910478429', 4);

INSERT INTO recipes (id, user_id, title, description, instructions, image_url, servings, source_url, source_name, is_archived, views, cart_adds) VALUES ('8915abf8-945a-44fd-ba4f-b901a391db7f', 'admin-user-id', 'Slow Cooked Lamb with Cauliflower and Wild Rice', 'A delicious Slow Cooked Lamb with Cauliflower and Wild Rice recipe. This Midwest-friendly dish is a family favorite and easy to make with common ingredients.', '1. Preheat oven to 375°F (190°C) if baking.
2. Prepare the Rice and other main ingredients.
3. In a large bowl, combine with seasonings.
4. Cook according to source instructions until internal temperature is safe.
5. Let rest for 5 minutes before serving.', 'https://images.unsplash.com/photo-1567620985035-091781110527?auto=format&fit=crop&w=800&q=60', 4, 'https://www.bonappetit.com/recipe/slow-cooked-lamb-with-cauliflower-and-wild-rice', 'Bon Appetit', 0, 957, 15);
INSERT INTO ingredients (id, recipe_id, name, quantity, unit) VALUES ('e9e8ad2a-a797-4bd8-851b-dc3e1b1ae1bc', '8915abf8-945a-44fd-ba4f-b901a391db7f', 'Heavy Cream', 1.9, 'cup');
INSERT INTO ingredients (id, recipe_id, name, quantity, unit) VALUES ('123bc483-bd71-4995-aa2b-ab009f788711', '8915abf8-945a-44fd-ba4f-b901a391db7f', 'Rice', 2.6, 'cup');
INSERT INTO ingredients (id, recipe_id, name, quantity, unit) VALUES ('354f4ce8-2d16-4d70-9f13-64122cb26b2b', '8915abf8-945a-44fd-ba4f-b901a391db7f', 'Honey', 2.0, 'tbsp');
INSERT INTO ingredients (id, recipe_id, name, quantity, unit) VALUES ('2e097236-aa87-4049-90d8-3ea6a17c7bb6', '8915abf8-945a-44fd-ba4f-b901a391db7f', 'Garlic', 1.9, 'clove');
INSERT INTO ingredients (id, recipe_id, name, quantity, unit) VALUES ('9e5a6986-ad2d-4cb6-a2f2-85b91a27b0c5', '8915abf8-945a-44fd-ba4f-b901a391db7f', 'Chicken Breast', 1.1, 'lb');
INSERT INTO ingredients (id, recipe_id, name, quantity, unit) VALUES ('a2b9a764-c159-4d62-aa6c-dc666fb0c8de', '8915abf8-945a-44fd-ba4f-b901a391db7f', 'Salt', 1.2, 'tsp');
INSERT INTO ingredients (id, recipe_id, name, quantity, unit) VALUES ('dd27b6ec-0833-407f-8740-dff61568a9fb', '8915abf8-945a-44fd-ba4f-b901a391db7f', 'Egg', 3.2, 'large');
INSERT INTO recipe_dietary_tags (recipe_id, tag_id) VALUES ('8915abf8-945a-44fd-ba4f-b901a391db7f', 3);

INSERT INTO recipes (id, user_id, title, description, instructions, image_url, servings, source_url, source_name, is_archived, views, cart_adds) VALUES ('850c9aaa-4395-47e1-a35f-cdd5de204999', 'admin-user-id', 'Sautéed Tofu with Spinach and Mashed Cauliflower', 'A delicious Sautéed Tofu with Spinach and Mashed Cauliflower recipe. This Midwest-friendly dish is a family favorite and easy to make with common ingredients.', '1. Preheat oven to 375°F (190°C) if baking.
2. Prepare the Cauliflower and other main ingredients.
3. In a large bowl, combine with seasonings.
4. Cook according to source instructions until internal temperature is safe.
5. Let rest for 5 minutes before serving.', 'https://images.unsplash.com/photo-1565299624946-b28f40a0ae38?auto=format&fit=crop&w=800&q=60', 5, 'https://www.bonappetit.com/recipe/saut-ed-tofu-with-spinach-and-mashed-cauliflower', 'Bon Appetit', 0, 618, 12);
INSERT INTO ingredients (id, recipe_id, name, quantity, unit) VALUES ('188163cc-ca7b-40fc-9de5-2c797c5197d2', '850c9aaa-4395-47e1-a35f-cdd5de204999', 'Tomato Sauce', 2.5, 'oz');
INSERT INTO ingredients (id, recipe_id, name, quantity, unit) VALUES ('8e37669b-50f5-491f-a5f5-c2a4b51dd645', '850c9aaa-4395-47e1-a35f-cdd5de204999', 'Honey', 0.5, 'tbsp');
INSERT INTO ingredients (id, recipe_id, name, quantity, unit) VALUES ('43687752-a24e-440b-814c-898a102cea9f', '850c9aaa-4395-47e1-a35f-cdd5de204999', 'Celery', 3.3, 'cup');
INSERT INTO ingredients (id, recipe_id, name, quantity, unit) VALUES ('cddd132e-ae2b-49c8-bbbe-35f88fa6fc0e', '850c9aaa-4395-47e1-a35f-cdd5de204999', 'Salt', 2.8, 'tsp');
INSERT INTO ingredients (id, recipe_id, name, quantity, unit) VALUES ('9a40f7e8-067f-4cd5-b0aa-3d8855bc9d43', '850c9aaa-4395-47e1-a35f-cdd5de204999', 'Dijon Mustard', 3.2, 'tsp');
INSERT INTO ingredients (id, recipe_id, name, quantity, unit) VALUES ('4f5f8640-f0df-4ac6-8e43-9c29d8f2678b', '850c9aaa-4395-47e1-a35f-cdd5de204999', 'Onion', 3.0, 'cup');
INSERT INTO recipe_dietary_tags (recipe_id, tag_id) VALUES ('850c9aaa-4395-47e1-a35f-cdd5de204999', 1);
INSERT INTO recipe_dietary_tags (recipe_id, tag_id) VALUES ('850c9aaa-4395-47e1-a35f-cdd5de204999', 6);
INSERT INTO recipe_dietary_tags (recipe_id, tag_id) VALUES ('850c9aaa-4395-47e1-a35f-cdd5de204999', 3);

INSERT INTO recipes (id, user_id, title, description, instructions, image_url, servings, source_url, source_name, is_archived, views, cart_adds) VALUES ('aeef8fa1-34af-4e70-bd46-e8ae79d16e96', 'admin-user-id', 'Air Fried Turkey with Brussels Sprouts and Roasted Potatoes', 'A delicious Air Fried Turkey with Brussels Sprouts and Roasted Potatoes recipe. This Midwest-friendly dish is a family favorite and easy to make with common ingredients.', '1. Preheat oven to 375°F (190°C) if baking.
2. Prepare the Potatoes and other main ingredients.
3. In a large bowl, combine with seasonings.
4. Cook according to source instructions until internal temperature is safe.
5. Let rest for 5 minutes before serving.', 'https://images.unsplash.com/photo-1555939594-58d7cb561ad1?auto=format&fit=crop&w=800&q=60', 2, 'https://www.bonappetit.com/recipe/air-fried-turkey-with-brussels-sprouts-and-roasted-potatoes', 'Bon Appetit', 0, 362, 78);
INSERT INTO ingredients (id, recipe_id, name, quantity, unit) VALUES ('8109158e-e784-4259-a345-a14b572d9f09', 'aeef8fa1-34af-4e70-bd46-e8ae79d16e96', 'Salt', 2.4, 'tsp');
INSERT INTO ingredients (id, recipe_id, name, quantity, unit) VALUES ('7c950b92-8a38-4fa1-ba2c-925a7ad15c14', 'aeef8fa1-34af-4e70-bd46-e8ae79d16e96', 'Egg', 0.7, 'large');
INSERT INTO ingredients (id, recipe_id, name, quantity, unit) VALUES ('97a88fa5-19e1-48c4-ade6-da7d64fe5cae', 'aeef8fa1-34af-4e70-bd46-e8ae79d16e96', 'Tomato Sauce', 0.6, 'oz');
INSERT INTO ingredients (id, recipe_id, name, quantity, unit) VALUES ('84d9a489-2e4f-40db-b192-f372182f2176', 'aeef8fa1-34af-4e70-bd46-e8ae79d16e96', 'Celery', 1.5, 'cup');
INSERT INTO ingredients (id, recipe_id, name, quantity, unit) VALUES ('77de45db-d9bf-4695-ab03-005c16b0aac7', 'aeef8fa1-34af-4e70-bd46-e8ae79d16e96', 'Cream of Mushroom Soup', 3.0, 'can');
INSERT INTO ingredients (id, recipe_id, name, quantity, unit) VALUES ('d762fca4-7c51-4a1c-8065-47f92f07e5f1', 'aeef8fa1-34af-4e70-bd46-e8ae79d16e96', 'Breadcrumbs', 3.0, 'cup');
INSERT INTO ingredients (id, recipe_id, name, quantity, unit) VALUES ('7271b3da-1db9-440a-ad4d-88ce48334f2c', 'aeef8fa1-34af-4e70-bd46-e8ae79d16e96', 'Soy Sauce', 1.2, 'tbsp');
INSERT INTO recipe_dietary_tags (recipe_id, tag_id) VALUES ('aeef8fa1-34af-4e70-bd46-e8ae79d16e96', 3);
INSERT INTO recipe_dietary_tags (recipe_id, tag_id) VALUES ('aeef8fa1-34af-4e70-bd46-e8ae79d16e96', 2);
INSERT INTO recipe_dietary_tags (recipe_id, tag_id) VALUES ('aeef8fa1-34af-4e70-bd46-e8ae79d16e96', 9);

INSERT INTO recipes (id, user_id, title, description, instructions, image_url, servings, source_url, source_name, is_archived, views, cart_adds) VALUES ('04d406ea-f5cd-4b97-b556-69535e902545', 'admin-user-id', 'Roasted Pork with Sweet Potatoes and Quinoa', 'A delicious Roasted Pork with Sweet Potatoes and Quinoa recipe. This Midwest-friendly dish is a family favorite and easy to make with common ingredients.', '1. Preheat oven to 375°F (190°C) if baking.
2. Prepare the Quinoa and other main ingredients.
3. In a large bowl, combine with seasonings.
4. Cook according to source instructions until internal temperature is safe.
5. Let rest for 5 minutes before serving.', 'https://images.unsplash.com/photo-1513104894114-bd7ea4718312?auto=format&fit=crop&w=800&q=60', 3, 'https://www.bonappetit.com/recipe/roasted-pork-with-sweet-potatoes-and-quinoa', 'Bon Appetit', 0, 840, 10);
INSERT INTO ingredients (id, recipe_id, name, quantity, unit) VALUES ('fa62f2a4-0892-45c5-a058-298a7508d2de', '04d406ea-f5cd-4b97-b556-69535e902545', 'Tomato Sauce', 0.6, 'oz');
INSERT INTO ingredients (id, recipe_id, name, quantity, unit) VALUES ('08e396c8-b086-4a88-ace5-c13387ec3c7d', '04d406ea-f5cd-4b97-b556-69535e902545', 'Ground Beef', 1.7, 'lb');
INSERT INTO ingredients (id, recipe_id, name, quantity, unit) VALUES ('4c7a6562-59ab-4ead-ab33-56b64bdcf098', '04d406ea-f5cd-4b97-b556-69535e902545', 'Breadcrumbs', 2.6, 'cup');
INSERT INTO ingredients (id, recipe_id, name, quantity, unit) VALUES ('b2024fb0-6672-4d88-80af-e742152efa59', '04d406ea-f5cd-4b97-b556-69535e902545', 'Soy Sauce', 2.6, 'tbsp');
INSERT INTO ingredients (id, recipe_id, name, quantity, unit) VALUES ('0d3246e1-25f2-4d76-b986-0f884260121d', '04d406ea-f5cd-4b97-b556-69535e902545', 'Black Pepper', 1.6, 'tsp');
INSERT INTO ingredients (id, recipe_id, name, quantity, unit) VALUES ('8c39477f-6e42-429d-833b-e11195af8ab9', '04d406ea-f5cd-4b97-b556-69535e902545', 'Tater Tots', 2.8, 'oz');
INSERT INTO ingredients (id, recipe_id, name, quantity, unit) VALUES ('230db548-8463-4405-9189-dae4b9bc5d73', '04d406ea-f5cd-4b97-b556-69535e902545', 'Chicken Breast', 0.9, 'lb');
INSERT INTO recipe_dietary_tags (recipe_id, tag_id) VALUES ('04d406ea-f5cd-4b97-b556-69535e902545', 10);

INSERT INTO recipes (id, user_id, title, description, instructions, image_url, servings, source_url, source_name, is_archived, views, cart_adds) VALUES ('9352fb7a-f2e4-4110-adb5-d265cb2feb4e', 'admin-user-id', 'Steamed Venison with Brussels Sprouts and Cauliflower Rice', 'A delicious Steamed Venison with Brussels Sprouts and Cauliflower Rice recipe. This Midwest-friendly dish is a family favorite and easy to make with common ingredients.', '1. Preheat oven to 375°F (190°C) if baking.
2. Prepare the Rice and other main ingredients.
3. In a large bowl, combine with seasonings.
4. Cook according to source instructions until internal temperature is safe.
5. Let rest for 5 minutes before serving.', 'https://images.unsplash.com/photo-1504754524776-8f4f37799ca7?auto=format&fit=crop&w=800&q=60', 3, 'https://www.foodnetwork.com/recipe/steamed-venison-with-brussels-sprouts-and-cauliflower-rice', 'Food Network', 0, 994, 58);
INSERT INTO ingredients (id, recipe_id, name, quantity, unit) VALUES ('eb942543-820e-47ff-a8b7-b7c9e7f6a4c4', '9352fb7a-f2e4-4110-adb5-d265cb2feb4e', 'Butter', 0.8, 'tbsp');
INSERT INTO ingredients (id, recipe_id, name, quantity, unit) VALUES ('9553d2df-f871-494d-9692-3ec620e990cc', '9352fb7a-f2e4-4110-adb5-d265cb2feb4e', 'Soy Sauce', 2.5, 'tbsp');
INSERT INTO ingredients (id, recipe_id, name, quantity, unit) VALUES ('45482e70-45c4-4cf2-99de-a3ef272413e7', '9352fb7a-f2e4-4110-adb5-d265cb2feb4e', 'Lemon Juice', 1.5, 'tbsp');
INSERT INTO ingredients (id, recipe_id, name, quantity, unit) VALUES ('0be0b121-dc23-4868-aefe-d5f6669dbcee', '9352fb7a-f2e4-4110-adb5-d265cb2feb4e', 'Sour Cream', 1.5, 'cup');
INSERT INTO ingredients (id, recipe_id, name, quantity, unit) VALUES ('c9243008-5bb9-45eb-aab3-0819afd67d32', '9352fb7a-f2e4-4110-adb5-d265cb2feb4e', 'Potatoes', 3.1, 'lb');
INSERT INTO recipe_dietary_tags (recipe_id, tag_id) VALUES ('9352fb7a-f2e4-4110-adb5-d265cb2feb4e', 1);
INSERT INTO recipe_dietary_tags (recipe_id, tag_id) VALUES ('9352fb7a-f2e4-4110-adb5-d265cb2feb4e', 6);
INSERT INTO recipe_dietary_tags (recipe_id, tag_id) VALUES ('9352fb7a-f2e4-4110-adb5-d265cb2feb4e', 7);

INSERT INTO recipes (id, user_id, title, description, instructions, image_url, servings, source_url, source_name, is_archived, views, cart_adds) VALUES ('5f45a301-93ae-40cc-86d6-32d052a7dab0', 'admin-user-id', 'Pan-Seared Cod with Carrots and Couscous', 'A delicious Pan-Seared Cod with Carrots and Couscous recipe. This Midwest-friendly dish is a family favorite and easy to make with common ingredients.', '1. Preheat oven to 375°F (190°C) if baking.
2. Prepare the Couscous and other main ingredients.
3. In a large bowl, combine with seasonings.
4. Cook according to source instructions until internal temperature is safe.
5. Let rest for 5 minutes before serving.', 'https://images.unsplash.com/photo-1476224203421-9ac3993557a4?auto=format&fit=crop&w=800&q=60', 3, 'https://www.tasteofhome.com/recipe/pan-seared-cod-with-carrots-and-couscous', 'Taste of Home', 0, 769, 4);
INSERT INTO ingredients (id, recipe_id, name, quantity, unit) VALUES ('c0b2879c-ac4f-47c0-9895-fd55dde4d656', '5f45a301-93ae-40cc-86d6-32d052a7dab0', 'Pasta', 3.0, 'oz');
INSERT INTO ingredients (id, recipe_id, name, quantity, unit) VALUES ('ec67dd68-fa72-4f01-99a1-7b571c68ebf1', '5f45a301-93ae-40cc-86d6-32d052a7dab0', 'Olive Oil', 2.4, 'tbsp');
INSERT INTO ingredients (id, recipe_id, name, quantity, unit) VALUES ('84bcc955-28fc-4c98-a44d-bf9fdc50ab11', '5f45a301-93ae-40cc-86d6-32d052a7dab0', 'Onion', 2.6, 'cup');
INSERT INTO ingredients (id, recipe_id, name, quantity, unit) VALUES ('8da43bfa-34c0-4b52-8ede-ef0b21c7ae06', '5f45a301-93ae-40cc-86d6-32d052a7dab0', 'Tomato Sauce', 1.7, 'oz');
INSERT INTO ingredients (id, recipe_id, name, quantity, unit) VALUES ('8e660e46-4421-4cd2-9d19-ed1c86c317cf', '5f45a301-93ae-40cc-86d6-32d052a7dab0', 'Breadcrumbs', 1.3, 'cup');
INSERT INTO ingredients (id, recipe_id, name, quantity, unit) VALUES ('61761c08-6ad4-4abd-8f82-1e43815b0cc6', '5f45a301-93ae-40cc-86d6-32d052a7dab0', 'Lemon Juice', 2.4, 'tbsp');
INSERT INTO ingredients (id, recipe_id, name, quantity, unit) VALUES ('92b4b720-9caf-4a55-8393-ac7898202cad', '5f45a301-93ae-40cc-86d6-32d052a7dab0', 'Soy Sauce', 3.3, 'tbsp');
INSERT INTO recipe_dietary_tags (recipe_id, tag_id) VALUES ('5f45a301-93ae-40cc-86d6-32d052a7dab0', 3);
INSERT INTO recipe_dietary_tags (recipe_id, tag_id) VALUES ('5f45a301-93ae-40cc-86d6-32d052a7dab0', 4);
INSERT INTO recipe_dietary_tags (recipe_id, tag_id) VALUES ('5f45a301-93ae-40cc-86d6-32d052a7dab0', 8);

INSERT INTO recipes (id, user_id, title, description, instructions, image_url, servings, source_url, source_name, is_archived, views, cart_adds) VALUES ('a3114421-2902-4610-a74c-ace957874bbb', 'admin-user-id', 'Steamed Lamb with Sweet Potatoes and Quinoa', 'A delicious Steamed Lamb with Sweet Potatoes and Quinoa recipe. This Midwest-friendly dish is a family favorite and easy to make with common ingredients.', '1. Preheat oven to 375°F (190°C) if baking.
2. Prepare the Quinoa and other main ingredients.
3. In a large bowl, combine with seasonings.
4. Cook according to source instructions until internal temperature is safe.
5. Let rest for 5 minutes before serving.', 'https://images.unsplash.com/photo-1498837167721-8f5c1a322c2e?auto=format&fit=crop&w=800&q=60', 4, 'https://www.foodnetwork.com/recipe/steamed-lamb-with-sweet-potatoes-and-quinoa', 'Food Network', 0, 757, 79);
INSERT INTO ingredients (id, recipe_id, name, quantity, unit) VALUES ('26df6e2b-2cb8-4e90-b405-42bbb037b7f2', 'a3114421-2902-4610-a74c-ace957874bbb', 'Heavy Cream', 1.4, 'cup');
INSERT INTO ingredients (id, recipe_id, name, quantity, unit) VALUES ('91e05146-3f73-4d4c-959e-d5c93dbc61a9', 'a3114421-2902-4610-a74c-ace957874bbb', 'Cream of Mushroom Soup', 3.0, 'can');
INSERT INTO ingredients (id, recipe_id, name, quantity, unit) VALUES ('394d4d9d-1a6f-4753-9fcb-45ea38d613c6', 'a3114421-2902-4610-a74c-ace957874bbb', 'Black Pepper', 2.2, 'tsp');
INSERT INTO ingredients (id, recipe_id, name, quantity, unit) VALUES ('6e0f14e2-454b-43c0-9772-b88ddecf1620', 'a3114421-2902-4610-a74c-ace957874bbb', 'Sour Cream', 3.3, 'cup');
INSERT INTO ingredients (id, recipe_id, name, quantity, unit) VALUES ('7848d6fb-0e2c-4db9-8e3e-f99fdfea1ff5', 'a3114421-2902-4610-a74c-ace957874bbb', 'Lemon Juice', 1.1, 'tbsp');
INSERT INTO ingredients (id, recipe_id, name, quantity, unit) VALUES ('09af072c-33f1-4112-93f2-bbb12ff97e44', 'a3114421-2902-4610-a74c-ace957874bbb', 'Tomato Sauce', 1.8, 'oz');
INSERT INTO recipe_dietary_tags (recipe_id, tag_id) VALUES ('a3114421-2902-4610-a74c-ace957874bbb', 9);
INSERT INTO recipe_dietary_tags (recipe_id, tag_id) VALUES ('a3114421-2902-4610-a74c-ace957874bbb', 4);

INSERT INTO recipes (id, user_id, title, description, instructions, image_url, servings, source_url, source_name, is_archived, views, cart_adds) VALUES ('61d4f151-0dc4-4fe9-8d02-7af06569903c', 'admin-user-id', 'Slow Cooked Turkey with Broccoli and Wild Rice', 'A delicious Slow Cooked Turkey with Broccoli and Wild Rice recipe. This Midwest-friendly dish is a family favorite and easy to make with common ingredients.', '1. Preheat oven to 375°F (190°C) if baking.
2. Prepare the Rice and other main ingredients.
3. In a large bowl, combine with seasonings.
4. Cook according to source instructions until internal temperature is safe.
5. Let rest for 5 minutes before serving.', 'https://images.unsplash.com/photo-1490645935967-10de6ba17051?auto=format&fit=crop&w=800&q=60', 2, 'https://www.epicurious.com/recipe/slow-cooked-turkey-with-broccoli-and-wild-rice', 'Epicurious', 0, 165, 90);
INSERT INTO ingredients (id, recipe_id, name, quantity, unit) VALUES ('3523d375-05cc-49b3-b70a-38d293bfd894', '61d4f151-0dc4-4fe9-8d02-7af06569903c', 'Rice', 1.0, 'cup');
INSERT INTO ingredients (id, recipe_id, name, quantity, unit) VALUES ('c5aff8d9-c3c0-457c-b880-2b0dc9359217', '61d4f151-0dc4-4fe9-8d02-7af06569903c', 'Garlic', 0.5, 'clove');
INSERT INTO ingredients (id, recipe_id, name, quantity, unit) VALUES ('045d3944-77dc-4c6d-a0eb-083dabb6362c', '61d4f151-0dc4-4fe9-8d02-7af06569903c', 'Celery', 2.3, 'cup');
INSERT INTO ingredients (id, recipe_id, name, quantity, unit) VALUES ('a1bcb214-1232-40dc-886d-bcf186a50be6', '61d4f151-0dc4-4fe9-8d02-7af06569903c', 'Olive Oil', 1.4, 'tbsp');
INSERT INTO recipe_dietary_tags (recipe_id, tag_id) VALUES ('61d4f151-0dc4-4fe9-8d02-7af06569903c', 4);

INSERT INTO recipes (id, user_id, title, description, instructions, image_url, servings, source_url, source_name, is_archived, views, cart_adds) VALUES ('49ee4b29-b9f7-4c97-92f2-396d6eaa08e0', 'admin-user-id', 'Baked Shrimp with Zucchini and Zucchini Noodles', 'A delicious Baked Shrimp with Zucchini and Zucchini Noodles recipe. This Midwest-friendly dish is a family favorite and easy to make with common ingredients.', '1. Preheat oven to 375°F (190°C) if baking.
2. Prepare the Noodles and other main ingredients.
3. In a large bowl, combine with seasonings.
4. Cook according to source instructions until internal temperature is safe.
5. Let rest for 5 minutes before serving.', 'https://images.unsplash.com/photo-1506084868214-19a1f9e147f8?auto=format&fit=crop&w=800&q=60', 4, 'https://www.allrecipes.com/recipe/baked-shrimp-with-zucchini-and-zucchini-noodles', 'AllRecipes', 0, 232, 67);
INSERT INTO ingredients (id, recipe_id, name, quantity, unit) VALUES ('57a2518f-aab8-468d-89ca-92ef506e5e54', '49ee4b29-b9f7-4c97-92f2-396d6eaa08e0', 'Tater Tots', 3.4, 'oz');
INSERT INTO ingredients (id, recipe_id, name, quantity, unit) VALUES ('7a2b8f30-e5c5-4e9b-bbd4-229598a63a21', '49ee4b29-b9f7-4c97-92f2-396d6eaa08e0', 'Sour Cream', 3.4, 'cup');
INSERT INTO ingredients (id, recipe_id, name, quantity, unit) VALUES ('8500f0cc-a866-4d48-9505-c0cdec0413c9', '49ee4b29-b9f7-4c97-92f2-396d6eaa08e0', 'Lemon Juice', 1.9, 'tbsp');
INSERT INTO ingredients (id, recipe_id, name, quantity, unit) VALUES ('35c9f6f6-1eb5-44c5-a49c-358a4a9338f9', '49ee4b29-b9f7-4c97-92f2-396d6eaa08e0', 'Soy Sauce', 1.5, 'tbsp');
INSERT INTO ingredients (id, recipe_id, name, quantity, unit) VALUES ('4d2a4493-9785-49bf-a580-e0c30fb8678b', '49ee4b29-b9f7-4c97-92f2-396d6eaa08e0', 'Cheddar Cheese', 1.9, 'cup');
INSERT INTO ingredients (id, recipe_id, name, quantity, unit) VALUES ('40ee51b8-e71c-4a3a-9229-6576ec2caa4c', '49ee4b29-b9f7-4c97-92f2-396d6eaa08e0', 'Potatoes', 2.0, 'lb');
INSERT INTO ingredients (id, recipe_id, name, quantity, unit) VALUES ('fea94c7c-c8a8-4c1e-a0cb-4cbf7b3f276f', '49ee4b29-b9f7-4c97-92f2-396d6eaa08e0', 'Cream of Mushroom Soup', 1.4, 'can');
INSERT INTO recipe_dietary_tags (recipe_id, tag_id) VALUES ('49ee4b29-b9f7-4c97-92f2-396d6eaa08e0', 1);
INSERT INTO recipe_dietary_tags (recipe_id, tag_id) VALUES ('49ee4b29-b9f7-4c97-92f2-396d6eaa08e0', 6);
INSERT INTO recipe_dietary_tags (recipe_id, tag_id) VALUES ('49ee4b29-b9f7-4c97-92f2-396d6eaa08e0', 4);

INSERT INTO recipes (id, user_id, title, description, instructions, image_url, servings, source_url, source_name, is_archived, views, cart_adds) VALUES ('255475e5-2c64-4c22-ad64-0e279df9d9d4', 'admin-user-id', 'Roasted Chicken with Carrots and Zucchini Noodles', 'A delicious Roasted Chicken with Carrots and Zucchini Noodles recipe. This Midwest-friendly dish is a family favorite and easy to make with common ingredients.', '1. Preheat oven to 375°F (190°C) if baking.
2. Prepare the Noodles and other main ingredients.
3. In a large bowl, combine with seasonings.
4. Cook according to source instructions until internal temperature is safe.
5. Let rest for 5 minutes before serving.', 'https://images.unsplash.com/photo-1529042410759-adb828e4eaf0?auto=format&fit=crop&w=800&q=60', 2, 'https://www.tasteofhome.com/recipe/roasted-chicken-with-carrots-and-zucchini-noodles', 'Taste of Home', 0, 642, 32);
INSERT INTO ingredients (id, recipe_id, name, quantity, unit) VALUES ('cc3d8bef-a40e-4d33-922a-77fb4f8991c4', '255475e5-2c64-4c22-ad64-0e279df9d9d4', 'Breadcrumbs', 3.3, 'cup');
INSERT INTO ingredients (id, recipe_id, name, quantity, unit) VALUES ('70d32f95-8c2c-41c4-bfef-6117d3dc25f8', '255475e5-2c64-4c22-ad64-0e279df9d9d4', 'Rice', 3.5, 'cup');
INSERT INTO ingredients (id, recipe_id, name, quantity, unit) VALUES ('fa61ce98-fee6-47e4-8454-bf9f5dc32744', '255475e5-2c64-4c22-ad64-0e279df9d9d4', 'Sour Cream', 1.2, 'cup');
INSERT INTO ingredients (id, recipe_id, name, quantity, unit) VALUES ('6620cde4-0974-4cac-a6a2-940116df1bd5', '255475e5-2c64-4c22-ad64-0e279df9d9d4', 'Chicken Breast', 3.1, 'lb');
INSERT INTO ingredients (id, recipe_id, name, quantity, unit) VALUES ('fd24c80b-3239-4bea-a5c7-41fe87f7112e', '255475e5-2c64-4c22-ad64-0e279df9d9d4', 'Lemon Juice', 1.7, 'tbsp');
INSERT INTO ingredients (id, recipe_id, name, quantity, unit) VALUES ('e05abd15-5118-477a-a267-6daa711f29c5', '255475e5-2c64-4c22-ad64-0e279df9d9d4', 'Honey', 2.4, 'tbsp');
INSERT INTO recipe_dietary_tags (recipe_id, tag_id) VALUES ('255475e5-2c64-4c22-ad64-0e279df9d9d4', 1);
INSERT INTO recipe_dietary_tags (recipe_id, tag_id) VALUES ('255475e5-2c64-4c22-ad64-0e279df9d9d4', 6);
INSERT INTO recipe_dietary_tags (recipe_id, tag_id) VALUES ('255475e5-2c64-4c22-ad64-0e279df9d9d4', 10);
INSERT INTO recipe_dietary_tags (recipe_id, tag_id) VALUES ('255475e5-2c64-4c22-ad64-0e279df9d9d4', 7);
INSERT INTO recipe_dietary_tags (recipe_id, tag_id) VALUES ('255475e5-2c64-4c22-ad64-0e279df9d9d4', 9);

INSERT INTO recipes (id, user_id, title, description, instructions, image_url, servings, source_url, source_name, is_archived, views, cart_adds) VALUES ('90b9ecf8-376a-4ab6-835a-461dedce7fe0', 'admin-user-id', 'Steamed Turkey with Cauliflower and Cauliflower Rice', 'A delicious Steamed Turkey with Cauliflower and Cauliflower Rice recipe. This Midwest-friendly dish is a family favorite and easy to make with common ingredients.', '1. Preheat oven to 375°F (190°C) if baking.
2. Prepare the Rice and other main ingredients.
3. In a large bowl, combine with seasonings.
4. Cook according to source instructions until internal temperature is safe.
5. Let rest for 5 minutes before serving.', 'https://images.unsplash.com/photo-1455619452474-d2ba29bc06da?auto=format&fit=crop&w=800&q=60', 5, 'https://www.bonappetit.com/recipe/steamed-turkey-with-cauliflower-and-cauliflower-rice', 'Bon Appetit', 0, 256, 6);
INSERT INTO ingredients (id, recipe_id, name, quantity, unit) VALUES ('ef235c23-369f-41e4-a812-102f203ad98f', '90b9ecf8-376a-4ab6-835a-461dedce7fe0', 'Sour Cream', 1.0, 'cup');
INSERT INTO ingredients (id, recipe_id, name, quantity, unit) VALUES ('7875eac4-d81c-4eb1-8a98-f889ff938205', '90b9ecf8-376a-4ab6-835a-461dedce7fe0', 'Butter', 1.1, 'tbsp');
INSERT INTO ingredients (id, recipe_id, name, quantity, unit) VALUES ('422c9571-7e55-492f-8efe-f2bf6e247b87', '90b9ecf8-376a-4ab6-835a-461dedce7fe0', 'Salt', 0.9, 'tsp');
INSERT INTO ingredients (id, recipe_id, name, quantity, unit) VALUES ('d8672c1f-5d69-4ad4-a874-78a55cfbf4e4', '90b9ecf8-376a-4ab6-835a-461dedce7fe0', 'Celery', 3.1, 'cup');
INSERT INTO ingredients (id, recipe_id, name, quantity, unit) VALUES ('99bb4b3b-7886-4f39-92e1-e92bec03cd9b', '90b9ecf8-376a-4ab6-835a-461dedce7fe0', 'Worcestershire Sauce', 1.8, 'tbsp');
INSERT INTO ingredients (id, recipe_id, name, quantity, unit) VALUES ('a62197eb-1e93-4f8c-80a6-aa55a14a5672', '90b9ecf8-376a-4ab6-835a-461dedce7fe0', 'Cream of Mushroom Soup', 2.3, 'can');
INSERT INTO ingredients (id, recipe_id, name, quantity, unit) VALUES ('0c53e066-f4cd-48c5-9ea7-968c523ce6dc', '90b9ecf8-376a-4ab6-835a-461dedce7fe0', 'Onion', 0.8, 'cup');
INSERT INTO recipe_dietary_tags (recipe_id, tag_id) VALUES ('90b9ecf8-376a-4ab6-835a-461dedce7fe0', 1);
INSERT INTO recipe_dietary_tags (recipe_id, tag_id) VALUES ('90b9ecf8-376a-4ab6-835a-461dedce7fe0', 6);

INSERT INTO recipes (id, user_id, title, description, instructions, image_url, servings, source_url, source_name, is_archived, views, cart_adds) VALUES ('23e33bb6-fc92-49c2-b438-91aaa7c418a9', 'admin-user-id', 'Air Fried Shrimp with Asparagus and Cauliflower Rice', 'A delicious Air Fried Shrimp with Asparagus and Cauliflower Rice recipe. This Midwest-friendly dish is a family favorite and easy to make with common ingredients.', '1. Preheat oven to 375°F (190°C) if baking.
2. Prepare the Rice and other main ingredients.
3. In a large bowl, combine with seasonings.
4. Cook according to source instructions until internal temperature is safe.
5. Let rest for 5 minutes before serving.', 'https://images.unsplash.com/photo-1504113888839-14294c223d51?auto=format&fit=crop&w=800&q=60', 5, 'https://www.allrecipes.com/recipe/air-fried-shrimp-with-asparagus-and-cauliflower-rice', 'AllRecipes', 0, 763, 55);
INSERT INTO ingredients (id, recipe_id, name, quantity, unit) VALUES ('b2b1247b-be78-4362-9f07-89fca6086680', '23e33bb6-fc92-49c2-b438-91aaa7c418a9', 'Garlic', 1.1, 'clove');
INSERT INTO ingredients (id, recipe_id, name, quantity, unit) VALUES ('922d73f9-a634-4966-9940-f0cca45306a6', '23e33bb6-fc92-49c2-b438-91aaa7c418a9', 'Soy Sauce', 1.4, 'tbsp');
INSERT INTO ingredients (id, recipe_id, name, quantity, unit) VALUES ('2b4e01aa-af1a-41ea-bc02-8f4363285f09', '23e33bb6-fc92-49c2-b438-91aaa7c418a9', 'Breadcrumbs', 1.7, 'cup');
INSERT INTO ingredients (id, recipe_id, name, quantity, unit) VALUES ('62a89e96-6032-47ef-b82a-ff346da9ae67', '23e33bb6-fc92-49c2-b438-91aaa7c418a9', 'Potatoes', 1.2, 'lb');
INSERT INTO ingredients (id, recipe_id, name, quantity, unit) VALUES ('6b3d68ec-2c38-4825-890b-a96407935cf2', '23e33bb6-fc92-49c2-b438-91aaa7c418a9', 'Salt', 2.1, 'tsp');
INSERT INTO ingredients (id, recipe_id, name, quantity, unit) VALUES ('6b0a1c3c-8039-48b4-afd5-f68c472d2829', '23e33bb6-fc92-49c2-b438-91aaa7c418a9', 'Tater Tots', 2.5, 'oz');
INSERT INTO recipe_dietary_tags (recipe_id, tag_id) VALUES ('23e33bb6-fc92-49c2-b438-91aaa7c418a9', 1);
INSERT INTO recipe_dietary_tags (recipe_id, tag_id) VALUES ('23e33bb6-fc92-49c2-b438-91aaa7c418a9', 6);
INSERT INTO recipe_dietary_tags (recipe_id, tag_id) VALUES ('23e33bb6-fc92-49c2-b438-91aaa7c418a9', 4);

INSERT INTO recipes (id, user_id, title, description, instructions, image_url, servings, source_url, source_name, is_archived, views, cart_adds) VALUES ('c59e44b6-46f2-4f96-97ce-3f7463bb4e69', 'admin-user-id', 'Steamed Turkey with Cauliflower and Brown Rice', 'A delicious Steamed Turkey with Cauliflower and Brown Rice recipe. This Midwest-friendly dish is a family favorite and easy to make with common ingredients.', '1. Preheat oven to 375°F (190°C) if baking.
2. Prepare the Rice and other main ingredients.
3. In a large bowl, combine with seasonings.
4. Cook according to source instructions until internal temperature is safe.
5. Let rest for 5 minutes before serving.', 'https://images.unsplash.com/photo-1546062477-fe2f66230ba3?auto=format&fit=crop&w=800&q=60', 4, 'https://www.allrecipes.com/recipe/steamed-turkey-with-cauliflower-and-brown-rice', 'AllRecipes', 0, 608, 50);
INSERT INTO ingredients (id, recipe_id, name, quantity, unit) VALUES ('3b05cd33-7349-4d78-ac7e-dc938ff7a02b', 'c59e44b6-46f2-4f96-97ce-3f7463bb4e69', 'Dijon Mustard', 2.4, 'tsp');
INSERT INTO ingredients (id, recipe_id, name, quantity, unit) VALUES ('04cb24e2-0e7e-4922-b4c6-aedc7db5ba07', 'c59e44b6-46f2-4f96-97ce-3f7463bb4e69', 'Frozen Peas', 2.0, 'cup');
INSERT INTO ingredients (id, recipe_id, name, quantity, unit) VALUES ('c9eb903e-87cc-4f76-83d8-f6fbe663db2f', 'c59e44b6-46f2-4f96-97ce-3f7463bb4e69', 'Heavy Cream', 2.9, 'cup');
INSERT INTO ingredients (id, recipe_id, name, quantity, unit) VALUES ('224c4ffe-ab15-49bc-aa49-8544a154d768', 'c59e44b6-46f2-4f96-97ce-3f7463bb4e69', 'Chicken Breast', 3.3, 'lb');
INSERT INTO recipe_dietary_tags (recipe_id, tag_id) VALUES ('c59e44b6-46f2-4f96-97ce-3f7463bb4e69', 3);
INSERT INTO recipe_dietary_tags (recipe_id, tag_id) VALUES ('c59e44b6-46f2-4f96-97ce-3f7463bb4e69', 2);
INSERT INTO recipe_dietary_tags (recipe_id, tag_id) VALUES ('c59e44b6-46f2-4f96-97ce-3f7463bb4e69', 4);

INSERT INTO recipes (id, user_id, title, description, instructions, image_url, servings, source_url, source_name, is_archived, views, cart_adds) VALUES ('43edd01c-b59e-42e8-abe8-d17cafdc848d', 'admin-user-id', 'Roasted Shrimp with Green Beans and Couscous', 'A delicious Roasted Shrimp with Green Beans and Couscous recipe. This Midwest-friendly dish is a family favorite and easy to make with common ingredients.', '1. Preheat oven to 375°F (190°C) if baking.
2. Prepare the Couscous and other main ingredients.
3. In a large bowl, combine with seasonings.
4. Cook according to source instructions until internal temperature is safe.
5. Let rest for 5 minutes before serving.', 'https://images.unsplash.com/photo-1504674900247-0877df9cc836?auto=format&fit=crop&w=800&q=60', 5, 'https://www.epicurious.com/recipe/roasted-shrimp-with-green-beans-and-couscous', 'Epicurious', 0, 375, 42);
INSERT INTO ingredients (id, recipe_id, name, quantity, unit) VALUES ('613ace1b-9281-4f40-84da-9264386d5bb7', '43edd01c-b59e-42e8-abe8-d17cafdc848d', 'Tomato Sauce', 3.3, 'oz');
INSERT INTO ingredients (id, recipe_id, name, quantity, unit) VALUES ('b95a55d8-5282-4ffa-b993-bd61ec8409c0', '43edd01c-b59e-42e8-abe8-d17cafdc848d', 'Potatoes', 2.6, 'lb');
INSERT INTO ingredients (id, recipe_id, name, quantity, unit) VALUES ('66a69185-e9b6-4d2a-aa9c-91026adfa211', '43edd01c-b59e-42e8-abe8-d17cafdc848d', 'Cream of Mushroom Soup', 2.7, 'can');
INSERT INTO ingredients (id, recipe_id, name, quantity, unit) VALUES ('83a5a983-f0ef-46f0-ace1-77be02530963', '43edd01c-b59e-42e8-abe8-d17cafdc848d', 'Milk', 0.9, 'cup');
INSERT INTO ingredients (id, recipe_id, name, quantity, unit) VALUES ('748b0502-9953-4c40-876b-b7b72340a7fb', '43edd01c-b59e-42e8-abe8-d17cafdc848d', 'Worcestershire Sauce', 1.8, 'tbsp');
INSERT INTO recipe_dietary_tags (recipe_id, tag_id) VALUES ('43edd01c-b59e-42e8-abe8-d17cafdc848d', 7);
INSERT INTO recipe_dietary_tags (recipe_id, tag_id) VALUES ('43edd01c-b59e-42e8-abe8-d17cafdc848d', 4);

INSERT INTO recipes (id, user_id, title, description, instructions, image_url, servings, source_url, source_name, is_archived, views, cart_adds) VALUES ('fc772421-82f2-4322-9b8c-c462f3c41397', 'admin-user-id', 'Steamed Shrimp with Broccoli and Roasted Potatoes', 'A delicious Steamed Shrimp with Broccoli and Roasted Potatoes recipe. This Midwest-friendly dish is a family favorite and easy to make with common ingredients.', '1. Preheat oven to 375°F (190°C) if baking.
2. Prepare the Potatoes and other main ingredients.
3. In a large bowl, combine with seasonings.
4. Cook according to source instructions until internal temperature is safe.
5. Let rest for 5 minutes before serving.', 'https://images.unsplash.com/photo-1493770348161-369560ae357d?auto=format&fit=crop&w=800&q=60', 7, 'https://www.tasteofhome.com/recipe/steamed-shrimp-with-broccoli-and-roasted-potatoes', 'Taste of Home', 0, 366, 88);
INSERT INTO ingredients (id, recipe_id, name, quantity, unit) VALUES ('dc9dce01-4846-4f59-935a-a3d8993be2fe', 'fc772421-82f2-4322-9b8c-c462f3c41397', 'Potatoes', 3.2, 'lb');
INSERT INTO ingredients (id, recipe_id, name, quantity, unit) VALUES ('ec6855b2-2c40-407f-8c1d-d169061ffe8d', 'fc772421-82f2-4322-9b8c-c462f3c41397', 'Breadcrumbs', 1.2, 'cup');
INSERT INTO ingredients (id, recipe_id, name, quantity, unit) VALUES ('3c0719a3-4b76-41a5-a8cc-ca2fd691bc9f', 'fc772421-82f2-4322-9b8c-c462f3c41397', 'Olive Oil', 1.0, 'tbsp');
INSERT INTO ingredients (id, recipe_id, name, quantity, unit) VALUES ('4d3db877-b8cf-42b6-92a5-0784539bc43b', 'fc772421-82f2-4322-9b8c-c462f3c41397', 'Milk', 1.0, 'cup');
INSERT INTO ingredients (id, recipe_id, name, quantity, unit) VALUES ('417a79e1-5c54-457c-8409-53d9f9fd95b7', 'fc772421-82f2-4322-9b8c-c462f3c41397', 'Celery', 2.0, 'cup');
INSERT INTO ingredients (id, recipe_id, name, quantity, unit) VALUES ('c3bc906b-3b7b-4f8e-8d1a-3dd2ae896ab4', 'fc772421-82f2-4322-9b8c-c462f3c41397', 'Cheddar Cheese', 0.7, 'cup');
INSERT INTO recipe_dietary_tags (recipe_id, tag_id) VALUES ('fc772421-82f2-4322-9b8c-c462f3c41397', 2);

INSERT INTO recipes (id, user_id, title, description, instructions, image_url, servings, source_url, source_name, is_archived, views, cart_adds) VALUES ('93efa797-7f5c-42b1-b152-adfd14e1c672', 'admin-user-id', 'Baked Shrimp with Broccoli and Roasted Potatoes', 'A delicious Baked Shrimp with Broccoli and Roasted Potatoes recipe. This Midwest-friendly dish is a family favorite and easy to make with common ingredients.', '1. Preheat oven to 375°F (190°C) if baking.
2. Prepare the Potatoes and other main ingredients.
3. In a large bowl, combine with seasonings.
4. Cook according to source instructions until internal temperature is safe.
5. Let rest for 5 minutes before serving.', 'https://images.unsplash.com/photo-1473093226795-af9932fe5856?auto=format&fit=crop&w=800&q=60', 2, 'https://www.bonappetit.com/recipe/baked-shrimp-with-broccoli-and-roasted-potatoes', 'Bon Appetit', 0, 945, 30);
INSERT INTO ingredients (id, recipe_id, name, quantity, unit) VALUES ('62878d0c-c8cc-4a48-af4a-2c2f2604a7d9', '93efa797-7f5c-42b1-b152-adfd14e1c672', 'Chicken Breast', 2.3, 'lb');
INSERT INTO ingredients (id, recipe_id, name, quantity, unit) VALUES ('84aa7c19-460a-45a0-b874-690c616f58dd', '93efa797-7f5c-42b1-b152-adfd14e1c672', 'Carrots', 1.8, 'cup');
INSERT INTO ingredients (id, recipe_id, name, quantity, unit) VALUES ('40559d51-8005-4a62-833b-ddb635f22f9b', '93efa797-7f5c-42b1-b152-adfd14e1c672', 'Worcestershire Sauce', 3.1, 'tbsp');
INSERT INTO ingredients (id, recipe_id, name, quantity, unit) VALUES ('23502bd3-e3c2-4b61-a73a-d2eb68685bdd', '93efa797-7f5c-42b1-b152-adfd14e1c672', 'Heavy Cream', 3.4, 'cup');
INSERT INTO ingredients (id, recipe_id, name, quantity, unit) VALUES ('85b354a3-4253-4f13-84ff-e8c1449ff133', '93efa797-7f5c-42b1-b152-adfd14e1c672', 'Egg', 3.4, 'large');
INSERT INTO recipe_dietary_tags (recipe_id, tag_id) VALUES ('93efa797-7f5c-42b1-b152-adfd14e1c672', 1);

INSERT INTO recipes (id, user_id, title, description, instructions, image_url, servings, source_url, source_name, is_archived, views, cart_adds) VALUES ('baa3f1f8-68f0-407b-86bb-94603d9b0956', 'admin-user-id', 'Grilled Beef with Brussels Sprouts and Quinoa', 'A delicious Grilled Beef with Brussels Sprouts and Quinoa recipe. This Midwest-friendly dish is a family favorite and easy to make with common ingredients.', '1. Preheat oven to 375°F (190°C) if baking.
2. Prepare the Quinoa and other main ingredients.
3. In a large bowl, combine with seasonings.
4. Cook according to source instructions until internal temperature is safe.
5. Let rest for 5 minutes before serving.', 'https://images.unsplash.com/photo-1512621776951-a57141f2eefd?auto=format&fit=crop&w=800&q=60', 3, 'https://www.bonappetit.com/recipe/grilled-beef-with-brussels-sprouts-and-quinoa', 'Bon Appetit', 0, 171, 58);
INSERT INTO ingredients (id, recipe_id, name, quantity, unit) VALUES ('4b051c3f-8d43-46c7-82eb-8017bf25dcb9', 'baa3f1f8-68f0-407b-86bb-94603d9b0956', 'Rice', 1.5, 'cup');
INSERT INTO ingredients (id, recipe_id, name, quantity, unit) VALUES ('09f12ba5-aec2-4b18-8bf4-9672f925a6a0', 'baa3f1f8-68f0-407b-86bb-94603d9b0956', 'Olive Oil', 0.7, 'tbsp');
INSERT INTO ingredients (id, recipe_id, name, quantity, unit) VALUES ('4c35390d-80a0-4bff-ba75-4805219aedd6', 'baa3f1f8-68f0-407b-86bb-94603d9b0956', 'Cream of Mushroom Soup', 2.7, 'can');
INSERT INTO ingredients (id, recipe_id, name, quantity, unit) VALUES ('85cbfedd-8991-4c9a-a2d0-97d6946642c7', 'baa3f1f8-68f0-407b-86bb-94603d9b0956', 'Pasta', 1.8, 'oz');
INSERT INTO ingredients (id, recipe_id, name, quantity, unit) VALUES ('c6bc8755-1d39-47f2-97e1-913ee28c0486', 'baa3f1f8-68f0-407b-86bb-94603d9b0956', 'Tomato Sauce', 2.2, 'oz');
INSERT INTO recipe_dietary_tags (recipe_id, tag_id) VALUES ('baa3f1f8-68f0-407b-86bb-94603d9b0956', 10);
INSERT INTO recipe_dietary_tags (recipe_id, tag_id) VALUES ('baa3f1f8-68f0-407b-86bb-94603d9b0956', 2);

INSERT INTO recipes (id, user_id, title, description, instructions, image_url, servings, source_url, source_name, is_archived, views, cart_adds) VALUES ('2e2d310e-a4d3-4d08-a533-28af8b01275c', 'admin-user-id', 'Sautéed Venison with Green Beans and Zucchini Noodles', 'A delicious Sautéed Venison with Green Beans and Zucchini Noodles recipe. This Midwest-friendly dish is a family favorite and easy to make with common ingredients.', '1. Preheat oven to 375°F (190°C) if baking.
2. Prepare the Noodles and other main ingredients.
3. In a large bowl, combine with seasonings.
4. Cook according to source instructions until internal temperature is safe.
5. Let rest for 5 minutes before serving.', 'https://images.unsplash.com/photo-1482049016688-2d3e1b311543?auto=format&fit=crop&w=800&q=60', 7, 'https://www.bonappetit.com/recipe/saut-ed-venison-with-green-beans-and-zucchini-noodles', 'Bon Appetit', 0, 687, 32);
INSERT INTO ingredients (id, recipe_id, name, quantity, unit) VALUES ('22acbde5-0de2-4048-b338-1bd934b55243', '2e2d310e-a4d3-4d08-a533-28af8b01275c', 'Breadcrumbs', 1.3, 'cup');
INSERT INTO ingredients (id, recipe_id, name, quantity, unit) VALUES ('cb1a36f0-85b5-41ed-9b71-11662f94ff5b', '2e2d310e-a4d3-4d08-a533-28af8b01275c', 'Cream of Mushroom Soup', 3.4, 'can');
INSERT INTO ingredients (id, recipe_id, name, quantity, unit) VALUES ('b03ab0ed-1cda-49f6-9a12-c4868fe439a3', '2e2d310e-a4d3-4d08-a533-28af8b01275c', 'Garlic', 0.7, 'clove');
INSERT INTO ingredients (id, recipe_id, name, quantity, unit) VALUES ('ea6b9048-d43e-48db-9c3e-ebd8c725f998', '2e2d310e-a4d3-4d08-a533-28af8b01275c', 'Pasta', 3.1, 'oz');
INSERT INTO ingredients (id, recipe_id, name, quantity, unit) VALUES ('d22e0ec6-7748-4d0e-b4eb-bcddc620d39d', '2e2d310e-a4d3-4d08-a533-28af8b01275c', 'Worcestershire Sauce', 3.4, 'tbsp');
INSERT INTO ingredients (id, recipe_id, name, quantity, unit) VALUES ('91baa80d-8d01-425d-8503-005c2411e59c', '2e2d310e-a4d3-4d08-a533-28af8b01275c', 'Potatoes', 0.5, 'lb');
INSERT INTO ingredients (id, recipe_id, name, quantity, unit) VALUES ('09481877-0308-467b-947e-bc57fd224f07', '2e2d310e-a4d3-4d08-a533-28af8b01275c', 'Soy Sauce', 2.4, 'tbsp');
INSERT INTO recipe_dietary_tags (recipe_id, tag_id) VALUES ('2e2d310e-a4d3-4d08-a533-28af8b01275c', 1);
INSERT INTO recipe_dietary_tags (recipe_id, tag_id) VALUES ('2e2d310e-a4d3-4d08-a533-28af8b01275c', 6);

INSERT INTO recipes (id, user_id, title, description, instructions, image_url, servings, source_url, source_name, is_archived, views, cart_adds) VALUES ('be009cdc-8b07-4b90-b773-02ce846edea0', 'admin-user-id', 'Air Fried Pork with Zucchini and Lentil Pasta', 'A delicious Air Fried Pork with Zucchini and Lentil Pasta recipe. This Midwest-friendly dish is a family favorite and easy to make with common ingredients.', '1. Preheat oven to 375°F (190°C) if baking.
2. Prepare the Pasta and other main ingredients.
3. In a large bowl, combine with seasonings.
4. Cook according to source instructions until internal temperature is safe.
5. Let rest for 5 minutes before serving.', 'https://images.unsplash.com/photo-1484723091739-30a097e8f929?auto=format&fit=crop&w=800&q=60', 4, 'https://www.epicurious.com/recipe/air-fried-pork-with-zucchini-and-lentil-pasta', 'Epicurious', 0, 245, 94);
INSERT INTO ingredients (id, recipe_id, name, quantity, unit) VALUES ('c31017bf-28b6-4948-906f-96fbc2fd1b0c', 'be009cdc-8b07-4b90-b773-02ce846edea0', 'Olive Oil', 3.3, 'tbsp');
INSERT INTO ingredients (id, recipe_id, name, quantity, unit) VALUES ('5c997720-a945-4dff-8f7d-3d85e964843e', 'be009cdc-8b07-4b90-b773-02ce846edea0', 'Potatoes', 1.2, 'lb');
INSERT INTO ingredients (id, recipe_id, name, quantity, unit) VALUES ('584de899-1c47-4e1f-a7ab-04b8dd56053d', 'be009cdc-8b07-4b90-b773-02ce846edea0', 'Cream of Mushroom Soup', 1.7, 'can');
INSERT INTO ingredients (id, recipe_id, name, quantity, unit) VALUES ('53027c98-47ba-48df-ab77-c77355da6a03', 'be009cdc-8b07-4b90-b773-02ce846edea0', 'Tater Tots', 2.1, 'oz');
INSERT INTO ingredients (id, recipe_id, name, quantity, unit) VALUES ('74274d3c-8f95-4f9e-a004-a8b2d1684686', 'be009cdc-8b07-4b90-b773-02ce846edea0', 'Breadcrumbs', 2.7, 'cup');
INSERT INTO ingredients (id, recipe_id, name, quantity, unit) VALUES ('52c5253e-0f76-4773-acf2-3983d781a454', 'be009cdc-8b07-4b90-b773-02ce846edea0', 'Egg', 2.8, 'large');
INSERT INTO ingredients (id, recipe_id, name, quantity, unit) VALUES ('07a408ba-c25a-46c2-be41-e8b95c569796', 'be009cdc-8b07-4b90-b773-02ce846edea0', 'Tomato Sauce', 3.4, 'oz');
INSERT INTO recipe_dietary_tags (recipe_id, tag_id) VALUES ('be009cdc-8b07-4b90-b773-02ce846edea0', 10);
INSERT INTO recipe_dietary_tags (recipe_id, tag_id) VALUES ('be009cdc-8b07-4b90-b773-02ce846edea0', 4);

INSERT INTO recipes (id, user_id, title, description, instructions, image_url, servings, source_url, source_name, is_archived, views, cart_adds) VALUES ('f221c60b-beff-4c2e-9ae8-2a339b7d6b0b', 'admin-user-id', 'Pan-Seared Pork with Kale and Roasted Potatoes', 'A delicious Pan-Seared Pork with Kale and Roasted Potatoes recipe. This Midwest-friendly dish is a family favorite and easy to make with common ingredients.', '1. Preheat oven to 375°F (190°C) if baking.
2. Prepare the Potatoes and other main ingredients.
3. In a large bowl, combine with seasonings.
4. Cook according to source instructions until internal temperature is safe.
5. Let rest for 5 minutes before serving.', 'https://images.unsplash.com/photo-1540189549336-e6e99c3679fe?auto=format&fit=crop&w=800&q=60', 7, 'https://www.epicurious.com/recipe/pan-seared-pork-with-kale-and-roasted-potatoes', 'Epicurious', 0, 189, 36);
INSERT INTO ingredients (id, recipe_id, name, quantity, unit) VALUES ('dc56c0ca-1b7a-4820-be27-b9aca602efb0', 'f221c60b-beff-4c2e-9ae8-2a339b7d6b0b', 'Soy Sauce', 0.6, 'tbsp');
INSERT INTO ingredients (id, recipe_id, name, quantity, unit) VALUES ('c67ca2bc-2057-4c7a-a849-06e6b6ff79d9', 'f221c60b-beff-4c2e-9ae8-2a339b7d6b0b', 'Garlic', 1.7, 'clove');
INSERT INTO ingredients (id, recipe_id, name, quantity, unit) VALUES ('dc17ca31-065c-46b6-b59c-9bf6c0e93527', 'f221c60b-beff-4c2e-9ae8-2a339b7d6b0b', 'Carrots', 0.9, 'cup');
INSERT INTO ingredients (id, recipe_id, name, quantity, unit) VALUES ('e8b15494-76ec-4b4a-8b8d-83a2578cb5cc', 'f221c60b-beff-4c2e-9ae8-2a339b7d6b0b', 'Salt', 1.8, 'tsp');
INSERT INTO ingredients (id, recipe_id, name, quantity, unit) VALUES ('f164e119-c366-4e64-b579-ff84304d7047', 'f221c60b-beff-4c2e-9ae8-2a339b7d6b0b', 'Celery', 2.7, 'cup');
INSERT INTO ingredients (id, recipe_id, name, quantity, unit) VALUES ('6a41dad0-c056-4fca-b9dd-3197be7c259e', 'f221c60b-beff-4c2e-9ae8-2a339b7d6b0b', 'Pasta', 1.8, 'oz');
INSERT INTO recipe_dietary_tags (recipe_id, tag_id) VALUES ('f221c60b-beff-4c2e-9ae8-2a339b7d6b0b', 10);
INSERT INTO recipe_dietary_tags (recipe_id, tag_id) VALUES ('f221c60b-beff-4c2e-9ae8-2a339b7d6b0b', 4);
INSERT INTO recipe_dietary_tags (recipe_id, tag_id) VALUES ('f221c60b-beff-4c2e-9ae8-2a339b7d6b0b', 7);
INSERT INTO recipe_dietary_tags (recipe_id, tag_id) VALUES ('f221c60b-beff-4c2e-9ae8-2a339b7d6b0b', 8);

INSERT INTO recipes (id, user_id, title, description, instructions, image_url, servings, source_url, source_name, is_archived, views, cart_adds) VALUES ('70c4772d-3bab-42b0-947c-77aabb6a6904', 'admin-user-id', 'Air Fried Venison with Broccoli and Lentil Pasta', 'A delicious Air Fried Venison with Broccoli and Lentil Pasta recipe. This Midwest-friendly dish is a family favorite and easy to make with common ingredients.', '1. Preheat oven to 375°F (190°C) if baking.
2. Prepare the Pasta and other main ingredients.
3. In a large bowl, combine with seasonings.
4. Cook according to source instructions until internal temperature is safe.
5. Let rest for 5 minutes before serving.', 'https://images.unsplash.com/photo-1567620985035-091781110527?auto=format&fit=crop&w=800&q=60', 7, 'https://www.bonappetit.com/recipe/air-fried-venison-with-broccoli-and-lentil-pasta', 'Bon Appetit', 0, 817, 38);
INSERT INTO ingredients (id, recipe_id, name, quantity, unit) VALUES ('0f339cac-8ec1-40ab-b380-e37f0fde6691', '70c4772d-3bab-42b0-947c-77aabb6a6904', 'Butter', 2.0, 'tbsp');
INSERT INTO ingredients (id, recipe_id, name, quantity, unit) VALUES ('7a84548c-939e-40c6-808d-26516f43086a', '70c4772d-3bab-42b0-947c-77aabb6a6904', 'Cheddar Cheese', 2.6, 'cup');
INSERT INTO ingredients (id, recipe_id, name, quantity, unit) VALUES ('f3e7c754-a441-4ba1-b0fc-9e88a0ac008a', '70c4772d-3bab-42b0-947c-77aabb6a6904', 'Tater Tots', 2.9, 'oz');
INSERT INTO ingredients (id, recipe_id, name, quantity, unit) VALUES ('2ed68446-0687-4955-9288-29a1af67846f', '70c4772d-3bab-42b0-947c-77aabb6a6904', 'Frozen Peas', 2.6, 'cup');
INSERT INTO ingredients (id, recipe_id, name, quantity, unit) VALUES ('dab664c1-6104-4375-b7aa-9500ad197c6d', '70c4772d-3bab-42b0-947c-77aabb6a6904', 'Carrots', 2.2, 'cup');
INSERT INTO ingredients (id, recipe_id, name, quantity, unit) VALUES ('46342d0e-76cd-4231-9b64-c6ae793f5ce2', '70c4772d-3bab-42b0-947c-77aabb6a6904', 'Milk', 3.0, 'cup');
INSERT INTO recipe_dietary_tags (recipe_id, tag_id) VALUES ('70c4772d-3bab-42b0-947c-77aabb6a6904', 9);
INSERT INTO recipe_dietary_tags (recipe_id, tag_id) VALUES ('70c4772d-3bab-42b0-947c-77aabb6a6904', 8);

INSERT INTO recipes (id, user_id, title, description, instructions, image_url, servings, source_url, source_name, is_archived, views, cart_adds) VALUES ('cba2d82f-51f1-4961-86a5-dd53c341c54f', 'admin-user-id', 'Air Fried Chicken with Brussels Sprouts and Wild Rice', 'A delicious Air Fried Chicken with Brussels Sprouts and Wild Rice recipe. This Midwest-friendly dish is a family favorite and easy to make with common ingredients.', '1. Preheat oven to 375°F (190°C) if baking.
2. Prepare the Rice and other main ingredients.
3. In a large bowl, combine with seasonings.
4. Cook according to source instructions until internal temperature is safe.
5. Let rest for 5 minutes before serving.', 'https://images.unsplash.com/photo-1565299624946-b28f40a0ae38?auto=format&fit=crop&w=800&q=60', 2, 'https://www.foodnetwork.com/recipe/air-fried-chicken-with-brussels-sprouts-and-wild-rice', 'Food Network', 0, 954, 37);
INSERT INTO ingredients (id, recipe_id, name, quantity, unit) VALUES ('80ac627f-4e70-4658-9525-5ecd6dea7eb7', 'cba2d82f-51f1-4961-86a5-dd53c341c54f', 'Celery', 2.6, 'cup');
INSERT INTO ingredients (id, recipe_id, name, quantity, unit) VALUES ('0567557a-db68-46fe-b7ad-e01d1cdbe648', 'cba2d82f-51f1-4961-86a5-dd53c341c54f', 'Lemon Juice', 2.8, 'tbsp');
INSERT INTO ingredients (id, recipe_id, name, quantity, unit) VALUES ('a4fd8700-1799-4967-a868-759e43b5578d', 'cba2d82f-51f1-4961-86a5-dd53c341c54f', 'Garlic', 3.0, 'clove');
INSERT INTO ingredients (id, recipe_id, name, quantity, unit) VALUES ('97daea14-040f-41e2-9a7e-c82302871093', 'cba2d82f-51f1-4961-86a5-dd53c341c54f', 'Onion', 2.0, 'cup');
INSERT INTO ingredients (id, recipe_id, name, quantity, unit) VALUES ('86565da7-8dd9-4764-9410-0e0a9c4c1ea0', 'cba2d82f-51f1-4961-86a5-dd53c341c54f', 'Tater Tots', 1.8, 'oz');
INSERT INTO recipe_dietary_tags (recipe_id, tag_id) VALUES ('cba2d82f-51f1-4961-86a5-dd53c341c54f', 10);
INSERT INTO recipe_dietary_tags (recipe_id, tag_id) VALUES ('cba2d82f-51f1-4961-86a5-dd53c341c54f', 4);

INSERT INTO recipes (id, user_id, title, description, instructions, image_url, servings, source_url, source_name, is_archived, views, cart_adds) VALUES ('ee634d56-6914-4052-9c42-716dde96062a', 'admin-user-id', 'Grilled Salmon with Asparagus and Lentil Pasta', 'A delicious Grilled Salmon with Asparagus and Lentil Pasta recipe. This Midwest-friendly dish is a family favorite and easy to make with common ingredients.', '1. Preheat oven to 375°F (190°C) if baking.
2. Prepare the Pasta and other main ingredients.
3. In a large bowl, combine with seasonings.
4. Cook according to source instructions until internal temperature is safe.
5. Let rest for 5 minutes before serving.', 'https://images.unsplash.com/photo-1555939594-58d7cb561ad1?auto=format&fit=crop&w=800&q=60', 6, 'https://www.bonappetit.com/recipe/grilled-salmon-with-asparagus-and-lentil-pasta', 'Bon Appetit', 0, 637, 91);
INSERT INTO ingredients (id, recipe_id, name, quantity, unit) VALUES ('08eea231-227c-4473-a9d9-ba11e4b2cf11', 'ee634d56-6914-4052-9c42-716dde96062a', 'Black Pepper', 1.2, 'tsp');
INSERT INTO ingredients (id, recipe_id, name, quantity, unit) VALUES ('537edeb3-1f59-495b-b83a-8b1281d8762d', 'ee634d56-6914-4052-9c42-716dde96062a', 'Cream of Mushroom Soup', 2.6, 'can');
INSERT INTO ingredients (id, recipe_id, name, quantity, unit) VALUES ('19c88d81-6d78-46a2-8a01-49b80346cba8', 'ee634d56-6914-4052-9c42-716dde96062a', 'Rice', 2.9, 'cup');
INSERT INTO ingredients (id, recipe_id, name, quantity, unit) VALUES ('1d97871e-685e-4c1f-adfd-540585837cc8', 'ee634d56-6914-4052-9c42-716dde96062a', 'Cheddar Cheese', 3.4, 'cup');
INSERT INTO ingredients (id, recipe_id, name, quantity, unit) VALUES ('58f6abf7-f177-4cb5-a810-5476c4165ad0', 'ee634d56-6914-4052-9c42-716dde96062a', 'Soy Sauce', 2.9, 'tbsp');
INSERT INTO recipe_dietary_tags (recipe_id, tag_id) VALUES ('ee634d56-6914-4052-9c42-716dde96062a', 3);
INSERT INTO recipe_dietary_tags (recipe_id, tag_id) VALUES ('ee634d56-6914-4052-9c42-716dde96062a', 2);

INSERT INTO recipes (id, user_id, title, description, instructions, image_url, servings, source_url, source_name, is_archived, views, cart_adds) VALUES ('07a31bc7-10eb-4776-aa6f-a4c33808ccaf', 'admin-user-id', 'Pan-Seared Cod with Kale and Cauliflower Rice', 'A delicious Pan-Seared Cod with Kale and Cauliflower Rice recipe. This Midwest-friendly dish is a family favorite and easy to make with common ingredients.', '1. Preheat oven to 375°F (190°C) if baking.
2. Prepare the Rice and other main ingredients.
3. In a large bowl, combine with seasonings.
4. Cook according to source instructions until internal temperature is safe.
5. Let rest for 5 minutes before serving.', 'https://images.unsplash.com/photo-1513104894114-bd7ea4718312?auto=format&fit=crop&w=800&q=60', 4, 'https://www.bonappetit.com/recipe/pan-seared-cod-with-kale-and-cauliflower-rice', 'Bon Appetit', 0, 450, 66);
INSERT INTO ingredients (id, recipe_id, name, quantity, unit) VALUES ('426849d0-8d69-45ba-a6a0-e71e6d2a70be', '07a31bc7-10eb-4776-aa6f-a4c33808ccaf', 'Tater Tots', 2.3, 'oz');
INSERT INTO ingredients (id, recipe_id, name, quantity, unit) VALUES ('173757da-20a5-4556-9e53-d9f9d4c834ad', '07a31bc7-10eb-4776-aa6f-a4c33808ccaf', 'Heavy Cream', 2.5, 'cup');
INSERT INTO ingredients (id, recipe_id, name, quantity, unit) VALUES ('459bc6ad-ed54-4ae3-af18-e9c3e64fb34d', '07a31bc7-10eb-4776-aa6f-a4c33808ccaf', 'Cheddar Cheese', 2.4, 'cup');
INSERT INTO ingredients (id, recipe_id, name, quantity, unit) VALUES ('1b67d8e6-e668-4456-8bbf-76ee20068a4b', '07a31bc7-10eb-4776-aa6f-a4c33808ccaf', 'Chicken Breast', 1.1, 'lb');
INSERT INTO ingredients (id, recipe_id, name, quantity, unit) VALUES ('b76f3eff-fc9f-4fc6-8126-f04d75c3928a', '07a31bc7-10eb-4776-aa6f-a4c33808ccaf', 'Honey', 2.2, 'tbsp');
INSERT INTO ingredients (id, recipe_id, name, quantity, unit) VALUES ('def72281-1f08-4072-86c5-15ee87d33814', '07a31bc7-10eb-4776-aa6f-a4c33808ccaf', 'Tomato Sauce', 2.5, 'oz');
INSERT INTO ingredients (id, recipe_id, name, quantity, unit) VALUES ('b45f2944-fa80-4088-a6e8-bb678e1af121', '07a31bc7-10eb-4776-aa6f-a4c33808ccaf', 'Garlic', 2.8, 'clove');
INSERT INTO recipe_dietary_tags (recipe_id, tag_id) VALUES ('07a31bc7-10eb-4776-aa6f-a4c33808ccaf', 1);
INSERT INTO recipe_dietary_tags (recipe_id, tag_id) VALUES ('07a31bc7-10eb-4776-aa6f-a4c33808ccaf', 6);
INSERT INTO recipe_dietary_tags (recipe_id, tag_id) VALUES ('07a31bc7-10eb-4776-aa6f-a4c33808ccaf', 3);
INSERT INTO recipe_dietary_tags (recipe_id, tag_id) VALUES ('07a31bc7-10eb-4776-aa6f-a4c33808ccaf', 2);

INSERT INTO recipes (id, user_id, title, description, instructions, image_url, servings, source_url, source_name, is_archived, views, cart_adds) VALUES ('42ff7b8b-b5b5-474b-84af-79abd778d54e', 'admin-user-id', 'Slow Cooked Pork with Spinach and Roasted Potatoes', 'A delicious Slow Cooked Pork with Spinach and Roasted Potatoes recipe. This Midwest-friendly dish is a family favorite and easy to make with common ingredients.', '1. Preheat oven to 375°F (190°C) if baking.
2. Prepare the Potatoes and other main ingredients.
3. In a large bowl, combine with seasonings.
4. Cook according to source instructions until internal temperature is safe.
5. Let rest for 5 minutes before serving.', 'https://images.unsplash.com/photo-1504754524776-8f4f37799ca7?auto=format&fit=crop&w=800&q=60', 6, 'https://www.bonappetit.com/recipe/slow-cooked-pork-with-spinach-and-roasted-potatoes', 'Bon Appetit', 0, 410, 72);
INSERT INTO ingredients (id, recipe_id, name, quantity, unit) VALUES ('9e5f30c0-707c-4993-968f-e544a13b84b4', '42ff7b8b-b5b5-474b-84af-79abd778d54e', 'Butter', 0.8, 'tbsp');
INSERT INTO ingredients (id, recipe_id, name, quantity, unit) VALUES ('52450786-ce27-434e-bd3b-f76dcc98c214', '42ff7b8b-b5b5-474b-84af-79abd778d54e', 'Onion', 3.2, 'cup');
INSERT INTO ingredients (id, recipe_id, name, quantity, unit) VALUES ('daba779b-4f4a-4620-a3df-da365a76bc22', '42ff7b8b-b5b5-474b-84af-79abd778d54e', 'Sour Cream', 1.8, 'cup');
INSERT INTO ingredients (id, recipe_id, name, quantity, unit) VALUES ('ca2394ec-356e-4bd2-9ce7-88d278e1f69a', '42ff7b8b-b5b5-474b-84af-79abd778d54e', 'Frozen Peas', 2.7, 'cup');
INSERT INTO ingredients (id, recipe_id, name, quantity, unit) VALUES ('281744e0-1541-4a85-8e32-e88a37a202d7', '42ff7b8b-b5b5-474b-84af-79abd778d54e', 'Dijon Mustard', 3.2, 'tsp');
INSERT INTO ingredients (id, recipe_id, name, quantity, unit) VALUES ('5a3e12ff-8e2d-4429-9463-1b9e905289a5', '42ff7b8b-b5b5-474b-84af-79abd778d54e', 'Olive Oil', 3.4, 'tbsp');
INSERT INTO recipe_dietary_tags (recipe_id, tag_id) VALUES ('42ff7b8b-b5b5-474b-84af-79abd778d54e', 10);
INSERT INTO recipe_dietary_tags (recipe_id, tag_id) VALUES ('42ff7b8b-b5b5-474b-84af-79abd778d54e', 9);

INSERT INTO recipes (id, user_id, title, description, instructions, image_url, servings, source_url, source_name, is_archived, views, cart_adds) VALUES ('92c44747-170b-4788-952f-0a3d7a8423d0', 'admin-user-id', 'Grilled Pork with Cauliflower and Couscous', 'A delicious Grilled Pork with Cauliflower and Couscous recipe. This Midwest-friendly dish is a family favorite and easy to make with common ingredients.', '1. Preheat oven to 375°F (190°C) if baking.
2. Prepare the Couscous and other main ingredients.
3. In a large bowl, combine with seasonings.
4. Cook according to source instructions until internal temperature is safe.
5. Let rest for 5 minutes before serving.', 'https://images.unsplash.com/photo-1476224203421-9ac3993557a4?auto=format&fit=crop&w=800&q=60', 3, 'https://www.allrecipes.com/recipe/grilled-pork-with-cauliflower-and-couscous', 'AllRecipes', 0, 4, 86);
INSERT INTO ingredients (id, recipe_id, name, quantity, unit) VALUES ('3b81befa-677c-476d-b5dd-07c96cd5ee3f', '92c44747-170b-4788-952f-0a3d7a8423d0', 'Frozen Peas', 0.9, 'cup');
INSERT INTO ingredients (id, recipe_id, name, quantity, unit) VALUES ('d7fd9678-fa5e-4751-9c6b-2396636a63c7', '92c44747-170b-4788-952f-0a3d7a8423d0', 'Dijon Mustard', 2.4, 'tsp');
INSERT INTO ingredients (id, recipe_id, name, quantity, unit) VALUES ('12f06356-221d-432e-a41a-11a965032ebd', '92c44747-170b-4788-952f-0a3d7a8423d0', 'Butter', 3.3, 'tbsp');
INSERT INTO ingredients (id, recipe_id, name, quantity, unit) VALUES ('4f662f75-7e0b-4914-b0f2-88dbdc277a0c', '92c44747-170b-4788-952f-0a3d7a8423d0', 'Rice', 1.6, 'cup');
INSERT INTO ingredients (id, recipe_id, name, quantity, unit) VALUES ('faf95209-1973-46f8-80cb-a52552216dc5', '92c44747-170b-4788-952f-0a3d7a8423d0', 'Cream of Mushroom Soup', 3.0, 'can');
INSERT INTO ingredients (id, recipe_id, name, quantity, unit) VALUES ('a193a529-24cd-4a92-bbee-9887853a15c2', '92c44747-170b-4788-952f-0a3d7a8423d0', 'Worcestershire Sauce', 3.2, 'tbsp');
INSERT INTO recipe_dietary_tags (recipe_id, tag_id) VALUES ('92c44747-170b-4788-952f-0a3d7a8423d0', 10);

INSERT INTO recipes (id, user_id, title, description, instructions, image_url, servings, source_url, source_name, is_archived, views, cart_adds) VALUES ('2d8bf3a4-22bb-441b-84dc-ac5057a8d771', 'admin-user-id', 'Sautéed Chicken with Broccoli and Couscous', 'A delicious Sautéed Chicken with Broccoli and Couscous recipe. This Midwest-friendly dish is a family favorite and easy to make with common ingredients.', '1. Preheat oven to 375°F (190°C) if baking.
2. Prepare the Couscous and other main ingredients.
3. In a large bowl, combine with seasonings.
4. Cook according to source instructions until internal temperature is safe.
5. Let rest for 5 minutes before serving.', 'https://images.unsplash.com/photo-1498837167721-8f5c1a322c2e?auto=format&fit=crop&w=800&q=60', 4, 'https://www.allrecipes.com/recipe/saut-ed-chicken-with-broccoli-and-couscous', 'AllRecipes', 0, 220, 56);
INSERT INTO ingredients (id, recipe_id, name, quantity, unit) VALUES ('850ca3db-9041-493b-8bd7-168ff23582d7', '2d8bf3a4-22bb-441b-84dc-ac5057a8d771', 'Frozen Peas', 3.2, 'cup');
INSERT INTO ingredients (id, recipe_id, name, quantity, unit) VALUES ('0d9345e6-2a87-4ec2-b7ef-d00b775ece25', '2d8bf3a4-22bb-441b-84dc-ac5057a8d771', 'Soy Sauce', 1.2, 'tbsp');
INSERT INTO ingredients (id, recipe_id, name, quantity, unit) VALUES ('4129bc0e-e421-4568-b56a-38f5f4fb5c8d', '2d8bf3a4-22bb-441b-84dc-ac5057a8d771', 'Pasta', 3.1, 'oz');
INSERT INTO ingredients (id, recipe_id, name, quantity, unit) VALUES ('2f2f6ecd-3272-41b3-a1f4-e3f0a476e9f3', '2d8bf3a4-22bb-441b-84dc-ac5057a8d771', 'Heavy Cream', 1.7, 'cup');
INSERT INTO ingredients (id, recipe_id, name, quantity, unit) VALUES ('10b17fd5-73ef-4870-adf1-d6c55cb3dbce', '2d8bf3a4-22bb-441b-84dc-ac5057a8d771', 'Rice', 2.9, 'cup');
INSERT INTO ingredients (id, recipe_id, name, quantity, unit) VALUES ('1b38a368-8370-4f83-aacf-a84ed2e41088', '2d8bf3a4-22bb-441b-84dc-ac5057a8d771', 'Garlic', 2.2, 'clove');
INSERT INTO ingredients (id, recipe_id, name, quantity, unit) VALUES ('1a0b1dcf-e8c3-49ae-a610-91c7dd3bc90d', '2d8bf3a4-22bb-441b-84dc-ac5057a8d771', 'Lemon Juice', 1.6, 'tbsp');
INSERT INTO recipe_dietary_tags (recipe_id, tag_id) VALUES ('2d8bf3a4-22bb-441b-84dc-ac5057a8d771', 10);
INSERT INTO recipe_dietary_tags (recipe_id, tag_id) VALUES ('2d8bf3a4-22bb-441b-84dc-ac5057a8d771', 4);
INSERT INTO recipe_dietary_tags (recipe_id, tag_id) VALUES ('2d8bf3a4-22bb-441b-84dc-ac5057a8d771', 7);

INSERT INTO recipes (id, user_id, title, description, instructions, image_url, servings, source_url, source_name, is_archived, views, cart_adds) VALUES ('a6275766-6f9d-4933-921c-3356b73d67f0', 'admin-user-id', 'Air Fried Tofu with Carrots and Quinoa', 'A delicious Air Fried Tofu with Carrots and Quinoa recipe. This Midwest-friendly dish is a family favorite and easy to make with common ingredients.', '1. Preheat oven to 375°F (190°C) if baking.
2. Prepare the Quinoa and other main ingredients.
3. In a large bowl, combine with seasonings.
4. Cook according to source instructions until internal temperature is safe.
5. Let rest for 5 minutes before serving.', 'https://images.unsplash.com/photo-1490645935967-10de6ba17051?auto=format&fit=crop&w=800&q=60', 7, 'https://www.epicurious.com/recipe/air-fried-tofu-with-carrots-and-quinoa', 'Epicurious', 0, 377, 76);
INSERT INTO ingredients (id, recipe_id, name, quantity, unit) VALUES ('33755639-648b-4d6c-9e7a-e36cb1e6e3f2', 'a6275766-6f9d-4933-921c-3356b73d67f0', 'Butter', 3.1, 'tbsp');
INSERT INTO ingredients (id, recipe_id, name, quantity, unit) VALUES ('e62746d8-4498-4a75-ad16-e11bd6168e0c', 'a6275766-6f9d-4933-921c-3356b73d67f0', 'Rice', 3.5, 'cup');
INSERT INTO ingredients (id, recipe_id, name, quantity, unit) VALUES ('6e466897-03c7-4a44-8560-e17b68d882a6', 'a6275766-6f9d-4933-921c-3356b73d67f0', 'Milk', 2.1, 'cup');
INSERT INTO ingredients (id, recipe_id, name, quantity, unit) VALUES ('63286cf2-a1b4-4f1f-9145-551998bf4383', 'a6275766-6f9d-4933-921c-3356b73d67f0', 'Pasta', 1.6, 'oz');
INSERT INTO ingredients (id, recipe_id, name, quantity, unit) VALUES ('6a132f2d-5391-4c8f-aae9-65f4fcf2acfc', 'a6275766-6f9d-4933-921c-3356b73d67f0', 'Carrots', 3.4, 'cup');
INSERT INTO recipe_dietary_tags (recipe_id, tag_id) VALUES ('a6275766-6f9d-4933-921c-3356b73d67f0', 3);
INSERT INTO recipe_dietary_tags (recipe_id, tag_id) VALUES ('a6275766-6f9d-4933-921c-3356b73d67f0', 2);

INSERT INTO recipes (id, user_id, title, description, instructions, image_url, servings, source_url, source_name, is_archived, views, cart_adds) VALUES ('c3ad93da-0826-4a2e-a3be-ce0b712c61ee', 'admin-user-id', 'Pan-Seared Cod with Sweet Potatoes and Quinoa', 'A delicious Pan-Seared Cod with Sweet Potatoes and Quinoa recipe. This Midwest-friendly dish is a family favorite and easy to make with common ingredients.', '1. Preheat oven to 375°F (190°C) if baking.
2. Prepare the Quinoa and other main ingredients.
3. In a large bowl, combine with seasonings.
4. Cook according to source instructions until internal temperature is safe.
5. Let rest for 5 minutes before serving.', 'https://images.unsplash.com/photo-1506084868214-19a1f9e147f8?auto=format&fit=crop&w=800&q=60', 7, 'https://www.tasteofhome.com/recipe/pan-seared-cod-with-sweet-potatoes-and-quinoa', 'Taste of Home', 0, 590, 21);
INSERT INTO ingredients (id, recipe_id, name, quantity, unit) VALUES ('37672f12-e39d-410a-9e32-37dda8d14a68', 'c3ad93da-0826-4a2e-a3be-ce0b712c61ee', 'Cream of Mushroom Soup', 1.8, 'can');
INSERT INTO ingredients (id, recipe_id, name, quantity, unit) VALUES ('295b71e1-8e05-45f4-b75f-8a1db407dab4', 'c3ad93da-0826-4a2e-a3be-ce0b712c61ee', 'Tomato Sauce', 3.3, 'oz');
INSERT INTO ingredients (id, recipe_id, name, quantity, unit) VALUES ('9fb23f9a-d78a-4694-90b5-7a12354e95d0', 'c3ad93da-0826-4a2e-a3be-ce0b712c61ee', 'Black Pepper', 2.7, 'tsp');
INSERT INTO ingredients (id, recipe_id, name, quantity, unit) VALUES ('a470ec82-1a3c-4c08-aeae-61ba4d11d841', 'c3ad93da-0826-4a2e-a3be-ce0b712c61ee', 'Onion', 1.0, 'cup');
INSERT INTO recipe_dietary_tags (recipe_id, tag_id) VALUES ('c3ad93da-0826-4a2e-a3be-ce0b712c61ee', 3);

INSERT INTO recipes (id, user_id, title, description, instructions, image_url, servings, source_url, source_name, is_archived, views, cart_adds) VALUES ('a86caeb3-30e3-49f8-8d6f-ec06c71debd1', 'admin-user-id', 'Roasted Tofu with Zucchini and Wild Rice', 'A delicious Roasted Tofu with Zucchini and Wild Rice recipe. This Midwest-friendly dish is a family favorite and easy to make with common ingredients.', '1. Preheat oven to 375°F (190°C) if baking.
2. Prepare the Rice and other main ingredients.
3. In a large bowl, combine with seasonings.
4. Cook according to source instructions until internal temperature is safe.
5. Let rest for 5 minutes before serving.', 'https://images.unsplash.com/photo-1529042410759-adb828e4eaf0?auto=format&fit=crop&w=800&q=60', 4, 'https://www.epicurious.com/recipe/roasted-tofu-with-zucchini-and-wild-rice', 'Epicurious', 0, 106, 98);
INSERT INTO ingredients (id, recipe_id, name, quantity, unit) VALUES ('c0348fd1-5938-4e28-9d53-825e13af1410', 'a86caeb3-30e3-49f8-8d6f-ec06c71debd1', 'Egg', 1.9, 'large');
INSERT INTO ingredients (id, recipe_id, name, quantity, unit) VALUES ('1069b43d-bccc-4902-af35-ae073ba06bb3', 'a86caeb3-30e3-49f8-8d6f-ec06c71debd1', 'Butter', 2.3, 'tbsp');
INSERT INTO ingredients (id, recipe_id, name, quantity, unit) VALUES ('0e5a3b0b-213c-4a51-a660-dc22328206e2', 'a86caeb3-30e3-49f8-8d6f-ec06c71debd1', 'Ground Beef', 1.8, 'lb');
INSERT INTO ingredients (id, recipe_id, name, quantity, unit) VALUES ('32938a69-eb27-4905-94aa-371a7072176f', 'a86caeb3-30e3-49f8-8d6f-ec06c71debd1', 'Black Pepper', 3.2, 'tsp');
INSERT INTO ingredients (id, recipe_id, name, quantity, unit) VALUES ('127a7175-e6b8-4bf5-acad-4f0ffe0d756f', 'a86caeb3-30e3-49f8-8d6f-ec06c71debd1', 'Heavy Cream', 0.8, 'cup');
INSERT INTO recipe_dietary_tags (recipe_id, tag_id) VALUES ('a86caeb3-30e3-49f8-8d6f-ec06c71debd1', 3);

INSERT INTO recipes (id, user_id, title, description, instructions, image_url, servings, source_url, source_name, is_archived, views, cart_adds) VALUES ('abaa40fb-5b99-4a3f-8319-be00597b9b63', 'admin-user-id', 'Steamed Salmon with Sweet Potatoes and Cauliflower Rice', 'A delicious Steamed Salmon with Sweet Potatoes and Cauliflower Rice recipe. This Midwest-friendly dish is a family favorite and easy to make with common ingredients.', '1. Preheat oven to 375°F (190°C) if baking.
2. Prepare the Rice and other main ingredients.
3. In a large bowl, combine with seasonings.
4. Cook according to source instructions until internal temperature is safe.
5. Let rest for 5 minutes before serving.', 'https://images.unsplash.com/photo-1455619452474-d2ba29bc06da?auto=format&fit=crop&w=800&q=60', 6, 'https://www.tasteofhome.com/recipe/steamed-salmon-with-sweet-potatoes-and-cauliflower-rice', 'Taste of Home', 0, 548, 78);
INSERT INTO ingredients (id, recipe_id, name, quantity, unit) VALUES ('86693073-989d-46bf-9cf7-55147c990ff9', 'abaa40fb-5b99-4a3f-8319-be00597b9b63', 'Soy Sauce', 2.4, 'tbsp');
INSERT INTO ingredients (id, recipe_id, name, quantity, unit) VALUES ('9b9512bb-dc68-441b-b378-1c0264eaa852', 'abaa40fb-5b99-4a3f-8319-be00597b9b63', 'Sour Cream', 1.5, 'cup');
INSERT INTO ingredients (id, recipe_id, name, quantity, unit) VALUES ('5eefb860-cac0-4fc7-a499-501812d52323', 'abaa40fb-5b99-4a3f-8319-be00597b9b63', 'Milk', 0.9, 'cup');
INSERT INTO ingredients (id, recipe_id, name, quantity, unit) VALUES ('50634c63-2570-4e3a-9fd1-2423f40a3c52', 'abaa40fb-5b99-4a3f-8319-be00597b9b63', 'Tomato Sauce', 1.5, 'oz');
INSERT INTO ingredients (id, recipe_id, name, quantity, unit) VALUES ('fa0f46aa-f4d2-46f6-b1b2-f338ce47b462', 'abaa40fb-5b99-4a3f-8319-be00597b9b63', 'Egg', 1.5, 'large');
INSERT INTO recipe_dietary_tags (recipe_id, tag_id) VALUES ('abaa40fb-5b99-4a3f-8319-be00597b9b63', 1);
INSERT INTO recipe_dietary_tags (recipe_id, tag_id) VALUES ('abaa40fb-5b99-4a3f-8319-be00597b9b63', 6);
INSERT INTO recipe_dietary_tags (recipe_id, tag_id) VALUES ('abaa40fb-5b99-4a3f-8319-be00597b9b63', 3);

INSERT INTO recipes (id, user_id, title, description, instructions, image_url, servings, source_url, source_name, is_archived, views, cart_adds) VALUES ('5ba843aa-7b80-4ad3-891a-9d810ccbd24c', 'admin-user-id', 'Pan-Seared Turkey with Green Beans and Couscous', 'A delicious Pan-Seared Turkey with Green Beans and Couscous recipe. This Midwest-friendly dish is a family favorite and easy to make with common ingredients.', '1. Preheat oven to 375°F (190°C) if baking.
2. Prepare the Couscous and other main ingredients.
3. In a large bowl, combine with seasonings.
4. Cook according to source instructions until internal temperature is safe.
5. Let rest for 5 minutes before serving.', 'https://images.unsplash.com/photo-1504113888839-14294c223d51?auto=format&fit=crop&w=800&q=60', 5, 'https://www.epicurious.com/recipe/pan-seared-turkey-with-green-beans-and-couscous', 'Epicurious', 0, 336, 86);
INSERT INTO ingredients (id, recipe_id, name, quantity, unit) VALUES ('d5962ef7-125d-4ff9-9d1d-d621046ace5f', '5ba843aa-7b80-4ad3-891a-9d810ccbd24c', 'Milk', 3.0, 'cup');
INSERT INTO ingredients (id, recipe_id, name, quantity, unit) VALUES ('f932a8c9-ea5b-4f98-baca-68f7783e1925', '5ba843aa-7b80-4ad3-891a-9d810ccbd24c', 'Worcestershire Sauce', 2.9, 'tbsp');
INSERT INTO ingredients (id, recipe_id, name, quantity, unit) VALUES ('f31bc19b-ef1d-4aab-af66-db48afb16e11', '5ba843aa-7b80-4ad3-891a-9d810ccbd24c', 'Soy Sauce', 0.9, 'tbsp');
INSERT INTO ingredients (id, recipe_id, name, quantity, unit) VALUES ('2fdc8d76-203c-4d42-9966-f8f5ecfadf01', '5ba843aa-7b80-4ad3-891a-9d810ccbd24c', 'Lemon Juice', 1.7, 'tbsp');
INSERT INTO recipe_dietary_tags (recipe_id, tag_id) VALUES ('5ba843aa-7b80-4ad3-891a-9d810ccbd24c', 9);

INSERT INTO recipes (id, user_id, title, description, instructions, image_url, servings, source_url, source_name, is_archived, views, cart_adds) VALUES ('fe80481f-4442-4ffe-b968-3047f1b0de10', 'admin-user-id', 'Grilled Salmon with Spinach and Cauliflower Rice', 'A delicious Grilled Salmon with Spinach and Cauliflower Rice recipe. This Midwest-friendly dish is a family favorite and easy to make with common ingredients.', '1. Preheat oven to 375°F (190°C) if baking.
2. Prepare the Rice and other main ingredients.
3. In a large bowl, combine with seasonings.
4. Cook according to source instructions until internal temperature is safe.
5. Let rest for 5 minutes before serving.', 'https://images.unsplash.com/photo-1546062477-fe2f66230ba3?auto=format&fit=crop&w=800&q=60', 4, 'https://www.allrecipes.com/recipe/grilled-salmon-with-spinach-and-cauliflower-rice', 'AllRecipes', 0, 491, 15);
INSERT INTO ingredients (id, recipe_id, name, quantity, unit) VALUES ('7cc8df98-008f-4c1e-a1d8-8962e448371b', 'fe80481f-4442-4ffe-b968-3047f1b0de10', 'Rice', 1.1, 'cup');
INSERT INTO ingredients (id, recipe_id, name, quantity, unit) VALUES ('3b0f2fdf-fc90-4dfb-803b-91af5fc657a0', 'fe80481f-4442-4ffe-b968-3047f1b0de10', 'Sour Cream', 3.1, 'cup');
INSERT INTO ingredients (id, recipe_id, name, quantity, unit) VALUES ('28d2e8a3-9ce4-4d76-bea7-6dac27066eae', 'fe80481f-4442-4ffe-b968-3047f1b0de10', 'Lemon Juice', 2.7, 'tbsp');
INSERT INTO ingredients (id, recipe_id, name, quantity, unit) VALUES ('21444233-a297-4709-8d30-a9c5aa1f5d86', 'fe80481f-4442-4ffe-b968-3047f1b0de10', 'Egg', 3.3, 'large');
INSERT INTO recipe_dietary_tags (recipe_id, tag_id) VALUES ('fe80481f-4442-4ffe-b968-3047f1b0de10', 1);
INSERT INTO recipe_dietary_tags (recipe_id, tag_id) VALUES ('fe80481f-4442-4ffe-b968-3047f1b0de10', 6);
INSERT INTO recipe_dietary_tags (recipe_id, tag_id) VALUES ('fe80481f-4442-4ffe-b968-3047f1b0de10', 3);
INSERT INTO recipe_dietary_tags (recipe_id, tag_id) VALUES ('fe80481f-4442-4ffe-b968-3047f1b0de10', 2);

INSERT INTO recipes (id, user_id, title, description, instructions, image_url, servings, source_url, source_name, is_archived, views, cart_adds) VALUES ('05e68c6a-d03b-4585-a9f9-0d45078e7eec', 'admin-user-id', 'Baked Turkey with Carrots and Zucchini Noodles', 'A delicious Baked Turkey with Carrots and Zucchini Noodles recipe. This Midwest-friendly dish is a family favorite and easy to make with common ingredients.', '1. Preheat oven to 375°F (190°C) if baking.
2. Prepare the Noodles and other main ingredients.
3. In a large bowl, combine with seasonings.
4. Cook according to source instructions until internal temperature is safe.
5. Let rest for 5 minutes before serving.', 'https://images.unsplash.com/photo-1504674900247-0877df9cc836?auto=format&fit=crop&w=800&q=60', 7, 'https://www.epicurious.com/recipe/baked-turkey-with-carrots-and-zucchini-noodles', 'Epicurious', 0, 780, 39);
INSERT INTO ingredients (id, recipe_id, name, quantity, unit) VALUES ('16b7814c-84cc-40dd-b2c6-5e6f6241afd7', '05e68c6a-d03b-4585-a9f9-0d45078e7eec', 'Breadcrumbs', 3.1, 'cup');
INSERT INTO ingredients (id, recipe_id, name, quantity, unit) VALUES ('636d31b0-0c5e-4f9c-9714-82bee990e44a', '05e68c6a-d03b-4585-a9f9-0d45078e7eec', 'Egg', 1.4, 'large');
INSERT INTO ingredients (id, recipe_id, name, quantity, unit) VALUES ('c52783a8-d4a8-48f5-8bd4-8d06b6aff5ef', '05e68c6a-d03b-4585-a9f9-0d45078e7eec', 'Black Pepper', 2.7, 'tsp');
INSERT INTO ingredients (id, recipe_id, name, quantity, unit) VALUES ('144d7759-32b7-4477-a982-948dace7e466', '05e68c6a-d03b-4585-a9f9-0d45078e7eec', 'Heavy Cream', 1.2, 'cup');
INSERT INTO ingredients (id, recipe_id, name, quantity, unit) VALUES ('1351903c-f4d3-4f07-8dbd-1e8b3b790b02', '05e68c6a-d03b-4585-a9f9-0d45078e7eec', 'Celery', 1.8, 'cup');
INSERT INTO recipe_dietary_tags (recipe_id, tag_id) VALUES ('05e68c6a-d03b-4585-a9f9-0d45078e7eec', 1);
INSERT INTO recipe_dietary_tags (recipe_id, tag_id) VALUES ('05e68c6a-d03b-4585-a9f9-0d45078e7eec', 6);
INSERT INTO recipe_dietary_tags (recipe_id, tag_id) VALUES ('05e68c6a-d03b-4585-a9f9-0d45078e7eec', 9);

INSERT INTO recipes (id, user_id, title, description, instructions, image_url, servings, source_url, source_name, is_archived, views, cart_adds) VALUES ('98687c88-be2e-44be-bf87-28f3c9fda6d8', 'admin-user-id', 'Baked Pork with Cauliflower and Roasted Potatoes', 'A delicious Baked Pork with Cauliflower and Roasted Potatoes recipe. This Midwest-friendly dish is a family favorite and easy to make with common ingredients.', '1. Preheat oven to 375°F (190°C) if baking.
2. Prepare the Potatoes and other main ingredients.
3. In a large bowl, combine with seasonings.
4. Cook according to source instructions until internal temperature is safe.
5. Let rest for 5 minutes before serving.', 'https://images.unsplash.com/photo-1493770348161-369560ae357d?auto=format&fit=crop&w=800&q=60', 6, 'https://www.allrecipes.com/recipe/baked-pork-with-cauliflower-and-roasted-potatoes', 'AllRecipes', 0, 416, 97);
INSERT INTO ingredients (id, recipe_id, name, quantity, unit) VALUES ('37473e2d-8e51-4fb9-8c08-e3e5f7fcac94', '98687c88-be2e-44be-bf87-28f3c9fda6d8', 'Sour Cream', 3.4, 'cup');
INSERT INTO ingredients (id, recipe_id, name, quantity, unit) VALUES ('844476e4-2d6c-451c-9e6b-e4bed4184aa2', '98687c88-be2e-44be-bf87-28f3c9fda6d8', 'Egg', 1.3, 'large');
INSERT INTO ingredients (id, recipe_id, name, quantity, unit) VALUES ('9e3f3169-4933-443d-9a7e-70b910914346', '98687c88-be2e-44be-bf87-28f3c9fda6d8', 'Pasta', 3.1, 'oz');
INSERT INTO ingredients (id, recipe_id, name, quantity, unit) VALUES ('58ee352d-cd7a-457c-8efd-bc6a269b0b39', '98687c88-be2e-44be-bf87-28f3c9fda6d8', 'Butter', 1.1, 'tbsp');
INSERT INTO ingredients (id, recipe_id, name, quantity, unit) VALUES ('364696ac-be72-4848-81b7-4b441b121c7f', '98687c88-be2e-44be-bf87-28f3c9fda6d8', 'Rice', 1.4, 'cup');
INSERT INTO recipe_dietary_tags (recipe_id, tag_id) VALUES ('98687c88-be2e-44be-bf87-28f3c9fda6d8', 10);

INSERT INTO recipes (id, user_id, title, description, instructions, image_url, servings, source_url, source_name, is_archived, views, cart_adds) VALUES ('2dbf19c7-5389-45a9-85bb-d0937d4b4afb', 'admin-user-id', 'Slow Cooked Cod with Carrots and Roasted Potatoes', 'A delicious Slow Cooked Cod with Carrots and Roasted Potatoes recipe. This Midwest-friendly dish is a family favorite and easy to make with common ingredients.', '1. Preheat oven to 375°F (190°C) if baking.
2. Prepare the Potatoes and other main ingredients.
3. In a large bowl, combine with seasonings.
4. Cook according to source instructions until internal temperature is safe.
5. Let rest for 5 minutes before serving.', 'https://images.unsplash.com/photo-1473093226795-af9932fe5856?auto=format&fit=crop&w=800&q=60', 7, 'https://www.tasteofhome.com/recipe/slow-cooked-cod-with-carrots-and-roasted-potatoes', 'Taste of Home', 0, 938, 50);
INSERT INTO ingredients (id, recipe_id, name, quantity, unit) VALUES ('bd0d57c7-98e5-4953-a12f-08954ef8e3aa', '2dbf19c7-5389-45a9-85bb-d0937d4b4afb', 'Ground Beef', 2.8, 'lb');
INSERT INTO ingredients (id, recipe_id, name, quantity, unit) VALUES ('ae94ae91-3719-444b-b4a3-db392d18b684', '2dbf19c7-5389-45a9-85bb-d0937d4b4afb', 'Honey', 2.4, 'tbsp');
INSERT INTO ingredients (id, recipe_id, name, quantity, unit) VALUES ('2943f39d-4a68-48b3-85cb-b6b3b2159e3f', '2dbf19c7-5389-45a9-85bb-d0937d4b4afb', 'Worcestershire Sauce', 0.6, 'tbsp');
INSERT INTO ingredients (id, recipe_id, name, quantity, unit) VALUES ('63ff15df-bb53-4174-a593-0ad7eebc18e8', '2dbf19c7-5389-45a9-85bb-d0937d4b4afb', 'Chicken Breast', 1.9, 'lb');
INSERT INTO ingredients (id, recipe_id, name, quantity, unit) VALUES ('96888113-c88b-4a32-a27f-375eed9b5f5c', '2dbf19c7-5389-45a9-85bb-d0937d4b4afb', 'Tomato Sauce', 3.3, 'oz');
INSERT INTO recipe_dietary_tags (recipe_id, tag_id) VALUES ('2dbf19c7-5389-45a9-85bb-d0937d4b4afb', 3);

INSERT INTO recipes (id, user_id, title, description, instructions, image_url, servings, source_url, source_name, is_archived, views, cart_adds) VALUES ('4a4aa942-60a8-4c56-92a4-6cb507404a91', 'admin-user-id', 'Grilled Turkey with Asparagus and Couscous', 'A delicious Grilled Turkey with Asparagus and Couscous recipe. This Midwest-friendly dish is a family favorite and easy to make with common ingredients.', '1. Preheat oven to 375°F (190°C) if baking.
2. Prepare the Couscous and other main ingredients.
3. In a large bowl, combine with seasonings.
4. Cook according to source instructions until internal temperature is safe.
5. Let rest for 5 minutes before serving.', 'https://images.unsplash.com/photo-1512621776951-a57141f2eefd?auto=format&fit=crop&w=800&q=60', 4, 'https://www.allrecipes.com/recipe/grilled-turkey-with-asparagus-and-couscous', 'AllRecipes', 0, 363, 78);
INSERT INTO ingredients (id, recipe_id, name, quantity, unit) VALUES ('7baf9151-aa09-44cd-9d7b-ff5d29c7c147', '4a4aa942-60a8-4c56-92a4-6cb507404a91', 'Frozen Peas', 3.5, 'cup');
INSERT INTO ingredients (id, recipe_id, name, quantity, unit) VALUES ('4af83e0f-6a7b-4370-bdce-bc7c0216775a', '4a4aa942-60a8-4c56-92a4-6cb507404a91', 'Lemon Juice', 2.8, 'tbsp');
INSERT INTO ingredients (id, recipe_id, name, quantity, unit) VALUES ('3c68e9fc-b9c2-4bf4-8f9f-ce7ec4915901', '4a4aa942-60a8-4c56-92a4-6cb507404a91', 'Chicken Breast', 1.4, 'lb');
INSERT INTO ingredients (id, recipe_id, name, quantity, unit) VALUES ('275787f7-845c-49ea-973c-f350bd427bab', '4a4aa942-60a8-4c56-92a4-6cb507404a91', 'Ground Beef', 2.2, 'lb');
INSERT INTO ingredients (id, recipe_id, name, quantity, unit) VALUES ('09625480-10b6-46a8-b32d-7bb554c2a79c', '4a4aa942-60a8-4c56-92a4-6cb507404a91', 'Garlic', 2.4, 'clove');
INSERT INTO ingredients (id, recipe_id, name, quantity, unit) VALUES ('ffc55cec-d3ba-4aef-aa7f-06634e437263', '4a4aa942-60a8-4c56-92a4-6cb507404a91', 'Onion', 2.6, 'cup');
INSERT INTO recipe_dietary_tags (recipe_id, tag_id) VALUES ('4a4aa942-60a8-4c56-92a4-6cb507404a91', 1);

INSERT INTO recipes (id, user_id, title, description, instructions, image_url, servings, source_url, source_name, is_archived, views, cart_adds) VALUES ('9b95c1a2-1d2b-491f-823c-d51fe17f6d64', 'admin-user-id', 'Baked Beef with Spinach and Mashed Cauliflower', 'A delicious Baked Beef with Spinach and Mashed Cauliflower recipe. This Midwest-friendly dish is a family favorite and easy to make with common ingredients.', '1. Preheat oven to 375°F (190°C) if baking.
2. Prepare the Cauliflower and other main ingredients.
3. In a large bowl, combine with seasonings.
4. Cook according to source instructions until internal temperature is safe.
5. Let rest for 5 minutes before serving.', 'https://images.unsplash.com/photo-1482049016688-2d3e1b311543?auto=format&fit=crop&w=800&q=60', 6, 'https://www.foodnetwork.com/recipe/baked-beef-with-spinach-and-mashed-cauliflower', 'Food Network', 0, 594, 40);
INSERT INTO ingredients (id, recipe_id, name, quantity, unit) VALUES ('16cb2356-20cb-4ed1-8dc5-c500e81f62b7', '9b95c1a2-1d2b-491f-823c-d51fe17f6d64', 'Worcestershire Sauce', 0.8, 'tbsp');
INSERT INTO ingredients (id, recipe_id, name, quantity, unit) VALUES ('d4ac160d-0fe1-4d4f-a72c-c6d8008f994c', '9b95c1a2-1d2b-491f-823c-d51fe17f6d64', 'Lemon Juice', 3.3, 'tbsp');
INSERT INTO ingredients (id, recipe_id, name, quantity, unit) VALUES ('9bb71f40-6989-453a-b9b1-8c926ff7dece', '9b95c1a2-1d2b-491f-823c-d51fe17f6d64', 'Salt', 1.0, 'tsp');
INSERT INTO ingredients (id, recipe_id, name, quantity, unit) VALUES ('5937b29f-4436-4121-b184-7e34483496b7', '9b95c1a2-1d2b-491f-823c-d51fe17f6d64', 'Tomato Sauce', 2.5, 'oz');
INSERT INTO ingredients (id, recipe_id, name, quantity, unit) VALUES ('dde54654-a7cc-46ce-bd5f-1ffb5a83666c', '9b95c1a2-1d2b-491f-823c-d51fe17f6d64', 'Sour Cream', 1.0, 'cup');
INSERT INTO ingredients (id, recipe_id, name, quantity, unit) VALUES ('60f03ec4-fb87-4bf2-a852-8bad290cdcba', '9b95c1a2-1d2b-491f-823c-d51fe17f6d64', 'Breadcrumbs', 3.0, 'cup');
INSERT INTO ingredients (id, recipe_id, name, quantity, unit) VALUES ('ea529c2f-1b37-4533-9acd-bd0539099e9a', '9b95c1a2-1d2b-491f-823c-d51fe17f6d64', 'Rice', 3.4, 'cup');
INSERT INTO recipe_dietary_tags (recipe_id, tag_id) VALUES ('9b95c1a2-1d2b-491f-823c-d51fe17f6d64', 1);
INSERT INTO recipe_dietary_tags (recipe_id, tag_id) VALUES ('9b95c1a2-1d2b-491f-823c-d51fe17f6d64', 6);
INSERT INTO recipe_dietary_tags (recipe_id, tag_id) VALUES ('9b95c1a2-1d2b-491f-823c-d51fe17f6d64', 10);

INSERT INTO recipes (id, user_id, title, description, instructions, image_url, servings, source_url, source_name, is_archived, views, cart_adds) VALUES ('97ebae7c-6eba-4b9c-864a-c57e5fe0d7db', 'admin-user-id', 'Sautéed Salmon with Kale and Mashed Cauliflower', 'A delicious Sautéed Salmon with Kale and Mashed Cauliflower recipe. This Midwest-friendly dish is a family favorite and easy to make with common ingredients.', '1. Preheat oven to 375°F (190°C) if baking.
2. Prepare the Cauliflower and other main ingredients.
3. In a large bowl, combine with seasonings.
4. Cook according to source instructions until internal temperature is safe.
5. Let rest for 5 minutes before serving.', 'https://images.unsplash.com/photo-1484723091739-30a097e8f929?auto=format&fit=crop&w=800&q=60', 3, 'https://www.allrecipes.com/recipe/saut-ed-salmon-with-kale-and-mashed-cauliflower', 'AllRecipes', 0, 833, 27);
INSERT INTO ingredients (id, recipe_id, name, quantity, unit) VALUES ('76d8a17c-da9d-4a08-862e-ea74963dcaac', '97ebae7c-6eba-4b9c-864a-c57e5fe0d7db', 'Pasta', 2.2, 'oz');
INSERT INTO ingredients (id, recipe_id, name, quantity, unit) VALUES ('c2203ee8-646b-4ba2-975e-b5ec29840e0a', '97ebae7c-6eba-4b9c-864a-c57e5fe0d7db', 'Milk', 2.6, 'cup');
INSERT INTO ingredients (id, recipe_id, name, quantity, unit) VALUES ('ffeb6e80-c84a-4bca-b9c4-7081eacdba27', '97ebae7c-6eba-4b9c-864a-c57e5fe0d7db', 'Tater Tots', 1.3, 'oz');
INSERT INTO ingredients (id, recipe_id, name, quantity, unit) VALUES ('490c2aed-4a8d-444e-9062-a9fc4a517aed', '97ebae7c-6eba-4b9c-864a-c57e5fe0d7db', 'Dijon Mustard', 3.0, 'tsp');
INSERT INTO ingredients (id, recipe_id, name, quantity, unit) VALUES ('45f3c585-e8d3-42ec-a8e0-e9be8b3b19eb', '97ebae7c-6eba-4b9c-864a-c57e5fe0d7db', 'Soy Sauce', 1.8, 'tbsp');
INSERT INTO ingredients (id, recipe_id, name, quantity, unit) VALUES ('948ce516-20b2-4442-823e-7ba8ee226f1e', '97ebae7c-6eba-4b9c-864a-c57e5fe0d7db', 'Honey', 2.9, 'tbsp');
INSERT INTO ingredients (id, recipe_id, name, quantity, unit) VALUES ('bdecc960-e7f3-493e-bfec-ccf3dac8f955', '97ebae7c-6eba-4b9c-864a-c57e5fe0d7db', 'Onion', 0.9, 'cup');
INSERT INTO recipe_dietary_tags (recipe_id, tag_id) VALUES ('97ebae7c-6eba-4b9c-864a-c57e5fe0d7db', 1);
INSERT INTO recipe_dietary_tags (recipe_id, tag_id) VALUES ('97ebae7c-6eba-4b9c-864a-c57e5fe0d7db', 6);
INSERT INTO recipe_dietary_tags (recipe_id, tag_id) VALUES ('97ebae7c-6eba-4b9c-864a-c57e5fe0d7db', 3);
INSERT INTO recipe_dietary_tags (recipe_id, tag_id) VALUES ('97ebae7c-6eba-4b9c-864a-c57e5fe0d7db', 9);

INSERT INTO recipes (id, user_id, title, description, instructions, image_url, servings, source_url, source_name, is_archived, views, cart_adds) VALUES ('1677aea8-f6a8-4ed8-a6d2-993fab8f66c1', 'admin-user-id', 'Sautéed Cod with Broccoli and Mashed Cauliflower', 'A delicious Sautéed Cod with Broccoli and Mashed Cauliflower recipe. This Midwest-friendly dish is a family favorite and easy to make with common ingredients.', '1. Preheat oven to 375°F (190°C) if baking.
2. Prepare the Cauliflower and other main ingredients.
3. In a large bowl, combine with seasonings.
4. Cook according to source instructions until internal temperature is safe.
5. Let rest for 5 minutes before serving.', 'https://images.unsplash.com/photo-1540189549336-e6e99c3679fe?auto=format&fit=crop&w=800&q=60', 3, 'https://www.foodnetwork.com/recipe/saut-ed-cod-with-broccoli-and-mashed-cauliflower', 'Food Network', 0, 290, 5);
INSERT INTO ingredients (id, recipe_id, name, quantity, unit) VALUES ('24f34503-0e02-40a0-99de-18c7cc016625', '1677aea8-f6a8-4ed8-a6d2-993fab8f66c1', 'Egg', 0.7, 'large');
INSERT INTO ingredients (id, recipe_id, name, quantity, unit) VALUES ('6913d0d9-919f-4a77-8561-7490ef5bd946', '1677aea8-f6a8-4ed8-a6d2-993fab8f66c1', 'Heavy Cream', 1.7, 'cup');
INSERT INTO ingredients (id, recipe_id, name, quantity, unit) VALUES ('9fbcea29-328b-4c48-b086-1a1d835131df', '1677aea8-f6a8-4ed8-a6d2-993fab8f66c1', 'Soy Sauce', 1.0, 'tbsp');
INSERT INTO ingredients (id, recipe_id, name, quantity, unit) VALUES ('b8c4c5ff-a4ef-4683-8f64-03fa9bbbfa6b', '1677aea8-f6a8-4ed8-a6d2-993fab8f66c1', 'Salt', 1.3, 'tsp');
INSERT INTO recipe_dietary_tags (recipe_id, tag_id) VALUES ('1677aea8-f6a8-4ed8-a6d2-993fab8f66c1', 1);
INSERT INTO recipe_dietary_tags (recipe_id, tag_id) VALUES ('1677aea8-f6a8-4ed8-a6d2-993fab8f66c1', 6);
INSERT INTO recipe_dietary_tags (recipe_id, tag_id) VALUES ('1677aea8-f6a8-4ed8-a6d2-993fab8f66c1', 3);
INSERT INTO recipe_dietary_tags (recipe_id, tag_id) VALUES ('1677aea8-f6a8-4ed8-a6d2-993fab8f66c1', 4);

INSERT INTO recipes (id, user_id, title, description, instructions, image_url, servings, source_url, source_name, is_archived, views, cart_adds) VALUES ('76172b2a-ae6e-42a8-85cf-638a50b06e9e', 'admin-user-id', 'Slow Cooked Turkey with Brussels Sprouts and Brown Rice', 'A delicious Slow Cooked Turkey with Brussels Sprouts and Brown Rice recipe. This Midwest-friendly dish is a family favorite and easy to make with common ingredients.', '1. Preheat oven to 375°F (190°C) if baking.
2. Prepare the Rice and other main ingredients.
3. In a large bowl, combine with seasonings.
4. Cook according to source instructions until internal temperature is safe.
5. Let rest for 5 minutes before serving.', 'https://images.unsplash.com/photo-1567620985035-091781110527?auto=format&fit=crop&w=800&q=60', 4, 'https://www.tasteofhome.com/recipe/slow-cooked-turkey-with-brussels-sprouts-and-brown-rice', 'Taste of Home', 0, 731, 3);
INSERT INTO ingredients (id, recipe_id, name, quantity, unit) VALUES ('6bdec774-0a17-4fcc-b2d1-0566d9fd5149', '76172b2a-ae6e-42a8-85cf-638a50b06e9e', 'Olive Oil', 2.8, 'tbsp');
INSERT INTO ingredients (id, recipe_id, name, quantity, unit) VALUES ('1b63bf9b-63ea-408f-9e1e-f5c580b79a6d', '76172b2a-ae6e-42a8-85cf-638a50b06e9e', 'Ground Beef', 3.1, 'lb');
INSERT INTO ingredients (id, recipe_id, name, quantity, unit) VALUES ('4669192a-b60b-44b9-818a-1aa3a9eea8a6', '76172b2a-ae6e-42a8-85cf-638a50b06e9e', 'Onion', 3.3, 'cup');
INSERT INTO ingredients (id, recipe_id, name, quantity, unit) VALUES ('77ae1a51-81b1-40d1-ba44-15c6ec2282ce', '76172b2a-ae6e-42a8-85cf-638a50b06e9e', 'Cheddar Cheese', 1.2, 'cup');
INSERT INTO ingredients (id, recipe_id, name, quantity, unit) VALUES ('45cf2b80-e686-489c-a235-1a5432e4db11', '76172b2a-ae6e-42a8-85cf-638a50b06e9e', 'Garlic', 3.2, 'clove');
INSERT INTO ingredients (id, recipe_id, name, quantity, unit) VALUES ('d0260ccb-3f68-450a-a0b6-aaaf66c814a8', '76172b2a-ae6e-42a8-85cf-638a50b06e9e', 'Worcestershire Sauce', 2.7, 'tbsp');
INSERT INTO ingredients (id, recipe_id, name, quantity, unit) VALUES ('1ccd78ed-84bc-4c58-b073-75af79633942', '76172b2a-ae6e-42a8-85cf-638a50b06e9e', 'Tomato Sauce', 3.5, 'oz');
INSERT INTO recipe_dietary_tags (recipe_id, tag_id) VALUES ('76172b2a-ae6e-42a8-85cf-638a50b06e9e', 1);
INSERT INTO recipe_dietary_tags (recipe_id, tag_id) VALUES ('76172b2a-ae6e-42a8-85cf-638a50b06e9e', 2);

INSERT INTO recipes (id, user_id, title, description, instructions, image_url, servings, source_url, source_name, is_archived, views, cart_adds) VALUES ('334af79d-a1fd-4d14-86c4-703fce18d203', 'admin-user-id', 'Pan-Seared Shrimp with Kale and Mashed Cauliflower', 'A delicious Pan-Seared Shrimp with Kale and Mashed Cauliflower recipe. This Midwest-friendly dish is a family favorite and easy to make with common ingredients.', '1. Preheat oven to 375°F (190°C) if baking.
2. Prepare the Cauliflower and other main ingredients.
3. In a large bowl, combine with seasonings.
4. Cook according to source instructions until internal temperature is safe.
5. Let rest for 5 minutes before serving.', 'https://images.unsplash.com/photo-1565299624946-b28f40a0ae38?auto=format&fit=crop&w=800&q=60', 5, 'https://www.allrecipes.com/recipe/pan-seared-shrimp-with-kale-and-mashed-cauliflower', 'AllRecipes', 0, 724, 55);
INSERT INTO ingredients (id, recipe_id, name, quantity, unit) VALUES ('8fbcdfca-605b-4486-9be6-53c04582a0d9', '334af79d-a1fd-4d14-86c4-703fce18d203', 'Salt', 0.5, 'tsp');
INSERT INTO ingredients (id, recipe_id, name, quantity, unit) VALUES ('5191cb84-0168-41cd-b1f3-089c40a04c1c', '334af79d-a1fd-4d14-86c4-703fce18d203', 'Tomato Sauce', 1.1, 'oz');
INSERT INTO ingredients (id, recipe_id, name, quantity, unit) VALUES ('c1e8e1c1-7f39-4b51-a27e-25265a2925a0', '334af79d-a1fd-4d14-86c4-703fce18d203', 'Dijon Mustard', 2.5, 'tsp');
INSERT INTO ingredients (id, recipe_id, name, quantity, unit) VALUES ('6bb01f17-8b85-45a9-bd45-f774ef96ef5f', '334af79d-a1fd-4d14-86c4-703fce18d203', 'Potatoes', 3.1, 'lb');
INSERT INTO ingredients (id, recipe_id, name, quantity, unit) VALUES ('084c11cb-9199-4c9c-af23-bc07f31ef2db', '334af79d-a1fd-4d14-86c4-703fce18d203', 'Frozen Peas', 2.9, 'cup');
INSERT INTO recipe_dietary_tags (recipe_id, tag_id) VALUES ('334af79d-a1fd-4d14-86c4-703fce18d203', 1);
INSERT INTO recipe_dietary_tags (recipe_id, tag_id) VALUES ('334af79d-a1fd-4d14-86c4-703fce18d203', 6);

INSERT INTO recipes (id, user_id, title, description, instructions, image_url, servings, source_url, source_name, is_archived, views, cart_adds) VALUES ('d3157743-78f5-4dec-8cac-4d8bdf0c5614', 'admin-user-id', 'Grilled Tofu with Kale and Zucchini Noodles', 'A delicious Grilled Tofu with Kale and Zucchini Noodles recipe. This Midwest-friendly dish is a family favorite and easy to make with common ingredients.', '1. Preheat oven to 375°F (190°C) if baking.
2. Prepare the Noodles and other main ingredients.
3. In a large bowl, combine with seasonings.
4. Cook according to source instructions until internal temperature is safe.
5. Let rest for 5 minutes before serving.', 'https://images.unsplash.com/photo-1555939594-58d7cb561ad1?auto=format&fit=crop&w=800&q=60', 4, 'https://www.foodnetwork.com/recipe/grilled-tofu-with-kale-and-zucchini-noodles', 'Food Network', 0, 17, 2);
INSERT INTO ingredients (id, recipe_id, name, quantity, unit) VALUES ('97e75663-43f2-4a65-b96e-c78d7412b1af', 'd3157743-78f5-4dec-8cac-4d8bdf0c5614', 'Black Pepper', 0.6, 'tsp');
INSERT INTO ingredients (id, recipe_id, name, quantity, unit) VALUES ('13358ce8-b308-4efd-b4a9-2738e4decb35', 'd3157743-78f5-4dec-8cac-4d8bdf0c5614', 'Tomato Sauce', 1.1, 'oz');
INSERT INTO ingredients (id, recipe_id, name, quantity, unit) VALUES ('099580dc-6cf1-4e80-b995-0f81146ba9ce', 'd3157743-78f5-4dec-8cac-4d8bdf0c5614', 'Salt', 2.0, 'tsp');
INSERT INTO ingredients (id, recipe_id, name, quantity, unit) VALUES ('1e6be982-12c2-426e-913f-d9875b622035', 'd3157743-78f5-4dec-8cac-4d8bdf0c5614', 'Heavy Cream', 1.6, 'cup');
INSERT INTO recipe_dietary_tags (recipe_id, tag_id) VALUES ('d3157743-78f5-4dec-8cac-4d8bdf0c5614', 1);
INSERT INTO recipe_dietary_tags (recipe_id, tag_id) VALUES ('d3157743-78f5-4dec-8cac-4d8bdf0c5614', 6);
INSERT INTO recipe_dietary_tags (recipe_id, tag_id) VALUES ('d3157743-78f5-4dec-8cac-4d8bdf0c5614', 3);
INSERT INTO recipe_dietary_tags (recipe_id, tag_id) VALUES ('d3157743-78f5-4dec-8cac-4d8bdf0c5614', 2);

INSERT INTO recipes (id, user_id, title, description, instructions, image_url, servings, source_url, source_name, is_archived, views, cart_adds) VALUES ('b769fcd8-4b09-41b5-b662-a275a60000f2', 'admin-user-id', 'Pan-Seared Chicken with Brussels Sprouts and Wild Rice', 'A delicious Pan-Seared Chicken with Brussels Sprouts and Wild Rice recipe. This Midwest-friendly dish is a family favorite and easy to make with common ingredients.', '1. Preheat oven to 375°F (190°C) if baking.
2. Prepare the Rice and other main ingredients.
3. In a large bowl, combine with seasonings.
4. Cook according to source instructions until internal temperature is safe.
5. Let rest for 5 minutes before serving.', 'https://images.unsplash.com/photo-1513104894114-bd7ea4718312?auto=format&fit=crop&w=800&q=60', 2, 'https://www.allrecipes.com/recipe/pan-seared-chicken-with-brussels-sprouts-and-wild-rice', 'AllRecipes', 0, 807, 5);
INSERT INTO ingredients (id, recipe_id, name, quantity, unit) VALUES ('ad4502b0-7eee-459a-98ae-567ac4204301', 'b769fcd8-4b09-41b5-b662-a275a60000f2', 'Celery', 1.2, 'cup');
INSERT INTO ingredients (id, recipe_id, name, quantity, unit) VALUES ('a0650636-22be-4f8c-99b7-a61f80d01dca', 'b769fcd8-4b09-41b5-b662-a275a60000f2', 'Olive Oil', 3.0, 'tbsp');
INSERT INTO ingredients (id, recipe_id, name, quantity, unit) VALUES ('08bfa3d9-928b-43b5-a1b4-57e2ed702eff', 'b769fcd8-4b09-41b5-b662-a275a60000f2', 'Chicken Breast', 1.5, 'lb');
INSERT INTO ingredients (id, recipe_id, name, quantity, unit) VALUES ('f7887386-0227-4ce7-8322-902c6db51554', 'b769fcd8-4b09-41b5-b662-a275a60000f2', 'Frozen Peas', 2.6, 'cup');
INSERT INTO recipe_dietary_tags (recipe_id, tag_id) VALUES ('b769fcd8-4b09-41b5-b662-a275a60000f2', 10);
INSERT INTO recipe_dietary_tags (recipe_id, tag_id) VALUES ('b769fcd8-4b09-41b5-b662-a275a60000f2', 2);

INSERT INTO recipes (id, user_id, title, description, instructions, image_url, servings, source_url, source_name, is_archived, views, cart_adds) VALUES ('79ef40ab-55a0-4a17-ab96-be8e669e899a', 'admin-user-id', 'Grilled Turkey with Zucchini and Lentil Pasta', 'A delicious Grilled Turkey with Zucchini and Lentil Pasta recipe. This Midwest-friendly dish is a family favorite and easy to make with common ingredients.', '1. Preheat oven to 375°F (190°C) if baking.
2. Prepare the Pasta and other main ingredients.
3. In a large bowl, combine with seasonings.
4. Cook according to source instructions until internal temperature is safe.
5. Let rest for 5 minutes before serving.', 'https://images.unsplash.com/photo-1504754524776-8f4f37799ca7?auto=format&fit=crop&w=800&q=60', 6, 'https://www.tasteofhome.com/recipe/grilled-turkey-with-zucchini-and-lentil-pasta', 'Taste of Home', 0, 786, 97);
INSERT INTO ingredients (id, recipe_id, name, quantity, unit) VALUES ('e7d43620-f643-402f-a29e-a422ff44511a', '79ef40ab-55a0-4a17-ab96-be8e669e899a', 'Ground Beef', 2.2, 'lb');
INSERT INTO ingredients (id, recipe_id, name, quantity, unit) VALUES ('dcb101ec-e471-46b1-8f5d-70c33c4331ab', '79ef40ab-55a0-4a17-ab96-be8e669e899a', 'Olive Oil', 0.6, 'tbsp');
INSERT INTO ingredients (id, recipe_id, name, quantity, unit) VALUES ('8be83cc4-337f-4fc7-806c-fc240b12f1ed', '79ef40ab-55a0-4a17-ab96-be8e669e899a', 'Egg', 2.7, 'large');
INSERT INTO ingredients (id, recipe_id, name, quantity, unit) VALUES ('ac9b6b9c-a3c1-445c-b80b-3fb9d256cb04', '79ef40ab-55a0-4a17-ab96-be8e669e899a', 'Potatoes', 0.6, 'lb');
INSERT INTO recipe_dietary_tags (recipe_id, tag_id) VALUES ('79ef40ab-55a0-4a17-ab96-be8e669e899a', 1);
INSERT INTO recipe_dietary_tags (recipe_id, tag_id) VALUES ('79ef40ab-55a0-4a17-ab96-be8e669e899a', 2);

INSERT INTO recipes (id, user_id, title, description, instructions, image_url, servings, source_url, source_name, is_archived, views, cart_adds) VALUES ('b873ad62-b8ba-4cca-9ba0-1ee18d9eb7f0', 'admin-user-id', 'Slow Cooked Lamb with Carrots and Couscous', 'A delicious Slow Cooked Lamb with Carrots and Couscous recipe. This Midwest-friendly dish is a family favorite and easy to make with common ingredients.', '1. Preheat oven to 375°F (190°C) if baking.
2. Prepare the Couscous and other main ingredients.
3. In a large bowl, combine with seasonings.
4. Cook according to source instructions until internal temperature is safe.
5. Let rest for 5 minutes before serving.', 'https://images.unsplash.com/photo-1476224203421-9ac3993557a4?auto=format&fit=crop&w=800&q=60', 7, 'https://www.epicurious.com/recipe/slow-cooked-lamb-with-carrots-and-couscous', 'Epicurious', 0, 674, 52);
INSERT INTO ingredients (id, recipe_id, name, quantity, unit) VALUES ('eff1d803-767c-4a46-a195-2589dab68759', 'b873ad62-b8ba-4cca-9ba0-1ee18d9eb7f0', 'Garlic', 1.6, 'clove');
INSERT INTO ingredients (id, recipe_id, name, quantity, unit) VALUES ('e7c47032-acef-4f0e-a930-7e1ea2d88b46', 'b873ad62-b8ba-4cca-9ba0-1ee18d9eb7f0', 'Cheddar Cheese', 1.0, 'cup');
INSERT INTO ingredients (id, recipe_id, name, quantity, unit) VALUES ('9b800d06-431f-4aff-b66a-aa7a4b57fbed', 'b873ad62-b8ba-4cca-9ba0-1ee18d9eb7f0', 'Worcestershire Sauce', 2.7, 'tbsp');
INSERT INTO ingredients (id, recipe_id, name, quantity, unit) VALUES ('657d132e-79c6-4479-980a-9a69ddbdd396', 'b873ad62-b8ba-4cca-9ba0-1ee18d9eb7f0', 'Potatoes', 3.2, 'lb');
INSERT INTO recipe_dietary_tags (recipe_id, tag_id) VALUES ('b873ad62-b8ba-4cca-9ba0-1ee18d9eb7f0', 9);
INSERT INTO recipe_dietary_tags (recipe_id, tag_id) VALUES ('b873ad62-b8ba-4cca-9ba0-1ee18d9eb7f0', 2);

INSERT INTO recipes (id, user_id, title, description, instructions, image_url, servings, source_url, source_name, is_archived, views, cart_adds) VALUES ('6d495a37-da03-4c16-bdc0-2fd239cc60a6', 'admin-user-id', 'Steamed Chicken with Broccoli and Cauliflower Rice', 'A delicious Steamed Chicken with Broccoli and Cauliflower Rice recipe. This Midwest-friendly dish is a family favorite and easy to make with common ingredients.', '1. Preheat oven to 375°F (190°C) if baking.
2. Prepare the Rice and other main ingredients.
3. In a large bowl, combine with seasonings.
4. Cook according to source instructions until internal temperature is safe.
5. Let rest for 5 minutes before serving.', 'https://images.unsplash.com/photo-1498837167721-8f5c1a322c2e?auto=format&fit=crop&w=800&q=60', 2, 'https://www.bonappetit.com/recipe/steamed-chicken-with-broccoli-and-cauliflower-rice', 'Bon Appetit', 0, 164, 9);
INSERT INTO ingredients (id, recipe_id, name, quantity, unit) VALUES ('16bad002-42c3-45bc-bc21-1b31977f2a30', '6d495a37-da03-4c16-bdc0-2fd239cc60a6', 'Celery', 0.9, 'cup');
INSERT INTO ingredients (id, recipe_id, name, quantity, unit) VALUES ('24d9b0a3-3b37-494b-b53a-ec4afa9d4bb9', '6d495a37-da03-4c16-bdc0-2fd239cc60a6', 'Dijon Mustard', 2.6, 'tsp');
INSERT INTO ingredients (id, recipe_id, name, quantity, unit) VALUES ('b9e78a35-84b6-4e3c-9167-b6f88a1f70c8', '6d495a37-da03-4c16-bdc0-2fd239cc60a6', 'Rice', 3.2, 'cup');
INSERT INTO ingredients (id, recipe_id, name, quantity, unit) VALUES ('8049634a-e893-436d-b8bc-9cacca160439', '6d495a37-da03-4c16-bdc0-2fd239cc60a6', 'Onion', 2.3, 'cup');
INSERT INTO ingredients (id, recipe_id, name, quantity, unit) VALUES ('b4e62f24-da48-4a14-b7e4-50438e18bbc0', '6d495a37-da03-4c16-bdc0-2fd239cc60a6', 'Olive Oil', 2.7, 'tbsp');
INSERT INTO ingredients (id, recipe_id, name, quantity, unit) VALUES ('c2c791b1-5ec5-46a6-9388-50b148899d4f', '6d495a37-da03-4c16-bdc0-2fd239cc60a6', 'Carrots', 3.4, 'cup');
INSERT INTO ingredients (id, recipe_id, name, quantity, unit) VALUES ('b4a95bb2-251c-4281-a316-5098b61f9aec', '6d495a37-da03-4c16-bdc0-2fd239cc60a6', 'Milk', 2.9, 'cup');
INSERT INTO recipe_dietary_tags (recipe_id, tag_id) VALUES ('6d495a37-da03-4c16-bdc0-2fd239cc60a6', 1);
INSERT INTO recipe_dietary_tags (recipe_id, tag_id) VALUES ('6d495a37-da03-4c16-bdc0-2fd239cc60a6', 6);
INSERT INTO recipe_dietary_tags (recipe_id, tag_id) VALUES ('6d495a37-da03-4c16-bdc0-2fd239cc60a6', 10);

INSERT INTO recipes (id, user_id, title, description, instructions, image_url, servings, source_url, source_name, is_archived, views, cart_adds) VALUES ('ffe50355-2fb0-44b9-8986-b92ca9964e1e', 'admin-user-id', 'Baked Pork with Sweet Potatoes and Wild Rice', 'A delicious Baked Pork with Sweet Potatoes and Wild Rice recipe. This Midwest-friendly dish is a family favorite and easy to make with common ingredients.', '1. Preheat oven to 375°F (190°C) if baking.
2. Prepare the Rice and other main ingredients.
3. In a large bowl, combine with seasonings.
4. Cook according to source instructions until internal temperature is safe.
5. Let rest for 5 minutes before serving.', 'https://images.unsplash.com/photo-1490645935967-10de6ba17051?auto=format&fit=crop&w=800&q=60', 7, 'https://www.tasteofhome.com/recipe/baked-pork-with-sweet-potatoes-and-wild-rice', 'Taste of Home', 0, 493, 89);
INSERT INTO ingredients (id, recipe_id, name, quantity, unit) VALUES ('d1817b7b-7cdb-4f09-87e2-26b167275460', 'ffe50355-2fb0-44b9-8986-b92ca9964e1e', 'Black Pepper', 1.2, 'tsp');
INSERT INTO ingredients (id, recipe_id, name, quantity, unit) VALUES ('4182b4a8-af1c-43da-96c2-c9fedce9ec77', 'ffe50355-2fb0-44b9-8986-b92ca9964e1e', 'Heavy Cream', 2.7, 'cup');
INSERT INTO ingredients (id, recipe_id, name, quantity, unit) VALUES ('3682e6fb-8bf1-4851-a338-46ec351589bf', 'ffe50355-2fb0-44b9-8986-b92ca9964e1e', 'Onion', 3.2, 'cup');
INSERT INTO ingredients (id, recipe_id, name, quantity, unit) VALUES ('8d074067-cf9b-4cdf-8078-2dae90afd023', 'ffe50355-2fb0-44b9-8986-b92ca9964e1e', 'Tater Tots', 1.6, 'oz');
INSERT INTO recipe_dietary_tags (recipe_id, tag_id) VALUES ('ffe50355-2fb0-44b9-8986-b92ca9964e1e', 10);
INSERT INTO recipe_dietary_tags (recipe_id, tag_id) VALUES ('ffe50355-2fb0-44b9-8986-b92ca9964e1e', 7);
INSERT INTO recipe_dietary_tags (recipe_id, tag_id) VALUES ('ffe50355-2fb0-44b9-8986-b92ca9964e1e', 8);

INSERT INTO recipes (id, user_id, title, description, instructions, image_url, servings, source_url, source_name, is_archived, views, cart_adds) VALUES ('b00c20f0-6ab1-4577-b70b-70775063da33', 'admin-user-id', 'Grilled Pork with Spinach and Lentil Pasta', 'A delicious Grilled Pork with Spinach and Lentil Pasta recipe. This Midwest-friendly dish is a family favorite and easy to make with common ingredients.', '1. Preheat oven to 375°F (190°C) if baking.
2. Prepare the Pasta and other main ingredients.
3. In a large bowl, combine with seasonings.
4. Cook according to source instructions until internal temperature is safe.
5. Let rest for 5 minutes before serving.', 'https://images.unsplash.com/photo-1506084868214-19a1f9e147f8?auto=format&fit=crop&w=800&q=60', 7, 'https://www.foodnetwork.com/recipe/grilled-pork-with-spinach-and-lentil-pasta', 'Food Network', 0, 122, 87);
INSERT INTO ingredients (id, recipe_id, name, quantity, unit) VALUES ('24a616bf-4ed8-469b-a126-b2ace6340e01', 'b00c20f0-6ab1-4577-b70b-70775063da33', 'Cheddar Cheese', 3.4, 'cup');
INSERT INTO ingredients (id, recipe_id, name, quantity, unit) VALUES ('55ca0de3-7726-48f4-8dbc-ef2d94a3dcd7', 'b00c20f0-6ab1-4577-b70b-70775063da33', 'Egg', 2.2, 'large');
INSERT INTO ingredients (id, recipe_id, name, quantity, unit) VALUES ('5e003cf9-c18f-4821-b0a0-7d4cb9e38b94', 'b00c20f0-6ab1-4577-b70b-70775063da33', 'Cream of Mushroom Soup', 0.8, 'can');
INSERT INTO ingredients (id, recipe_id, name, quantity, unit) VALUES ('99e54dd9-cb02-4ab0-8084-acd90473c024', 'b00c20f0-6ab1-4577-b70b-70775063da33', 'Onion', 3.2, 'cup');
INSERT INTO ingredients (id, recipe_id, name, quantity, unit) VALUES ('2af9aae0-4cba-454c-9e26-30585fb94f4f', 'b00c20f0-6ab1-4577-b70b-70775063da33', 'Heavy Cream', 1.9, 'cup');
INSERT INTO recipe_dietary_tags (recipe_id, tag_id) VALUES ('b00c20f0-6ab1-4577-b70b-70775063da33', 10);

INSERT INTO recipes (id, user_id, title, description, instructions, image_url, servings, source_url, source_name, is_archived, views, cart_adds) VALUES ('ee01cd32-38b5-40bf-accc-393909c6976b', 'admin-user-id', 'Steamed Cod with Asparagus and Lentil Pasta', 'A delicious Steamed Cod with Asparagus and Lentil Pasta recipe. This Midwest-friendly dish is a family favorite and easy to make with common ingredients.', '1. Preheat oven to 375°F (190°C) if baking.
2. Prepare the Pasta and other main ingredients.
3. In a large bowl, combine with seasonings.
4. Cook according to source instructions until internal temperature is safe.
5. Let rest for 5 minutes before serving.', 'https://images.unsplash.com/photo-1529042410759-adb828e4eaf0?auto=format&fit=crop&w=800&q=60', 2, 'https://www.epicurious.com/recipe/steamed-cod-with-asparagus-and-lentil-pasta', 'Epicurious', 0, 513, 11);
INSERT INTO ingredients (id, recipe_id, name, quantity, unit) VALUES ('7a385642-c2dd-443a-8723-8f37d216b3a0', 'ee01cd32-38b5-40bf-accc-393909c6976b', 'Black Pepper', 1.7, 'tsp');
INSERT INTO ingredients (id, recipe_id, name, quantity, unit) VALUES ('f11fb49c-5cf3-44f7-bbda-2f05b9140f32', 'ee01cd32-38b5-40bf-accc-393909c6976b', 'Soy Sauce', 2.0, 'tbsp');
INSERT INTO ingredients (id, recipe_id, name, quantity, unit) VALUES ('67049c6a-d526-47a2-83f0-ced9be2ecd7b', 'ee01cd32-38b5-40bf-accc-393909c6976b', 'Sour Cream', 1.0, 'cup');
INSERT INTO ingredients (id, recipe_id, name, quantity, unit) VALUES ('5ad3c90d-b023-4b20-ac65-24446d4217ea', 'ee01cd32-38b5-40bf-accc-393909c6976b', 'Egg', 0.8, 'large');
INSERT INTO ingredients (id, recipe_id, name, quantity, unit) VALUES ('4e575c3c-88ba-4bf4-91fa-03a810b06e49', 'ee01cd32-38b5-40bf-accc-393909c6976b', 'Olive Oil', 2.1, 'tbsp');
INSERT INTO recipe_dietary_tags (recipe_id, tag_id) VALUES ('ee01cd32-38b5-40bf-accc-393909c6976b', 3);

INSERT INTO recipes (id, user_id, title, description, instructions, image_url, servings, source_url, source_name, is_archived, views, cart_adds) VALUES ('0c030de8-eaae-4d98-b5f2-a3d01137ac47', 'admin-user-id', 'Grilled Chicken with Spinach and Couscous', 'A delicious Grilled Chicken with Spinach and Couscous recipe. This Midwest-friendly dish is a family favorite and easy to make with common ingredients.', '1. Preheat oven to 375°F (190°C) if baking.
2. Prepare the Couscous and other main ingredients.
3. In a large bowl, combine with seasonings.
4. Cook according to source instructions until internal temperature is safe.
5. Let rest for 5 minutes before serving.', 'https://images.unsplash.com/photo-1455619452474-d2ba29bc06da?auto=format&fit=crop&w=800&q=60', 3, 'https://www.foodnetwork.com/recipe/grilled-chicken-with-spinach-and-couscous', 'Food Network', 0, 465, 69);
INSERT INTO ingredients (id, recipe_id, name, quantity, unit) VALUES ('7af73e50-ded5-4032-84f1-9b0e131985f6', '0c030de8-eaae-4d98-b5f2-a3d01137ac47', 'Chicken Breast', 2.4, 'lb');
INSERT INTO ingredients (id, recipe_id, name, quantity, unit) VALUES ('93e086e4-c6cb-4226-9d74-e3e4971fabbb', '0c030de8-eaae-4d98-b5f2-a3d01137ac47', 'Worcestershire Sauce', 1.7, 'tbsp');
INSERT INTO ingredients (id, recipe_id, name, quantity, unit) VALUES ('f99ecb81-fd66-4c7d-92fb-aa97261eedeb', '0c030de8-eaae-4d98-b5f2-a3d01137ac47', 'Frozen Peas', 1.7, 'cup');
INSERT INTO ingredients (id, recipe_id, name, quantity, unit) VALUES ('b50d7fdc-1db8-4321-8d16-241e91165977', '0c030de8-eaae-4d98-b5f2-a3d01137ac47', 'Tomato Sauce', 1.3, 'oz');
INSERT INTO ingredients (id, recipe_id, name, quantity, unit) VALUES ('d29d186b-7806-4d81-8d61-8d1028f4818b', '0c030de8-eaae-4d98-b5f2-a3d01137ac47', 'Lemon Juice', 2.2, 'tbsp');
INSERT INTO recipe_dietary_tags (recipe_id, tag_id) VALUES ('0c030de8-eaae-4d98-b5f2-a3d01137ac47', 10);

INSERT INTO recipes (id, user_id, title, description, instructions, image_url, servings, source_url, source_name, is_archived, views, cart_adds) VALUES ('7e0e3732-0b11-4405-902e-fbc6585f114f', 'admin-user-id', 'Air Fried Shrimp with Carrots and Quinoa', 'A delicious Air Fried Shrimp with Carrots and Quinoa recipe. This Midwest-friendly dish is a family favorite and easy to make with common ingredients.', '1. Preheat oven to 375°F (190°C) if baking.
2. Prepare the Quinoa and other main ingredients.
3. In a large bowl, combine with seasonings.
4. Cook according to source instructions until internal temperature is safe.
5. Let rest for 5 minutes before serving.', 'https://images.unsplash.com/photo-1504113888839-14294c223d51?auto=format&fit=crop&w=800&q=60', 2, 'https://www.bonappetit.com/recipe/air-fried-shrimp-with-carrots-and-quinoa', 'Bon Appetit', 0, 597, 12);
INSERT INTO ingredients (id, recipe_id, name, quantity, unit) VALUES ('e6a6ee7d-a1d1-4437-a0b6-2f9b6547e7ab', '7e0e3732-0b11-4405-902e-fbc6585f114f', 'Tomato Sauce', 2.7, 'oz');
INSERT INTO ingredients (id, recipe_id, name, quantity, unit) VALUES ('1ef97659-dd67-4433-9a5a-688f294577ff', '7e0e3732-0b11-4405-902e-fbc6585f114f', 'Heavy Cream', 1.6, 'cup');
INSERT INTO ingredients (id, recipe_id, name, quantity, unit) VALUES ('e24ba88e-b69d-4ee8-9915-250ba9081d37', '7e0e3732-0b11-4405-902e-fbc6585f114f', 'Cream of Mushroom Soup', 0.7, 'can');
INSERT INTO ingredients (id, recipe_id, name, quantity, unit) VALUES ('fed982e9-ecf5-455a-ba38-1a7e68e681f2', '7e0e3732-0b11-4405-902e-fbc6585f114f', 'Pasta', 1.5, 'oz');
INSERT INTO recipe_dietary_tags (recipe_id, tag_id) VALUES ('7e0e3732-0b11-4405-902e-fbc6585f114f', 2);

INSERT INTO recipes (id, user_id, title, description, instructions, image_url, servings, source_url, source_name, is_archived, views, cart_adds) VALUES ('9d100da2-f7c1-4db4-b803-8b268a06fa5c', 'admin-user-id', 'Baked Chicken with Green Beans and Wild Rice', 'A delicious Baked Chicken with Green Beans and Wild Rice recipe. This Midwest-friendly dish is a family favorite and easy to make with common ingredients.', '1. Preheat oven to 375°F (190°C) if baking.
2. Prepare the Rice and other main ingredients.
3. In a large bowl, combine with seasonings.
4. Cook according to source instructions until internal temperature is safe.
5. Let rest for 5 minutes before serving.', 'https://images.unsplash.com/photo-1546062477-fe2f66230ba3?auto=format&fit=crop&w=800&q=60', 3, 'https://www.allrecipes.com/recipe/baked-chicken-with-green-beans-and-wild-rice', 'AllRecipes', 0, 883, 23);
INSERT INTO ingredients (id, recipe_id, name, quantity, unit) VALUES ('0899a907-861b-4037-9c2c-56b0bd35e148', '9d100da2-f7c1-4db4-b803-8b268a06fa5c', 'Olive Oil', 1.9, 'tbsp');
INSERT INTO ingredients (id, recipe_id, name, quantity, unit) VALUES ('7d9f9a6e-94f3-4f8f-bcd6-417fc6035525', '9d100da2-f7c1-4db4-b803-8b268a06fa5c', 'Rice', 0.8, 'cup');
INSERT INTO ingredients (id, recipe_id, name, quantity, unit) VALUES ('7847d2c0-eb2e-444b-9451-3c3ae80a5fe5', '9d100da2-f7c1-4db4-b803-8b268a06fa5c', 'Salt', 2.7, 'tsp');
INSERT INTO ingredients (id, recipe_id, name, quantity, unit) VALUES ('5662241f-19fa-4c9e-b449-06f497e0d060', '9d100da2-f7c1-4db4-b803-8b268a06fa5c', 'Chicken Breast', 2.4, 'lb');
INSERT INTO recipe_dietary_tags (recipe_id, tag_id) VALUES ('9d100da2-f7c1-4db4-b803-8b268a06fa5c', 10);

INSERT INTO recipes (id, user_id, title, description, instructions, image_url, servings, source_url, source_name, is_archived, views, cart_adds) VALUES ('48428818-816b-4251-96f1-34311daa142f', 'admin-user-id', 'Air Fried Chicken with Kale and Brown Rice', 'A delicious Air Fried Chicken with Kale and Brown Rice recipe. This Midwest-friendly dish is a family favorite and easy to make with common ingredients.', '1. Preheat oven to 375°F (190°C) if baking.
2. Prepare the Rice and other main ingredients.
3. In a large bowl, combine with seasonings.
4. Cook according to source instructions until internal temperature is safe.
5. Let rest for 5 minutes before serving.', 'https://images.unsplash.com/photo-1504674900247-0877df9cc836?auto=format&fit=crop&w=800&q=60', 3, 'https://www.allrecipes.com/recipe/air-fried-chicken-with-kale-and-brown-rice', 'AllRecipes', 0, 499, 16);
INSERT INTO ingredients (id, recipe_id, name, quantity, unit) VALUES ('d6206e8d-f5e2-40ec-8b39-d1f827dc2f5f', '48428818-816b-4251-96f1-34311daa142f', 'Sour Cream', 2.1, 'cup');
INSERT INTO ingredients (id, recipe_id, name, quantity, unit) VALUES ('d873a3e6-a1ca-49a2-aea7-9579b58e37d3', '48428818-816b-4251-96f1-34311daa142f', 'Onion', 2.4, 'cup');
INSERT INTO ingredients (id, recipe_id, name, quantity, unit) VALUES ('c645379c-3018-48ca-b50c-f254cac8d3bb', '48428818-816b-4251-96f1-34311daa142f', 'Salt', 2.0, 'tsp');
INSERT INTO ingredients (id, recipe_id, name, quantity, unit) VALUES ('a61ef182-fc5f-4c17-b798-c53ad0bc9c99', '48428818-816b-4251-96f1-34311daa142f', 'Egg', 1.6, 'large');
INSERT INTO ingredients (id, recipe_id, name, quantity, unit) VALUES ('a72e84c4-461c-44ac-a43a-af29cab8ae4d', '48428818-816b-4251-96f1-34311daa142f', 'Milk', 1.2, 'cup');
INSERT INTO ingredients (id, recipe_id, name, quantity, unit) VALUES ('50d3981a-be2c-415c-8baf-70f0ea94096b', '48428818-816b-4251-96f1-34311daa142f', 'Chicken Breast', 2.8, 'lb');
INSERT INTO recipe_dietary_tags (recipe_id, tag_id) VALUES ('48428818-816b-4251-96f1-34311daa142f', 10);

INSERT INTO recipes (id, user_id, title, description, instructions, image_url, servings, source_url, source_name, is_archived, views, cart_adds) VALUES ('ef34b9d7-bed0-4e48-bdc4-0b404f77a9fa', 'admin-user-id', 'Air Fried Lamb with Zucchini and Brown Rice', 'A delicious Air Fried Lamb with Zucchini and Brown Rice recipe. This Midwest-friendly dish is a family favorite and easy to make with common ingredients.', '1. Preheat oven to 375°F (190°C) if baking.
2. Prepare the Rice and other main ingredients.
3. In a large bowl, combine with seasonings.
4. Cook according to source instructions until internal temperature is safe.
5. Let rest for 5 minutes before serving.', 'https://images.unsplash.com/photo-1493770348161-369560ae357d?auto=format&fit=crop&w=800&q=60', 2, 'https://www.bonappetit.com/recipe/air-fried-lamb-with-zucchini-and-brown-rice', 'Bon Appetit', 0, 107, 92);
INSERT INTO ingredients (id, recipe_id, name, quantity, unit) VALUES ('f23b9733-9ac1-40f2-9903-e5330ab4bc7e', 'ef34b9d7-bed0-4e48-bdc4-0b404f77a9fa', 'Potatoes', 1.5, 'lb');
INSERT INTO ingredients (id, recipe_id, name, quantity, unit) VALUES ('5485c642-6db8-4d45-98e9-933759261208', 'ef34b9d7-bed0-4e48-bdc4-0b404f77a9fa', 'Rice', 1.3, 'cup');
INSERT INTO ingredients (id, recipe_id, name, quantity, unit) VALUES ('121e9db0-d5d1-4d84-862f-2526d8c636ff', 'ef34b9d7-bed0-4e48-bdc4-0b404f77a9fa', 'Tomato Sauce', 0.9, 'oz');
INSERT INTO ingredients (id, recipe_id, name, quantity, unit) VALUES ('49a72936-8d2e-4b93-8e4c-05f12c6f84c1', 'ef34b9d7-bed0-4e48-bdc4-0b404f77a9fa', 'Dijon Mustard', 3.3, 'tsp');
INSERT INTO ingredients (id, recipe_id, name, quantity, unit) VALUES ('07c2efc6-ec37-4080-b5f7-fdb189caf016', 'ef34b9d7-bed0-4e48-bdc4-0b404f77a9fa', 'Milk', 3.4, 'cup');
INSERT INTO ingredients (id, recipe_id, name, quantity, unit) VALUES ('ecb772f3-39f4-4ae2-84dc-db020cdc04d8', 'ef34b9d7-bed0-4e48-bdc4-0b404f77a9fa', 'Olive Oil', 1.2, 'tbsp');
INSERT INTO ingredients (id, recipe_id, name, quantity, unit) VALUES ('2bca4cb8-c1d8-4962-8ac6-30f5e95dd73f', 'ef34b9d7-bed0-4e48-bdc4-0b404f77a9fa', 'Honey', 2.4, 'tbsp');
INSERT INTO recipe_dietary_tags (recipe_id, tag_id) VALUES ('ef34b9d7-bed0-4e48-bdc4-0b404f77a9fa', 2);

INSERT INTO recipes (id, user_id, title, description, instructions, image_url, servings, source_url, source_name, is_archived, views, cart_adds) VALUES ('3e939aca-e4e4-4458-aba0-ad5f8371b8eb', 'admin-user-id', 'Pan-Seared Lamb with Broccoli and Brown Rice', 'A delicious Pan-Seared Lamb with Broccoli and Brown Rice recipe. This Midwest-friendly dish is a family favorite and easy to make with common ingredients.', '1. Preheat oven to 375°F (190°C) if baking.
2. Prepare the Rice and other main ingredients.
3. In a large bowl, combine with seasonings.
4. Cook according to source instructions until internal temperature is safe.
5. Let rest for 5 minutes before serving.', 'https://images.unsplash.com/photo-1473093226795-af9932fe5856?auto=format&fit=crop&w=800&q=60', 3, 'https://www.epicurious.com/recipe/pan-seared-lamb-with-broccoli-and-brown-rice', 'Epicurious', 0, 155, 49);
INSERT INTO ingredients (id, recipe_id, name, quantity, unit) VALUES ('9af6cd18-14dd-418b-8d97-a6c47bf01f9d', '3e939aca-e4e4-4458-aba0-ad5f8371b8eb', 'Salt', 0.6, 'tsp');
INSERT INTO ingredients (id, recipe_id, name, quantity, unit) VALUES ('f69938b2-f20f-4e6f-adbb-8c887a427451', '3e939aca-e4e4-4458-aba0-ad5f8371b8eb', 'Egg', 2.9, 'large');
INSERT INTO ingredients (id, recipe_id, name, quantity, unit) VALUES ('82441587-b4ca-425a-88c0-a69e285b8352', '3e939aca-e4e4-4458-aba0-ad5f8371b8eb', 'Rice', 2.0, 'cup');
INSERT INTO ingredients (id, recipe_id, name, quantity, unit) VALUES ('af70c485-c2eb-4c67-b093-0e17bca91201', '3e939aca-e4e4-4458-aba0-ad5f8371b8eb', 'Honey', 1.1, 'tbsp');
INSERT INTO ingredients (id, recipe_id, name, quantity, unit) VALUES ('6cc860af-7a49-40cd-abb3-5391bc179bb9', '3e939aca-e4e4-4458-aba0-ad5f8371b8eb', 'Breadcrumbs', 0.6, 'cup');
INSERT INTO ingredients (id, recipe_id, name, quantity, unit) VALUES ('e72c8f36-3211-4f4c-8b73-a82ee1ebffca', '3e939aca-e4e4-4458-aba0-ad5f8371b8eb', 'Celery', 1.5, 'cup');
INSERT INTO recipe_dietary_tags (recipe_id, tag_id) VALUES ('3e939aca-e4e4-4458-aba0-ad5f8371b8eb', 9);
INSERT INTO recipe_dietary_tags (recipe_id, tag_id) VALUES ('3e939aca-e4e4-4458-aba0-ad5f8371b8eb', 7);

INSERT INTO recipes (id, user_id, title, description, instructions, image_url, servings, source_url, source_name, is_archived, views, cart_adds) VALUES ('c3af1339-7434-4eeb-a7d4-13f532f13b69', 'admin-user-id', 'Slow Cooked Turkey with Cauliflower and Brown Rice', 'A delicious Slow Cooked Turkey with Cauliflower and Brown Rice recipe. This Midwest-friendly dish is a family favorite and easy to make with common ingredients.', '1. Preheat oven to 375°F (190°C) if baking.
2. Prepare the Rice and other main ingredients.
3. In a large bowl, combine with seasonings.
4. Cook according to source instructions until internal temperature is safe.
5. Let rest for 5 minutes before serving.', 'https://images.unsplash.com/photo-1512621776951-a57141f2eefd?auto=format&fit=crop&w=800&q=60', 4, 'https://www.bonappetit.com/recipe/slow-cooked-turkey-with-cauliflower-and-brown-rice', 'Bon Appetit', 0, 928, 6);
INSERT INTO ingredients (id, recipe_id, name, quantity, unit) VALUES ('e4fc3848-10d6-409e-91b4-d2875ef42084', 'c3af1339-7434-4eeb-a7d4-13f532f13b69', 'Frozen Peas', 1.5, 'cup');
INSERT INTO ingredients (id, recipe_id, name, quantity, unit) VALUES ('c06fce6a-436c-4566-84ae-060b17759d54', 'c3af1339-7434-4eeb-a7d4-13f532f13b69', 'Sour Cream', 2.6, 'cup');
INSERT INTO ingredients (id, recipe_id, name, quantity, unit) VALUES ('6e5bebb5-cfda-4ece-8eb6-1dafb2bbf6ef', 'c3af1339-7434-4eeb-a7d4-13f532f13b69', 'Pasta', 1.7, 'oz');
INSERT INTO ingredients (id, recipe_id, name, quantity, unit) VALUES ('daf55ca1-e937-4cb5-8451-fb7e8b3d609b', 'c3af1339-7434-4eeb-a7d4-13f532f13b69', 'Cream of Mushroom Soup', 3.3, 'can');
INSERT INTO ingredients (id, recipe_id, name, quantity, unit) VALUES ('c7dae4a7-9c9b-43d6-a343-bf97d91a7d3c', 'c3af1339-7434-4eeb-a7d4-13f532f13b69', 'Black Pepper', 1.6, 'tsp');
INSERT INTO ingredients (id, recipe_id, name, quantity, unit) VALUES ('5d4eb8f1-4fc0-4f9f-8e89-a28b06a6b61a', 'c3af1339-7434-4eeb-a7d4-13f532f13b69', 'Worcestershire Sauce', 2.3, 'tbsp');
INSERT INTO ingredients (id, recipe_id, name, quantity, unit) VALUES ('d3f5e73b-e327-43f7-a295-d6b40fe03f33', 'c3af1339-7434-4eeb-a7d4-13f532f13b69', 'Ground Beef', 1.1, 'lb');
INSERT INTO recipe_dietary_tags (recipe_id, tag_id) VALUES ('c3af1339-7434-4eeb-a7d4-13f532f13b69', 4);

INSERT INTO recipes (id, user_id, title, description, instructions, image_url, servings, source_url, source_name, is_archived, views, cart_adds) VALUES ('ea7123d6-7b42-4c28-9354-225a4c2c08c8', 'admin-user-id', 'Baked Turkey with Carrots and Lentil Pasta', 'A delicious Baked Turkey with Carrots and Lentil Pasta recipe. This Midwest-friendly dish is a family favorite and easy to make with common ingredients.', '1. Preheat oven to 375°F (190°C) if baking.
2. Prepare the Pasta and other main ingredients.
3. In a large bowl, combine with seasonings.
4. Cook according to source instructions until internal temperature is safe.
5. Let rest for 5 minutes before serving.', 'https://images.unsplash.com/photo-1482049016688-2d3e1b311543?auto=format&fit=crop&w=800&q=60', 7, 'https://www.foodnetwork.com/recipe/baked-turkey-with-carrots-and-lentil-pasta', 'Food Network', 0, 646, 29);
INSERT INTO ingredients (id, recipe_id, name, quantity, unit) VALUES ('07df2e75-b1bf-499b-990c-a0a7337a1ff7', 'ea7123d6-7b42-4c28-9354-225a4c2c08c8', 'Milk', 2.5, 'cup');
INSERT INTO ingredients (id, recipe_id, name, quantity, unit) VALUES ('94ded95b-60f5-46ef-bc38-476f6a7e4b27', 'ea7123d6-7b42-4c28-9354-225a4c2c08c8', 'Tater Tots', 1.9, 'oz');
INSERT INTO ingredients (id, recipe_id, name, quantity, unit) VALUES ('9991de4e-c9b3-49ad-9fcf-ed9bc9c8cd95', 'ea7123d6-7b42-4c28-9354-225a4c2c08c8', 'Heavy Cream', 3.4, 'cup');
INSERT INTO ingredients (id, recipe_id, name, quantity, unit) VALUES ('09d83038-a0ab-4903-8fad-fcd9d9a6037b', 'ea7123d6-7b42-4c28-9354-225a4c2c08c8', 'Honey', 2.9, 'tbsp');
INSERT INTO ingredients (id, recipe_id, name, quantity, unit) VALUES ('44c54de2-1243-41f4-b997-1795de057476', 'ea7123d6-7b42-4c28-9354-225a4c2c08c8', 'Rice', 1.4, 'cup');
INSERT INTO ingredients (id, recipe_id, name, quantity, unit) VALUES ('be6cec84-e78e-4f5b-a98f-30623cd74ab7', 'ea7123d6-7b42-4c28-9354-225a4c2c08c8', 'Potatoes', 1.1, 'lb');
INSERT INTO recipe_dietary_tags (recipe_id, tag_id) VALUES ('ea7123d6-7b42-4c28-9354-225a4c2c08c8', 8);
INSERT INTO recipe_dietary_tags (recipe_id, tag_id) VALUES ('ea7123d6-7b42-4c28-9354-225a4c2c08c8', 7);

INSERT INTO recipes (id, user_id, title, description, instructions, image_url, servings, source_url, source_name, is_archived, views, cart_adds) VALUES ('8c8915a1-e157-4d11-a18e-3577e15f16e0', 'admin-user-id', 'Sautéed Salmon with Spinach and Zucchini Noodles', 'A delicious Sautéed Salmon with Spinach and Zucchini Noodles recipe. This Midwest-friendly dish is a family favorite and easy to make with common ingredients.', '1. Preheat oven to 375°F (190°C) if baking.
2. Prepare the Noodles and other main ingredients.
3. In a large bowl, combine with seasonings.
4. Cook according to source instructions until internal temperature is safe.
5. Let rest for 5 minutes before serving.', 'https://images.unsplash.com/photo-1484723091739-30a097e8f929?auto=format&fit=crop&w=800&q=60', 2, 'https://www.bonappetit.com/recipe/saut-ed-salmon-with-spinach-and-zucchini-noodles', 'Bon Appetit', 0, 480, 52);
INSERT INTO ingredients (id, recipe_id, name, quantity, unit) VALUES ('34893d41-b287-4c73-9251-ecbb3bf21729', '8c8915a1-e157-4d11-a18e-3577e15f16e0', 'Breadcrumbs', 3.4, 'cup');
INSERT INTO ingredients (id, recipe_id, name, quantity, unit) VALUES ('4ddcbb50-11da-4e91-90d2-71779a169a23', '8c8915a1-e157-4d11-a18e-3577e15f16e0', 'Worcestershire Sauce', 1.1, 'tbsp');
INSERT INTO ingredients (id, recipe_id, name, quantity, unit) VALUES ('9cf79d33-e6e0-41f0-afcc-7086f6854677', '8c8915a1-e157-4d11-a18e-3577e15f16e0', 'Potatoes', 0.5, 'lb');
INSERT INTO ingredients (id, recipe_id, name, quantity, unit) VALUES ('55cbf830-fc4a-4965-a061-b0beb4433434', '8c8915a1-e157-4d11-a18e-3577e15f16e0', 'Garlic', 2.9, 'clove');
INSERT INTO ingredients (id, recipe_id, name, quantity, unit) VALUES ('35e74db1-8aca-4c34-88df-e448c19b1d81', '8c8915a1-e157-4d11-a18e-3577e15f16e0', 'Salt', 1.6, 'tsp');
INSERT INTO recipe_dietary_tags (recipe_id, tag_id) VALUES ('8c8915a1-e157-4d11-a18e-3577e15f16e0', 1);
INSERT INTO recipe_dietary_tags (recipe_id, tag_id) VALUES ('8c8915a1-e157-4d11-a18e-3577e15f16e0', 6);
INSERT INTO recipe_dietary_tags (recipe_id, tag_id) VALUES ('8c8915a1-e157-4d11-a18e-3577e15f16e0', 3);
INSERT INTO recipe_dietary_tags (recipe_id, tag_id) VALUES ('8c8915a1-e157-4d11-a18e-3577e15f16e0', 7);

INSERT INTO recipes (id, user_id, title, description, instructions, image_url, servings, source_url, source_name, is_archived, views, cart_adds) VALUES ('ef2699a7-3250-473e-906d-0ab7e61b8e19', 'admin-user-id', 'Sautéed Salmon with Brussels Sprouts and Brown Rice', 'A delicious Sautéed Salmon with Brussels Sprouts and Brown Rice recipe. This Midwest-friendly dish is a family favorite and easy to make with common ingredients.', '1. Preheat oven to 375°F (190°C) if baking.
2. Prepare the Rice and other main ingredients.
3. In a large bowl, combine with seasonings.
4. Cook according to source instructions until internal temperature is safe.
5. Let rest for 5 minutes before serving.', 'https://images.unsplash.com/photo-1540189549336-e6e99c3679fe?auto=format&fit=crop&w=800&q=60', 7, 'https://www.epicurious.com/recipe/saut-ed-salmon-with-brussels-sprouts-and-brown-rice', 'Epicurious', 0, 418, 38);
INSERT INTO ingredients (id, recipe_id, name, quantity, unit) VALUES ('92c55190-b478-4efc-9521-1ae6b5ec2185', 'ef2699a7-3250-473e-906d-0ab7e61b8e19', 'Egg', 3.3, 'large');
INSERT INTO ingredients (id, recipe_id, name, quantity, unit) VALUES ('65d7578b-b285-4a49-ad06-1f76869d06bc', 'ef2699a7-3250-473e-906d-0ab7e61b8e19', 'Salt', 1.9, 'tsp');
INSERT INTO ingredients (id, recipe_id, name, quantity, unit) VALUES ('30dd00a7-ff67-42db-ac63-182d99252105', 'ef2699a7-3250-473e-906d-0ab7e61b8e19', 'Tater Tots', 3.4, 'oz');
INSERT INTO ingredients (id, recipe_id, name, quantity, unit) VALUES ('7ee38e25-9c9b-4ea8-9661-946f5b382afb', 'ef2699a7-3250-473e-906d-0ab7e61b8e19', 'Rice', 3.4, 'cup');
INSERT INTO recipe_dietary_tags (recipe_id, tag_id) VALUES ('ef2699a7-3250-473e-906d-0ab7e61b8e19', 3);
INSERT INTO recipe_dietary_tags (recipe_id, tag_id) VALUES ('ef2699a7-3250-473e-906d-0ab7e61b8e19', 2);

INSERT INTO recipes (id, user_id, title, description, instructions, image_url, servings, source_url, source_name, is_archived, views, cart_adds) VALUES ('4c07611d-afcc-49f3-b574-995bfe4f2f67', 'admin-user-id', 'Pan-Seared Beef with Broccoli and Quinoa', 'A delicious Pan-Seared Beef with Broccoli and Quinoa recipe. This Midwest-friendly dish is a family favorite and easy to make with common ingredients.', '1. Preheat oven to 375°F (190°C) if baking.
2. Prepare the Quinoa and other main ingredients.
3. In a large bowl, combine with seasonings.
4. Cook according to source instructions until internal temperature is safe.
5. Let rest for 5 minutes before serving.', 'https://images.unsplash.com/photo-1567620985035-091781110527?auto=format&fit=crop&w=800&q=60', 7, 'https://www.tasteofhome.com/recipe/pan-seared-beef-with-broccoli-and-quinoa', 'Taste of Home', 0, 379, 84);
INSERT INTO ingredients (id, recipe_id, name, quantity, unit) VALUES ('a7fe12c9-7800-4822-ae9c-00fed68c9718', '4c07611d-afcc-49f3-b574-995bfe4f2f67', 'Onion', 3.1, 'cup');
INSERT INTO ingredients (id, recipe_id, name, quantity, unit) VALUES ('fcb127bb-f7c3-4d9b-92ab-c13bdd768263', '4c07611d-afcc-49f3-b574-995bfe4f2f67', 'Frozen Peas', 3.0, 'cup');
INSERT INTO ingredients (id, recipe_id, name, quantity, unit) VALUES ('453c3c58-4792-40bf-a0f2-6774e7757abf', '4c07611d-afcc-49f3-b574-995bfe4f2f67', 'Heavy Cream', 1.5, 'cup');
INSERT INTO ingredients (id, recipe_id, name, quantity, unit) VALUES ('68364d22-41ef-44ea-9f38-a9a11e0d87af', '4c07611d-afcc-49f3-b574-995bfe4f2f67', 'Carrots', 1.2, 'cup');
INSERT INTO ingredients (id, recipe_id, name, quantity, unit) VALUES ('5d49c024-4093-4a91-85bb-35ebd5c2c119', '4c07611d-afcc-49f3-b574-995bfe4f2f67', 'Egg', 3.5, 'large');
INSERT INTO ingredients (id, recipe_id, name, quantity, unit) VALUES ('a924418b-05c9-4924-9090-73d706f19ca7', '4c07611d-afcc-49f3-b574-995bfe4f2f67', 'Chicken Breast', 2.1, 'lb');
INSERT INTO ingredients (id, recipe_id, name, quantity, unit) VALUES ('8ee6ae03-a1dd-41e7-9d82-7127e9785651', '4c07611d-afcc-49f3-b574-995bfe4f2f67', 'Garlic', 3.4, 'clove');
INSERT INTO recipe_dietary_tags (recipe_id, tag_id) VALUES ('4c07611d-afcc-49f3-b574-995bfe4f2f67', 10);

INSERT INTO recipes (id, user_id, title, description, instructions, image_url, servings, source_url, source_name, is_archived, views, cart_adds) VALUES ('6f7835c4-afa6-4593-b9b7-04b4935ab432', 'admin-user-id', 'Air Fried Lamb with Brussels Sprouts and Zucchini Noodles', 'A delicious Air Fried Lamb with Brussels Sprouts and Zucchini Noodles recipe. This Midwest-friendly dish is a family favorite and easy to make with common ingredients.', '1. Preheat oven to 375°F (190°C) if baking.
2. Prepare the Noodles and other main ingredients.
3. In a large bowl, combine with seasonings.
4. Cook according to source instructions until internal temperature is safe.
5. Let rest for 5 minutes before serving.', 'https://images.unsplash.com/photo-1565299624946-b28f40a0ae38?auto=format&fit=crop&w=800&q=60', 4, 'https://www.foodnetwork.com/recipe/air-fried-lamb-with-brussels-sprouts-and-zucchini-noodles', 'Food Network', 0, 611, 30);
INSERT INTO ingredients (id, recipe_id, name, quantity, unit) VALUES ('b1c3ba27-0d6d-4e24-ae2f-e73a6a5eaaa6', '6f7835c4-afa6-4593-b9b7-04b4935ab432', 'Pasta', 3.4, 'oz');
INSERT INTO ingredients (id, recipe_id, name, quantity, unit) VALUES ('b1b9fa1d-a0c4-4606-959d-b3117451c829', '6f7835c4-afa6-4593-b9b7-04b4935ab432', 'Chicken Breast', 3.3, 'lb');
INSERT INTO ingredients (id, recipe_id, name, quantity, unit) VALUES ('8c3b890e-f535-4871-96d2-33e8e0638ad6', '6f7835c4-afa6-4593-b9b7-04b4935ab432', 'Butter', 2.0, 'tbsp');
INSERT INTO ingredients (id, recipe_id, name, quantity, unit) VALUES ('976a8157-10b6-4496-a3e8-5f2538f11483', '6f7835c4-afa6-4593-b9b7-04b4935ab432', 'Dijon Mustard', 3.2, 'tsp');
INSERT INTO ingredients (id, recipe_id, name, quantity, unit) VALUES ('42574b55-b076-411f-a4da-5f2c8ec8dfc6', '6f7835c4-afa6-4593-b9b7-04b4935ab432', 'Milk', 2.3, 'cup');
INSERT INTO ingredients (id, recipe_id, name, quantity, unit) VALUES ('ad6c92d8-f7b8-4d58-9b47-9dcbbd15391a', '6f7835c4-afa6-4593-b9b7-04b4935ab432', 'Celery', 0.8, 'cup');
INSERT INTO ingredients (id, recipe_id, name, quantity, unit) VALUES ('7940cdb8-d12c-4031-b882-8fccc6173d09', '6f7835c4-afa6-4593-b9b7-04b4935ab432', 'Cream of Mushroom Soup', 1.4, 'can');
INSERT INTO recipe_dietary_tags (recipe_id, tag_id) VALUES ('6f7835c4-afa6-4593-b9b7-04b4935ab432', 1);
INSERT INTO recipe_dietary_tags (recipe_id, tag_id) VALUES ('6f7835c4-afa6-4593-b9b7-04b4935ab432', 6);
INSERT INTO recipe_dietary_tags (recipe_id, tag_id) VALUES ('6f7835c4-afa6-4593-b9b7-04b4935ab432', 2);
INSERT INTO recipe_dietary_tags (recipe_id, tag_id) VALUES ('6f7835c4-afa6-4593-b9b7-04b4935ab432', 4);
INSERT INTO recipe_dietary_tags (recipe_id, tag_id) VALUES ('6f7835c4-afa6-4593-b9b7-04b4935ab432', 7);

INSERT INTO recipes (id, user_id, title, description, instructions, image_url, servings, source_url, source_name, is_archived, views, cart_adds) VALUES ('c9abe561-a437-40e5-b221-52bbfe84d2ba', 'admin-user-id', 'Baked Salmon with Cauliflower and Cauliflower Rice', 'A delicious Baked Salmon with Cauliflower and Cauliflower Rice recipe. This Midwest-friendly dish is a family favorite and easy to make with common ingredients.', '1. Preheat oven to 375°F (190°C) if baking.
2. Prepare the Rice and other main ingredients.
3. In a large bowl, combine with seasonings.
4. Cook according to source instructions until internal temperature is safe.
5. Let rest for 5 minutes before serving.', 'https://images.unsplash.com/photo-1555939594-58d7cb561ad1?auto=format&fit=crop&w=800&q=60', 4, 'https://www.epicurious.com/recipe/baked-salmon-with-cauliflower-and-cauliflower-rice', 'Epicurious', 0, 335, 90);
INSERT INTO ingredients (id, recipe_id, name, quantity, unit) VALUES ('a08e6004-624c-482d-8e7a-f423a868bd37', 'c9abe561-a437-40e5-b221-52bbfe84d2ba', 'Celery', 1.1, 'cup');
INSERT INTO ingredients (id, recipe_id, name, quantity, unit) VALUES ('8ffd9bda-74b3-48f6-b51c-b6db19489e80', 'c9abe561-a437-40e5-b221-52bbfe84d2ba', 'Rice', 2.7, 'cup');
INSERT INTO ingredients (id, recipe_id, name, quantity, unit) VALUES ('ae7412f3-c6b6-4122-96a0-a460876cd51a', 'c9abe561-a437-40e5-b221-52bbfe84d2ba', 'Tater Tots', 2.1, 'oz');
INSERT INTO ingredients (id, recipe_id, name, quantity, unit) VALUES ('c0c9c73b-411f-423f-b119-6520a04b187d', 'c9abe561-a437-40e5-b221-52bbfe84d2ba', 'Potatoes', 2.8, 'lb');
INSERT INTO ingredients (id, recipe_id, name, quantity, unit) VALUES ('b89914f5-2764-4e18-894e-095b130bcc3c', 'c9abe561-a437-40e5-b221-52bbfe84d2ba', 'Lemon Juice', 2.6, 'tbsp');
INSERT INTO ingredients (id, recipe_id, name, quantity, unit) VALUES ('246c8559-7945-4c07-bfa2-bc2379892692', 'c9abe561-a437-40e5-b221-52bbfe84d2ba', 'Carrots', 3.3, 'cup');
INSERT INTO recipe_dietary_tags (recipe_id, tag_id) VALUES ('c9abe561-a437-40e5-b221-52bbfe84d2ba', 1);
INSERT INTO recipe_dietary_tags (recipe_id, tag_id) VALUES ('c9abe561-a437-40e5-b221-52bbfe84d2ba', 6);
INSERT INTO recipe_dietary_tags (recipe_id, tag_id) VALUES ('c9abe561-a437-40e5-b221-52bbfe84d2ba', 3);

INSERT INTO recipes (id, user_id, title, description, instructions, image_url, servings, source_url, source_name, is_archived, views, cart_adds) VALUES ('82c8d318-24a6-4ff7-b11d-45709a6352a6', 'admin-user-id', 'Roasted Cod with Zucchini and Wild Rice', 'A delicious Roasted Cod with Zucchini and Wild Rice recipe. This Midwest-friendly dish is a family favorite and easy to make with common ingredients.', '1. Preheat oven to 375°F (190°C) if baking.
2. Prepare the Rice and other main ingredients.
3. In a large bowl, combine with seasonings.
4. Cook according to source instructions until internal temperature is safe.
5. Let rest for 5 minutes before serving.', 'https://images.unsplash.com/photo-1513104894114-bd7ea4718312?auto=format&fit=crop&w=800&q=60', 5, 'https://www.allrecipes.com/recipe/roasted-cod-with-zucchini-and-wild-rice', 'AllRecipes', 0, 990, 7);
INSERT INTO ingredients (id, recipe_id, name, quantity, unit) VALUES ('bfe72152-4ca4-425f-a965-4f36d768a3ee', '82c8d318-24a6-4ff7-b11d-45709a6352a6', 'Olive Oil', 2.4, 'tbsp');
INSERT INTO ingredients (id, recipe_id, name, quantity, unit) VALUES ('b65dc57d-de85-4bc5-85e6-65025879a393', '82c8d318-24a6-4ff7-b11d-45709a6352a6', 'Honey', 1.1, 'tbsp');
INSERT INTO ingredients (id, recipe_id, name, quantity, unit) VALUES ('d80db6b3-734b-4f4b-a415-26d4399dff46', '82c8d318-24a6-4ff7-b11d-45709a6352a6', 'Cheddar Cheese', 2.9, 'cup');
INSERT INTO ingredients (id, recipe_id, name, quantity, unit) VALUES ('8ad07bf5-c69f-4da1-a722-68259d17dd1f', '82c8d318-24a6-4ff7-b11d-45709a6352a6', 'Rice', 3.3, 'cup');
INSERT INTO ingredients (id, recipe_id, name, quantity, unit) VALUES ('c2a1482d-04f9-47b5-ab7e-d1c8b3c99c5f', '82c8d318-24a6-4ff7-b11d-45709a6352a6', 'Garlic', 3.2, 'clove');
INSERT INTO ingredients (id, recipe_id, name, quantity, unit) VALUES ('58c9b8f8-7eea-4aee-8122-8eb200f931f1', '82c8d318-24a6-4ff7-b11d-45709a6352a6', 'Heavy Cream', 1.0, 'cup');
INSERT INTO ingredients (id, recipe_id, name, quantity, unit) VALUES ('41f5b2b5-7678-4165-9edf-09fcc746b27d', '82c8d318-24a6-4ff7-b11d-45709a6352a6', 'Ground Beef', 3.2, 'lb');
INSERT INTO recipe_dietary_tags (recipe_id, tag_id) VALUES ('82c8d318-24a6-4ff7-b11d-45709a6352a6', 3);

INSERT INTO recipes (id, user_id, title, description, instructions, image_url, servings, source_url, source_name, is_archived, views, cart_adds) VALUES ('b184dbb6-46a6-4611-9b0c-c1a74cd47dd4', 'admin-user-id', 'Pan-Seared Lamb with Brussels Sprouts and Zucchini Noodles', 'A delicious Pan-Seared Lamb with Brussels Sprouts and Zucchini Noodles recipe. This Midwest-friendly dish is a family favorite and easy to make with common ingredients.', '1. Preheat oven to 375°F (190°C) if baking.
2. Prepare the Noodles and other main ingredients.
3. In a large bowl, combine with seasonings.
4. Cook according to source instructions until internal temperature is safe.
5. Let rest for 5 minutes before serving.', 'https://images.unsplash.com/photo-1504754524776-8f4f37799ca7?auto=format&fit=crop&w=800&q=60', 4, 'https://www.allrecipes.com/recipe/pan-seared-lamb-with-brussels-sprouts-and-zucchini-noodles', 'AllRecipes', 0, 997, 24);
INSERT INTO ingredients (id, recipe_id, name, quantity, unit) VALUES ('13aedc13-44d1-4204-93b8-80af7ba2a0f9', 'b184dbb6-46a6-4611-9b0c-c1a74cd47dd4', 'Pasta', 1.3, 'oz');
INSERT INTO ingredients (id, recipe_id, name, quantity, unit) VALUES ('1d651047-ae3f-4b52-ac13-e17eeb1e8f96', 'b184dbb6-46a6-4611-9b0c-c1a74cd47dd4', 'Lemon Juice', 2.6, 'tbsp');
INSERT INTO ingredients (id, recipe_id, name, quantity, unit) VALUES ('2a5be4eb-9290-474d-a5d1-876cd762c619', 'b184dbb6-46a6-4611-9b0c-c1a74cd47dd4', 'Butter', 0.7, 'tbsp');
INSERT INTO ingredients (id, recipe_id, name, quantity, unit) VALUES ('6b81214f-ee34-40c6-af20-519790469a54', 'b184dbb6-46a6-4611-9b0c-c1a74cd47dd4', 'Breadcrumbs', 1.2, 'cup');
INSERT INTO recipe_dietary_tags (recipe_id, tag_id) VALUES ('b184dbb6-46a6-4611-9b0c-c1a74cd47dd4', 1);
INSERT INTO recipe_dietary_tags (recipe_id, tag_id) VALUES ('b184dbb6-46a6-4611-9b0c-c1a74cd47dd4', 6);
INSERT INTO recipe_dietary_tags (recipe_id, tag_id) VALUES ('b184dbb6-46a6-4611-9b0c-c1a74cd47dd4', 2);
INSERT INTO recipe_dietary_tags (recipe_id, tag_id) VALUES ('b184dbb6-46a6-4611-9b0c-c1a74cd47dd4', 8);

INSERT INTO recipes (id, user_id, title, description, instructions, image_url, servings, source_url, source_name, is_archived, views, cart_adds) VALUES ('45fd9d41-66df-4976-a9b2-60e30485b103', 'admin-user-id', 'Baked Tofu with Zucchini and Mashed Cauliflower', 'A delicious Baked Tofu with Zucchini and Mashed Cauliflower recipe. This Midwest-friendly dish is a family favorite and easy to make with common ingredients.', '1. Preheat oven to 375°F (190°C) if baking.
2. Prepare the Cauliflower and other main ingredients.
3. In a large bowl, combine with seasonings.
4. Cook according to source instructions until internal temperature is safe.
5. Let rest for 5 minutes before serving.', 'https://images.unsplash.com/photo-1476224203421-9ac3993557a4?auto=format&fit=crop&w=800&q=60', 6, 'https://www.epicurious.com/recipe/baked-tofu-with-zucchini-and-mashed-cauliflower', 'Epicurious', 0, 324, 77);
INSERT INTO ingredients (id, recipe_id, name, quantity, unit) VALUES ('a3400ebf-47e8-44f0-b9d3-57a3152ca2fc', '45fd9d41-66df-4976-a9b2-60e30485b103', 'Soy Sauce', 2.6, 'tbsp');
INSERT INTO ingredients (id, recipe_id, name, quantity, unit) VALUES ('57282229-01e9-46fc-8d42-f0eee6470c83', '45fd9d41-66df-4976-a9b2-60e30485b103', 'Rice', 0.8, 'cup');
INSERT INTO ingredients (id, recipe_id, name, quantity, unit) VALUES ('3605ac50-091f-43de-9245-42e26966ed44', '45fd9d41-66df-4976-a9b2-60e30485b103', 'Potatoes', 2.8, 'lb');
INSERT INTO ingredients (id, recipe_id, name, quantity, unit) VALUES ('174d1379-139b-4df9-8f9c-e81c8ad342b2', '45fd9d41-66df-4976-a9b2-60e30485b103', 'Black Pepper', 1.7, 'tsp');
INSERT INTO ingredients (id, recipe_id, name, quantity, unit) VALUES ('718afc7b-9cf0-4f39-ab3d-b8fd31907dec', '45fd9d41-66df-4976-a9b2-60e30485b103', 'Worcestershire Sauce', 1.1, 'tbsp');
INSERT INTO ingredients (id, recipe_id, name, quantity, unit) VALUES ('04825372-e487-4c61-aa17-4368800b49f9', '45fd9d41-66df-4976-a9b2-60e30485b103', 'Garlic', 1.9, 'clove');
INSERT INTO recipe_dietary_tags (recipe_id, tag_id) VALUES ('45fd9d41-66df-4976-a9b2-60e30485b103', 1);
INSERT INTO recipe_dietary_tags (recipe_id, tag_id) VALUES ('45fd9d41-66df-4976-a9b2-60e30485b103', 6);
INSERT INTO recipe_dietary_tags (recipe_id, tag_id) VALUES ('45fd9d41-66df-4976-a9b2-60e30485b103', 3);
INSERT INTO recipe_dietary_tags (recipe_id, tag_id) VALUES ('45fd9d41-66df-4976-a9b2-60e30485b103', 9);

INSERT INTO recipes (id, user_id, title, description, instructions, image_url, servings, source_url, source_name, is_archived, views, cart_adds) VALUES ('1e23e68c-7a0a-4fe4-8e9a-1271610be316', 'admin-user-id', 'Roasted Venison with Carrots and Quinoa', 'A delicious Roasted Venison with Carrots and Quinoa recipe. This Midwest-friendly dish is a family favorite and easy to make with common ingredients.', '1. Preheat oven to 375°F (190°C) if baking.
2. Prepare the Quinoa and other main ingredients.
3. In a large bowl, combine with seasonings.
4. Cook according to source instructions until internal temperature is safe.
5. Let rest for 5 minutes before serving.', 'https://images.unsplash.com/photo-1498837167721-8f5c1a322c2e?auto=format&fit=crop&w=800&q=60', 6, 'https://www.allrecipes.com/recipe/roasted-venison-with-carrots-and-quinoa', 'AllRecipes', 0, 823, 69);
INSERT INTO ingredients (id, recipe_id, name, quantity, unit) VALUES ('541fb25b-bc35-42f3-b1e6-97a6cbc1a706', '1e23e68c-7a0a-4fe4-8e9a-1271610be316', 'Soy Sauce', 0.8, 'tbsp');
INSERT INTO ingredients (id, recipe_id, name, quantity, unit) VALUES ('18de84f3-1c67-46f8-9017-d8544a5e1c4f', '1e23e68c-7a0a-4fe4-8e9a-1271610be316', 'Salt', 0.5, 'tsp');
INSERT INTO ingredients (id, recipe_id, name, quantity, unit) VALUES ('3f966263-6809-4b8a-ad66-327501fdec09', '1e23e68c-7a0a-4fe4-8e9a-1271610be316', 'Egg', 1.7, 'large');
INSERT INTO ingredients (id, recipe_id, name, quantity, unit) VALUES ('0bae4584-7c55-472f-ba62-d2a6eb0398d8', '1e23e68c-7a0a-4fe4-8e9a-1271610be316', 'Ground Beef', 0.6, 'lb');
INSERT INTO ingredients (id, recipe_id, name, quantity, unit) VALUES ('d5795525-a1cd-4299-a18d-f8d6538be723', '1e23e68c-7a0a-4fe4-8e9a-1271610be316', 'Tater Tots', 0.8, 'oz');
INSERT INTO ingredients (id, recipe_id, name, quantity, unit) VALUES ('172d1383-c971-44df-91a2-3aaff0efc3b2', '1e23e68c-7a0a-4fe4-8e9a-1271610be316', 'Black Pepper', 2.3, 'tsp');
INSERT INTO recipe_dietary_tags (recipe_id, tag_id) VALUES ('1e23e68c-7a0a-4fe4-8e9a-1271610be316', 8);
INSERT INTO recipe_dietary_tags (recipe_id, tag_id) VALUES ('1e23e68c-7a0a-4fe4-8e9a-1271610be316', 7);

INSERT INTO recipes (id, user_id, title, description, instructions, image_url, servings, source_url, source_name, is_archived, views, cart_adds) VALUES ('93d3df2e-9d72-454d-b3c9-ee6940a846f4', 'admin-user-id', 'Roasted Cod with Cauliflower and Zucchini Noodles', 'A delicious Roasted Cod with Cauliflower and Zucchini Noodles recipe. This Midwest-friendly dish is a family favorite and easy to make with common ingredients.', '1. Preheat oven to 375°F (190°C) if baking.
2. Prepare the Noodles and other main ingredients.
3. In a large bowl, combine with seasonings.
4. Cook according to source instructions until internal temperature is safe.
5. Let rest for 5 minutes before serving.', 'https://images.unsplash.com/photo-1490645935967-10de6ba17051?auto=format&fit=crop&w=800&q=60', 3, 'https://www.allrecipes.com/recipe/roasted-cod-with-cauliflower-and-zucchini-noodles', 'AllRecipes', 0, 752, 73);
INSERT INTO ingredients (id, recipe_id, name, quantity, unit) VALUES ('97745131-49ab-4570-bee2-688d2f186b0c', '93d3df2e-9d72-454d-b3c9-ee6940a846f4', 'Pasta', 3.4, 'oz');
INSERT INTO ingredients (id, recipe_id, name, quantity, unit) VALUES ('957ec91f-f891-49d4-96c4-fb00761facd0', '93d3df2e-9d72-454d-b3c9-ee6940a846f4', 'Potatoes', 2.9, 'lb');
INSERT INTO ingredients (id, recipe_id, name, quantity, unit) VALUES ('a671d89f-6aa5-427f-8b57-2aa20f6a2963', '93d3df2e-9d72-454d-b3c9-ee6940a846f4', 'Black Pepper', 3.4, 'tsp');
INSERT INTO ingredients (id, recipe_id, name, quantity, unit) VALUES ('947ccd08-c497-490d-a8ef-8907db5ba02c', '93d3df2e-9d72-454d-b3c9-ee6940a846f4', 'Rice', 2.2, 'cup');
INSERT INTO ingredients (id, recipe_id, name, quantity, unit) VALUES ('5ddc169e-b287-4a05-82f7-8498ea367a41', '93d3df2e-9d72-454d-b3c9-ee6940a846f4', 'Cheddar Cheese', 1.7, 'cup');
INSERT INTO recipe_dietary_tags (recipe_id, tag_id) VALUES ('93d3df2e-9d72-454d-b3c9-ee6940a846f4', 1);
INSERT INTO recipe_dietary_tags (recipe_id, tag_id) VALUES ('93d3df2e-9d72-454d-b3c9-ee6940a846f4', 6);
INSERT INTO recipe_dietary_tags (recipe_id, tag_id) VALUES ('93d3df2e-9d72-454d-b3c9-ee6940a846f4', 3);

INSERT INTO recipes (id, user_id, title, description, instructions, image_url, servings, source_url, source_name, is_archived, views, cart_adds) VALUES ('dde39921-0ee1-478c-b51b-ca3e65e613d1', 'admin-user-id', 'Baked Tofu with Zucchini and Zucchini Noodles', 'A delicious Baked Tofu with Zucchini and Zucchini Noodles recipe. This Midwest-friendly dish is a family favorite and easy to make with common ingredients.', '1. Preheat oven to 375°F (190°C) if baking.
2. Prepare the Noodles and other main ingredients.
3. In a large bowl, combine with seasonings.
4. Cook according to source instructions until internal temperature is safe.
5. Let rest for 5 minutes before serving.', 'https://images.unsplash.com/photo-1506084868214-19a1f9e147f8?auto=format&fit=crop&w=800&q=60', 3, 'https://www.bonappetit.com/recipe/baked-tofu-with-zucchini-and-zucchini-noodles', 'Bon Appetit', 0, 366, 52);
INSERT INTO ingredients (id, recipe_id, name, quantity, unit) VALUES ('c7ecd6a3-047c-491c-841a-15859453b983', 'dde39921-0ee1-478c-b51b-ca3e65e613d1', 'Cream of Mushroom Soup', 0.9, 'can');
INSERT INTO ingredients (id, recipe_id, name, quantity, unit) VALUES ('a1e0caa6-1850-41b3-bbb6-d88b97aa0877', 'dde39921-0ee1-478c-b51b-ca3e65e613d1', 'Egg', 1.8, 'large');
INSERT INTO ingredients (id, recipe_id, name, quantity, unit) VALUES ('85a760fd-f232-4987-91eb-837dee53c6a1', 'dde39921-0ee1-478c-b51b-ca3e65e613d1', 'Carrots', 2.4, 'cup');
INSERT INTO ingredients (id, recipe_id, name, quantity, unit) VALUES ('fd66ec2d-f1de-4711-b1ba-1a4c8b1d861f', 'dde39921-0ee1-478c-b51b-ca3e65e613d1', 'Rice', 1.3, 'cup');
INSERT INTO ingredients (id, recipe_id, name, quantity, unit) VALUES ('1535e9dc-5445-4c07-8b1c-c76d460ec2eb', 'dde39921-0ee1-478c-b51b-ca3e65e613d1', 'Chicken Breast', 2.9, 'lb');
INSERT INTO ingredients (id, recipe_id, name, quantity, unit) VALUES ('ea44dd72-6cd9-4064-bb57-dae48116042b', 'dde39921-0ee1-478c-b51b-ca3e65e613d1', 'Ground Beef', 2.9, 'lb');
INSERT INTO recipe_dietary_tags (recipe_id, tag_id) VALUES ('dde39921-0ee1-478c-b51b-ca3e65e613d1', 1);
INSERT INTO recipe_dietary_tags (recipe_id, tag_id) VALUES ('dde39921-0ee1-478c-b51b-ca3e65e613d1', 6);
INSERT INTO recipe_dietary_tags (recipe_id, tag_id) VALUES ('dde39921-0ee1-478c-b51b-ca3e65e613d1', 3);
INSERT INTO recipe_dietary_tags (recipe_id, tag_id) VALUES ('dde39921-0ee1-478c-b51b-ca3e65e613d1', 7);

INSERT INTO recipes (id, user_id, title, description, instructions, image_url, servings, source_url, source_name, is_archived, views, cart_adds) VALUES ('f3ee6c0b-c06f-4594-8305-13977129191c', 'admin-user-id', 'Slow Cooked Shrimp with Zucchini and Brown Rice', 'A delicious Slow Cooked Shrimp with Zucchini and Brown Rice recipe. This Midwest-friendly dish is a family favorite and easy to make with common ingredients.', '1. Preheat oven to 375°F (190°C) if baking.
2. Prepare the Rice and other main ingredients.
3. In a large bowl, combine with seasonings.
4. Cook according to source instructions until internal temperature is safe.
5. Let rest for 5 minutes before serving.', 'https://images.unsplash.com/photo-1529042410759-adb828e4eaf0?auto=format&fit=crop&w=800&q=60', 2, 'https://www.tasteofhome.com/recipe/slow-cooked-shrimp-with-zucchini-and-brown-rice', 'Taste of Home', 0, 942, 0);
INSERT INTO ingredients (id, recipe_id, name, quantity, unit) VALUES ('3ab708c2-0cb7-4ebb-b60b-5939e03fa0ef', 'f3ee6c0b-c06f-4594-8305-13977129191c', 'Sour Cream', 1.3, 'cup');
INSERT INTO ingredients (id, recipe_id, name, quantity, unit) VALUES ('e72fdf7c-2bd9-4355-99b3-d6ea859fce57', 'f3ee6c0b-c06f-4594-8305-13977129191c', 'Pasta', 2.6, 'oz');
INSERT INTO ingredients (id, recipe_id, name, quantity, unit) VALUES ('e71ab58f-90db-4af4-afbe-fb51114ab1cc', 'f3ee6c0b-c06f-4594-8305-13977129191c', 'Dijon Mustard', 2.3, 'tsp');
INSERT INTO ingredients (id, recipe_id, name, quantity, unit) VALUES ('70f5ea44-e236-4e7a-b9bb-9e4291742023', 'f3ee6c0b-c06f-4594-8305-13977129191c', 'Garlic', 1.6, 'clove');
INSERT INTO recipe_dietary_tags (recipe_id, tag_id) VALUES ('f3ee6c0b-c06f-4594-8305-13977129191c', 3);
INSERT INTO recipe_dietary_tags (recipe_id, tag_id) VALUES ('f3ee6c0b-c06f-4594-8305-13977129191c', 4);
INSERT INTO recipe_dietary_tags (recipe_id, tag_id) VALUES ('f3ee6c0b-c06f-4594-8305-13977129191c', 8);

INSERT INTO recipes (id, user_id, title, description, instructions, image_url, servings, source_url, source_name, is_archived, views, cart_adds) VALUES ('a7685ca3-4e3e-4a64-bec3-a44961a5797e', 'admin-user-id', 'Grilled Turkey with Asparagus and Wild Rice', 'A delicious Grilled Turkey with Asparagus and Wild Rice recipe. This Midwest-friendly dish is a family favorite and easy to make with common ingredients.', '1. Preheat oven to 375°F (190°C) if baking.
2. Prepare the Rice and other main ingredients.
3. In a large bowl, combine with seasonings.
4. Cook according to source instructions until internal temperature is safe.
5. Let rest for 5 minutes before serving.', 'https://images.unsplash.com/photo-1455619452474-d2ba29bc06da?auto=format&fit=crop&w=800&q=60', 5, 'https://www.foodnetwork.com/recipe/grilled-turkey-with-asparagus-and-wild-rice', 'Food Network', 0, 617, 88);
INSERT INTO ingredients (id, recipe_id, name, quantity, unit) VALUES ('f76c9327-9a37-4cc2-8ce0-d599de1f02f5', 'a7685ca3-4e3e-4a64-bec3-a44961a5797e', 'Sour Cream', 0.8, 'cup');
INSERT INTO ingredients (id, recipe_id, name, quantity, unit) VALUES ('3e496545-b0f5-449f-8762-5a854d74bf08', 'a7685ca3-4e3e-4a64-bec3-a44961a5797e', 'Soy Sauce', 2.8, 'tbsp');
INSERT INTO ingredients (id, recipe_id, name, quantity, unit) VALUES ('ff63ffd4-2b54-45a1-a6b2-79779c0e9681', 'a7685ca3-4e3e-4a64-bec3-a44961a5797e', 'Cheddar Cheese', 1.3, 'cup');
INSERT INTO ingredients (id, recipe_id, name, quantity, unit) VALUES ('e3871ad1-e352-456c-ab74-7b6ed20b9c40', 'a7685ca3-4e3e-4a64-bec3-a44961a5797e', 'Tater Tots', 1.8, 'oz');
INSERT INTO recipe_dietary_tags (recipe_id, tag_id) VALUES ('a7685ca3-4e3e-4a64-bec3-a44961a5797e', 8);
INSERT INTO recipe_dietary_tags (recipe_id, tag_id) VALUES ('a7685ca3-4e3e-4a64-bec3-a44961a5797e', 2);

INSERT INTO recipes (id, user_id, title, description, instructions, image_url, servings, source_url, source_name, is_archived, views, cart_adds) VALUES ('54b23d60-79cf-4285-95f2-6765da98fa8e', 'admin-user-id', 'Pan-Seared Chicken with Sweet Potatoes and Brown Rice', 'A delicious Pan-Seared Chicken with Sweet Potatoes and Brown Rice recipe. This Midwest-friendly dish is a family favorite and easy to make with common ingredients.', '1. Preheat oven to 375°F (190°C) if baking.
2. Prepare the Rice and other main ingredients.
3. In a large bowl, combine with seasonings.
4. Cook according to source instructions until internal temperature is safe.
5. Let rest for 5 minutes before serving.', 'https://images.unsplash.com/photo-1504113888839-14294c223d51?auto=format&fit=crop&w=800&q=60', 3, 'https://www.tasteofhome.com/recipe/pan-seared-chicken-with-sweet-potatoes-and-brown-rice', 'Taste of Home', 0, 761, 88);
INSERT INTO ingredients (id, recipe_id, name, quantity, unit) VALUES ('1779b5ef-b5cc-43ec-9e2c-70deeef28a76', '54b23d60-79cf-4285-95f2-6765da98fa8e', 'Olive Oil', 3.5, 'tbsp');
INSERT INTO ingredients (id, recipe_id, name, quantity, unit) VALUES ('27846bfb-f496-45f2-857a-23c2b0f73eb3', '54b23d60-79cf-4285-95f2-6765da98fa8e', 'Black Pepper', 2.6, 'tsp');
INSERT INTO ingredients (id, recipe_id, name, quantity, unit) VALUES ('a188378a-5a90-497e-b25b-224944239b1e', '54b23d60-79cf-4285-95f2-6765da98fa8e', 'Frozen Peas', 1.0, 'cup');
INSERT INTO ingredients (id, recipe_id, name, quantity, unit) VALUES ('012b753e-feac-4596-ac35-178dd20a0b50', '54b23d60-79cf-4285-95f2-6765da98fa8e', 'Salt', 2.6, 'tsp');
INSERT INTO ingredients (id, recipe_id, name, quantity, unit) VALUES ('d3e52c26-5645-4c49-9580-8a522a9d790d', '54b23d60-79cf-4285-95f2-6765da98fa8e', 'Milk', 2.6, 'cup');
INSERT INTO recipe_dietary_tags (recipe_id, tag_id) VALUES ('54b23d60-79cf-4285-95f2-6765da98fa8e', 10);

INSERT INTO recipes (id, user_id, title, description, instructions, image_url, servings, source_url, source_name, is_archived, views, cart_adds) VALUES ('df48256c-9e8d-4f5c-b34b-e6ee9afefd43', 'admin-user-id', 'Sautéed Salmon with Broccoli and Lentil Pasta', 'A delicious Sautéed Salmon with Broccoli and Lentil Pasta recipe. This Midwest-friendly dish is a family favorite and easy to make with common ingredients.', '1. Preheat oven to 375°F (190°C) if baking.
2. Prepare the Pasta and other main ingredients.
3. In a large bowl, combine with seasonings.
4. Cook according to source instructions until internal temperature is safe.
5. Let rest for 5 minutes before serving.', 'https://images.unsplash.com/photo-1546062477-fe2f66230ba3?auto=format&fit=crop&w=800&q=60', 5, 'https://www.foodnetwork.com/recipe/saut-ed-salmon-with-broccoli-and-lentil-pasta', 'Food Network', 0, 296, 8);
INSERT INTO ingredients (id, recipe_id, name, quantity, unit) VALUES ('191532cd-ce4f-471e-9db7-915146ade416', 'df48256c-9e8d-4f5c-b34b-e6ee9afefd43', 'Salt', 0.7, 'tsp');
INSERT INTO ingredients (id, recipe_id, name, quantity, unit) VALUES ('68a28369-56ac-4101-b95d-70e8257af6a4', 'df48256c-9e8d-4f5c-b34b-e6ee9afefd43', 'Tater Tots', 2.9, 'oz');
INSERT INTO ingredients (id, recipe_id, name, quantity, unit) VALUES ('cb532521-a268-46c8-b4c9-80729723d5f7', 'df48256c-9e8d-4f5c-b34b-e6ee9afefd43', 'Ground Beef', 2.7, 'lb');
INSERT INTO ingredients (id, recipe_id, name, quantity, unit) VALUES ('4fd0b670-f1b6-4158-b156-981a96af32f1', 'df48256c-9e8d-4f5c-b34b-e6ee9afefd43', 'Dijon Mustard', 0.8, 'tsp');
INSERT INTO ingredients (id, recipe_id, name, quantity, unit) VALUES ('2554c748-5ea5-41e1-b9d0-80211f12a6bd', 'df48256c-9e8d-4f5c-b34b-e6ee9afefd43', 'Pasta', 1.6, 'oz');
INSERT INTO recipe_dietary_tags (recipe_id, tag_id) VALUES ('df48256c-9e8d-4f5c-b34b-e6ee9afefd43', 3);
INSERT INTO recipe_dietary_tags (recipe_id, tag_id) VALUES ('df48256c-9e8d-4f5c-b34b-e6ee9afefd43', 2);

INSERT INTO recipes (id, user_id, title, description, instructions, image_url, servings, source_url, source_name, is_archived, views, cart_adds) VALUES ('0d8b5adb-e5fc-4956-bf87-d0aea82b0a5d', 'admin-user-id', 'Air Fried Salmon with Green Beans and Couscous', 'A delicious Air Fried Salmon with Green Beans and Couscous recipe. This Midwest-friendly dish is a family favorite and easy to make with common ingredients.', '1. Preheat oven to 375°F (190°C) if baking.
2. Prepare the Couscous and other main ingredients.
3. In a large bowl, combine with seasonings.
4. Cook according to source instructions until internal temperature is safe.
5. Let rest for 5 minutes before serving.', 'https://images.unsplash.com/photo-1504674900247-0877df9cc836?auto=format&fit=crop&w=800&q=60', 2, 'https://www.foodnetwork.com/recipe/air-fried-salmon-with-green-beans-and-couscous', 'Food Network', 0, 524, 58);
INSERT INTO ingredients (id, recipe_id, name, quantity, unit) VALUES ('45a8c516-346a-4476-9485-2ec6bc95254f', '0d8b5adb-e5fc-4956-bf87-d0aea82b0a5d', 'Milk', 2.8, 'cup');
INSERT INTO ingredients (id, recipe_id, name, quantity, unit) VALUES ('faea65e4-6918-47ff-b621-2c07554ef014', '0d8b5adb-e5fc-4956-bf87-d0aea82b0a5d', 'Frozen Peas', 0.5, 'cup');
INSERT INTO ingredients (id, recipe_id, name, quantity, unit) VALUES ('fdf7d672-fb27-41b6-bb10-46a82d113123', '0d8b5adb-e5fc-4956-bf87-d0aea82b0a5d', 'Honey', 1.9, 'tbsp');
INSERT INTO ingredients (id, recipe_id, name, quantity, unit) VALUES ('f1072237-729c-421f-b834-6d09f08625c4', '0d8b5adb-e5fc-4956-bf87-d0aea82b0a5d', 'Breadcrumbs', 2.3, 'cup');
INSERT INTO ingredients (id, recipe_id, name, quantity, unit) VALUES ('1f8a8ca0-36e5-46e9-9636-2b23c37af311', '0d8b5adb-e5fc-4956-bf87-d0aea82b0a5d', 'Heavy Cream', 0.6, 'cup');
INSERT INTO ingredients (id, recipe_id, name, quantity, unit) VALUES ('c96f20a4-338f-4049-8459-eccd3ffa2afd', '0d8b5adb-e5fc-4956-bf87-d0aea82b0a5d', 'Potatoes', 1.4, 'lb');
INSERT INTO ingredients (id, recipe_id, name, quantity, unit) VALUES ('0ecf8740-0e1e-443b-81dc-9a162d22d10f', '0d8b5adb-e5fc-4956-bf87-d0aea82b0a5d', 'Cream of Mushroom Soup', 1.0, 'can');
INSERT INTO recipe_dietary_tags (recipe_id, tag_id) VALUES ('0d8b5adb-e5fc-4956-bf87-d0aea82b0a5d', 3);
INSERT INTO recipe_dietary_tags (recipe_id, tag_id) VALUES ('0d8b5adb-e5fc-4956-bf87-d0aea82b0a5d', 4);
INSERT INTO recipe_dietary_tags (recipe_id, tag_id) VALUES ('0d8b5adb-e5fc-4956-bf87-d0aea82b0a5d', 9);

INSERT INTO recipes (id, user_id, title, description, instructions, image_url, servings, source_url, source_name, is_archived, views, cart_adds) VALUES ('c14f3476-347d-4509-8e62-abf61a8add30', 'admin-user-id', 'Pan-Seared Beef with Spinach and Wild Rice', 'A delicious Pan-Seared Beef with Spinach and Wild Rice recipe. This Midwest-friendly dish is a family favorite and easy to make with common ingredients.', '1. Preheat oven to 375°F (190°C) if baking.
2. Prepare the Rice and other main ingredients.
3. In a large bowl, combine with seasonings.
4. Cook according to source instructions until internal temperature is safe.
5. Let rest for 5 minutes before serving.', 'https://images.unsplash.com/photo-1493770348161-369560ae357d?auto=format&fit=crop&w=800&q=60', 6, 'https://www.epicurious.com/recipe/pan-seared-beef-with-spinach-and-wild-rice', 'Epicurious', 0, 162, 18);
INSERT INTO ingredients (id, recipe_id, name, quantity, unit) VALUES ('4890416f-1e55-44f0-aa67-f85102f5160d', 'c14f3476-347d-4509-8e62-abf61a8add30', 'Frozen Peas', 1.2, 'cup');
INSERT INTO ingredients (id, recipe_id, name, quantity, unit) VALUES ('9f0a5a68-a46b-48c2-a329-8a95b67c7177', 'c14f3476-347d-4509-8e62-abf61a8add30', 'Butter', 3.2, 'tbsp');
INSERT INTO ingredients (id, recipe_id, name, quantity, unit) VALUES ('ccd22517-1d9a-43ce-b699-217cd1907581', 'c14f3476-347d-4509-8e62-abf61a8add30', 'Lemon Juice', 2.6, 'tbsp');
INSERT INTO ingredients (id, recipe_id, name, quantity, unit) VALUES ('bc63480f-ee46-413c-bea9-2913a91aca19', 'c14f3476-347d-4509-8e62-abf61a8add30', 'Cream of Mushroom Soup', 1.1, 'can');
INSERT INTO ingredients (id, recipe_id, name, quantity, unit) VALUES ('36196320-518c-4017-aae0-3776da68e44b', 'c14f3476-347d-4509-8e62-abf61a8add30', 'Pasta', 3.2, 'oz');
INSERT INTO ingredients (id, recipe_id, name, quantity, unit) VALUES ('6f04a343-eb61-44dc-aa20-5dce14fab471', 'c14f3476-347d-4509-8e62-abf61a8add30', 'Breadcrumbs', 3.4, 'cup');
INSERT INTO ingredients (id, recipe_id, name, quantity, unit) VALUES ('025a2ca9-4736-4713-8668-9f547f04d30b', 'c14f3476-347d-4509-8e62-abf61a8add30', 'Carrots', 1.5, 'cup');
INSERT INTO recipe_dietary_tags (recipe_id, tag_id) VALUES ('c14f3476-347d-4509-8e62-abf61a8add30', 10);
INSERT INTO recipe_dietary_tags (recipe_id, tag_id) VALUES ('c14f3476-347d-4509-8e62-abf61a8add30', 7);

INSERT INTO recipes (id, user_id, title, description, instructions, image_url, servings, source_url, source_name, is_archived, views, cart_adds) VALUES ('debb28f3-a317-4c65-a48d-e52cc9c6d955', 'admin-user-id', 'Steamed Salmon with Carrots and Couscous', 'A delicious Steamed Salmon with Carrots and Couscous recipe. This Midwest-friendly dish is a family favorite and easy to make with common ingredients.', '1. Preheat oven to 375°F (190°C) if baking.
2. Prepare the Couscous and other main ingredients.
3. In a large bowl, combine with seasonings.
4. Cook according to source instructions until internal temperature is safe.
5. Let rest for 5 minutes before serving.', 'https://images.unsplash.com/photo-1473093226795-af9932fe5856?auto=format&fit=crop&w=800&q=60', 7, 'https://www.tasteofhome.com/recipe/steamed-salmon-with-carrots-and-couscous', 'Taste of Home', 0, 531, 57);
INSERT INTO ingredients (id, recipe_id, name, quantity, unit) VALUES ('1a38b3b7-a598-4a79-9c96-8c38a050a266', 'debb28f3-a317-4c65-a48d-e52cc9c6d955', 'Ground Beef', 0.8, 'lb');
INSERT INTO ingredients (id, recipe_id, name, quantity, unit) VALUES ('1936c635-ab59-4fb5-9a89-fd9fa6eaf46f', 'debb28f3-a317-4c65-a48d-e52cc9c6d955', 'Dijon Mustard', 3.0, 'tsp');
INSERT INTO ingredients (id, recipe_id, name, quantity, unit) VALUES ('94a06d8d-5ca1-41f5-9022-d218c56d6b06', 'debb28f3-a317-4c65-a48d-e52cc9c6d955', 'Celery', 1.1, 'cup');
INSERT INTO ingredients (id, recipe_id, name, quantity, unit) VALUES ('205a7c11-507c-471f-8d39-3e74ee7cd057', 'debb28f3-a317-4c65-a48d-e52cc9c6d955', 'Cream of Mushroom Soup', 3.2, 'can');
INSERT INTO ingredients (id, recipe_id, name, quantity, unit) VALUES ('be6f5d71-cbbc-420d-a93a-6c13813c3ca2', 'debb28f3-a317-4c65-a48d-e52cc9c6d955', 'Heavy Cream', 2.2, 'cup');
INSERT INTO ingredients (id, recipe_id, name, quantity, unit) VALUES ('557f9d01-4919-425e-8c84-ee332efbc097', 'debb28f3-a317-4c65-a48d-e52cc9c6d955', 'Chicken Breast', 2.5, 'lb');
INSERT INTO recipe_dietary_tags (recipe_id, tag_id) VALUES ('debb28f3-a317-4c65-a48d-e52cc9c6d955', 3);
INSERT INTO recipe_dietary_tags (recipe_id, tag_id) VALUES ('debb28f3-a317-4c65-a48d-e52cc9c6d955', 2);
INSERT INTO recipe_dietary_tags (recipe_id, tag_id) VALUES ('debb28f3-a317-4c65-a48d-e52cc9c6d955', 4);

INSERT INTO recipes (id, user_id, title, description, instructions, image_url, servings, source_url, source_name, is_archived, views, cart_adds) VALUES ('b4ef9fa2-ea5c-4d8e-8a0f-b188bd8cc834', 'admin-user-id', 'Air Fried Chicken with Broccoli and Mashed Cauliflower', 'A delicious Air Fried Chicken with Broccoli and Mashed Cauliflower recipe. This Midwest-friendly dish is a family favorite and easy to make with common ingredients.', '1. Preheat oven to 375°F (190°C) if baking.
2. Prepare the Cauliflower and other main ingredients.
3. In a large bowl, combine with seasonings.
4. Cook according to source instructions until internal temperature is safe.
5. Let rest for 5 minutes before serving.', 'https://images.unsplash.com/photo-1512621776951-a57141f2eefd?auto=format&fit=crop&w=800&q=60', 5, 'https://www.foodnetwork.com/recipe/air-fried-chicken-with-broccoli-and-mashed-cauliflower', 'Food Network', 0, 820, 16);
INSERT INTO ingredients (id, recipe_id, name, quantity, unit) VALUES ('e483920f-1f77-4361-a36d-ebc429ee2e4e', 'b4ef9fa2-ea5c-4d8e-8a0f-b188bd8cc834', 'Sour Cream', 1.2, 'cup');
INSERT INTO ingredients (id, recipe_id, name, quantity, unit) VALUES ('ff093fc8-a810-4343-8309-e108f7ca2659', 'b4ef9fa2-ea5c-4d8e-8a0f-b188bd8cc834', 'Cheddar Cheese', 0.8, 'cup');
INSERT INTO ingredients (id, recipe_id, name, quantity, unit) VALUES ('ec68f081-20b4-42ea-94a1-32195ce51a0d', 'b4ef9fa2-ea5c-4d8e-8a0f-b188bd8cc834', 'Onion', 2.3, 'cup');
INSERT INTO ingredients (id, recipe_id, name, quantity, unit) VALUES ('df13611d-9b1c-4bf6-8d27-daeb2c8de931', 'b4ef9fa2-ea5c-4d8e-8a0f-b188bd8cc834', 'Tomato Sauce', 3.2, 'oz');
INSERT INTO ingredients (id, recipe_id, name, quantity, unit) VALUES ('c5b04b79-7d50-4d3e-b6d2-e5ef857fcd16', 'b4ef9fa2-ea5c-4d8e-8a0f-b188bd8cc834', 'Potatoes', 1.7, 'lb');
INSERT INTO recipe_dietary_tags (recipe_id, tag_id) VALUES ('b4ef9fa2-ea5c-4d8e-8a0f-b188bd8cc834', 1);
INSERT INTO recipe_dietary_tags (recipe_id, tag_id) VALUES ('b4ef9fa2-ea5c-4d8e-8a0f-b188bd8cc834', 6);
INSERT INTO recipe_dietary_tags (recipe_id, tag_id) VALUES ('b4ef9fa2-ea5c-4d8e-8a0f-b188bd8cc834', 10);

INSERT INTO recipes (id, user_id, title, description, instructions, image_url, servings, source_url, source_name, is_archived, views, cart_adds) VALUES ('0bdb98d3-277f-412b-a91a-45ba88aeb32e', 'admin-user-id', 'Air Fried Cod with Green Beans and Couscous', 'A delicious Air Fried Cod with Green Beans and Couscous recipe. This Midwest-friendly dish is a family favorite and easy to make with common ingredients.', '1. Preheat oven to 375°F (190°C) if baking.
2. Prepare the Couscous and other main ingredients.
3. In a large bowl, combine with seasonings.
4. Cook according to source instructions until internal temperature is safe.
5. Let rest for 5 minutes before serving.', 'https://images.unsplash.com/photo-1482049016688-2d3e1b311543?auto=format&fit=crop&w=800&q=60', 4, 'https://www.allrecipes.com/recipe/air-fried-cod-with-green-beans-and-couscous', 'AllRecipes', 0, 611, 56);
INSERT INTO ingredients (id, recipe_id, name, quantity, unit) VALUES ('a781030c-bfe6-401e-9bd4-63678655d4f0', '0bdb98d3-277f-412b-a91a-45ba88aeb32e', 'Rice', 2.2, 'cup');
INSERT INTO ingredients (id, recipe_id, name, quantity, unit) VALUES ('3d6a2d25-12d9-4cf6-94f2-14ae79f93345', '0bdb98d3-277f-412b-a91a-45ba88aeb32e', 'Heavy Cream', 1.1, 'cup');
INSERT INTO ingredients (id, recipe_id, name, quantity, unit) VALUES ('a914d34e-3a95-41aa-8b33-bfca425c0df8', '0bdb98d3-277f-412b-a91a-45ba88aeb32e', 'Soy Sauce', 1.3, 'tbsp');
INSERT INTO ingredients (id, recipe_id, name, quantity, unit) VALUES ('781351e6-1b15-4f43-afc5-d475441587d5', '0bdb98d3-277f-412b-a91a-45ba88aeb32e', 'Carrots', 0.6, 'cup');
INSERT INTO ingredients (id, recipe_id, name, quantity, unit) VALUES ('513c72f4-b4cf-4d3a-9471-fb623cace00f', '0bdb98d3-277f-412b-a91a-45ba88aeb32e', 'Garlic', 2.4, 'clove');
INSERT INTO ingredients (id, recipe_id, name, quantity, unit) VALUES ('ff7422b3-a768-4846-ae36-fcf2851999d0', '0bdb98d3-277f-412b-a91a-45ba88aeb32e', 'Pasta', 3.4, 'oz');
INSERT INTO recipe_dietary_tags (recipe_id, tag_id) VALUES ('0bdb98d3-277f-412b-a91a-45ba88aeb32e', 3);

INSERT INTO recipes (id, user_id, title, description, instructions, image_url, servings, source_url, source_name, is_archived, views, cart_adds) VALUES ('6dd97bb0-4e3e-48d2-8d8e-081578f263f5', 'admin-user-id', 'Air Fried Tofu with Broccoli and Zucchini Noodles', 'A delicious Air Fried Tofu with Broccoli and Zucchini Noodles recipe. This Midwest-friendly dish is a family favorite and easy to make with common ingredients.', '1. Preheat oven to 375°F (190°C) if baking.
2. Prepare the Noodles and other main ingredients.
3. In a large bowl, combine with seasonings.
4. Cook according to source instructions until internal temperature is safe.
5. Let rest for 5 minutes before serving.', 'https://images.unsplash.com/photo-1484723091739-30a097e8f929?auto=format&fit=crop&w=800&q=60', 7, 'https://www.foodnetwork.com/recipe/air-fried-tofu-with-broccoli-and-zucchini-noodles', 'Food Network', 0, 303, 61);
INSERT INTO ingredients (id, recipe_id, name, quantity, unit) VALUES ('cb8f7f04-035c-4283-ab3b-3cf60a47594e', '6dd97bb0-4e3e-48d2-8d8e-081578f263f5', 'Soy Sauce', 3.0, 'tbsp');
INSERT INTO ingredients (id, recipe_id, name, quantity, unit) VALUES ('2c32f8ce-1ea8-4f3d-b679-4b6d6135cd34', '6dd97bb0-4e3e-48d2-8d8e-081578f263f5', 'Cheddar Cheese', 1.5, 'cup');
INSERT INTO ingredients (id, recipe_id, name, quantity, unit) VALUES ('0c5278b0-077f-4f68-a00a-90fa482b5300', '6dd97bb0-4e3e-48d2-8d8e-081578f263f5', 'Frozen Peas', 0.8, 'cup');
INSERT INTO ingredients (id, recipe_id, name, quantity, unit) VALUES ('661fcaa9-d1e7-43d6-90ec-97e14ee4418c', '6dd97bb0-4e3e-48d2-8d8e-081578f263f5', 'Carrots', 0.8, 'cup');
INSERT INTO recipe_dietary_tags (recipe_id, tag_id) VALUES ('6dd97bb0-4e3e-48d2-8d8e-081578f263f5', 1);
INSERT INTO recipe_dietary_tags (recipe_id, tag_id) VALUES ('6dd97bb0-4e3e-48d2-8d8e-081578f263f5', 6);
INSERT INTO recipe_dietary_tags (recipe_id, tag_id) VALUES ('6dd97bb0-4e3e-48d2-8d8e-081578f263f5', 3);
INSERT INTO recipe_dietary_tags (recipe_id, tag_id) VALUES ('6dd97bb0-4e3e-48d2-8d8e-081578f263f5', 2);
INSERT INTO recipe_dietary_tags (recipe_id, tag_id) VALUES ('6dd97bb0-4e3e-48d2-8d8e-081578f263f5', 4);
INSERT INTO recipe_dietary_tags (recipe_id, tag_id) VALUES ('6dd97bb0-4e3e-48d2-8d8e-081578f263f5', 8);

INSERT INTO recipes (id, user_id, title, description, instructions, image_url, servings, source_url, source_name, is_archived, views, cart_adds) VALUES ('3f812a54-913a-431b-ae6b-06eb2dd7db3e', 'admin-user-id', 'Grilled Chicken with Cauliflower and Brown Rice', 'A delicious Grilled Chicken with Cauliflower and Brown Rice recipe. This Midwest-friendly dish is a family favorite and easy to make with common ingredients.', '1. Preheat oven to 375°F (190°C) if baking.
2. Prepare the Rice and other main ingredients.
3. In a large bowl, combine with seasonings.
4. Cook according to source instructions until internal temperature is safe.
5. Let rest for 5 minutes before serving.', 'https://images.unsplash.com/photo-1540189549336-e6e99c3679fe?auto=format&fit=crop&w=800&q=60', 7, 'https://www.bonappetit.com/recipe/grilled-chicken-with-cauliflower-and-brown-rice', 'Bon Appetit', 0, 2, 8);
INSERT INTO ingredients (id, recipe_id, name, quantity, unit) VALUES ('cbc6c24a-77c5-405a-bcee-53b99de8b1b8', '3f812a54-913a-431b-ae6b-06eb2dd7db3e', 'Egg', 2.5, 'large');
INSERT INTO ingredients (id, recipe_id, name, quantity, unit) VALUES ('0d003df5-1121-476b-956c-66cf88e64ac3', '3f812a54-913a-431b-ae6b-06eb2dd7db3e', 'Salt', 1.7, 'tsp');
INSERT INTO ingredients (id, recipe_id, name, quantity, unit) VALUES ('341321c5-888b-45b2-a646-73964eb5d257', '3f812a54-913a-431b-ae6b-06eb2dd7db3e', 'Milk', 1.2, 'cup');
INSERT INTO ingredients (id, recipe_id, name, quantity, unit) VALUES ('7d85ae22-79e1-44de-949a-6ce9ae301f73', '3f812a54-913a-431b-ae6b-06eb2dd7db3e', 'Frozen Peas', 0.7, 'cup');
INSERT INTO recipe_dietary_tags (recipe_id, tag_id) VALUES ('3f812a54-913a-431b-ae6b-06eb2dd7db3e', 10);
INSERT INTO recipe_dietary_tags (recipe_id, tag_id) VALUES ('3f812a54-913a-431b-ae6b-06eb2dd7db3e', 7);

INSERT INTO recipes (id, user_id, title, description, instructions, image_url, servings, source_url, source_name, is_archived, views, cart_adds) VALUES ('dd12fee4-5ce6-4502-b982-e5097287a79e', 'admin-user-id', 'Slow Cooked Turkey with Spinach and Lentil Pasta', 'A delicious Slow Cooked Turkey with Spinach and Lentil Pasta recipe. This Midwest-friendly dish is a family favorite and easy to make with common ingredients.', '1. Preheat oven to 375°F (190°C) if baking.
2. Prepare the Pasta and other main ingredients.
3. In a large bowl, combine with seasonings.
4. Cook according to source instructions until internal temperature is safe.
5. Let rest for 5 minutes before serving.', 'https://images.unsplash.com/photo-1567620985035-091781110527?auto=format&fit=crop&w=800&q=60', 4, 'https://www.tasteofhome.com/recipe/slow-cooked-turkey-with-spinach-and-lentil-pasta', 'Taste of Home', 0, 845, 96);
INSERT INTO ingredients (id, recipe_id, name, quantity, unit) VALUES ('11151bca-ddd3-442c-a17c-b7ca32abcb3d', 'dd12fee4-5ce6-4502-b982-e5097287a79e', 'Tater Tots', 3.0, 'oz');
INSERT INTO ingredients (id, recipe_id, name, quantity, unit) VALUES ('4c47d7cd-d6db-4a33-95fd-3aa376209bec', 'dd12fee4-5ce6-4502-b982-e5097287a79e', 'Cheddar Cheese', 3.3, 'cup');
INSERT INTO ingredients (id, recipe_id, name, quantity, unit) VALUES ('e7917bdd-9a3a-4f70-9231-b4efac8f5702', 'dd12fee4-5ce6-4502-b982-e5097287a79e', 'Sour Cream', 1.5, 'cup');
INSERT INTO ingredients (id, recipe_id, name, quantity, unit) VALUES ('3932622e-8236-4cc4-a469-5cd0242e93db', 'dd12fee4-5ce6-4502-b982-e5097287a79e', 'Black Pepper', 3.2, 'tsp');
INSERT INTO recipe_dietary_tags (recipe_id, tag_id) VALUES ('dd12fee4-5ce6-4502-b982-e5097287a79e', 9);

INSERT INTO recipes (id, user_id, title, description, instructions, image_url, servings, source_url, source_name, is_archived, views, cart_adds) VALUES ('2233b34b-ecd3-4505-99a5-a7df9df2b9b1', 'admin-user-id', 'Roasted Turkey with Sweet Potatoes and Mashed Cauliflower', 'A delicious Roasted Turkey with Sweet Potatoes and Mashed Cauliflower recipe. This Midwest-friendly dish is a family favorite and easy to make with common ingredients.', '1. Preheat oven to 375°F (190°C) if baking.
2. Prepare the Cauliflower and other main ingredients.
3. In a large bowl, combine with seasonings.
4. Cook according to source instructions until internal temperature is safe.
5. Let rest for 5 minutes before serving.', 'https://images.unsplash.com/photo-1565299624946-b28f40a0ae38?auto=format&fit=crop&w=800&q=60', 7, 'https://www.epicurious.com/recipe/roasted-turkey-with-sweet-potatoes-and-mashed-cauliflower', 'Epicurious', 0, 39, 5);
INSERT INTO ingredients (id, recipe_id, name, quantity, unit) VALUES ('7987183c-fb30-476d-8fbe-80e9509cc905', '2233b34b-ecd3-4505-99a5-a7df9df2b9b1', 'Breadcrumbs', 2.3, 'cup');
INSERT INTO ingredients (id, recipe_id, name, quantity, unit) VALUES ('e6968160-0006-4dfa-b69b-fac1ddf08fe8', '2233b34b-ecd3-4505-99a5-a7df9df2b9b1', 'Dijon Mustard', 1.3, 'tsp');
INSERT INTO ingredients (id, recipe_id, name, quantity, unit) VALUES ('ed8b0095-376c-4a6d-890f-cdfa78b1de65', '2233b34b-ecd3-4505-99a5-a7df9df2b9b1', 'Black Pepper', 3.2, 'tsp');
INSERT INTO ingredients (id, recipe_id, name, quantity, unit) VALUES ('d5f0b10c-a8a0-4b17-a600-ec9d6621e630', '2233b34b-ecd3-4505-99a5-a7df9df2b9b1', 'Heavy Cream', 1.1, 'cup');
INSERT INTO recipe_dietary_tags (recipe_id, tag_id) VALUES ('2233b34b-ecd3-4505-99a5-a7df9df2b9b1', 1);
INSERT INTO recipe_dietary_tags (recipe_id, tag_id) VALUES ('2233b34b-ecd3-4505-99a5-a7df9df2b9b1', 6);

INSERT INTO recipes (id, user_id, title, description, instructions, image_url, servings, source_url, source_name, is_archived, views, cart_adds) VALUES ('d2aa5620-5782-45b1-a110-890142b14066', 'admin-user-id', 'Sautéed Pork with Kale and Lentil Pasta', 'A delicious Sautéed Pork with Kale and Lentil Pasta recipe. This Midwest-friendly dish is a family favorite and easy to make with common ingredients.', '1. Preheat oven to 375°F (190°C) if baking.
2. Prepare the Pasta and other main ingredients.
3. In a large bowl, combine with seasonings.
4. Cook according to source instructions until internal temperature is safe.
5. Let rest for 5 minutes before serving.', 'https://images.unsplash.com/photo-1555939594-58d7cb561ad1?auto=format&fit=crop&w=800&q=60', 2, 'https://www.bonappetit.com/recipe/saut-ed-pork-with-kale-and-lentil-pasta', 'Bon Appetit', 0, 695, 17);
INSERT INTO ingredients (id, recipe_id, name, quantity, unit) VALUES ('c6927752-d92b-4968-88a1-0fbc13905aab', 'd2aa5620-5782-45b1-a110-890142b14066', 'Honey', 2.5, 'tbsp');
INSERT INTO ingredients (id, recipe_id, name, quantity, unit) VALUES ('dbdf6275-214e-40fe-b845-ecd38c76fcf3', 'd2aa5620-5782-45b1-a110-890142b14066', 'Cream of Mushroom Soup', 3.0, 'can');
INSERT INTO ingredients (id, recipe_id, name, quantity, unit) VALUES ('4928cd13-820b-4dfb-82e5-0435bc88ec73', 'd2aa5620-5782-45b1-a110-890142b14066', 'Butter', 3.0, 'tbsp');
INSERT INTO ingredients (id, recipe_id, name, quantity, unit) VALUES ('65a4b9f1-5b8e-4cce-b43f-3602358994bf', 'd2aa5620-5782-45b1-a110-890142b14066', 'Worcestershire Sauce', 2.2, 'tbsp');
INSERT INTO ingredients (id, recipe_id, name, quantity, unit) VALUES ('ffd49583-cbeb-46f6-a73f-41000be147d2', 'd2aa5620-5782-45b1-a110-890142b14066', 'Tomato Sauce', 2.1, 'oz');
INSERT INTO ingredients (id, recipe_id, name, quantity, unit) VALUES ('2cd653fb-f6f1-4e0b-aff1-05fe16aaf63f', 'd2aa5620-5782-45b1-a110-890142b14066', 'Breadcrumbs', 2.1, 'cup');
INSERT INTO ingredients (id, recipe_id, name, quantity, unit) VALUES ('7d135434-53b8-4ffb-8128-4c7c2a17c5eb', 'd2aa5620-5782-45b1-a110-890142b14066', 'Tater Tots', 2.7, 'oz');
INSERT INTO recipe_dietary_tags (recipe_id, tag_id) VALUES ('d2aa5620-5782-45b1-a110-890142b14066', 10);

INSERT INTO recipes (id, user_id, title, description, instructions, image_url, servings, source_url, source_name, is_archived, views, cart_adds) VALUES ('7e8d2bec-3649-44c0-9e9c-1bc243cda231', 'admin-user-id', 'Steamed Venison with Brussels Sprouts and Lentil Pasta', 'A delicious Steamed Venison with Brussels Sprouts and Lentil Pasta recipe. This Midwest-friendly dish is a family favorite and easy to make with common ingredients.', '1. Preheat oven to 375°F (190°C) if baking.
2. Prepare the Pasta and other main ingredients.
3. In a large bowl, combine with seasonings.
4. Cook according to source instructions until internal temperature is safe.
5. Let rest for 5 minutes before serving.', 'https://images.unsplash.com/photo-1513104894114-bd7ea4718312?auto=format&fit=crop&w=800&q=60', 6, 'https://www.bonappetit.com/recipe/steamed-venison-with-brussels-sprouts-and-lentil-pasta', 'Bon Appetit', 0, 98, 2);
INSERT INTO ingredients (id, recipe_id, name, quantity, unit) VALUES ('1e2a1c54-c11b-442a-8f41-a6ce58f33006', '7e8d2bec-3649-44c0-9e9c-1bc243cda231', 'Lemon Juice', 2.5, 'tbsp');
INSERT INTO ingredients (id, recipe_id, name, quantity, unit) VALUES ('0fef2cad-860d-4564-aa04-7097ccc6fdf9', '7e8d2bec-3649-44c0-9e9c-1bc243cda231', 'Salt', 0.9, 'tsp');
INSERT INTO ingredients (id, recipe_id, name, quantity, unit) VALUES ('e27164d2-1c39-4e5a-a83c-5e9119793074', '7e8d2bec-3649-44c0-9e9c-1bc243cda231', 'Heavy Cream', 1.9, 'cup');
INSERT INTO ingredients (id, recipe_id, name, quantity, unit) VALUES ('3d9975df-ef52-4532-a127-ca8f493d94ea', '7e8d2bec-3649-44c0-9e9c-1bc243cda231', 'Rice', 3.4, 'cup');
INSERT INTO ingredients (id, recipe_id, name, quantity, unit) VALUES ('41b331d4-f512-4396-b378-1daceac86f7c', '7e8d2bec-3649-44c0-9e9c-1bc243cda231', 'Sour Cream', 1.8, 'cup');
INSERT INTO ingredients (id, recipe_id, name, quantity, unit) VALUES ('9c596460-22e5-40da-839c-0c8c84fe945f', '7e8d2bec-3649-44c0-9e9c-1bc243cda231', 'Black Pepper', 0.6, 'tsp');
INSERT INTO recipe_dietary_tags (recipe_id, tag_id) VALUES ('7e8d2bec-3649-44c0-9e9c-1bc243cda231', 9);

INSERT INTO recipes (id, user_id, title, description, instructions, image_url, servings, source_url, source_name, is_archived, views, cart_adds) VALUES ('ef433662-7de0-41d7-b5f5-661e4bb67af0', 'admin-user-id', 'Baked Pork with Sweet Potatoes and Mashed Cauliflower', 'A delicious Baked Pork with Sweet Potatoes and Mashed Cauliflower recipe. This Midwest-friendly dish is a family favorite and easy to make with common ingredients.', '1. Preheat oven to 375°F (190°C) if baking.
2. Prepare the Cauliflower and other main ingredients.
3. In a large bowl, combine with seasonings.
4. Cook according to source instructions until internal temperature is safe.
5. Let rest for 5 minutes before serving.', 'https://images.unsplash.com/photo-1504754524776-8f4f37799ca7?auto=format&fit=crop&w=800&q=60', 2, 'https://www.epicurious.com/recipe/baked-pork-with-sweet-potatoes-and-mashed-cauliflower', 'Epicurious', 0, 876, 2);
INSERT INTO ingredients (id, recipe_id, name, quantity, unit) VALUES ('72e66e72-35dd-4869-8d0c-697803eeebfc', 'ef433662-7de0-41d7-b5f5-661e4bb67af0', 'Ground Beef', 2.9, 'lb');
INSERT INTO ingredients (id, recipe_id, name, quantity, unit) VALUES ('4495bcd6-999b-4f9b-b1ab-351660b28f61', 'ef433662-7de0-41d7-b5f5-661e4bb67af0', 'Olive Oil', 1.6, 'tbsp');
INSERT INTO ingredients (id, recipe_id, name, quantity, unit) VALUES ('0f70ce07-6ca5-4327-a54b-f9fb4e891fe0', 'ef433662-7de0-41d7-b5f5-661e4bb67af0', 'Honey', 0.7, 'tbsp');
INSERT INTO ingredients (id, recipe_id, name, quantity, unit) VALUES ('98b1b0df-1953-4d06-b108-bfa24692c499', 'ef433662-7de0-41d7-b5f5-661e4bb67af0', 'Egg', 3.1, 'large');
INSERT INTO ingredients (id, recipe_id, name, quantity, unit) VALUES ('4d6c39ee-8109-45e0-9e2e-12071e7a3b64', 'ef433662-7de0-41d7-b5f5-661e4bb67af0', 'Heavy Cream', 1.1, 'cup');
INSERT INTO recipe_dietary_tags (recipe_id, tag_id) VALUES ('ef433662-7de0-41d7-b5f5-661e4bb67af0', 1);
INSERT INTO recipe_dietary_tags (recipe_id, tag_id) VALUES ('ef433662-7de0-41d7-b5f5-661e4bb67af0', 6);
INSERT INTO recipe_dietary_tags (recipe_id, tag_id) VALUES ('ef433662-7de0-41d7-b5f5-661e4bb67af0', 10);
INSERT INTO recipe_dietary_tags (recipe_id, tag_id) VALUES ('ef433662-7de0-41d7-b5f5-661e4bb67af0', 4);
INSERT INTO recipe_dietary_tags (recipe_id, tag_id) VALUES ('ef433662-7de0-41d7-b5f5-661e4bb67af0', 9);

INSERT INTO recipes (id, user_id, title, description, instructions, image_url, servings, source_url, source_name, is_archived, views, cart_adds) VALUES ('1f32f250-a576-4ac3-9687-323711657ebd', 'admin-user-id', 'Air Fried Turkey with Broccoli and Mashed Cauliflower', 'A delicious Air Fried Turkey with Broccoli and Mashed Cauliflower recipe. This Midwest-friendly dish is a family favorite and easy to make with common ingredients.', '1. Preheat oven to 375°F (190°C) if baking.
2. Prepare the Cauliflower and other main ingredients.
3. In a large bowl, combine with seasonings.
4. Cook according to source instructions until internal temperature is safe.
5. Let rest for 5 minutes before serving.', 'https://images.unsplash.com/photo-1476224203421-9ac3993557a4?auto=format&fit=crop&w=800&q=60', 5, 'https://www.foodnetwork.com/recipe/air-fried-turkey-with-broccoli-and-mashed-cauliflower', 'Food Network', 0, 787, 48);
INSERT INTO ingredients (id, recipe_id, name, quantity, unit) VALUES ('f3fd3b66-4552-4e10-9a41-fb028c57ef85', '1f32f250-a576-4ac3-9687-323711657ebd', 'Lemon Juice', 3.0, 'tbsp');
INSERT INTO ingredients (id, recipe_id, name, quantity, unit) VALUES ('1c72ca58-d278-421d-853f-09bb78ddbd79', '1f32f250-a576-4ac3-9687-323711657ebd', 'Carrots', 1.8, 'cup');
INSERT INTO ingredients (id, recipe_id, name, quantity, unit) VALUES ('45008f12-c2e1-4b79-b5c2-42b68e044d41', '1f32f250-a576-4ac3-9687-323711657ebd', 'Tater Tots', 1.7, 'oz');
INSERT INTO ingredients (id, recipe_id, name, quantity, unit) VALUES ('881a56b0-2c60-4619-b222-276b3c27c925', '1f32f250-a576-4ac3-9687-323711657ebd', 'Black Pepper', 3.0, 'tsp');
INSERT INTO ingredients (id, recipe_id, name, quantity, unit) VALUES ('418a913e-b495-4427-b677-fd34da99f86b', '1f32f250-a576-4ac3-9687-323711657ebd', 'Pasta', 0.6, 'oz');
INSERT INTO recipe_dietary_tags (recipe_id, tag_id) VALUES ('1f32f250-a576-4ac3-9687-323711657ebd', 1);
INSERT INTO recipe_dietary_tags (recipe_id, tag_id) VALUES ('1f32f250-a576-4ac3-9687-323711657ebd', 6);
INSERT INTO recipe_dietary_tags (recipe_id, tag_id) VALUES ('1f32f250-a576-4ac3-9687-323711657ebd', 4);

INSERT INTO recipes (id, user_id, title, description, instructions, image_url, servings, source_url, source_name, is_archived, views, cart_adds) VALUES ('b60bb217-ef4c-4fdb-a304-dfa3401c224f', 'admin-user-id', 'Grilled Chicken with Brussels Sprouts and Wild Rice', 'A delicious Grilled Chicken with Brussels Sprouts and Wild Rice recipe. This Midwest-friendly dish is a family favorite and easy to make with common ingredients.', '1. Preheat oven to 375°F (190°C) if baking.
2. Prepare the Rice and other main ingredients.
3. In a large bowl, combine with seasonings.
4. Cook according to source instructions until internal temperature is safe.
5. Let rest for 5 minutes before serving.', 'https://images.unsplash.com/photo-1498837167721-8f5c1a322c2e?auto=format&fit=crop&w=800&q=60', 5, 'https://www.epicurious.com/recipe/grilled-chicken-with-brussels-sprouts-and-wild-rice', 'Epicurious', 0, 487, 38);
INSERT INTO ingredients (id, recipe_id, name, quantity, unit) VALUES ('d664f291-3dc4-4769-ae45-d4dd76a3cf94', 'b60bb217-ef4c-4fdb-a304-dfa3401c224f', 'Tater Tots', 0.6, 'oz');
INSERT INTO ingredients (id, recipe_id, name, quantity, unit) VALUES ('1ab4e1f9-effe-406d-8ed8-559a8ceb1206', 'b60bb217-ef4c-4fdb-a304-dfa3401c224f', 'Frozen Peas', 2.4, 'cup');
INSERT INTO ingredients (id, recipe_id, name, quantity, unit) VALUES ('6f093ae1-a947-49d0-b72e-c63d3a09bb2f', 'b60bb217-ef4c-4fdb-a304-dfa3401c224f', 'Egg', 1.8, 'large');
INSERT INTO ingredients (id, recipe_id, name, quantity, unit) VALUES ('141a8974-8044-4e6f-9a95-227f0c6964d3', 'b60bb217-ef4c-4fdb-a304-dfa3401c224f', 'Carrots', 2.3, 'cup');
INSERT INTO recipe_dietary_tags (recipe_id, tag_id) VALUES ('b60bb217-ef4c-4fdb-a304-dfa3401c224f', 10);
INSERT INTO recipe_dietary_tags (recipe_id, tag_id) VALUES ('b60bb217-ef4c-4fdb-a304-dfa3401c224f', 2);

INSERT INTO recipes (id, user_id, title, description, instructions, image_url, servings, source_url, source_name, is_archived, views, cart_adds) VALUES ('90745537-e8c4-4c26-9321-b52fcc309565', 'admin-user-id', 'Baked Venison with Zucchini and Quinoa', 'A delicious Baked Venison with Zucchini and Quinoa recipe. This Midwest-friendly dish is a family favorite and easy to make with common ingredients.', '1. Preheat oven to 375°F (190°C) if baking.
2. Prepare the Quinoa and other main ingredients.
3. In a large bowl, combine with seasonings.
4. Cook according to source instructions until internal temperature is safe.
5. Let rest for 5 minutes before serving.', 'https://images.unsplash.com/photo-1490645935967-10de6ba17051?auto=format&fit=crop&w=800&q=60', 5, 'https://www.allrecipes.com/recipe/baked-venison-with-zucchini-and-quinoa', 'AllRecipes', 0, 770, 10);
INSERT INTO ingredients (id, recipe_id, name, quantity, unit) VALUES ('c9c921d1-a166-4efc-b917-5e45f0d2ab2d', '90745537-e8c4-4c26-9321-b52fcc309565', 'Tater Tots', 2.4, 'oz');
INSERT INTO ingredients (id, recipe_id, name, quantity, unit) VALUES ('5990bdf7-9a17-44a1-91c0-94ec59eec084', '90745537-e8c4-4c26-9321-b52fcc309565', 'Garlic', 2.3, 'clove');
INSERT INTO ingredients (id, recipe_id, name, quantity, unit) VALUES ('10f9e5b1-69eb-4c97-b599-3d7a3f397757', '90745537-e8c4-4c26-9321-b52fcc309565', 'Milk', 2.0, 'cup');
INSERT INTO ingredients (id, recipe_id, name, quantity, unit) VALUES ('1ee8d081-fa19-4403-92d3-370f850442ee', '90745537-e8c4-4c26-9321-b52fcc309565', 'Tomato Sauce', 1.3, 'oz');
INSERT INTO ingredients (id, recipe_id, name, quantity, unit) VALUES ('7f9851cd-81b3-4cca-9f85-8ee1169a3b37', '90745537-e8c4-4c26-9321-b52fcc309565', 'Olive Oil', 1.5, 'tbsp');
INSERT INTO ingredients (id, recipe_id, name, quantity, unit) VALUES ('f5ace511-75d4-4fc2-b0d9-b01cb42a3281', '90745537-e8c4-4c26-9321-b52fcc309565', 'Cream of Mushroom Soup', 0.9, 'can');
INSERT INTO recipe_dietary_tags (recipe_id, tag_id) VALUES ('90745537-e8c4-4c26-9321-b52fcc309565', 10);

INSERT INTO recipes (id, user_id, title, description, instructions, image_url, servings, source_url, source_name, is_archived, views, cart_adds) VALUES ('0b94e928-bdfd-4d83-ac57-8ea406040e61', 'admin-user-id', 'Baked Salmon with Green Beans and Brown Rice', 'A delicious Baked Salmon with Green Beans and Brown Rice recipe. This Midwest-friendly dish is a family favorite and easy to make with common ingredients.', '1. Preheat oven to 375°F (190°C) if baking.
2. Prepare the Rice and other main ingredients.
3. In a large bowl, combine with seasonings.
4. Cook according to source instructions until internal temperature is safe.
5. Let rest for 5 minutes before serving.', 'https://images.unsplash.com/photo-1506084868214-19a1f9e147f8?auto=format&fit=crop&w=800&q=60', 2, 'https://www.epicurious.com/recipe/baked-salmon-with-green-beans-and-brown-rice', 'Epicurious', 0, 796, 26);
INSERT INTO ingredients (id, recipe_id, name, quantity, unit) VALUES ('433a3d49-a1c3-46ae-a719-638a458b6d59', '0b94e928-bdfd-4d83-ac57-8ea406040e61', 'Onion', 2.2, 'cup');
INSERT INTO ingredients (id, recipe_id, name, quantity, unit) VALUES ('463fe87a-3fad-4ca9-9b9a-2dc3bffb43b7', '0b94e928-bdfd-4d83-ac57-8ea406040e61', 'Cream of Mushroom Soup', 3.3, 'can');
INSERT INTO ingredients (id, recipe_id, name, quantity, unit) VALUES ('f083e5d2-ad1f-4685-b13b-0c1516fe32e1', '0b94e928-bdfd-4d83-ac57-8ea406040e61', 'Tomato Sauce', 1.7, 'oz');
INSERT INTO ingredients (id, recipe_id, name, quantity, unit) VALUES ('7192b281-7237-4f97-9316-497b2bb3e67e', '0b94e928-bdfd-4d83-ac57-8ea406040e61', 'Potatoes', 1.1, 'lb');
INSERT INTO ingredients (id, recipe_id, name, quantity, unit) VALUES ('348e52b9-9eed-4cd5-9310-10144b8bd974', '0b94e928-bdfd-4d83-ac57-8ea406040e61', 'Breadcrumbs', 2.3, 'cup');
INSERT INTO recipe_dietary_tags (recipe_id, tag_id) VALUES ('0b94e928-bdfd-4d83-ac57-8ea406040e61', 3);

INSERT INTO recipes (id, user_id, title, description, instructions, image_url, servings, source_url, source_name, is_archived, views, cart_adds) VALUES ('a930beb3-3d23-4908-9664-85ca5410b6b2', 'admin-user-id', 'Pan-Seared Lamb with Brussels Sprouts and Zucchini Noodles', 'A delicious Pan-Seared Lamb with Brussels Sprouts and Zucchini Noodles recipe. This Midwest-friendly dish is a family favorite and easy to make with common ingredients.', '1. Preheat oven to 375°F (190°C) if baking.
2. Prepare the Noodles and other main ingredients.
3. In a large bowl, combine with seasonings.
4. Cook according to source instructions until internal temperature is safe.
5. Let rest for 5 minutes before serving.', 'https://images.unsplash.com/photo-1529042410759-adb828e4eaf0?auto=format&fit=crop&w=800&q=60', 7, 'https://www.allrecipes.com/recipe/pan-seared-lamb-with-brussels-sprouts-and-zucchini-noodles', 'AllRecipes', 0, 396, 59);
INSERT INTO ingredients (id, recipe_id, name, quantity, unit) VALUES ('141ffe98-84cc-4276-a3ae-a6d84e0d8295', 'a930beb3-3d23-4908-9664-85ca5410b6b2', 'Tater Tots', 0.7, 'oz');
INSERT INTO ingredients (id, recipe_id, name, quantity, unit) VALUES ('7fe655a9-e2ea-4016-8f11-313b3bb547e9', 'a930beb3-3d23-4908-9664-85ca5410b6b2', 'Rice', 1.3, 'cup');
INSERT INTO ingredients (id, recipe_id, name, quantity, unit) VALUES ('c63eb89a-5e46-41d0-af24-b275016f1584', 'a930beb3-3d23-4908-9664-85ca5410b6b2', 'Ground Beef', 1.6, 'lb');
INSERT INTO ingredients (id, recipe_id, name, quantity, unit) VALUES ('80a2fd95-d768-4fe2-9134-4dbf93314fdf', 'a930beb3-3d23-4908-9664-85ca5410b6b2', 'Pasta', 1.1, 'oz');
INSERT INTO ingredients (id, recipe_id, name, quantity, unit) VALUES ('1feb8aaa-d6d1-4668-bf3b-123d246f6a95', 'a930beb3-3d23-4908-9664-85ca5410b6b2', 'Butter', 2.2, 'tbsp');
INSERT INTO ingredients (id, recipe_id, name, quantity, unit) VALUES ('982a1fee-4514-464d-81c9-8d58df130308', 'a930beb3-3d23-4908-9664-85ca5410b6b2', 'Sour Cream', 1.4, 'cup');
INSERT INTO recipe_dietary_tags (recipe_id, tag_id) VALUES ('a930beb3-3d23-4908-9664-85ca5410b6b2', 1);
INSERT INTO recipe_dietary_tags (recipe_id, tag_id) VALUES ('a930beb3-3d23-4908-9664-85ca5410b6b2', 6);
INSERT INTO recipe_dietary_tags (recipe_id, tag_id) VALUES ('a930beb3-3d23-4908-9664-85ca5410b6b2', 2);

INSERT INTO recipes (id, user_id, title, description, instructions, image_url, servings, source_url, source_name, is_archived, views, cart_adds) VALUES ('f0a91b5c-a911-463e-8b0f-bb8c7117a3a0', 'admin-user-id', 'Grilled Cod with Kale and Couscous', 'A delicious Grilled Cod with Kale and Couscous recipe. This Midwest-friendly dish is a family favorite and easy to make with common ingredients.', '1. Preheat oven to 375°F (190°C) if baking.
2. Prepare the Couscous and other main ingredients.
3. In a large bowl, combine with seasonings.
4. Cook according to source instructions until internal temperature is safe.
5. Let rest for 5 minutes before serving.', 'https://images.unsplash.com/photo-1455619452474-d2ba29bc06da?auto=format&fit=crop&w=800&q=60', 5, 'https://www.allrecipes.com/recipe/grilled-cod-with-kale-and-couscous', 'AllRecipes', 0, 880, 56);
INSERT INTO ingredients (id, recipe_id, name, quantity, unit) VALUES ('e077e022-e34d-4e7e-9a43-6abfc9030967', 'f0a91b5c-a911-463e-8b0f-bb8c7117a3a0', 'Worcestershire Sauce', 2.2, 'tbsp');
INSERT INTO ingredients (id, recipe_id, name, quantity, unit) VALUES ('09b92ef6-842e-42a1-b589-3f2bbf54d4b2', 'f0a91b5c-a911-463e-8b0f-bb8c7117a3a0', 'Soy Sauce', 2.3, 'tbsp');
INSERT INTO ingredients (id, recipe_id, name, quantity, unit) VALUES ('f351dcd5-8d8f-4ed0-9f4c-e046625c66d9', 'f0a91b5c-a911-463e-8b0f-bb8c7117a3a0', 'Frozen Peas', 3.4, 'cup');
INSERT INTO ingredients (id, recipe_id, name, quantity, unit) VALUES ('bc24fac1-4bd4-4726-bd7d-a721125b234f', 'f0a91b5c-a911-463e-8b0f-bb8c7117a3a0', 'Butter', 2.1, 'tbsp');
INSERT INTO ingredients (id, recipe_id, name, quantity, unit) VALUES ('845bcf53-0c3b-4ff5-8e9e-2b759bb499e5', 'f0a91b5c-a911-463e-8b0f-bb8c7117a3a0', 'Carrots', 3.1, 'cup');
INSERT INTO ingredients (id, recipe_id, name, quantity, unit) VALUES ('50becf98-eb67-44be-ad54-67da7fb8187b', 'f0a91b5c-a911-463e-8b0f-bb8c7117a3a0', 'Tater Tots', 3.0, 'oz');
INSERT INTO ingredients (id, recipe_id, name, quantity, unit) VALUES ('6dd6ee0a-78b1-4914-9577-cb3ccc360524', 'f0a91b5c-a911-463e-8b0f-bb8c7117a3a0', 'Dijon Mustard', 0.7, 'tsp');
INSERT INTO recipe_dietary_tags (recipe_id, tag_id) VALUES ('f0a91b5c-a911-463e-8b0f-bb8c7117a3a0', 3);
INSERT INTO recipe_dietary_tags (recipe_id, tag_id) VALUES ('f0a91b5c-a911-463e-8b0f-bb8c7117a3a0', 2);
INSERT INTO recipe_dietary_tags (recipe_id, tag_id) VALUES ('f0a91b5c-a911-463e-8b0f-bb8c7117a3a0', 7);

INSERT INTO recipes (id, user_id, title, description, instructions, image_url, servings, source_url, source_name, is_archived, views, cart_adds) VALUES ('9f791e4b-d918-4bc9-97c5-3ce06d0fa5cd', 'admin-user-id', 'Pan-Seared Beef with Kale and Couscous', 'A delicious Pan-Seared Beef with Kale and Couscous recipe. This Midwest-friendly dish is a family favorite and easy to make with common ingredients.', '1. Preheat oven to 375°F (190°C) if baking.
2. Prepare the Couscous and other main ingredients.
3. In a large bowl, combine with seasonings.
4. Cook according to source instructions until internal temperature is safe.
5. Let rest for 5 minutes before serving.', 'https://images.unsplash.com/photo-1504113888839-14294c223d51?auto=format&fit=crop&w=800&q=60', 2, 'https://www.epicurious.com/recipe/pan-seared-beef-with-kale-and-couscous', 'Epicurious', 0, 433, 83);
INSERT INTO ingredients (id, recipe_id, name, quantity, unit) VALUES ('a618afe9-1b0f-413b-8b36-02e30116e335', '9f791e4b-d918-4bc9-97c5-3ce06d0fa5cd', 'Black Pepper', 1.2, 'tsp');
INSERT INTO ingredients (id, recipe_id, name, quantity, unit) VALUES ('6ad4059a-21b9-44e2-bf6a-6859b43c363a', '9f791e4b-d918-4bc9-97c5-3ce06d0fa5cd', 'Frozen Peas', 2.8, 'cup');
INSERT INTO ingredients (id, recipe_id, name, quantity, unit) VALUES ('303e342e-251a-4338-b4c2-663ad381754a', '9f791e4b-d918-4bc9-97c5-3ce06d0fa5cd', 'Cheddar Cheese', 2.9, 'cup');
INSERT INTO ingredients (id, recipe_id, name, quantity, unit) VALUES ('4d866200-466c-4f31-a857-f0100d5a0dfd', '9f791e4b-d918-4bc9-97c5-3ce06d0fa5cd', 'Soy Sauce', 2.7, 'tbsp');
INSERT INTO ingredients (id, recipe_id, name, quantity, unit) VALUES ('e9616847-53bf-47df-a08f-d8e9799d2178', '9f791e4b-d918-4bc9-97c5-3ce06d0fa5cd', 'Ground Beef', 2.8, 'lb');
INSERT INTO ingredients (id, recipe_id, name, quantity, unit) VALUES ('59e6d872-9aff-429a-a062-9f49ff8e473d', '9f791e4b-d918-4bc9-97c5-3ce06d0fa5cd', 'Butter', 1.6, 'tbsp');
INSERT INTO ingredients (id, recipe_id, name, quantity, unit) VALUES ('03187e95-f329-451c-9f7d-02b15f4d3f96', '9f791e4b-d918-4bc9-97c5-3ce06d0fa5cd', 'Cream of Mushroom Soup', 2.7, 'can');
INSERT INTO recipe_dietary_tags (recipe_id, tag_id) VALUES ('9f791e4b-d918-4bc9-97c5-3ce06d0fa5cd', 10);

INSERT INTO recipes (id, user_id, title, description, instructions, image_url, servings, source_url, source_name, is_archived, views, cart_adds) VALUES ('d0995b1c-472d-47f8-aec6-29d85b7da7a2', 'admin-user-id', 'Steamed Pork with Kale and Wild Rice', 'A delicious Steamed Pork with Kale and Wild Rice recipe. This Midwest-friendly dish is a family favorite and easy to make with common ingredients.', '1. Preheat oven to 375°F (190°C) if baking.
2. Prepare the Rice and other main ingredients.
3. In a large bowl, combine with seasonings.
4. Cook according to source instructions until internal temperature is safe.
5. Let rest for 5 minutes before serving.', 'https://images.unsplash.com/photo-1546062477-fe2f66230ba3?auto=format&fit=crop&w=800&q=60', 6, 'https://www.tasteofhome.com/recipe/steamed-pork-with-kale-and-wild-rice', 'Taste of Home', 0, 944, 57);
INSERT INTO ingredients (id, recipe_id, name, quantity, unit) VALUES ('416c3a71-b972-4a4f-b449-4c82c7626877', 'd0995b1c-472d-47f8-aec6-29d85b7da7a2', 'Worcestershire Sauce', 2.1, 'tbsp');
INSERT INTO ingredients (id, recipe_id, name, quantity, unit) VALUES ('cb0aa1f9-74e4-4f6d-a9e4-f9d320d422bb', 'd0995b1c-472d-47f8-aec6-29d85b7da7a2', 'Tater Tots', 2.7, 'oz');
INSERT INTO ingredients (id, recipe_id, name, quantity, unit) VALUES ('dfe87f47-6886-4eb2-ad93-38923c19b586', 'd0995b1c-472d-47f8-aec6-29d85b7da7a2', 'Carrots', 1.9, 'cup');
INSERT INTO ingredients (id, recipe_id, name, quantity, unit) VALUES ('42d40071-eaa6-4909-9828-3644b9eaafbb', 'd0995b1c-472d-47f8-aec6-29d85b7da7a2', 'Black Pepper', 1.1, 'tsp');
INSERT INTO ingredients (id, recipe_id, name, quantity, unit) VALUES ('4af2d70f-47e9-498d-9865-d846f40a4f8a', 'd0995b1c-472d-47f8-aec6-29d85b7da7a2', 'Cream of Mushroom Soup', 2.6, 'can');
INSERT INTO ingredients (id, recipe_id, name, quantity, unit) VALUES ('bed36cf8-e65e-430f-901b-4c8a01dc49c7', 'd0995b1c-472d-47f8-aec6-29d85b7da7a2', 'Cheddar Cheese', 1.4, 'cup');
INSERT INTO recipe_dietary_tags (recipe_id, tag_id) VALUES ('d0995b1c-472d-47f8-aec6-29d85b7da7a2', 10);
INSERT INTO recipe_dietary_tags (recipe_id, tag_id) VALUES ('d0995b1c-472d-47f8-aec6-29d85b7da7a2', 2);

INSERT INTO recipes (id, user_id, title, description, instructions, image_url, servings, source_url, source_name, is_archived, views, cart_adds) VALUES ('416b4107-bd6a-48ab-9be0-573d03af2a16', 'admin-user-id', 'Steamed Chicken with Broccoli and Wild Rice', 'A delicious Steamed Chicken with Broccoli and Wild Rice recipe. This Midwest-friendly dish is a family favorite and easy to make with common ingredients.', '1. Preheat oven to 375°F (190°C) if baking.
2. Prepare the Rice and other main ingredients.
3. In a large bowl, combine with seasonings.
4. Cook according to source instructions until internal temperature is safe.
5. Let rest for 5 minutes before serving.', 'https://images.unsplash.com/photo-1504674900247-0877df9cc836?auto=format&fit=crop&w=800&q=60', 4, 'https://www.bonappetit.com/recipe/steamed-chicken-with-broccoli-and-wild-rice', 'Bon Appetit', 0, 614, 62);
INSERT INTO ingredients (id, recipe_id, name, quantity, unit) VALUES ('32384cad-b3e3-4f6e-8138-c0bc8b42302e', '416b4107-bd6a-48ab-9be0-573d03af2a16', 'Sour Cream', 3.0, 'cup');
INSERT INTO ingredients (id, recipe_id, name, quantity, unit) VALUES ('c2ef507c-6824-4e0f-adbb-b3650e8cf33d', '416b4107-bd6a-48ab-9be0-573d03af2a16', 'Cheddar Cheese', 0.5, 'cup');
INSERT INTO ingredients (id, recipe_id, name, quantity, unit) VALUES ('70aa4c11-5c7d-46a9-932d-0aeb142798f8', '416b4107-bd6a-48ab-9be0-573d03af2a16', 'Carrots', 0.9, 'cup');
INSERT INTO ingredients (id, recipe_id, name, quantity, unit) VALUES ('287cbc85-6f89-4cc0-a08c-701f0cee7036', '416b4107-bd6a-48ab-9be0-573d03af2a16', 'Black Pepper', 2.2, 'tsp');
INSERT INTO ingredients (id, recipe_id, name, quantity, unit) VALUES ('8249f13c-3127-4389-a47c-ee4840a658f9', '416b4107-bd6a-48ab-9be0-573d03af2a16', 'Ground Beef', 1.9, 'lb');
INSERT INTO ingredients (id, recipe_id, name, quantity, unit) VALUES ('70961927-1ed9-4614-8c7b-b5df50708aff', '416b4107-bd6a-48ab-9be0-573d03af2a16', 'Milk', 2.8, 'cup');
INSERT INTO ingredients (id, recipe_id, name, quantity, unit) VALUES ('60c0a049-4049-47aa-ba00-460043ed53ce', '416b4107-bd6a-48ab-9be0-573d03af2a16', 'Butter', 1.9, 'tbsp');
INSERT INTO recipe_dietary_tags (recipe_id, tag_id) VALUES ('416b4107-bd6a-48ab-9be0-573d03af2a16', 10);

INSERT INTO recipes (id, user_id, title, description, instructions, image_url, servings, source_url, source_name, is_archived, views, cart_adds) VALUES ('ab3655c1-5241-4ee8-b2cd-9181717f4ca9', 'admin-user-id', 'Pan-Seared Turkey with Sweet Potatoes and Lentil Pasta', 'A delicious Pan-Seared Turkey with Sweet Potatoes and Lentil Pasta recipe. This Midwest-friendly dish is a family favorite and easy to make with common ingredients.', '1. Preheat oven to 375°F (190°C) if baking.
2. Prepare the Pasta and other main ingredients.
3. In a large bowl, combine with seasonings.
4. Cook according to source instructions until internal temperature is safe.
5. Let rest for 5 minutes before serving.', 'https://images.unsplash.com/photo-1493770348161-369560ae357d?auto=format&fit=crop&w=800&q=60', 3, 'https://www.epicurious.com/recipe/pan-seared-turkey-with-sweet-potatoes-and-lentil-pasta', 'Epicurious', 0, 180, 96);
INSERT INTO ingredients (id, recipe_id, name, quantity, unit) VALUES ('1d167cd7-7d66-4a0c-8972-d1be4d642488', 'ab3655c1-5241-4ee8-b2cd-9181717f4ca9', 'Breadcrumbs', 2.4, 'cup');
INSERT INTO ingredients (id, recipe_id, name, quantity, unit) VALUES ('0434e3f2-1299-4dad-8c51-48f6bbf27a35', 'ab3655c1-5241-4ee8-b2cd-9181717f4ca9', 'Cream of Mushroom Soup', 2.0, 'can');
INSERT INTO ingredients (id, recipe_id, name, quantity, unit) VALUES ('9bd64e73-0b31-4caa-a2d2-ed99041b0e79', 'ab3655c1-5241-4ee8-b2cd-9181717f4ca9', 'Dijon Mustard', 0.6, 'tsp');
INSERT INTO ingredients (id, recipe_id, name, quantity, unit) VALUES ('aa33c1e5-f187-460b-a31f-fb98730ccf37', 'ab3655c1-5241-4ee8-b2cd-9181717f4ca9', 'Salt', 2.1, 'tsp');
INSERT INTO ingredients (id, recipe_id, name, quantity, unit) VALUES ('3fb88570-a226-4c2f-b98a-ca427cf77c44', 'ab3655c1-5241-4ee8-b2cd-9181717f4ca9', 'Garlic', 2.0, 'clove');
INSERT INTO ingredients (id, recipe_id, name, quantity, unit) VALUES ('efd56724-30d2-4d51-8468-4be72b8786f6', 'ab3655c1-5241-4ee8-b2cd-9181717f4ca9', 'Cheddar Cheese', 3.4, 'cup');
INSERT INTO recipe_dietary_tags (recipe_id, tag_id) VALUES ('ab3655c1-5241-4ee8-b2cd-9181717f4ca9', 6);
INSERT INTO recipe_dietary_tags (recipe_id, tag_id) VALUES ('ab3655c1-5241-4ee8-b2cd-9181717f4ca9', 2);

INSERT INTO recipes (id, user_id, title, description, instructions, image_url, servings, source_url, source_name, is_archived, views, cart_adds) VALUES ('9113b3d0-8fde-4691-beb4-5fa69080c5fb', 'admin-user-id', 'Sautéed Turkey with Spinach and Couscous', 'A delicious Sautéed Turkey with Spinach and Couscous recipe. This Midwest-friendly dish is a family favorite and easy to make with common ingredients.', '1. Preheat oven to 375°F (190°C) if baking.
2. Prepare the Couscous and other main ingredients.
3. In a large bowl, combine with seasonings.
4. Cook according to source instructions until internal temperature is safe.
5. Let rest for 5 minutes before serving.', 'https://images.unsplash.com/photo-1473093226795-af9932fe5856?auto=format&fit=crop&w=800&q=60', 5, 'https://www.bonappetit.com/recipe/saut-ed-turkey-with-spinach-and-couscous', 'Bon Appetit', 0, 433, 55);
INSERT INTO ingredients (id, recipe_id, name, quantity, unit) VALUES ('c6e1bd6f-7238-42b0-856f-c823fdaa879f', '9113b3d0-8fde-4691-beb4-5fa69080c5fb', 'Lemon Juice', 3.4, 'tbsp');
INSERT INTO ingredients (id, recipe_id, name, quantity, unit) VALUES ('c2b986eb-e2c9-46ab-a548-0f093f865cd0', '9113b3d0-8fde-4691-beb4-5fa69080c5fb', 'Heavy Cream', 3.5, 'cup');
INSERT INTO ingredients (id, recipe_id, name, quantity, unit) VALUES ('5504a136-56e6-4455-b742-529ce45781a0', '9113b3d0-8fde-4691-beb4-5fa69080c5fb', 'Milk', 3.4, 'cup');
INSERT INTO ingredients (id, recipe_id, name, quantity, unit) VALUES ('70d9e08b-a7ba-4be7-896a-12b776ed77e3', '9113b3d0-8fde-4691-beb4-5fa69080c5fb', 'Sour Cream', 3.5, 'cup');
INSERT INTO ingredients (id, recipe_id, name, quantity, unit) VALUES ('652c6366-7e67-4008-bdc8-755cc72e23cb', '9113b3d0-8fde-4691-beb4-5fa69080c5fb', 'Garlic', 3.2, 'clove');
INSERT INTO ingredients (id, recipe_id, name, quantity, unit) VALUES ('2b401e03-fb04-4378-8211-3a0cd6ae4f71', '9113b3d0-8fde-4691-beb4-5fa69080c5fb', 'Frozen Peas', 3.0, 'cup');
INSERT INTO recipe_dietary_tags (recipe_id, tag_id) VALUES ('9113b3d0-8fde-4691-beb4-5fa69080c5fb', 2);
INSERT INTO recipe_dietary_tags (recipe_id, tag_id) VALUES ('9113b3d0-8fde-4691-beb4-5fa69080c5fb', 4);
INSERT INTO recipe_dietary_tags (recipe_id, tag_id) VALUES ('9113b3d0-8fde-4691-beb4-5fa69080c5fb', 9);

INSERT INTO recipes (id, user_id, title, description, instructions, image_url, servings, source_url, source_name, is_archived, views, cart_adds) VALUES ('cd031511-4409-4260-9696-201e549f0363', 'admin-user-id', 'Grilled Lamb with Kale and Mashed Cauliflower', 'A delicious Grilled Lamb with Kale and Mashed Cauliflower recipe. This Midwest-friendly dish is a family favorite and easy to make with common ingredients.', '1. Preheat oven to 375°F (190°C) if baking.
2. Prepare the Cauliflower and other main ingredients.
3. In a large bowl, combine with seasonings.
4. Cook according to source instructions until internal temperature is safe.
5. Let rest for 5 minutes before serving.', 'https://images.unsplash.com/photo-1512621776951-a57141f2eefd?auto=format&fit=crop&w=800&q=60', 6, 'https://www.allrecipes.com/recipe/grilled-lamb-with-kale-and-mashed-cauliflower', 'AllRecipes', 0, 553, 99);
INSERT INTO ingredients (id, recipe_id, name, quantity, unit) VALUES ('c7699435-593c-4d3d-8f45-8a6fbb824aae', 'cd031511-4409-4260-9696-201e549f0363', 'Worcestershire Sauce', 1.8, 'tbsp');
INSERT INTO ingredients (id, recipe_id, name, quantity, unit) VALUES ('7f71e0d5-6208-4000-b07c-a01358165380', 'cd031511-4409-4260-9696-201e549f0363', 'Milk', 2.3, 'cup');
INSERT INTO ingredients (id, recipe_id, name, quantity, unit) VALUES ('bf09d1ba-81ca-40f4-8c52-1e0e01ff21cf', 'cd031511-4409-4260-9696-201e549f0363', 'Lemon Juice', 1.8, 'tbsp');
INSERT INTO ingredients (id, recipe_id, name, quantity, unit) VALUES ('362cbd2e-faad-4fb7-a1c6-b6260bac4190', 'cd031511-4409-4260-9696-201e549f0363', 'Rice', 2.0, 'cup');
INSERT INTO ingredients (id, recipe_id, name, quantity, unit) VALUES ('d3aa368d-0c14-41c3-9d05-39f393f86315', 'cd031511-4409-4260-9696-201e549f0363', 'Frozen Peas', 2.0, 'cup');
INSERT INTO ingredients (id, recipe_id, name, quantity, unit) VALUES ('26993d0f-6fe4-4e2e-be21-5d2c5e58ed8a', 'cd031511-4409-4260-9696-201e549f0363', 'Olive Oil', 3.1, 'tbsp');
INSERT INTO recipe_dietary_tags (recipe_id, tag_id) VALUES ('cd031511-4409-4260-9696-201e549f0363', 1);
INSERT INTO recipe_dietary_tags (recipe_id, tag_id) VALUES ('cd031511-4409-4260-9696-201e549f0363', 6);
INSERT INTO recipe_dietary_tags (recipe_id, tag_id) VALUES ('cd031511-4409-4260-9696-201e549f0363', 8);

INSERT INTO recipes (id, user_id, title, description, instructions, image_url, servings, source_url, source_name, is_archived, views, cart_adds) VALUES ('62b447e1-3558-49f6-8a02-619dcf12edf4', 'admin-user-id', 'Steamed Chicken with Carrots and Wild Rice', 'A delicious Steamed Chicken with Carrots and Wild Rice recipe. This Midwest-friendly dish is a family favorite and easy to make with common ingredients.', '1. Preheat oven to 375°F (190°C) if baking.
2. Prepare the Rice and other main ingredients.
3. In a large bowl, combine with seasonings.
4. Cook according to source instructions until internal temperature is safe.
5. Let rest for 5 minutes before serving.', 'https://images.unsplash.com/photo-1482049016688-2d3e1b311543?auto=format&fit=crop&w=800&q=60', 6, 'https://www.epicurious.com/recipe/steamed-chicken-with-carrots-and-wild-rice', 'Epicurious', 0, 540, 36);
INSERT INTO ingredients (id, recipe_id, name, quantity, unit) VALUES ('88fa408c-63ba-419c-90e1-499491fc35f7', '62b447e1-3558-49f6-8a02-619dcf12edf4', 'Potatoes', 3.1, 'lb');
INSERT INTO ingredients (id, recipe_id, name, quantity, unit) VALUES ('5e915008-fc0d-4bb7-8318-c04cb6e412be', '62b447e1-3558-49f6-8a02-619dcf12edf4', 'Lemon Juice', 3.2, 'tbsp');
INSERT INTO ingredients (id, recipe_id, name, quantity, unit) VALUES ('cc78c722-a0d9-4ad5-87e4-e62f30f091f3', '62b447e1-3558-49f6-8a02-619dcf12edf4', 'Cheddar Cheese', 1.1, 'cup');
INSERT INTO ingredients (id, recipe_id, name, quantity, unit) VALUES ('ac064a26-7a79-4617-8fc6-c47a2212f4ce', '62b447e1-3558-49f6-8a02-619dcf12edf4', 'Butter', 2.5, 'tbsp');
INSERT INTO ingredients (id, recipe_id, name, quantity, unit) VALUES ('1a35b16f-32b6-4c48-8b32-ea118cd2e324', '62b447e1-3558-49f6-8a02-619dcf12edf4', 'Honey', 0.8, 'tbsp');
INSERT INTO recipe_dietary_tags (recipe_id, tag_id) VALUES ('62b447e1-3558-49f6-8a02-619dcf12edf4', 10);

INSERT INTO recipes (id, user_id, title, description, instructions, image_url, servings, source_url, source_name, is_archived, views, cart_adds) VALUES ('a745d509-ca0b-4a9c-b2cd-1c1510933080', 'admin-user-id', 'Slow Cooked Tofu with Kale and Quinoa', 'A delicious Slow Cooked Tofu with Kale and Quinoa recipe. This Midwest-friendly dish is a family favorite and easy to make with common ingredients.', '1. Preheat oven to 375°F (190°C) if baking.
2. Prepare the Quinoa and other main ingredients.
3. In a large bowl, combine with seasonings.
4. Cook according to source instructions until internal temperature is safe.
5. Let rest for 5 minutes before serving.', 'https://images.unsplash.com/photo-1484723091739-30a097e8f929?auto=format&fit=crop&w=800&q=60', 7, 'https://www.bonappetit.com/recipe/slow-cooked-tofu-with-kale-and-quinoa', 'Bon Appetit', 0, 319, 34);
INSERT INTO ingredients (id, recipe_id, name, quantity, unit) VALUES ('ce21bea2-8815-4078-aedf-b714148f2b31', 'a745d509-ca0b-4a9c-b2cd-1c1510933080', 'Salt', 1.0, 'tsp');
INSERT INTO ingredients (id, recipe_id, name, quantity, unit) VALUES ('295519bb-e143-4111-a607-1ad865c8c486', 'a745d509-ca0b-4a9c-b2cd-1c1510933080', 'Lemon Juice', 2.7, 'tbsp');
INSERT INTO ingredients (id, recipe_id, name, quantity, unit) VALUES ('082c333d-4d3b-4966-ab32-0f21dbfbfaad', 'a745d509-ca0b-4a9c-b2cd-1c1510933080', 'Breadcrumbs', 1.6, 'cup');
INSERT INTO ingredients (id, recipe_id, name, quantity, unit) VALUES ('01557cb8-92e3-43d2-b455-5f49d18f3278', 'a745d509-ca0b-4a9c-b2cd-1c1510933080', 'Cream of Mushroom Soup', 2.4, 'can');
INSERT INTO recipe_dietary_tags (recipe_id, tag_id) VALUES ('a745d509-ca0b-4a9c-b2cd-1c1510933080', 3);
INSERT INTO recipe_dietary_tags (recipe_id, tag_id) VALUES ('a745d509-ca0b-4a9c-b2cd-1c1510933080', 8);

INSERT INTO recipes (id, user_id, title, description, instructions, image_url, servings, source_url, source_name, is_archived, views, cart_adds) VALUES ('48956518-4334-4d11-9856-d6cc6822085e', 'admin-user-id', 'Pan-Seared Salmon with Spinach and Cauliflower Rice', 'A delicious Pan-Seared Salmon with Spinach and Cauliflower Rice recipe. This Midwest-friendly dish is a family favorite and easy to make with common ingredients.', '1. Preheat oven to 375°F (190°C) if baking.
2. Prepare the Rice and other main ingredients.
3. In a large bowl, combine with seasonings.
4. Cook according to source instructions until internal temperature is safe.
5. Let rest for 5 minutes before serving.', 'https://images.unsplash.com/photo-1540189549336-e6e99c3679fe?auto=format&fit=crop&w=800&q=60', 2, 'https://www.epicurious.com/recipe/pan-seared-salmon-with-spinach-and-cauliflower-rice', 'Epicurious', 0, 365, 64);
INSERT INTO ingredients (id, recipe_id, name, quantity, unit) VALUES ('d14ef1bb-a889-40ae-9d53-1d88698ada47', '48956518-4334-4d11-9856-d6cc6822085e', 'Garlic', 1.1, 'clove');
INSERT INTO ingredients (id, recipe_id, name, quantity, unit) VALUES ('0d9dc112-8254-4ff8-8472-13eacc4a0e1e', '48956518-4334-4d11-9856-d6cc6822085e', 'Celery', 1.7, 'cup');
INSERT INTO ingredients (id, recipe_id, name, quantity, unit) VALUES ('1a570731-3e5e-4c76-8a1f-7780f47f436c', '48956518-4334-4d11-9856-d6cc6822085e', 'Carrots', 0.8, 'cup');
INSERT INTO ingredients (id, recipe_id, name, quantity, unit) VALUES ('6503ba5a-cc12-433a-8bc5-520866607be5', '48956518-4334-4d11-9856-d6cc6822085e', 'Frozen Peas', 3.1, 'cup');
INSERT INTO ingredients (id, recipe_id, name, quantity, unit) VALUES ('7afb6f9a-8558-4a13-8395-c5a39e495faa', '48956518-4334-4d11-9856-d6cc6822085e', 'Breadcrumbs', 0.6, 'cup');
INSERT INTO ingredients (id, recipe_id, name, quantity, unit) VALUES ('c93f444a-9109-484d-ba3a-fcfeb8af4eed', '48956518-4334-4d11-9856-d6cc6822085e', 'Soy Sauce', 0.9, 'tbsp');
INSERT INTO recipe_dietary_tags (recipe_id, tag_id) VALUES ('48956518-4334-4d11-9856-d6cc6822085e', 1);
INSERT INTO recipe_dietary_tags (recipe_id, tag_id) VALUES ('48956518-4334-4d11-9856-d6cc6822085e', 6);
INSERT INTO recipe_dietary_tags (recipe_id, tag_id) VALUES ('48956518-4334-4d11-9856-d6cc6822085e', 3);

INSERT INTO recipes (id, user_id, title, description, instructions, image_url, servings, source_url, source_name, is_archived, views, cart_adds) VALUES ('7cc596b3-7722-4c30-8f30-ea9add896109', 'admin-user-id', 'Steamed Venison with Green Beans and Cauliflower Rice', 'A delicious Steamed Venison with Green Beans and Cauliflower Rice recipe. This Midwest-friendly dish is a family favorite and easy to make with common ingredients.', '1. Preheat oven to 375°F (190°C) if baking.
2. Prepare the Rice and other main ingredients.
3. In a large bowl, combine with seasonings.
4. Cook according to source instructions until internal temperature is safe.
5. Let rest for 5 minutes before serving.', 'https://images.unsplash.com/photo-1567620985035-091781110527?auto=format&fit=crop&w=800&q=60', 4, 'https://www.tasteofhome.com/recipe/steamed-venison-with-green-beans-and-cauliflower-rice', 'Taste of Home', 0, 344, 39);
INSERT INTO ingredients (id, recipe_id, name, quantity, unit) VALUES ('98b71753-4335-4cdf-92d7-cc141511f860', '7cc596b3-7722-4c30-8f30-ea9add896109', 'Soy Sauce', 0.9, 'tbsp');
INSERT INTO ingredients (id, recipe_id, name, quantity, unit) VALUES ('d4be5e1c-e44a-4431-8cfe-c3945d8c5083', '7cc596b3-7722-4c30-8f30-ea9add896109', 'Ground Beef', 1.7, 'lb');
INSERT INTO ingredients (id, recipe_id, name, quantity, unit) VALUES ('e9ab73a9-8b03-4081-8185-52b5fcde7a87', '7cc596b3-7722-4c30-8f30-ea9add896109', 'Salt', 1.4, 'tsp');
INSERT INTO ingredients (id, recipe_id, name, quantity, unit) VALUES ('91b9da3e-09ea-4ecc-9fa4-79305b8bdb28', '7cc596b3-7722-4c30-8f30-ea9add896109', 'Onion', 1.5, 'cup');
INSERT INTO recipe_dietary_tags (recipe_id, tag_id) VALUES ('7cc596b3-7722-4c30-8f30-ea9add896109', 1);
INSERT INTO recipe_dietary_tags (recipe_id, tag_id) VALUES ('7cc596b3-7722-4c30-8f30-ea9add896109', 6);

INSERT INTO recipes (id, user_id, title, description, instructions, image_url, servings, source_url, source_name, is_archived, views, cart_adds) VALUES ('16944f57-caa9-42e2-9238-cb51bea3d0e8', 'admin-user-id', 'Slow Cooked Tofu with Cauliflower and Couscous', 'A delicious Slow Cooked Tofu with Cauliflower and Couscous recipe. This Midwest-friendly dish is a family favorite and easy to make with common ingredients.', '1. Preheat oven to 375°F (190°C) if baking.
2. Prepare the Couscous and other main ingredients.
3. In a large bowl, combine with seasonings.
4. Cook according to source instructions until internal temperature is safe.
5. Let rest for 5 minutes before serving.', 'https://images.unsplash.com/photo-1565299624946-b28f40a0ae38?auto=format&fit=crop&w=800&q=60', 4, 'https://www.bonappetit.com/recipe/slow-cooked-tofu-with-cauliflower-and-couscous', 'Bon Appetit', 0, 403, 69);
INSERT INTO ingredients (id, recipe_id, name, quantity, unit) VALUES ('7d1b7185-0801-4ec0-b94c-af11be3bffe1', '16944f57-caa9-42e2-9238-cb51bea3d0e8', 'Ground Beef', 2.9, 'lb');
INSERT INTO ingredients (id, recipe_id, name, quantity, unit) VALUES ('69374b90-226b-4b62-a3a8-6cd7e3c4ec91', '16944f57-caa9-42e2-9238-cb51bea3d0e8', 'Salt', 0.9, 'tsp');
INSERT INTO ingredients (id, recipe_id, name, quantity, unit) VALUES ('fad3aef9-5d92-49d0-af2b-d30d8148e1ee', '16944f57-caa9-42e2-9238-cb51bea3d0e8', 'Black Pepper', 3.2, 'tsp');
INSERT INTO ingredients (id, recipe_id, name, quantity, unit) VALUES ('dc3023ad-fc8d-47b5-91ba-0085908cef19', '16944f57-caa9-42e2-9238-cb51bea3d0e8', 'Cream of Mushroom Soup', 1.3, 'can');
INSERT INTO recipe_dietary_tags (recipe_id, tag_id) VALUES ('16944f57-caa9-42e2-9238-cb51bea3d0e8', 3);
INSERT INTO recipe_dietary_tags (recipe_id, tag_id) VALUES ('16944f57-caa9-42e2-9238-cb51bea3d0e8', 4);

INSERT INTO recipes (id, user_id, title, description, instructions, image_url, servings, source_url, source_name, is_archived, views, cart_adds) VALUES ('5ead8a00-d502-4f36-847c-f9143461810d', 'admin-user-id', 'Grilled Venison with Broccoli and Wild Rice', 'A delicious Grilled Venison with Broccoli and Wild Rice recipe. This Midwest-friendly dish is a family favorite and easy to make with common ingredients.', '1. Preheat oven to 375°F (190°C) if baking.
2. Prepare the Rice and other main ingredients.
3. In a large bowl, combine with seasonings.
4. Cook according to source instructions until internal temperature is safe.
5. Let rest for 5 minutes before serving.', 'https://images.unsplash.com/photo-1555939594-58d7cb561ad1?auto=format&fit=crop&w=800&q=60', 6, 'https://www.allrecipes.com/recipe/grilled-venison-with-broccoli-and-wild-rice', 'AllRecipes', 0, 11, 35);
INSERT INTO ingredients (id, recipe_id, name, quantity, unit) VALUES ('1c176e9b-6422-47e5-9846-60fe0f8cb6f5', '5ead8a00-d502-4f36-847c-f9143461810d', 'Carrots', 2.8, 'cup');
INSERT INTO ingredients (id, recipe_id, name, quantity, unit) VALUES ('dbc1afdc-af7c-4bb3-8fdd-860c793fe2ac', '5ead8a00-d502-4f36-847c-f9143461810d', 'Milk', 1.6, 'cup');
INSERT INTO ingredients (id, recipe_id, name, quantity, unit) VALUES ('88658a51-bd00-4218-a3a6-23e6fb354411', '5ead8a00-d502-4f36-847c-f9143461810d', 'Honey', 3.4, 'tbsp');
INSERT INTO ingredients (id, recipe_id, name, quantity, unit) VALUES ('848353a6-60cb-4552-ba13-42212bde02c8', '5ead8a00-d502-4f36-847c-f9143461810d', 'Heavy Cream', 1.9, 'cup');
INSERT INTO recipe_dietary_tags (recipe_id, tag_id) VALUES ('5ead8a00-d502-4f36-847c-f9143461810d', 5);
INSERT INTO recipe_dietary_tags (recipe_id, tag_id) VALUES ('5ead8a00-d502-4f36-847c-f9143461810d', 4);
INSERT INTO recipe_dietary_tags (recipe_id, tag_id) VALUES ('5ead8a00-d502-4f36-847c-f9143461810d', 8);

INSERT INTO recipes (id, user_id, title, description, instructions, image_url, servings, source_url, source_name, is_archived, views, cart_adds) VALUES ('3890a24c-666b-456e-a6c0-e71cc5e2f2b4', 'admin-user-id', 'Air Fried Lamb with Zucchini and Cauliflower Rice', 'A delicious Air Fried Lamb with Zucchini and Cauliflower Rice recipe. This Midwest-friendly dish is a family favorite and easy to make with common ingredients.', '1. Preheat oven to 375°F (190°C) if baking.
2. Prepare the Rice and other main ingredients.
3. In a large bowl, combine with seasonings.
4. Cook according to source instructions until internal temperature is safe.
5. Let rest for 5 minutes before serving.', 'https://images.unsplash.com/photo-1513104894114-bd7ea4718312?auto=format&fit=crop&w=800&q=60', 3, 'https://www.allrecipes.com/recipe/air-fried-lamb-with-zucchini-and-cauliflower-rice', 'AllRecipes', 0, 134, 0);
INSERT INTO ingredients (id, recipe_id, name, quantity, unit) VALUES ('00be7287-25b6-4663-8d9c-47e928d7d653', '3890a24c-666b-456e-a6c0-e71cc5e2f2b4', 'Frozen Peas', 1.5, 'cup');
INSERT INTO ingredients (id, recipe_id, name, quantity, unit) VALUES ('3cf739d2-3f71-430e-acb6-e46bd67db165', '3890a24c-666b-456e-a6c0-e71cc5e2f2b4', 'Heavy Cream', 3.2, 'cup');
INSERT INTO ingredients (id, recipe_id, name, quantity, unit) VALUES ('de28a381-4fca-4786-9ed7-1b71cfece36d', '3890a24c-666b-456e-a6c0-e71cc5e2f2b4', 'Sour Cream', 1.1, 'cup');
INSERT INTO ingredients (id, recipe_id, name, quantity, unit) VALUES ('73956325-79ae-4fb7-95db-59079e812ca8', '3890a24c-666b-456e-a6c0-e71cc5e2f2b4', 'Lemon Juice', 2.7, 'tbsp');
INSERT INTO ingredients (id, recipe_id, name, quantity, unit) VALUES ('beb0810a-eacc-4219-99a0-88d309fc75d1', '3890a24c-666b-456e-a6c0-e71cc5e2f2b4', 'Butter', 1.6, 'tbsp');
INSERT INTO recipe_dietary_tags (recipe_id, tag_id) VALUES ('3890a24c-666b-456e-a6c0-e71cc5e2f2b4', 1);
INSERT INTO recipe_dietary_tags (recipe_id, tag_id) VALUES ('3890a24c-666b-456e-a6c0-e71cc5e2f2b4', 6);
INSERT INTO recipe_dietary_tags (recipe_id, tag_id) VALUES ('3890a24c-666b-456e-a6c0-e71cc5e2f2b4', 2);

INSERT INTO recipes (id, user_id, title, description, instructions, image_url, servings, source_url, source_name, is_archived, views, cart_adds) VALUES ('dd8d7fc7-e947-44d6-821a-ccd8bc7fa969', 'admin-user-id', 'Roasted Venison with Green Beans and Lentil Pasta', 'A delicious Roasted Venison with Green Beans and Lentil Pasta recipe. This Midwest-friendly dish is a family favorite and easy to make with common ingredients.', '1. Preheat oven to 375°F (190°C) if baking.
2. Prepare the Pasta and other main ingredients.
3. In a large bowl, combine with seasonings.
4. Cook according to source instructions until internal temperature is safe.
5. Let rest for 5 minutes before serving.', 'https://images.unsplash.com/photo-1504754524776-8f4f37799ca7?auto=format&fit=crop&w=800&q=60', 7, 'https://www.epicurious.com/recipe/roasted-venison-with-green-beans-and-lentil-pasta', 'Epicurious', 0, 582, 5);
INSERT INTO ingredients (id, recipe_id, name, quantity, unit) VALUES ('0abfd675-7966-4066-8ae9-64dcd0bf5225', 'dd8d7fc7-e947-44d6-821a-ccd8bc7fa969', 'Heavy Cream', 3.2, 'cup');
INSERT INTO ingredients (id, recipe_id, name, quantity, unit) VALUES ('fb1fe53e-4d18-4c00-9d13-0cfa046c5d46', 'dd8d7fc7-e947-44d6-821a-ccd8bc7fa969', 'Dijon Mustard', 2.3, 'tsp');
INSERT INTO ingredients (id, recipe_id, name, quantity, unit) VALUES ('8ec5ddb2-ae41-474e-a9c9-2d7f5a71333c', 'dd8d7fc7-e947-44d6-821a-ccd8bc7fa969', 'Cream of Mushroom Soup', 2.4, 'can');
INSERT INTO ingredients (id, recipe_id, name, quantity, unit) VALUES ('f9845845-0df8-4065-b48a-de65dad51022', 'dd8d7fc7-e947-44d6-821a-ccd8bc7fa969', 'Worcestershire Sauce', 2.8, 'tbsp');
INSERT INTO recipe_dietary_tags (recipe_id, tag_id) VALUES ('dd8d7fc7-e947-44d6-821a-ccd8bc7fa969', 6);
INSERT INTO recipe_dietary_tags (recipe_id, tag_id) VALUES ('dd8d7fc7-e947-44d6-821a-ccd8bc7fa969', 2);
INSERT INTO recipe_dietary_tags (recipe_id, tag_id) VALUES ('dd8d7fc7-e947-44d6-821a-ccd8bc7fa969', 8);

INSERT INTO recipes (id, user_id, title, description, instructions, image_url, servings, source_url, source_name, is_archived, views, cart_adds) VALUES ('ebf0418e-0bb9-427b-872e-d05d8523be0c', 'admin-user-id', 'Slow Cooked Turkey with Green Beans and Brown Rice', 'A delicious Slow Cooked Turkey with Green Beans and Brown Rice recipe. This Midwest-friendly dish is a family favorite and easy to make with common ingredients.', '1. Preheat oven to 375°F (190°C) if baking.
2. Prepare the Rice and other main ingredients.
3. In a large bowl, combine with seasonings.
4. Cook according to source instructions until internal temperature is safe.
5. Let rest for 5 minutes before serving.', 'https://images.unsplash.com/photo-1476224203421-9ac3993557a4?auto=format&fit=crop&w=800&q=60', 6, 'https://www.bonappetit.com/recipe/slow-cooked-turkey-with-green-beans-and-brown-rice', 'Bon Appetit', 0, 241, 3);
INSERT INTO ingredients (id, recipe_id, name, quantity, unit) VALUES ('ad8bf459-90cf-4bd5-8036-c382807ef757', 'ebf0418e-0bb9-427b-872e-d05d8523be0c', 'Potatoes', 2.2, 'lb');
INSERT INTO ingredients (id, recipe_id, name, quantity, unit) VALUES ('206a2e0c-fb14-4a2e-8b21-d59e6ff5589a', 'ebf0418e-0bb9-427b-872e-d05d8523be0c', 'Egg', 2.5, 'large');
INSERT INTO ingredients (id, recipe_id, name, quantity, unit) VALUES ('87a10a73-6158-4f48-af87-c72c54c62d4b', 'ebf0418e-0bb9-427b-872e-d05d8523be0c', 'Butter', 0.8, 'tbsp');
INSERT INTO ingredients (id, recipe_id, name, quantity, unit) VALUES ('74476c49-f9fc-4399-9916-7cb09b9f6b5f', 'ebf0418e-0bb9-427b-872e-d05d8523be0c', 'Frozen Peas', 1.6, 'cup');
INSERT INTO ingredients (id, recipe_id, name, quantity, unit) VALUES ('2fd50bbf-0ab6-44db-88e3-c28cd90ffd74', 'ebf0418e-0bb9-427b-872e-d05d8523be0c', 'Breadcrumbs', 2.7, 'cup');
INSERT INTO ingredients (id, recipe_id, name, quantity, unit) VALUES ('7274680f-4ec1-47c5-ac5c-9b747a4d2186', 'ebf0418e-0bb9-427b-872e-d05d8523be0c', 'Lemon Juice', 1.4, 'tbsp');
INSERT INTO recipe_dietary_tags (recipe_id, tag_id) VALUES ('ebf0418e-0bb9-427b-872e-d05d8523be0c', 3);

INSERT INTO recipes (id, user_id, title, description, instructions, image_url, servings, source_url, source_name, is_archived, views, cart_adds) VALUES ('7cfdf204-baa6-4bce-be53-2c81aac0bf98', 'admin-user-id', 'Sautéed Pork with Zucchini and Quinoa', 'A delicious Sautéed Pork with Zucchini and Quinoa recipe. This Midwest-friendly dish is a family favorite and easy to make with common ingredients.', '1. Preheat oven to 375°F (190°C) if baking.
2. Prepare the Quinoa and other main ingredients.
3. In a large bowl, combine with seasonings.
4. Cook according to source instructions until internal temperature is safe.
5. Let rest for 5 minutes before serving.', 'https://images.unsplash.com/photo-1498837167721-8f5c1a322c2e?auto=format&fit=crop&w=800&q=60', 4, 'https://www.allrecipes.com/recipe/saut-ed-pork-with-zucchini-and-quinoa', 'AllRecipes', 0, 246, 24);
INSERT INTO ingredients (id, recipe_id, name, quantity, unit) VALUES ('47648ac1-0350-4544-bef2-dab46955b0ca', '7cfdf204-baa6-4bce-be53-2c81aac0bf98', 'Black Pepper', 2.1, 'tsp');
INSERT INTO ingredients (id, recipe_id, name, quantity, unit) VALUES ('ad76bf97-6ede-4fe4-8d08-49bdee6c7e57', '7cfdf204-baa6-4bce-be53-2c81aac0bf98', 'Rice', 1.9, 'cup');
INSERT INTO ingredients (id, recipe_id, name, quantity, unit) VALUES ('598c29bf-0f9e-4a4c-be2c-3bd53a1a49c5', '7cfdf204-baa6-4bce-be53-2c81aac0bf98', 'Lemon Juice', 3.4, 'tbsp');
INSERT INTO ingredients (id, recipe_id, name, quantity, unit) VALUES ('434934c8-f089-4055-bd8e-1f32aa9edef7', '7cfdf204-baa6-4bce-be53-2c81aac0bf98', 'Honey', 1.4, 'tbsp');
INSERT INTO ingredients (id, recipe_id, name, quantity, unit) VALUES ('8f1365a2-9ca1-4c62-8200-93bb12ca6649', '7cfdf204-baa6-4bce-be53-2c81aac0bf98', 'Ground Beef', 1.4, 'lb');
INSERT INTO recipe_dietary_tags (recipe_id, tag_id) VALUES ('7cfdf204-baa6-4bce-be53-2c81aac0bf98', 10);
INSERT INTO recipe_dietary_tags (recipe_id, tag_id) VALUES ('7cfdf204-baa6-4bce-be53-2c81aac0bf98', 2);

INSERT INTO recipes (id, user_id, title, description, instructions, image_url, servings, source_url, source_name, is_archived, views, cart_adds) VALUES ('ae7fb74c-c8c5-4fbc-be39-e629c7a6169f', 'admin-user-id', 'Slow Cooked Pork with Carrots and Roasted Potatoes', 'A delicious Slow Cooked Pork with Carrots and Roasted Potatoes recipe. This Midwest-friendly dish is a family favorite and easy to make with common ingredients.', '1. Preheat oven to 375°F (190°C) if baking.
2. Prepare the Potatoes and other main ingredients.
3. In a large bowl, combine with seasonings.
4. Cook according to source instructions until internal temperature is safe.
5. Let rest for 5 minutes before serving.', 'https://images.unsplash.com/photo-1490645935967-10de6ba17051?auto=format&fit=crop&w=800&q=60', 7, 'https://www.bonappetit.com/recipe/slow-cooked-pork-with-carrots-and-roasted-potatoes', 'Bon Appetit', 0, 641, 19);
INSERT INTO ingredients (id, recipe_id, name, quantity, unit) VALUES ('966d90e2-6b24-417b-ac14-2862e7dfd555', 'ae7fb74c-c8c5-4fbc-be39-e629c7a6169f', 'Dijon Mustard', 1.4, 'tsp');
INSERT INTO ingredients (id, recipe_id, name, quantity, unit) VALUES ('661977a1-4f86-4218-a4b9-48aed6ef47f5', 'ae7fb74c-c8c5-4fbc-be39-e629c7a6169f', 'Soy Sauce', 2.9, 'tbsp');
INSERT INTO ingredients (id, recipe_id, name, quantity, unit) VALUES ('76a8343f-9da2-4866-a540-54b0e4af22d7', 'ae7fb74c-c8c5-4fbc-be39-e629c7a6169f', 'Cream of Mushroom Soup', 3.2, 'can');
INSERT INTO ingredients (id, recipe_id, name, quantity, unit) VALUES ('0903e0af-e4d8-4902-8f62-be598cb63e4b', 'ae7fb74c-c8c5-4fbc-be39-e629c7a6169f', 'Pasta', 1.1, 'oz');
INSERT INTO ingredients (id, recipe_id, name, quantity, unit) VALUES ('b2d4ebd7-07b2-466d-951a-8e7427d23cc8', 'ae7fb74c-c8c5-4fbc-be39-e629c7a6169f', 'Frozen Peas', 1.4, 'cup');
INSERT INTO ingredients (id, recipe_id, name, quantity, unit) VALUES ('b8719946-7ca2-445e-95f1-5476c6985567', 'ae7fb74c-c8c5-4fbc-be39-e629c7a6169f', 'Milk', 2.3, 'cup');
INSERT INTO recipe_dietary_tags (recipe_id, tag_id) VALUES ('ae7fb74c-c8c5-4fbc-be39-e629c7a6169f', 10);

INSERT INTO recipes (id, user_id, title, description, instructions, image_url, servings, source_url, source_name, is_archived, views, cart_adds) VALUES ('91e45bc1-bc46-4bce-a67b-8bbd4281e59c', 'admin-user-id', 'Sautéed Tofu with Broccoli and Brown Rice', 'A delicious Sautéed Tofu with Broccoli and Brown Rice recipe. This Midwest-friendly dish is a family favorite and easy to make with common ingredients.', '1. Preheat oven to 375°F (190°C) if baking.
2. Prepare the Rice and other main ingredients.
3. In a large bowl, combine with seasonings.
4. Cook according to source instructions until internal temperature is safe.
5. Let rest for 5 minutes before serving.', 'https://images.unsplash.com/photo-1506084868214-19a1f9e147f8?auto=format&fit=crop&w=800&q=60', 4, 'https://www.allrecipes.com/recipe/saut-ed-tofu-with-broccoli-and-brown-rice', 'AllRecipes', 0, 437, 81);
INSERT INTO ingredients (id, recipe_id, name, quantity, unit) VALUES ('6a65e1a6-608f-4885-8928-ee86f69a193e', '91e45bc1-bc46-4bce-a67b-8bbd4281e59c', 'Soy Sauce', 0.6, 'tbsp');
INSERT INTO ingredients (id, recipe_id, name, quantity, unit) VALUES ('08662a24-5166-4a23-8458-6fe0118a2112', '91e45bc1-bc46-4bce-a67b-8bbd4281e59c', 'Egg', 3.4, 'large');
INSERT INTO ingredients (id, recipe_id, name, quantity, unit) VALUES ('02581c7f-a9d1-463d-8a81-b8c3b8413c78', '91e45bc1-bc46-4bce-a67b-8bbd4281e59c', 'Carrots', 0.9, 'cup');
INSERT INTO ingredients (id, recipe_id, name, quantity, unit) VALUES ('b6845145-e8d2-4ef2-a157-5c165e8d8335', '91e45bc1-bc46-4bce-a67b-8bbd4281e59c', 'Cream of Mushroom Soup', 0.9, 'can');
INSERT INTO recipe_dietary_tags (recipe_id, tag_id) VALUES ('91e45bc1-bc46-4bce-a67b-8bbd4281e59c', 3);
INSERT INTO recipe_dietary_tags (recipe_id, tag_id) VALUES ('91e45bc1-bc46-4bce-a67b-8bbd4281e59c', 4);

INSERT INTO recipes (id, user_id, title, description, instructions, image_url, servings, source_url, source_name, is_archived, views, cart_adds) VALUES ('10b98082-f393-44ec-b447-867a25887583', 'admin-user-id', 'Pan-Seared Turkey with Zucchini and Brown Rice', 'A delicious Pan-Seared Turkey with Zucchini and Brown Rice recipe. This Midwest-friendly dish is a family favorite and easy to make with common ingredients.', '1. Preheat oven to 375°F (190°C) if baking.
2. Prepare the Rice and other main ingredients.
3. In a large bowl, combine with seasonings.
4. Cook according to source instructions until internal temperature is safe.
5. Let rest for 5 minutes before serving.', 'https://images.unsplash.com/photo-1529042410759-adb828e4eaf0?auto=format&fit=crop&w=800&q=60', 3, 'https://www.epicurious.com/recipe/pan-seared-turkey-with-zucchini-and-brown-rice', 'Epicurious', 0, 567, 56);
INSERT INTO ingredients (id, recipe_id, name, quantity, unit) VALUES ('6b80415a-bf00-4c0d-92ad-d8a0ca453648', '10b98082-f393-44ec-b447-867a25887583', 'Honey', 1.9, 'tbsp');
INSERT INTO ingredients (id, recipe_id, name, quantity, unit) VALUES ('b4c2befa-a36c-4d95-ab8f-5fe058cd1df4', '10b98082-f393-44ec-b447-867a25887583', 'Celery', 3.1, 'cup');
INSERT INTO ingredients (id, recipe_id, name, quantity, unit) VALUES ('97ff7145-3a8a-4b6d-9efc-69a14bd12427', '10b98082-f393-44ec-b447-867a25887583', 'Black Pepper', 2.6, 'tsp');
INSERT INTO ingredients (id, recipe_id, name, quantity, unit) VALUES ('54a95eae-0e6d-48d3-a4a7-9dc0b0653bee', '10b98082-f393-44ec-b447-867a25887583', 'Milk', 1.9, 'cup');
INSERT INTO ingredients (id, recipe_id, name, quantity, unit) VALUES ('6eb42248-3fee-48a2-917b-49aecc0244f1', '10b98082-f393-44ec-b447-867a25887583', 'Worcestershire Sauce', 3.3, 'tbsp');
INSERT INTO ingredients (id, recipe_id, name, quantity, unit) VALUES ('1317d726-78f7-4e43-b9e0-462a4ce05785', '10b98082-f393-44ec-b447-867a25887583', 'Salt', 1.6, 'tsp');
INSERT INTO ingredients (id, recipe_id, name, quantity, unit) VALUES ('d04c7d9a-c548-4558-8d62-6b98e7ffc633', '10b98082-f393-44ec-b447-867a25887583', 'Tomato Sauce', 2.6, 'oz');
INSERT INTO recipe_dietary_tags (recipe_id, tag_id) VALUES ('10b98082-f393-44ec-b447-867a25887583', 9);

INSERT INTO recipes (id, user_id, title, description, instructions, image_url, servings, source_url, source_name, is_archived, views, cart_adds) VALUES ('d8d4098b-0028-4772-912e-8e71df67676b', 'admin-user-id', 'Steamed Lamb with Kale and Wild Rice', 'A delicious Steamed Lamb with Kale and Wild Rice recipe. This Midwest-friendly dish is a family favorite and easy to make with common ingredients.', '1. Preheat oven to 375°F (190°C) if baking.
2. Prepare the Rice and other main ingredients.
3. In a large bowl, combine with seasonings.
4. Cook according to source instructions until internal temperature is safe.
5. Let rest for 5 minutes before serving.', 'https://images.unsplash.com/photo-1455619452474-d2ba29bc06da?auto=format&fit=crop&w=800&q=60', 7, 'https://www.foodnetwork.com/recipe/steamed-lamb-with-kale-and-wild-rice', 'Food Network', 0, 758, 98);
INSERT INTO ingredients (id, recipe_id, name, quantity, unit) VALUES ('90795d47-9c4c-44ca-b72d-5ac33a16b43e', 'd8d4098b-0028-4772-912e-8e71df67676b', 'Tater Tots', 1.2, 'oz');
INSERT INTO ingredients (id, recipe_id, name, quantity, unit) VALUES ('69d30733-55ec-4915-8e25-5220d141af47', 'd8d4098b-0028-4772-912e-8e71df67676b', 'Black Pepper', 3.2, 'tsp');
INSERT INTO ingredients (id, recipe_id, name, quantity, unit) VALUES ('2353c8a5-faab-4afd-afc8-5f19349a8df5', 'd8d4098b-0028-4772-912e-8e71df67676b', 'Garlic', 2.3, 'clove');
INSERT INTO ingredients (id, recipe_id, name, quantity, unit) VALUES ('9bd59d7c-a535-4369-9cde-fabeb848e3c2', 'd8d4098b-0028-4772-912e-8e71df67676b', 'Cream of Mushroom Soup', 1.6, 'can');
INSERT INTO ingredients (id, recipe_id, name, quantity, unit) VALUES ('293dc986-c31c-462c-8b62-4918e4292ccb', 'd8d4098b-0028-4772-912e-8e71df67676b', 'Potatoes', 0.8, 'lb');
INSERT INTO ingredients (id, recipe_id, name, quantity, unit) VALUES ('f2f696e7-6d57-4403-8659-576f99dd072f', 'd8d4098b-0028-4772-912e-8e71df67676b', 'Cheddar Cheese', 2.6, 'cup');
INSERT INTO ingredients (id, recipe_id, name, quantity, unit) VALUES ('67c77bdb-b49d-4da1-97de-d685e7d55760', 'd8d4098b-0028-4772-912e-8e71df67676b', 'Salt', 0.8, 'tsp');
INSERT INTO recipe_dietary_tags (recipe_id, tag_id) VALUES ('d8d4098b-0028-4772-912e-8e71df67676b', 1);
INSERT INTO recipe_dietary_tags (recipe_id, tag_id) VALUES ('d8d4098b-0028-4772-912e-8e71df67676b', 2);

INSERT INTO recipes (id, user_id, title, description, instructions, image_url, servings, source_url, source_name, is_archived, views, cart_adds) VALUES ('9c8370c6-4ea5-412b-a831-7e04bd9a59eb', 'admin-user-id', 'Baked Chicken with Broccoli and Couscous', 'A delicious Baked Chicken with Broccoli and Couscous recipe. This Midwest-friendly dish is a family favorite and easy to make with common ingredients.', '1. Preheat oven to 375°F (190°C) if baking.
2. Prepare the Couscous and other main ingredients.
3. In a large bowl, combine with seasonings.
4. Cook according to source instructions until internal temperature is safe.
5. Let rest for 5 minutes before serving.', 'https://images.unsplash.com/photo-1504113888839-14294c223d51?auto=format&fit=crop&w=800&q=60', 2, 'https://www.foodnetwork.com/recipe/baked-chicken-with-broccoli-and-couscous', 'Food Network', 0, 511, 57);
INSERT INTO ingredients (id, recipe_id, name, quantity, unit) VALUES ('caa37ab9-f8df-40cc-a43c-4649e0f95e7f', '9c8370c6-4ea5-412b-a831-7e04bd9a59eb', 'Frozen Peas', 0.9, 'cup');
INSERT INTO ingredients (id, recipe_id, name, quantity, unit) VALUES ('97018b31-d760-45c4-9618-296e0dfbf365', '9c8370c6-4ea5-412b-a831-7e04bd9a59eb', 'Butter', 1.4, 'tbsp');
INSERT INTO ingredients (id, recipe_id, name, quantity, unit) VALUES ('d65c17d3-67ec-43a9-8dea-ae941b6af33b', '9c8370c6-4ea5-412b-a831-7e04bd9a59eb', 'Black Pepper', 2.8, 'tsp');
INSERT INTO ingredients (id, recipe_id, name, quantity, unit) VALUES ('a2e59a54-8a5a-4563-9dfc-91bd1788b05e', '9c8370c6-4ea5-412b-a831-7e04bd9a59eb', 'Soy Sauce', 2.3, 'tbsp');
INSERT INTO ingredients (id, recipe_id, name, quantity, unit) VALUES ('a4285781-5eb8-4dff-8aff-ddfc119f4809', '9c8370c6-4ea5-412b-a831-7e04bd9a59eb', 'Pasta', 1.6, 'oz');
INSERT INTO recipe_dietary_tags (recipe_id, tag_id) VALUES ('9c8370c6-4ea5-412b-a831-7e04bd9a59eb', 10);
INSERT INTO recipe_dietary_tags (recipe_id, tag_id) VALUES ('9c8370c6-4ea5-412b-a831-7e04bd9a59eb', 2);

INSERT INTO recipes (id, user_id, title, description, instructions, image_url, servings, source_url, source_name, is_archived, views, cart_adds) VALUES ('d68bf918-a159-45d6-bf4f-6ef8e6d02640', 'admin-user-id', 'Roasted Beef with Sweet Potatoes and Lentil Pasta', 'A delicious Roasted Beef with Sweet Potatoes and Lentil Pasta recipe. This Midwest-friendly dish is a family favorite and easy to make with common ingredients.', '1. Preheat oven to 375°F (190°C) if baking.
2. Prepare the Pasta and other main ingredients.
3. In a large bowl, combine with seasonings.
4. Cook according to source instructions until internal temperature is safe.
5. Let rest for 5 minutes before serving.', 'https://images.unsplash.com/photo-1546062477-fe2f66230ba3?auto=format&fit=crop&w=800&q=60', 5, 'https://www.epicurious.com/recipe/roasted-beef-with-sweet-potatoes-and-lentil-pasta', 'Epicurious', 0, 294, 41);
INSERT INTO ingredients (id, recipe_id, name, quantity, unit) VALUES ('861b3698-d874-41f9-a0f4-50da015da05e', 'd68bf918-a159-45d6-bf4f-6ef8e6d02640', 'Honey', 1.9, 'tbsp');
INSERT INTO ingredients (id, recipe_id, name, quantity, unit) VALUES ('80dcfe4f-1213-49d5-8c90-4c5901a1cda8', 'd68bf918-a159-45d6-bf4f-6ef8e6d02640', 'Butter', 2.6, 'tbsp');
INSERT INTO ingredients (id, recipe_id, name, quantity, unit) VALUES ('ee076f71-892e-416d-a97b-68bd64bce9e4', 'd68bf918-a159-45d6-bf4f-6ef8e6d02640', 'Black Pepper', 3.5, 'tsp');
INSERT INTO ingredients (id, recipe_id, name, quantity, unit) VALUES ('544e225d-c8ec-4dbe-8f0d-91d75f33522a', 'd68bf918-a159-45d6-bf4f-6ef8e6d02640', 'Cream of Mushroom Soup', 0.5, 'can');
INSERT INTO ingredients (id, recipe_id, name, quantity, unit) VALUES ('6f26dc25-b8be-47a3-9677-307ab57d2686', 'd68bf918-a159-45d6-bf4f-6ef8e6d02640', 'Sour Cream', 3.1, 'cup');
INSERT INTO ingredients (id, recipe_id, name, quantity, unit) VALUES ('74737396-f623-4780-99ff-fc8091ac6f46', 'd68bf918-a159-45d6-bf4f-6ef8e6d02640', 'Salt', 1.7, 'tsp');
INSERT INTO ingredients (id, recipe_id, name, quantity, unit) VALUES ('bd00f589-a5cf-4149-b89e-f84978594cb7', 'd68bf918-a159-45d6-bf4f-6ef8e6d02640', 'Worcestershire Sauce', 1.4, 'tbsp');
INSERT INTO recipe_dietary_tags (recipe_id, tag_id) VALUES ('d68bf918-a159-45d6-bf4f-6ef8e6d02640', 10);
INSERT INTO recipe_dietary_tags (recipe_id, tag_id) VALUES ('d68bf918-a159-45d6-bf4f-6ef8e6d02640', 2);
INSERT INTO recipe_dietary_tags (recipe_id, tag_id) VALUES ('d68bf918-a159-45d6-bf4f-6ef8e6d02640', 9);

INSERT INTO recipes (id, user_id, title, description, instructions, image_url, servings, source_url, source_name, is_archived, views, cart_adds) VALUES ('3694423f-cd16-419e-bedc-df1207ea68d2', 'admin-user-id', 'Sautéed Venison with Spinach and Roasted Potatoes', 'A delicious Sautéed Venison with Spinach and Roasted Potatoes recipe. This Midwest-friendly dish is a family favorite and easy to make with common ingredients.', '1. Preheat oven to 375°F (190°C) if baking.
2. Prepare the Potatoes and other main ingredients.
3. In a large bowl, combine with seasonings.
4. Cook according to source instructions until internal temperature is safe.
5. Let rest for 5 minutes before serving.', 'https://images.unsplash.com/photo-1504674900247-0877df9cc836?auto=format&fit=crop&w=800&q=60', 4, 'https://www.foodnetwork.com/recipe/saut-ed-venison-with-spinach-and-roasted-potatoes', 'Food Network', 0, 992, 9);
INSERT INTO ingredients (id, recipe_id, name, quantity, unit) VALUES ('84e8ecac-d757-4992-a416-2c52366812bf', '3694423f-cd16-419e-bedc-df1207ea68d2', 'Lemon Juice', 2.2, 'tbsp');
INSERT INTO ingredients (id, recipe_id, name, quantity, unit) VALUES ('4db258fd-a081-4a49-940c-444e9483b313', '3694423f-cd16-419e-bedc-df1207ea68d2', 'Tater Tots', 2.2, 'oz');
INSERT INTO ingredients (id, recipe_id, name, quantity, unit) VALUES ('c59c0b1f-ce18-444b-a175-5ce500a5bf28', '3694423f-cd16-419e-bedc-df1207ea68d2', 'Rice', 1.1, 'cup');
INSERT INTO ingredients (id, recipe_id, name, quantity, unit) VALUES ('57a1511b-1599-4430-8909-e08ce16c7065', '3694423f-cd16-419e-bedc-df1207ea68d2', 'Black Pepper', 3.2, 'tsp');
INSERT INTO ingredients (id, recipe_id, name, quantity, unit) VALUES ('93d74653-52c2-4ce9-8d78-0b4929665bce', '3694423f-cd16-419e-bedc-df1207ea68d2', 'Potatoes', 3.2, 'lb');
INSERT INTO ingredients (id, recipe_id, name, quantity, unit) VALUES ('36773cf7-a8b9-42f5-9527-a444c6aaa756', '3694423f-cd16-419e-bedc-df1207ea68d2', 'Celery', 3.0, 'cup');
INSERT INTO recipe_dietary_tags (recipe_id, tag_id) VALUES ('3694423f-cd16-419e-bedc-df1207ea68d2', 7);

INSERT INTO recipes (id, user_id, title, description, instructions, image_url, servings, source_url, source_name, is_archived, views, cart_adds) VALUES ('ca96a5cb-55ca-4670-9ea2-5a2490be076a', 'admin-user-id', 'Sautéed Cod with Green Beans and Zucchini Noodles', 'A delicious Sautéed Cod with Green Beans and Zucchini Noodles recipe. This Midwest-friendly dish is a family favorite and easy to make with common ingredients.', '1. Preheat oven to 375°F (190°C) if baking.
2. Prepare the Noodles and other main ingredients.
3. In a large bowl, combine with seasonings.
4. Cook according to source instructions until internal temperature is safe.
5. Let rest for 5 minutes before serving.', 'https://images.unsplash.com/photo-1493770348161-369560ae357d?auto=format&fit=crop&w=800&q=60', 6, 'https://www.epicurious.com/recipe/saut-ed-cod-with-green-beans-and-zucchini-noodles', 'Epicurious', 0, 262, 88);
INSERT INTO ingredients (id, recipe_id, name, quantity, unit) VALUES ('b35ad7f9-d993-455d-8527-18c3e07e73ff', 'ca96a5cb-55ca-4670-9ea2-5a2490be076a', 'Breadcrumbs', 3.1, 'cup');
INSERT INTO ingredients (id, recipe_id, name, quantity, unit) VALUES ('2a4872c8-3c3d-409c-86f4-6a1784c239bc', 'ca96a5cb-55ca-4670-9ea2-5a2490be076a', 'Black Pepper', 2.0, 'tsp');
INSERT INTO ingredients (id, recipe_id, name, quantity, unit) VALUES ('d5541ed9-96fe-4ad7-a565-478338d60cea', 'ca96a5cb-55ca-4670-9ea2-5a2490be076a', 'Worcestershire Sauce', 2.0, 'tbsp');
INSERT INTO ingredients (id, recipe_id, name, quantity, unit) VALUES ('cad44d27-4784-41ea-8587-bd68d7f7b918', 'ca96a5cb-55ca-4670-9ea2-5a2490be076a', 'Rice', 1.8, 'cup');
INSERT INTO ingredients (id, recipe_id, name, quantity, unit) VALUES ('649eeef6-b048-4015-8cfb-8b9263ae8e28', 'ca96a5cb-55ca-4670-9ea2-5a2490be076a', 'Tater Tots', 1.0, 'oz');
INSERT INTO recipe_dietary_tags (recipe_id, tag_id) VALUES ('ca96a5cb-55ca-4670-9ea2-5a2490be076a', 1);
INSERT INTO recipe_dietary_tags (recipe_id, tag_id) VALUES ('ca96a5cb-55ca-4670-9ea2-5a2490be076a', 6);
INSERT INTO recipe_dietary_tags (recipe_id, tag_id) VALUES ('ca96a5cb-55ca-4670-9ea2-5a2490be076a', 3);
INSERT INTO recipe_dietary_tags (recipe_id, tag_id) VALUES ('ca96a5cb-55ca-4670-9ea2-5a2490be076a', 7);

INSERT INTO recipes (id, user_id, title, description, instructions, image_url, servings, source_url, source_name, is_archived, views, cart_adds) VALUES ('dd8444cc-33de-4acc-890d-bb616127b298', 'admin-user-id', 'Air Fried Salmon with Broccoli and Mashed Cauliflower', 'A delicious Air Fried Salmon with Broccoli and Mashed Cauliflower recipe. This Midwest-friendly dish is a family favorite and easy to make with common ingredients.', '1. Preheat oven to 375°F (190°C) if baking.
2. Prepare the Cauliflower and other main ingredients.
3. In a large bowl, combine with seasonings.
4. Cook according to source instructions until internal temperature is safe.
5. Let rest for 5 minutes before serving.', 'https://images.unsplash.com/photo-1473093226795-af9932fe5856?auto=format&fit=crop&w=800&q=60', 2, 'https://www.bonappetit.com/recipe/air-fried-salmon-with-broccoli-and-mashed-cauliflower', 'Bon Appetit', 0, 261, 40);
INSERT INTO ingredients (id, recipe_id, name, quantity, unit) VALUES ('9e24e4d8-81de-48cc-b6c3-ed027d595662', 'dd8444cc-33de-4acc-890d-bb616127b298', 'Onion', 2.3, 'cup');
INSERT INTO ingredients (id, recipe_id, name, quantity, unit) VALUES ('8a3b1511-39ef-4276-803c-45b8ca2da4bc', 'dd8444cc-33de-4acc-890d-bb616127b298', 'Potatoes', 1.1, 'lb');
INSERT INTO ingredients (id, recipe_id, name, quantity, unit) VALUES ('0ed91371-2efc-47d0-8a78-1d21220e9a02', 'dd8444cc-33de-4acc-890d-bb616127b298', 'Salt', 2.3, 'tsp');
INSERT INTO ingredients (id, recipe_id, name, quantity, unit) VALUES ('002ddc75-8142-46fe-831c-52731208c138', 'dd8444cc-33de-4acc-890d-bb616127b298', 'Honey', 1.8, 'tbsp');
INSERT INTO ingredients (id, recipe_id, name, quantity, unit) VALUES ('a239752b-8416-4f85-a119-2ae8eac9671c', 'dd8444cc-33de-4acc-890d-bb616127b298', 'Tater Tots', 3.1, 'oz');
INSERT INTO recipe_dietary_tags (recipe_id, tag_id) VALUES ('dd8444cc-33de-4acc-890d-bb616127b298', 1);
INSERT INTO recipe_dietary_tags (recipe_id, tag_id) VALUES ('dd8444cc-33de-4acc-890d-bb616127b298', 6);
INSERT INTO recipe_dietary_tags (recipe_id, tag_id) VALUES ('dd8444cc-33de-4acc-890d-bb616127b298', 3);
INSERT INTO recipe_dietary_tags (recipe_id, tag_id) VALUES ('dd8444cc-33de-4acc-890d-bb616127b298', 4);

INSERT INTO recipes (id, user_id, title, description, instructions, image_url, servings, source_url, source_name, is_archived, views, cart_adds) VALUES ('e40b9365-3915-40c0-9062-6fbe7324f5fd', 'admin-user-id', 'Pan-Seared Venison with Zucchini and Brown Rice', 'A delicious Pan-Seared Venison with Zucchini and Brown Rice recipe. This Midwest-friendly dish is a family favorite and easy to make with common ingredients.', '1. Preheat oven to 375°F (190°C) if baking.
2. Prepare the Rice and other main ingredients.
3. In a large bowl, combine with seasonings.
4. Cook according to source instructions until internal temperature is safe.
5. Let rest for 5 minutes before serving.', 'https://images.unsplash.com/photo-1512621776951-a57141f2eefd?auto=format&fit=crop&w=800&q=60', 3, 'https://www.bonappetit.com/recipe/pan-seared-venison-with-zucchini-and-brown-rice', 'Bon Appetit', 0, 825, 41);
INSERT INTO ingredients (id, recipe_id, name, quantity, unit) VALUES ('f59aaede-41c9-4a99-8f36-63207e2510ff', 'e40b9365-3915-40c0-9062-6fbe7324f5fd', 'Potatoes', 1.1, 'lb');
INSERT INTO ingredients (id, recipe_id, name, quantity, unit) VALUES ('3ec60ceb-e9c1-4af0-a925-7af2e53f6623', 'e40b9365-3915-40c0-9062-6fbe7324f5fd', 'Heavy Cream', 2.6, 'cup');
INSERT INTO ingredients (id, recipe_id, name, quantity, unit) VALUES ('ea2349c9-40c8-4c34-87ac-41d87134860e', 'e40b9365-3915-40c0-9062-6fbe7324f5fd', 'Frozen Peas', 1.5, 'cup');
INSERT INTO ingredients (id, recipe_id, name, quantity, unit) VALUES ('c73f4003-5dab-48c1-a8a8-44b18891100c', 'e40b9365-3915-40c0-9062-6fbe7324f5fd', 'Chicken Breast', 3.2, 'lb');
INSERT INTO ingredients (id, recipe_id, name, quantity, unit) VALUES ('e0fc3ca2-98e1-46a7-ad2f-db601a39c2fa', 'e40b9365-3915-40c0-9062-6fbe7324f5fd', 'Breadcrumbs', 2.1, 'cup');
INSERT INTO ingredients (id, recipe_id, name, quantity, unit) VALUES ('cb715610-6583-4f6c-806d-9da1c6f2976c', 'e40b9365-3915-40c0-9062-6fbe7324f5fd', 'Lemon Juice', 2.2, 'tbsp');
INSERT INTO ingredients (id, recipe_id, name, quantity, unit) VALUES ('a21ef7c8-46d9-400b-b7ae-94c74b7121a3', 'e40b9365-3915-40c0-9062-6fbe7324f5fd', 'Dijon Mustard', 0.9, 'tsp');
INSERT INTO recipe_dietary_tags (recipe_id, tag_id) VALUES ('e40b9365-3915-40c0-9062-6fbe7324f5fd', 8);
INSERT INTO recipe_dietary_tags (recipe_id, tag_id) VALUES ('e40b9365-3915-40c0-9062-6fbe7324f5fd', 7);

INSERT INTO recipes (id, user_id, title, description, instructions, image_url, servings, source_url, source_name, is_archived, views, cart_adds) VALUES ('87be97bd-f02c-4c3c-9cd3-c02b380fe86e', 'admin-user-id', 'Pan-Seared Chicken with Asparagus and Couscous', 'A delicious Pan-Seared Chicken with Asparagus and Couscous recipe. This Midwest-friendly dish is a family favorite and easy to make with common ingredients.', '1. Preheat oven to 375°F (190°C) if baking.
2. Prepare the Couscous and other main ingredients.
3. In a large bowl, combine with seasonings.
4. Cook according to source instructions until internal temperature is safe.
5. Let rest for 5 minutes before serving.', 'https://images.unsplash.com/photo-1482049016688-2d3e1b311543?auto=format&fit=crop&w=800&q=60', 4, 'https://www.foodnetwork.com/recipe/pan-seared-chicken-with-asparagus-and-couscous', 'Food Network', 0, 545, 17);
INSERT INTO ingredients (id, recipe_id, name, quantity, unit) VALUES ('2125ffa8-9604-4dfb-8c42-0b2ab63f0a5b', '87be97bd-f02c-4c3c-9cd3-c02b380fe86e', 'Olive Oil', 1.4, 'tbsp');
INSERT INTO ingredients (id, recipe_id, name, quantity, unit) VALUES ('102dfe65-8e61-44ed-929b-55370b158c53', '87be97bd-f02c-4c3c-9cd3-c02b380fe86e', 'Tater Tots', 1.4, 'oz');
INSERT INTO ingredients (id, recipe_id, name, quantity, unit) VALUES ('5922f919-d5a5-4b3d-a31e-7c38b9004c88', '87be97bd-f02c-4c3c-9cd3-c02b380fe86e', 'Milk', 1.8, 'cup');
INSERT INTO ingredients (id, recipe_id, name, quantity, unit) VALUES ('f87ee768-8e16-47e2-a973-49bce6422473', '87be97bd-f02c-4c3c-9cd3-c02b380fe86e', 'Celery', 1.7, 'cup');
INSERT INTO ingredients (id, recipe_id, name, quantity, unit) VALUES ('25b9b985-1641-4f51-befa-7fa984869884', '87be97bd-f02c-4c3c-9cd3-c02b380fe86e', 'Frozen Peas', 1.1, 'cup');
INSERT INTO ingredients (id, recipe_id, name, quantity, unit) VALUES ('6402a971-8a71-4296-8601-37bfb5f50e7d', '87be97bd-f02c-4c3c-9cd3-c02b380fe86e', 'Tomato Sauce', 2.9, 'oz');
INSERT INTO ingredients (id, recipe_id, name, quantity, unit) VALUES ('b8450429-48b2-41d2-a6c1-5959aee81c0f', '87be97bd-f02c-4c3c-9cd3-c02b380fe86e', 'Cheddar Cheese', 3.2, 'cup');
INSERT INTO recipe_dietary_tags (recipe_id, tag_id) VALUES ('87be97bd-f02c-4c3c-9cd3-c02b380fe86e', 10);
INSERT INTO recipe_dietary_tags (recipe_id, tag_id) VALUES ('87be97bd-f02c-4c3c-9cd3-c02b380fe86e', 4);
INSERT INTO recipe_dietary_tags (recipe_id, tag_id) VALUES ('87be97bd-f02c-4c3c-9cd3-c02b380fe86e', 9);

INSERT INTO recipes (id, user_id, title, description, instructions, image_url, servings, source_url, source_name, is_archived, views, cart_adds) VALUES ('60e3d9ae-98a3-4b4a-9c0d-13548ec0ba60', 'admin-user-id', 'Air Fried Salmon with Sweet Potatoes and Mashed Cauliflower', 'A delicious Air Fried Salmon with Sweet Potatoes and Mashed Cauliflower recipe. This Midwest-friendly dish is a family favorite and easy to make with common ingredients.', '1. Preheat oven to 375°F (190°C) if baking.
2. Prepare the Cauliflower and other main ingredients.
3. In a large bowl, combine with seasonings.
4. Cook according to source instructions until internal temperature is safe.
5. Let rest for 5 minutes before serving.', 'https://images.unsplash.com/photo-1484723091739-30a097e8f929?auto=format&fit=crop&w=800&q=60', 6, 'https://www.tasteofhome.com/recipe/air-fried-salmon-with-sweet-potatoes-and-mashed-cauliflower', 'Taste of Home', 0, 81, 27);
INSERT INTO ingredients (id, recipe_id, name, quantity, unit) VALUES ('026c5924-28ad-4f0c-84e3-400c906aaa71', '60e3d9ae-98a3-4b4a-9c0d-13548ec0ba60', 'Cream of Mushroom Soup', 2.1, 'can');
INSERT INTO ingredients (id, recipe_id, name, quantity, unit) VALUES ('b9d1f172-2f63-4c75-a2f4-d1bb0a3adc7d', '60e3d9ae-98a3-4b4a-9c0d-13548ec0ba60', 'Rice', 1.1, 'cup');
INSERT INTO ingredients (id, recipe_id, name, quantity, unit) VALUES ('cb61c11d-48fe-4359-ac2d-f7e65ba3a46b', '60e3d9ae-98a3-4b4a-9c0d-13548ec0ba60', 'Salt', 1.1, 'tsp');
INSERT INTO ingredients (id, recipe_id, name, quantity, unit) VALUES ('899365a5-43fd-4f9b-9c0c-bfb5818fe0af', '60e3d9ae-98a3-4b4a-9c0d-13548ec0ba60', 'Tomato Sauce', 1.4, 'oz');
INSERT INTO ingredients (id, recipe_id, name, quantity, unit) VALUES ('e9b51906-edde-4ff0-b28d-681be328c8b8', '60e3d9ae-98a3-4b4a-9c0d-13548ec0ba60', 'Dijon Mustard', 3.1, 'tsp');
INSERT INTO ingredients (id, recipe_id, name, quantity, unit) VALUES ('9fdcbb52-fb5c-4b1b-a3c3-f72ac9abcf1b', '60e3d9ae-98a3-4b4a-9c0d-13548ec0ba60', 'Cheddar Cheese', 1.3, 'cup');
INSERT INTO recipe_dietary_tags (recipe_id, tag_id) VALUES ('60e3d9ae-98a3-4b4a-9c0d-13548ec0ba60', 1);
INSERT INTO recipe_dietary_tags (recipe_id, tag_id) VALUES ('60e3d9ae-98a3-4b4a-9c0d-13548ec0ba60', 6);
INSERT INTO recipe_dietary_tags (recipe_id, tag_id) VALUES ('60e3d9ae-98a3-4b4a-9c0d-13548ec0ba60', 3);

INSERT INTO recipes (id, user_id, title, description, instructions, image_url, servings, source_url, source_name, is_archived, views, cart_adds) VALUES ('b530e26e-bc12-4f5d-ae57-154c14db6e6a', 'admin-user-id', 'Grilled Lamb with Brussels Sprouts and Quinoa', 'A delicious Grilled Lamb with Brussels Sprouts and Quinoa recipe. This Midwest-friendly dish is a family favorite and easy to make with common ingredients.', '1. Preheat oven to 375°F (190°C) if baking.
2. Prepare the Quinoa and other main ingredients.
3. In a large bowl, combine with seasonings.
4. Cook according to source instructions until internal temperature is safe.
5. Let rest for 5 minutes before serving.', 'https://images.unsplash.com/photo-1540189549336-e6e99c3679fe?auto=format&fit=crop&w=800&q=60', 6, 'https://www.epicurious.com/recipe/grilled-lamb-with-brussels-sprouts-and-quinoa', 'Epicurious', 0, 731, 56);
INSERT INTO ingredients (id, recipe_id, name, quantity, unit) VALUES ('de26e2fc-1ee1-4794-9707-1fe1ff0ebeb9', 'b530e26e-bc12-4f5d-ae57-154c14db6e6a', 'Carrots', 2.5, 'cup');
INSERT INTO ingredients (id, recipe_id, name, quantity, unit) VALUES ('dce1ea7a-e88b-4d9c-a9db-04e957216ff6', 'b530e26e-bc12-4f5d-ae57-154c14db6e6a', 'Garlic', 1.3, 'clove');
INSERT INTO ingredients (id, recipe_id, name, quantity, unit) VALUES ('1369604b-0ca9-4d8b-80b5-5c8429fa3fef', 'b530e26e-bc12-4f5d-ae57-154c14db6e6a', 'Heavy Cream', 1.5, 'cup');
INSERT INTO ingredients (id, recipe_id, name, quantity, unit) VALUES ('d871cecc-7c53-4bb3-b3c5-b038c866a2c1', 'b530e26e-bc12-4f5d-ae57-154c14db6e6a', 'Egg', 2.2, 'large');
INSERT INTO ingredients (id, recipe_id, name, quantity, unit) VALUES ('5eddd1e9-525a-42fd-aafc-fe4cababa038', 'b530e26e-bc12-4f5d-ae57-154c14db6e6a', 'Potatoes', 1.2, 'lb');
INSERT INTO recipe_dietary_tags (recipe_id, tag_id) VALUES ('b530e26e-bc12-4f5d-ae57-154c14db6e6a', 5);
INSERT INTO recipe_dietary_tags (recipe_id, tag_id) VALUES ('b530e26e-bc12-4f5d-ae57-154c14db6e6a', 2);
INSERT INTO recipe_dietary_tags (recipe_id, tag_id) VALUES ('b530e26e-bc12-4f5d-ae57-154c14db6e6a', 7);

INSERT INTO recipes (id, user_id, title, description, instructions, image_url, servings, source_url, source_name, is_archived, views, cart_adds) VALUES ('55f544b2-1241-4346-8558-e63fc0d43c0d', 'admin-user-id', 'Baked Turkey with Brussels Sprouts and Wild Rice', 'A delicious Baked Turkey with Brussels Sprouts and Wild Rice recipe. This Midwest-friendly dish is a family favorite and easy to make with common ingredients.', '1. Preheat oven to 375°F (190°C) if baking.
2. Prepare the Rice and other main ingredients.
3. In a large bowl, combine with seasonings.
4. Cook according to source instructions until internal temperature is safe.
5. Let rest for 5 minutes before serving.', 'https://images.unsplash.com/photo-1567620985035-091781110527?auto=format&fit=crop&w=800&q=60', 7, 'https://www.epicurious.com/recipe/baked-turkey-with-brussels-sprouts-and-wild-rice', 'Epicurious', 0, 536, 12);
INSERT INTO ingredients (id, recipe_id, name, quantity, unit) VALUES ('12f70d83-5de4-4d13-8363-5c53d35a406f', '55f544b2-1241-4346-8558-e63fc0d43c0d', 'Milk', 2.1, 'cup');
INSERT INTO ingredients (id, recipe_id, name, quantity, unit) VALUES ('f9053dd7-50c8-4fc3-ac91-495fef9f56be', '55f544b2-1241-4346-8558-e63fc0d43c0d', 'Pasta', 1.7, 'oz');
INSERT INTO ingredients (id, recipe_id, name, quantity, unit) VALUES ('1efdf777-9b8d-4fe4-a392-ebd8528c7b82', '55f544b2-1241-4346-8558-e63fc0d43c0d', 'Carrots', 1.8, 'cup');
INSERT INTO ingredients (id, recipe_id, name, quantity, unit) VALUES ('64a63ba8-cbab-4a69-b3e7-61c18acc7cb3', '55f544b2-1241-4346-8558-e63fc0d43c0d', 'Frozen Peas', 1.8, 'cup');
INSERT INTO recipe_dietary_tags (recipe_id, tag_id) VALUES ('55f544b2-1241-4346-8558-e63fc0d43c0d', 8);
INSERT INTO recipe_dietary_tags (recipe_id, tag_id) VALUES ('55f544b2-1241-4346-8558-e63fc0d43c0d', 4);

INSERT INTO recipes (id, user_id, title, description, instructions, image_url, servings, source_url, source_name, is_archived, views, cart_adds) VALUES ('88734547-826b-4876-a51f-412757bd6488', 'admin-user-id', 'Slow Cooked Chicken with Spinach and Roasted Potatoes', 'A delicious Slow Cooked Chicken with Spinach and Roasted Potatoes recipe. This Midwest-friendly dish is a family favorite and easy to make with common ingredients.', '1. Preheat oven to 375°F (190°C) if baking.
2. Prepare the Potatoes and other main ingredients.
3. In a large bowl, combine with seasonings.
4. Cook according to source instructions until internal temperature is safe.
5. Let rest for 5 minutes before serving.', 'https://images.unsplash.com/photo-1565299624946-b28f40a0ae38?auto=format&fit=crop&w=800&q=60', 6, 'https://www.tasteofhome.com/recipe/slow-cooked-chicken-with-spinach-and-roasted-potatoes', 'Taste of Home', 0, 45, 18);
INSERT INTO ingredients (id, recipe_id, name, quantity, unit) VALUES ('cce0f5ae-ce0c-4761-9819-acdbb4fd79a7', '88734547-826b-4876-a51f-412757bd6488', 'Rice', 2.8, 'cup');
INSERT INTO ingredients (id, recipe_id, name, quantity, unit) VALUES ('e025e593-71aa-4985-8c1e-cf02e000bb89', '88734547-826b-4876-a51f-412757bd6488', 'Egg', 3.0, 'large');
INSERT INTO ingredients (id, recipe_id, name, quantity, unit) VALUES ('42402a1a-6759-4c78-bba7-ffcd8dac6ddb', '88734547-826b-4876-a51f-412757bd6488', 'Ground Beef', 2.8, 'lb');
INSERT INTO ingredients (id, recipe_id, name, quantity, unit) VALUES ('842f5765-4f42-4375-8529-5dbd18350362', '88734547-826b-4876-a51f-412757bd6488', 'Heavy Cream', 2.3, 'cup');
INSERT INTO ingredients (id, recipe_id, name, quantity, unit) VALUES ('cb7c394f-248c-4010-8be0-1595951071dd', '88734547-826b-4876-a51f-412757bd6488', 'Tater Tots', 3.4, 'oz');
INSERT INTO ingredients (id, recipe_id, name, quantity, unit) VALUES ('3a92e8e4-a045-4d11-b9bb-84ccb61c7835', '88734547-826b-4876-a51f-412757bd6488', 'Tomato Sauce', 1.8, 'oz');
INSERT INTO recipe_dietary_tags (recipe_id, tag_id) VALUES ('88734547-826b-4876-a51f-412757bd6488', 10);
INSERT INTO recipe_dietary_tags (recipe_id, tag_id) VALUES ('88734547-826b-4876-a51f-412757bd6488', 2);

INSERT INTO recipes (id, user_id, title, description, instructions, image_url, servings, source_url, source_name, is_archived, views, cart_adds) VALUES ('7839f7e8-1dde-46fb-ac2d-6c12c35bfebe', 'admin-user-id', 'Slow Cooked Chicken with Green Beans and Lentil Pasta', 'A delicious Slow Cooked Chicken with Green Beans and Lentil Pasta recipe. This Midwest-friendly dish is a family favorite and easy to make with common ingredients.', '1. Preheat oven to 375°F (190°C) if baking.
2. Prepare the Pasta and other main ingredients.
3. In a large bowl, combine with seasonings.
4. Cook according to source instructions until internal temperature is safe.
5. Let rest for 5 minutes before serving.', 'https://images.unsplash.com/photo-1555939594-58d7cb561ad1?auto=format&fit=crop&w=800&q=60', 6, 'https://www.allrecipes.com/recipe/slow-cooked-chicken-with-green-beans-and-lentil-pasta', 'AllRecipes', 0, 90, 28);
INSERT INTO ingredients (id, recipe_id, name, quantity, unit) VALUES ('2d2b9849-5bdd-48e5-a8bc-18d1e90fb40d', '7839f7e8-1dde-46fb-ac2d-6c12c35bfebe', 'Worcestershire Sauce', 1.3, 'tbsp');
INSERT INTO ingredients (id, recipe_id, name, quantity, unit) VALUES ('20557dab-7549-4b4f-a6ce-97f349e437e3', '7839f7e8-1dde-46fb-ac2d-6c12c35bfebe', 'Garlic', 1.7, 'clove');
INSERT INTO ingredients (id, recipe_id, name, quantity, unit) VALUES ('55bb649f-b372-4781-b51c-45562e2c7dbb', '7839f7e8-1dde-46fb-ac2d-6c12c35bfebe', 'Breadcrumbs', 2.2, 'cup');
INSERT INTO ingredients (id, recipe_id, name, quantity, unit) VALUES ('293787fd-503f-4d92-8d39-2bce08db08f6', '7839f7e8-1dde-46fb-ac2d-6c12c35bfebe', 'Rice', 1.4, 'cup');
INSERT INTO ingredients (id, recipe_id, name, quantity, unit) VALUES ('2b102c86-b914-4ce6-a3aa-d8e280ed467b', '7839f7e8-1dde-46fb-ac2d-6c12c35bfebe', 'Black Pepper', 2.2, 'tsp');
INSERT INTO ingredients (id, recipe_id, name, quantity, unit) VALUES ('e1d37101-8484-4426-8195-d7328d3a03ae', '7839f7e8-1dde-46fb-ac2d-6c12c35bfebe', 'Cream of Mushroom Soup', 2.1, 'can');
INSERT INTO recipe_dietary_tags (recipe_id, tag_id) VALUES ('7839f7e8-1dde-46fb-ac2d-6c12c35bfebe', 10);

INSERT INTO recipes (id, user_id, title, description, instructions, image_url, servings, source_url, source_name, is_archived, views, cart_adds) VALUES ('6c2ce153-1e51-4c68-8130-0f3cd07dd653', 'admin-user-id', 'Roasted Tofu with Zucchini and Wild Rice', 'A delicious Roasted Tofu with Zucchini and Wild Rice recipe. This Midwest-friendly dish is a family favorite and easy to make with common ingredients.', '1. Preheat oven to 375°F (190°C) if baking.
2. Prepare the Rice and other main ingredients.
3. In a large bowl, combine with seasonings.
4. Cook according to source instructions until internal temperature is safe.
5. Let rest for 5 minutes before serving.', 'https://images.unsplash.com/photo-1513104894114-bd7ea4718312?auto=format&fit=crop&w=800&q=60', 3, 'https://www.bonappetit.com/recipe/roasted-tofu-with-zucchini-and-wild-rice', 'Bon Appetit', 0, 545, 12);
INSERT INTO ingredients (id, recipe_id, name, quantity, unit) VALUES ('80178518-9245-4dcf-865c-5e8a139d038e', '6c2ce153-1e51-4c68-8130-0f3cd07dd653', 'Tomato Sauce', 1.5, 'oz');
INSERT INTO ingredients (id, recipe_id, name, quantity, unit) VALUES ('92b48f01-ad83-4c29-ac6e-d9946ddd24ad', '6c2ce153-1e51-4c68-8130-0f3cd07dd653', 'Chicken Breast', 1.6, 'lb');
INSERT INTO ingredients (id, recipe_id, name, quantity, unit) VALUES ('56feb8b9-9761-4f14-a5e6-c3c261e9d56d', '6c2ce153-1e51-4c68-8130-0f3cd07dd653', 'Olive Oil', 1.6, 'tbsp');
INSERT INTO ingredients (id, recipe_id, name, quantity, unit) VALUES ('70b91b00-6d4b-43dc-bb17-18101e386063', '6c2ce153-1e51-4c68-8130-0f3cd07dd653', 'Heavy Cream', 3.0, 'cup');
INSERT INTO ingredients (id, recipe_id, name, quantity, unit) VALUES ('94713fe8-c576-464f-b16e-286b21ae6604', '6c2ce153-1e51-4c68-8130-0f3cd07dd653', 'Rice', 2.8, 'cup');
INSERT INTO recipe_dietary_tags (recipe_id, tag_id) VALUES ('6c2ce153-1e51-4c68-8130-0f3cd07dd653', 3);
INSERT INTO recipe_dietary_tags (recipe_id, tag_id) VALUES ('6c2ce153-1e51-4c68-8130-0f3cd07dd653', 2);

INSERT INTO recipes (id, user_id, title, description, instructions, image_url, servings, source_url, source_name, is_archived, views, cart_adds) VALUES ('9c171852-a91b-4f3d-b66a-3a194b284429', 'admin-user-id', 'Steamed Tofu with Broccoli and Wild Rice', 'A delicious Steamed Tofu with Broccoli and Wild Rice recipe. This Midwest-friendly dish is a family favorite and easy to make with common ingredients.', '1. Preheat oven to 375°F (190°C) if baking.
2. Prepare the Rice and other main ingredients.
3. In a large bowl, combine with seasonings.
4. Cook according to source instructions until internal temperature is safe.
5. Let rest for 5 minutes before serving.', 'https://images.unsplash.com/photo-1504754524776-8f4f37799ca7?auto=format&fit=crop&w=800&q=60', 6, 'https://www.foodnetwork.com/recipe/steamed-tofu-with-broccoli-and-wild-rice', 'Food Network', 0, 348, 44);
INSERT INTO ingredients (id, recipe_id, name, quantity, unit) VALUES ('6c184164-9048-4e9f-8437-90e2a134e855', '9c171852-a91b-4f3d-b66a-3a194b284429', 'Garlic', 1.5, 'clove');
INSERT INTO ingredients (id, recipe_id, name, quantity, unit) VALUES ('7753ea59-ffff-4be8-8747-0d14dd9efcf3', '9c171852-a91b-4f3d-b66a-3a194b284429', 'Breadcrumbs', 2.9, 'cup');
INSERT INTO ingredients (id, recipe_id, name, quantity, unit) VALUES ('7904d90e-42ee-4d81-91bc-42210f36a1dc', '9c171852-a91b-4f3d-b66a-3a194b284429', 'Heavy Cream', 2.1, 'cup');
INSERT INTO ingredients (id, recipe_id, name, quantity, unit) VALUES ('74da2f8c-8b42-4b0f-9334-5ce224101c9c', '9c171852-a91b-4f3d-b66a-3a194b284429', 'Pasta', 1.3, 'oz');
INSERT INTO ingredients (id, recipe_id, name, quantity, unit) VALUES ('3d281169-2525-40fc-b035-5aadfbdcc079', '9c171852-a91b-4f3d-b66a-3a194b284429', 'Potatoes', 1.8, 'lb');
INSERT INTO ingredients (id, recipe_id, name, quantity, unit) VALUES ('872e6c59-a43b-4420-8fe4-081257aa74c2', '9c171852-a91b-4f3d-b66a-3a194b284429', 'Rice', 3.2, 'cup');
INSERT INTO recipe_dietary_tags (recipe_id, tag_id) VALUES ('9c171852-a91b-4f3d-b66a-3a194b284429', 3);

INSERT INTO recipes (id, user_id, title, description, instructions, image_url, servings, source_url, source_name, is_archived, views, cart_adds) VALUES ('a8c0199d-5cab-4f64-9206-95848ccd3210', 'admin-user-id', 'Air Fried Venison with Sweet Potatoes and Cauliflower Rice', 'A delicious Air Fried Venison with Sweet Potatoes and Cauliflower Rice recipe. This Midwest-friendly dish is a family favorite and easy to make with common ingredients.', '1. Preheat oven to 375°F (190°C) if baking.
2. Prepare the Rice and other main ingredients.
3. In a large bowl, combine with seasonings.
4. Cook according to source instructions until internal temperature is safe.
5. Let rest for 5 minutes before serving.', 'https://images.unsplash.com/photo-1476224203421-9ac3993557a4?auto=format&fit=crop&w=800&q=60', 6, 'https://www.epicurious.com/recipe/air-fried-venison-with-sweet-potatoes-and-cauliflower-rice', 'Epicurious', 0, 707, 56);
INSERT INTO ingredients (id, recipe_id, name, quantity, unit) VALUES ('b190ec3f-47ea-4408-9310-350f1d92ac31', 'a8c0199d-5cab-4f64-9206-95848ccd3210', 'Lemon Juice', 2.9, 'tbsp');
INSERT INTO ingredients (id, recipe_id, name, quantity, unit) VALUES ('8ce20592-c04a-467e-94ce-91e20066a1c3', 'a8c0199d-5cab-4f64-9206-95848ccd3210', 'Breadcrumbs', 3.0, 'cup');
INSERT INTO ingredients (id, recipe_id, name, quantity, unit) VALUES ('a1a972ea-3eb0-4455-89ed-d88683103033', 'a8c0199d-5cab-4f64-9206-95848ccd3210', 'Salt', 2.8, 'tsp');
INSERT INTO ingredients (id, recipe_id, name, quantity, unit) VALUES ('ee1650a7-cbc0-471a-99e8-03f110857756', 'a8c0199d-5cab-4f64-9206-95848ccd3210', 'Pasta', 1.7, 'oz');
INSERT INTO ingredients (id, recipe_id, name, quantity, unit) VALUES ('79048928-a316-407a-a7d4-62d4df8e0ee8', 'a8c0199d-5cab-4f64-9206-95848ccd3210', 'Tomato Sauce', 1.4, 'oz');
INSERT INTO ingredients (id, recipe_id, name, quantity, unit) VALUES ('1be68758-d49e-49be-bbb2-125f65e5e3de', 'a8c0199d-5cab-4f64-9206-95848ccd3210', 'Egg', 1.9, 'large');
INSERT INTO recipe_dietary_tags (recipe_id, tag_id) VALUES ('a8c0199d-5cab-4f64-9206-95848ccd3210', 1);
INSERT INTO recipe_dietary_tags (recipe_id, tag_id) VALUES ('a8c0199d-5cab-4f64-9206-95848ccd3210', 6);
INSERT INTO recipe_dietary_tags (recipe_id, tag_id) VALUES ('a8c0199d-5cab-4f64-9206-95848ccd3210', 9);

INSERT INTO recipes (id, user_id, title, description, instructions, image_url, servings, source_url, source_name, is_archived, views, cart_adds) VALUES ('45ee22b4-2f0f-48d8-9091-abbefbbcf031', 'admin-user-id', 'Steamed Beef with Brussels Sprouts and Cauliflower Rice', 'A delicious Steamed Beef with Brussels Sprouts and Cauliflower Rice recipe. This Midwest-friendly dish is a family favorite and easy to make with common ingredients.', '1. Preheat oven to 375°F (190°C) if baking.
2. Prepare the Rice and other main ingredients.
3. In a large bowl, combine with seasonings.
4. Cook according to source instructions until internal temperature is safe.
5. Let rest for 5 minutes before serving.', 'https://images.unsplash.com/photo-1498837167721-8f5c1a322c2e?auto=format&fit=crop&w=800&q=60', 2, 'https://www.tasteofhome.com/recipe/steamed-beef-with-brussels-sprouts-and-cauliflower-rice', 'Taste of Home', 0, 517, 99);
INSERT INTO ingredients (id, recipe_id, name, quantity, unit) VALUES ('571512ef-a8d9-4ab5-acfa-28ebdf75da1e', '45ee22b4-2f0f-48d8-9091-abbefbbcf031', 'Honey', 2.7, 'tbsp');
INSERT INTO ingredients (id, recipe_id, name, quantity, unit) VALUES ('f47e39a5-9f27-475c-81a5-1e6ef8529f7b', '45ee22b4-2f0f-48d8-9091-abbefbbcf031', 'Black Pepper', 2.8, 'tsp');
INSERT INTO ingredients (id, recipe_id, name, quantity, unit) VALUES ('ac0bb345-8c7a-4d00-ab76-a3a3622b5aa9', '45ee22b4-2f0f-48d8-9091-abbefbbcf031', 'Cream of Mushroom Soup', 1.8, 'can');
INSERT INTO ingredients (id, recipe_id, name, quantity, unit) VALUES ('605602cf-27dd-464f-96f8-5c699ca9db5a', '45ee22b4-2f0f-48d8-9091-abbefbbcf031', 'Chicken Breast', 3.2, 'lb');
INSERT INTO ingredients (id, recipe_id, name, quantity, unit) VALUES ('e36e5745-4a4a-4c19-b0a2-a5fc746c3b59', '45ee22b4-2f0f-48d8-9091-abbefbbcf031', 'Celery', 1.0, 'cup');
INSERT INTO ingredients (id, recipe_id, name, quantity, unit) VALUES ('3e687a21-5caa-407f-8bef-d7be2abaaf81', '45ee22b4-2f0f-48d8-9091-abbefbbcf031', 'Egg', 3.0, 'large');
INSERT INTO ingredients (id, recipe_id, name, quantity, unit) VALUES ('205df6ef-6648-41c7-820c-f165cc9e55d6', '45ee22b4-2f0f-48d8-9091-abbefbbcf031', 'Lemon Juice', 0.7, 'tbsp');
INSERT INTO recipe_dietary_tags (recipe_id, tag_id) VALUES ('45ee22b4-2f0f-48d8-9091-abbefbbcf031', 1);
INSERT INTO recipe_dietary_tags (recipe_id, tag_id) VALUES ('45ee22b4-2f0f-48d8-9091-abbefbbcf031', 6);
INSERT INTO recipe_dietary_tags (recipe_id, tag_id) VALUES ('45ee22b4-2f0f-48d8-9091-abbefbbcf031', 10);

INSERT INTO recipes (id, user_id, title, description, instructions, image_url, servings, source_url, source_name, is_archived, views, cart_adds) VALUES ('7ecb867f-c056-4bbb-ac96-78620aa0a493', 'admin-user-id', 'Baked Tofu with Zucchini and Quinoa', 'A delicious Baked Tofu with Zucchini and Quinoa recipe. This Midwest-friendly dish is a family favorite and easy to make with common ingredients.', '1. Preheat oven to 375°F (190°C) if baking.
2. Prepare the Quinoa and other main ingredients.
3. In a large bowl, combine with seasonings.
4. Cook according to source instructions until internal temperature is safe.
5. Let rest for 5 minutes before serving.', 'https://images.unsplash.com/photo-1490645935967-10de6ba17051?auto=format&fit=crop&w=800&q=60', 2, 'https://www.foodnetwork.com/recipe/baked-tofu-with-zucchini-and-quinoa', 'Food Network', 0, 29, 62);
INSERT INTO ingredients (id, recipe_id, name, quantity, unit) VALUES ('af177ed0-788e-4f96-8e2b-f45253880ca0', '7ecb867f-c056-4bbb-ac96-78620aa0a493', 'Heavy Cream', 0.8, 'cup');
INSERT INTO ingredients (id, recipe_id, name, quantity, unit) VALUES ('3fcc4e88-7f21-40ae-9417-99d33dcad149', '7ecb867f-c056-4bbb-ac96-78620aa0a493', 'Breadcrumbs', 3.1, 'cup');
INSERT INTO ingredients (id, recipe_id, name, quantity, unit) VALUES ('d0bc78f8-446a-413b-8fdb-ad995c9c5fa7', '7ecb867f-c056-4bbb-ac96-78620aa0a493', 'Cheddar Cheese', 2.9, 'cup');
INSERT INTO ingredients (id, recipe_id, name, quantity, unit) VALUES ('7b0d7a8e-5590-44a3-9a6c-b70add8daa13', '7ecb867f-c056-4bbb-ac96-78620aa0a493', 'Olive Oil', 1.9, 'tbsp');
INSERT INTO ingredients (id, recipe_id, name, quantity, unit) VALUES ('ebda640c-6e69-40a0-85c0-8fc86a2c41be', '7ecb867f-c056-4bbb-ac96-78620aa0a493', 'Honey', 2.8, 'tbsp');
INSERT INTO ingredients (id, recipe_id, name, quantity, unit) VALUES ('3d55355c-28c9-4bb4-8684-9bfd42738755', '7ecb867f-c056-4bbb-ac96-78620aa0a493', 'Sour Cream', 0.6, 'cup');
INSERT INTO recipe_dietary_tags (recipe_id, tag_id) VALUES ('7ecb867f-c056-4bbb-ac96-78620aa0a493', 3);
INSERT INTO recipe_dietary_tags (recipe_id, tag_id) VALUES ('7ecb867f-c056-4bbb-ac96-78620aa0a493', 4);
INSERT INTO recipe_dietary_tags (recipe_id, tag_id) VALUES ('7ecb867f-c056-4bbb-ac96-78620aa0a493', 8);

INSERT INTO recipes (id, user_id, title, description, instructions, image_url, servings, source_url, source_name, is_archived, views, cart_adds) VALUES ('b9397634-9c2f-4cb2-b68a-a69fad1d6a9a', 'admin-user-id', 'Steamed Salmon with Kale and Zucchini Noodles', 'A delicious Steamed Salmon with Kale and Zucchini Noodles recipe. This Midwest-friendly dish is a family favorite and easy to make with common ingredients.', '1. Preheat oven to 375°F (190°C) if baking.
2. Prepare the Noodles and other main ingredients.
3. In a large bowl, combine with seasonings.
4. Cook according to source instructions until internal temperature is safe.
5. Let rest for 5 minutes before serving.', 'https://images.unsplash.com/photo-1506084868214-19a1f9e147f8?auto=format&fit=crop&w=800&q=60', 5, 'https://www.allrecipes.com/recipe/steamed-salmon-with-kale-and-zucchini-noodles', 'AllRecipes', 0, 355, 28);
INSERT INTO ingredients (id, recipe_id, name, quantity, unit) VALUES ('7cb668cb-1d36-41fb-9fdd-b9d1fd43895b', 'b9397634-9c2f-4cb2-b68a-a69fad1d6a9a', 'Onion', 0.8, 'cup');
INSERT INTO ingredients (id, recipe_id, name, quantity, unit) VALUES ('89c94a4d-f57a-468d-9cfe-0edf867630a4', 'b9397634-9c2f-4cb2-b68a-a69fad1d6a9a', 'Breadcrumbs', 3.2, 'cup');
INSERT INTO ingredients (id, recipe_id, name, quantity, unit) VALUES ('f1924608-e550-4b04-b1da-9ae646ed256e', 'b9397634-9c2f-4cb2-b68a-a69fad1d6a9a', 'Butter', 2.5, 'tbsp');
INSERT INTO ingredients (id, recipe_id, name, quantity, unit) VALUES ('d73f0c36-df2b-40dc-9e6d-5e63659a0f9e', 'b9397634-9c2f-4cb2-b68a-a69fad1d6a9a', 'Celery', 3.5, 'cup');
INSERT INTO ingredients (id, recipe_id, name, quantity, unit) VALUES ('a2b39768-11b3-4aab-bf09-508de85c38e3', 'b9397634-9c2f-4cb2-b68a-a69fad1d6a9a', 'Honey', 2.2, 'tbsp');
INSERT INTO ingredients (id, recipe_id, name, quantity, unit) VALUES ('2c7e5fba-323b-4a27-8954-7df2a324c084', 'b9397634-9c2f-4cb2-b68a-a69fad1d6a9a', 'Sour Cream', 0.5, 'cup');
INSERT INTO ingredients (id, recipe_id, name, quantity, unit) VALUES ('7825d410-f110-4502-80f8-3d84acaefd0b', 'b9397634-9c2f-4cb2-b68a-a69fad1d6a9a', 'Tater Tots', 0.5, 'oz');
INSERT INTO recipe_dietary_tags (recipe_id, tag_id) VALUES ('b9397634-9c2f-4cb2-b68a-a69fad1d6a9a', 1);
INSERT INTO recipe_dietary_tags (recipe_id, tag_id) VALUES ('b9397634-9c2f-4cb2-b68a-a69fad1d6a9a', 6);
INSERT INTO recipe_dietary_tags (recipe_id, tag_id) VALUES ('b9397634-9c2f-4cb2-b68a-a69fad1d6a9a', 3);

INSERT INTO recipes (id, user_id, title, description, instructions, image_url, servings, source_url, source_name, is_archived, views, cart_adds) VALUES ('faed354d-a2a2-4b6e-8a88-3564cc2f62b4', 'admin-user-id', 'Baked Tofu with Carrots and Roasted Potatoes', 'A delicious Baked Tofu with Carrots and Roasted Potatoes recipe. This Midwest-friendly dish is a family favorite and easy to make with common ingredients.', '1. Preheat oven to 375°F (190°C) if baking.
2. Prepare the Potatoes and other main ingredients.
3. In a large bowl, combine with seasonings.
4. Cook according to source instructions until internal temperature is safe.
5. Let rest for 5 minutes before serving.', 'https://images.unsplash.com/photo-1529042410759-adb828e4eaf0?auto=format&fit=crop&w=800&q=60', 6, 'https://www.tasteofhome.com/recipe/baked-tofu-with-carrots-and-roasted-potatoes', 'Taste of Home', 0, 503, 15);
INSERT INTO ingredients (id, recipe_id, name, quantity, unit) VALUES ('12a3ce6d-1e9f-4661-94c0-35c90fdb0955', 'faed354d-a2a2-4b6e-8a88-3564cc2f62b4', 'Cheddar Cheese', 2.3, 'cup');
INSERT INTO ingredients (id, recipe_id, name, quantity, unit) VALUES ('d71a30da-ba63-4070-822d-40820da124e5', 'faed354d-a2a2-4b6e-8a88-3564cc2f62b4', 'Carrots', 1.7, 'cup');
INSERT INTO ingredients (id, recipe_id, name, quantity, unit) VALUES ('29b62cb6-45d0-44ca-b3e5-cb91eeaa88c4', 'faed354d-a2a2-4b6e-8a88-3564cc2f62b4', 'Potatoes', 0.9, 'lb');
INSERT INTO ingredients (id, recipe_id, name, quantity, unit) VALUES ('e9c9887d-71f2-485b-b3c6-7051eddb2c97', 'faed354d-a2a2-4b6e-8a88-3564cc2f62b4', 'Rice', 3.5, 'cup');
INSERT INTO ingredients (id, recipe_id, name, quantity, unit) VALUES ('9c23a76f-6ac7-4ac7-89f6-0c150d2989bc', 'faed354d-a2a2-4b6e-8a88-3564cc2f62b4', 'Milk', 2.7, 'cup');
INSERT INTO ingredients (id, recipe_id, name, quantity, unit) VALUES ('32bd510b-b4a6-4ea2-9b93-586a05006ed2', 'faed354d-a2a2-4b6e-8a88-3564cc2f62b4', 'Tomato Sauce', 2.9, 'oz');
INSERT INTO ingredients (id, recipe_id, name, quantity, unit) VALUES ('383500de-16b9-491d-9c39-bc416585720c', 'faed354d-a2a2-4b6e-8a88-3564cc2f62b4', 'Butter', 2.4, 'tbsp');
INSERT INTO recipe_dietary_tags (recipe_id, tag_id) VALUES ('faed354d-a2a2-4b6e-8a88-3564cc2f62b4', 3);

INSERT INTO recipes (id, user_id, title, description, instructions, image_url, servings, source_url, source_name, is_archived, views, cart_adds) VALUES ('33027887-dc09-4cc5-87ea-750c3d9a72b4', 'admin-user-id', 'Pan-Seared Turkey with Brussels Sprouts and Roasted Potatoes', 'A delicious Pan-Seared Turkey with Brussels Sprouts and Roasted Potatoes recipe. This Midwest-friendly dish is a family favorite and easy to make with common ingredients.', '1. Preheat oven to 375°F (190°C) if baking.
2. Prepare the Potatoes and other main ingredients.
3. In a large bowl, combine with seasonings.
4. Cook according to source instructions until internal temperature is safe.
5. Let rest for 5 minutes before serving.', 'https://images.unsplash.com/photo-1455619452474-d2ba29bc06da?auto=format&fit=crop&w=800&q=60', 3, 'https://www.tasteofhome.com/recipe/pan-seared-turkey-with-brussels-sprouts-and-roasted-potatoes', 'Taste of Home', 0, 364, 9);
INSERT INTO ingredients (id, recipe_id, name, quantity, unit) VALUES ('9538b1b1-dd5d-4b85-84c9-d12f36e6f04a', '33027887-dc09-4cc5-87ea-750c3d9a72b4', 'Olive Oil', 1.3, 'tbsp');
INSERT INTO ingredients (id, recipe_id, name, quantity, unit) VALUES ('4405955f-74ec-4b3b-b7d9-73a545cbe7ab', '33027887-dc09-4cc5-87ea-750c3d9a72b4', 'Tater Tots', 1.9, 'oz');
INSERT INTO ingredients (id, recipe_id, name, quantity, unit) VALUES ('e08574b1-7dfc-4965-a606-73de4511eacb', '33027887-dc09-4cc5-87ea-750c3d9a72b4', 'Worcestershire Sauce', 3.2, 'tbsp');
INSERT INTO ingredients (id, recipe_id, name, quantity, unit) VALUES ('326379be-44e7-4c45-9152-65508f07f1dd', '33027887-dc09-4cc5-87ea-750c3d9a72b4', 'Dijon Mustard', 3.3, 'tsp');
INSERT INTO ingredients (id, recipe_id, name, quantity, unit) VALUES ('22c25956-1c9f-436a-8859-e60626213b53', '33027887-dc09-4cc5-87ea-750c3d9a72b4', 'Chicken Breast', 2.0, 'lb');
INSERT INTO ingredients (id, recipe_id, name, quantity, unit) VALUES ('dcdb9277-3286-489c-abbd-2824355aeefe', '33027887-dc09-4cc5-87ea-750c3d9a72b4', 'Butter', 1.6, 'tbsp');
INSERT INTO recipe_dietary_tags (recipe_id, tag_id) VALUES ('33027887-dc09-4cc5-87ea-750c3d9a72b4', 7);

INSERT INTO recipes (id, user_id, title, description, instructions, image_url, servings, source_url, source_name, is_archived, views, cart_adds) VALUES ('d1fecf16-ada7-470e-8481-cc6d4491630a', 'admin-user-id', 'Grilled Salmon with Sweet Potatoes and Cauliflower Rice', 'A delicious Grilled Salmon with Sweet Potatoes and Cauliflower Rice recipe. This Midwest-friendly dish is a family favorite and easy to make with common ingredients.', '1. Preheat oven to 375°F (190°C) if baking.
2. Prepare the Rice and other main ingredients.
3. In a large bowl, combine with seasonings.
4. Cook according to source instructions until internal temperature is safe.
5. Let rest for 5 minutes before serving.', 'https://images.unsplash.com/photo-1504113888839-14294c223d51?auto=format&fit=crop&w=800&q=60', 4, 'https://www.allrecipes.com/recipe/grilled-salmon-with-sweet-potatoes-and-cauliflower-rice', 'AllRecipes', 0, 816, 24);
INSERT INTO ingredients (id, recipe_id, name, quantity, unit) VALUES ('c819f69b-7b71-4264-b8f6-3139e4fec567', 'd1fecf16-ada7-470e-8481-cc6d4491630a', 'Soy Sauce', 2.4, 'tbsp');
INSERT INTO ingredients (id, recipe_id, name, quantity, unit) VALUES ('1f83d93a-8100-4218-9acc-921315db2e8a', 'd1fecf16-ada7-470e-8481-cc6d4491630a', 'Olive Oil', 2.1, 'tbsp');
INSERT INTO ingredients (id, recipe_id, name, quantity, unit) VALUES ('9ddfdb91-c02e-4a0a-b8cd-38d1c0ab242c', 'd1fecf16-ada7-470e-8481-cc6d4491630a', 'Carrots', 3.3, 'cup');
INSERT INTO ingredients (id, recipe_id, name, quantity, unit) VALUES ('b1dc704f-6753-4e1e-ba01-1819f2b6a7fb', 'd1fecf16-ada7-470e-8481-cc6d4491630a', 'Potatoes', 0.9, 'lb');
INSERT INTO ingredients (id, recipe_id, name, quantity, unit) VALUES ('a0014c97-628e-4381-97fd-34a112648a49', 'd1fecf16-ada7-470e-8481-cc6d4491630a', 'Honey', 3.5, 'tbsp');
INSERT INTO ingredients (id, recipe_id, name, quantity, unit) VALUES ('5109fb4f-6c5b-4a1f-929b-f1e9322f68e6', 'd1fecf16-ada7-470e-8481-cc6d4491630a', 'Frozen Peas', 0.7, 'cup');
INSERT INTO recipe_dietary_tags (recipe_id, tag_id) VALUES ('d1fecf16-ada7-470e-8481-cc6d4491630a', 1);
INSERT INTO recipe_dietary_tags (recipe_id, tag_id) VALUES ('d1fecf16-ada7-470e-8481-cc6d4491630a', 6);
INSERT INTO recipe_dietary_tags (recipe_id, tag_id) VALUES ('d1fecf16-ada7-470e-8481-cc6d4491630a', 3);

INSERT INTO recipes (id, user_id, title, description, instructions, image_url, servings, source_url, source_name, is_archived, views, cart_adds) VALUES ('62f46e7d-8389-4e59-a4c6-14b366cbd0bb', 'admin-user-id', 'Slow Cooked Salmon with Spinach and Cauliflower Rice', 'A delicious Slow Cooked Salmon with Spinach and Cauliflower Rice recipe. This Midwest-friendly dish is a family favorite and easy to make with common ingredients.', '1. Preheat oven to 375°F (190°C) if baking.
2. Prepare the Rice and other main ingredients.
3. In a large bowl, combine with seasonings.
4. Cook according to source instructions until internal temperature is safe.
5. Let rest for 5 minutes before serving.', 'https://images.unsplash.com/photo-1546062477-fe2f66230ba3?auto=format&fit=crop&w=800&q=60', 3, 'https://www.tasteofhome.com/recipe/slow-cooked-salmon-with-spinach-and-cauliflower-rice', 'Taste of Home', 0, 575, 23);
INSERT INTO ingredients (id, recipe_id, name, quantity, unit) VALUES ('10f25ec2-2a64-4fbf-9b94-72ef4245c00a', '62f46e7d-8389-4e59-a4c6-14b366cbd0bb', 'Potatoes', 1.9, 'lb');
INSERT INTO ingredients (id, recipe_id, name, quantity, unit) VALUES ('ea537818-deda-480b-a4b8-51a9e6fc375b', '62f46e7d-8389-4e59-a4c6-14b366cbd0bb', 'Ground Beef', 2.8, 'lb');
INSERT INTO ingredients (id, recipe_id, name, quantity, unit) VALUES ('f4c72f4c-5adf-4368-89eb-8f9715bc7322', '62f46e7d-8389-4e59-a4c6-14b366cbd0bb', 'Olive Oil', 2.9, 'tbsp');
INSERT INTO ingredients (id, recipe_id, name, quantity, unit) VALUES ('d81fdd3f-9985-4149-af32-b8c41b1bc524', '62f46e7d-8389-4e59-a4c6-14b366cbd0bb', 'Tomato Sauce', 2.4, 'oz');
INSERT INTO ingredients (id, recipe_id, name, quantity, unit) VALUES ('86dd6e7f-a1a6-47f4-b7da-7a19321889e2', '62f46e7d-8389-4e59-a4c6-14b366cbd0bb', 'Lemon Juice', 3.1, 'tbsp');
INSERT INTO ingredients (id, recipe_id, name, quantity, unit) VALUES ('a2097ae9-c119-458f-bee8-b21d66f34b06', '62f46e7d-8389-4e59-a4c6-14b366cbd0bb', 'Milk', 2.9, 'cup');
INSERT INTO recipe_dietary_tags (recipe_id, tag_id) VALUES ('62f46e7d-8389-4e59-a4c6-14b366cbd0bb', 1);
INSERT INTO recipe_dietary_tags (recipe_id, tag_id) VALUES ('62f46e7d-8389-4e59-a4c6-14b366cbd0bb', 6);
INSERT INTO recipe_dietary_tags (recipe_id, tag_id) VALUES ('62f46e7d-8389-4e59-a4c6-14b366cbd0bb', 3);
INSERT INTO recipe_dietary_tags (recipe_id, tag_id) VALUES ('62f46e7d-8389-4e59-a4c6-14b366cbd0bb', 2);

INSERT INTO recipes (id, user_id, title, description, instructions, image_url, servings, source_url, source_name, is_archived, views, cart_adds) VALUES ('56c70bcb-0431-4d9c-8ac0-8e4ded3a6f96', 'admin-user-id', 'Sautéed Pork with Green Beans and Lentil Pasta', 'A delicious Sautéed Pork with Green Beans and Lentil Pasta recipe. This Midwest-friendly dish is a family favorite and easy to make with common ingredients.', '1. Preheat oven to 375°F (190°C) if baking.
2. Prepare the Pasta and other main ingredients.
3. In a large bowl, combine with seasonings.
4. Cook according to source instructions until internal temperature is safe.
5. Let rest for 5 minutes before serving.', 'https://images.unsplash.com/photo-1504674900247-0877df9cc836?auto=format&fit=crop&w=800&q=60', 5, 'https://www.bonappetit.com/recipe/saut-ed-pork-with-green-beans-and-lentil-pasta', 'Bon Appetit', 0, 868, 45);
INSERT INTO ingredients (id, recipe_id, name, quantity, unit) VALUES ('12a5d9c9-3d0f-4921-aca4-eb182cac4360', '56c70bcb-0431-4d9c-8ac0-8e4ded3a6f96', 'Sour Cream', 1.9, 'cup');
INSERT INTO ingredients (id, recipe_id, name, quantity, unit) VALUES ('e1a3007a-916f-40e9-9a03-e66709507ca6', '56c70bcb-0431-4d9c-8ac0-8e4ded3a6f96', 'Cheddar Cheese', 2.5, 'cup');
INSERT INTO ingredients (id, recipe_id, name, quantity, unit) VALUES ('994448c3-985d-4320-8710-7544f9eadfd2', '56c70bcb-0431-4d9c-8ac0-8e4ded3a6f96', 'Dijon Mustard', 0.9, 'tsp');
INSERT INTO ingredients (id, recipe_id, name, quantity, unit) VALUES ('2f3273f7-304e-45bd-a040-971eee1e0bf3', '56c70bcb-0431-4d9c-8ac0-8e4ded3a6f96', 'Heavy Cream', 2.9, 'cup');
INSERT INTO recipe_dietary_tags (recipe_id, tag_id) VALUES ('56c70bcb-0431-4d9c-8ac0-8e4ded3a6f96', 10);
INSERT INTO recipe_dietary_tags (recipe_id, tag_id) VALUES ('56c70bcb-0431-4d9c-8ac0-8e4ded3a6f96', 2);
INSERT INTO recipe_dietary_tags (recipe_id, tag_id) VALUES ('56c70bcb-0431-4d9c-8ac0-8e4ded3a6f96', 8);

INSERT INTO recipes (id, user_id, title, description, instructions, image_url, servings, source_url, source_name, is_archived, views, cart_adds) VALUES ('0b133a1d-bdf0-49e2-95f6-d78f2028ff63', 'admin-user-id', 'Sautéed Salmon with Broccoli and Quinoa', 'A delicious Sautéed Salmon with Broccoli and Quinoa recipe. This Midwest-friendly dish is a family favorite and easy to make with common ingredients.', '1. Preheat oven to 375°F (190°C) if baking.
2. Prepare the Quinoa and other main ingredients.
3. In a large bowl, combine with seasonings.
4. Cook according to source instructions until internal temperature is safe.
5. Let rest for 5 minutes before serving.', 'https://images.unsplash.com/photo-1493770348161-369560ae357d?auto=format&fit=crop&w=800&q=60', 5, 'https://www.bonappetit.com/recipe/saut-ed-salmon-with-broccoli-and-quinoa', 'Bon Appetit', 0, 758, 8);
INSERT INTO ingredients (id, recipe_id, name, quantity, unit) VALUES ('1680bf89-893f-4891-b1c9-1eece6e295dc', '0b133a1d-bdf0-49e2-95f6-d78f2028ff63', 'Breadcrumbs', 1.8, 'cup');
INSERT INTO ingredients (id, recipe_id, name, quantity, unit) VALUES ('520b82c5-d2b9-44bd-97f8-b44bdec94b6c', '0b133a1d-bdf0-49e2-95f6-d78f2028ff63', 'Pasta', 3.3, 'oz');
INSERT INTO ingredients (id, recipe_id, name, quantity, unit) VALUES ('2f0b2b3b-0043-45f0-858d-ae4d2b639dfd', '0b133a1d-bdf0-49e2-95f6-d78f2028ff63', 'Ground Beef', 0.9, 'lb');
INSERT INTO ingredients (id, recipe_id, name, quantity, unit) VALUES ('d5dbf5ee-7ca4-4905-a80a-f51f57d40140', '0b133a1d-bdf0-49e2-95f6-d78f2028ff63', 'Butter', 1.2, 'tbsp');
INSERT INTO ingredients (id, recipe_id, name, quantity, unit) VALUES ('372bbd3e-ab99-436c-b579-e3d8b29bde9c', '0b133a1d-bdf0-49e2-95f6-d78f2028ff63', 'Cheddar Cheese', 1.4, 'cup');
INSERT INTO ingredients (id, recipe_id, name, quantity, unit) VALUES ('84ecdcb7-8f3d-4b92-838a-11cc38fc280a', '0b133a1d-bdf0-49e2-95f6-d78f2028ff63', 'Soy Sauce', 1.7, 'tbsp');
INSERT INTO recipe_dietary_tags (recipe_id, tag_id) VALUES ('0b133a1d-bdf0-49e2-95f6-d78f2028ff63', 3);
INSERT INTO recipe_dietary_tags (recipe_id, tag_id) VALUES ('0b133a1d-bdf0-49e2-95f6-d78f2028ff63', 4);

INSERT INTO recipes (id, user_id, title, description, instructions, image_url, servings, source_url, source_name, is_archived, views, cart_adds) VALUES ('5d897b9e-2e1c-4346-8ec0-8cfb4f38471b', 'admin-user-id', 'Pan-Seared Tofu with Carrots and Lentil Pasta', 'A delicious Pan-Seared Tofu with Carrots and Lentil Pasta recipe. This Midwest-friendly dish is a family favorite and easy to make with common ingredients.', '1. Preheat oven to 375°F (190°C) if baking.
2. Prepare the Pasta and other main ingredients.
3. In a large bowl, combine with seasonings.
4. Cook according to source instructions until internal temperature is safe.
5. Let rest for 5 minutes before serving.', 'https://images.unsplash.com/photo-1473093226795-af9932fe5856?auto=format&fit=crop&w=800&q=60', 5, 'https://www.epicurious.com/recipe/pan-seared-tofu-with-carrots-and-lentil-pasta', 'Epicurious', 0, 555, 10);
INSERT INTO ingredients (id, recipe_id, name, quantity, unit) VALUES ('4f602dae-e9f7-4b12-a812-32b514863147', '5d897b9e-2e1c-4346-8ec0-8cfb4f38471b', 'Heavy Cream', 0.8, 'cup');
INSERT INTO ingredients (id, recipe_id, name, quantity, unit) VALUES ('2af21f19-b30c-47bd-aa9a-dc5d1fc9ec22', '5d897b9e-2e1c-4346-8ec0-8cfb4f38471b', 'Frozen Peas', 2.2, 'cup');
INSERT INTO ingredients (id, recipe_id, name, quantity, unit) VALUES ('e140e0f4-3ceb-46b5-b09d-4b1947628cd8', '5d897b9e-2e1c-4346-8ec0-8cfb4f38471b', 'Milk', 3.2, 'cup');
INSERT INTO ingredients (id, recipe_id, name, quantity, unit) VALUES ('d3c915a5-7594-4c55-a875-715d5c0ac042', '5d897b9e-2e1c-4346-8ec0-8cfb4f38471b', 'Potatoes', 1.6, 'lb');
INSERT INTO ingredients (id, recipe_id, name, quantity, unit) VALUES ('10084044-a3bf-448c-8f05-5ae7fc80f5d7', '5d897b9e-2e1c-4346-8ec0-8cfb4f38471b', 'Soy Sauce', 3.2, 'tbsp');
INSERT INTO ingredients (id, recipe_id, name, quantity, unit) VALUES ('59bf73a4-98d1-4785-aae7-5c5e9cc255d0', '5d897b9e-2e1c-4346-8ec0-8cfb4f38471b', 'Worcestershire Sauce', 1.5, 'tbsp');
INSERT INTO recipe_dietary_tags (recipe_id, tag_id) VALUES ('5d897b9e-2e1c-4346-8ec0-8cfb4f38471b', 3);
INSERT INTO recipe_dietary_tags (recipe_id, tag_id) VALUES ('5d897b9e-2e1c-4346-8ec0-8cfb4f38471b', 2);
INSERT INTO recipe_dietary_tags (recipe_id, tag_id) VALUES ('5d897b9e-2e1c-4346-8ec0-8cfb4f38471b', 4);

INSERT INTO recipes (id, user_id, title, description, instructions, image_url, servings, source_url, source_name, is_archived, views, cart_adds) VALUES ('9d556b05-af18-4bb6-8158-80d8dc06f843', 'admin-user-id', 'Grilled Beef with Green Beans and Roasted Potatoes', 'A delicious Grilled Beef with Green Beans and Roasted Potatoes recipe. This Midwest-friendly dish is a family favorite and easy to make with common ingredients.', '1. Preheat oven to 375°F (190°C) if baking.
2. Prepare the Potatoes and other main ingredients.
3. In a large bowl, combine with seasonings.
4. Cook according to source instructions until internal temperature is safe.
5. Let rest for 5 minutes before serving.', 'https://images.unsplash.com/photo-1512621776951-a57141f2eefd?auto=format&fit=crop&w=800&q=60', 5, 'https://www.foodnetwork.com/recipe/grilled-beef-with-green-beans-and-roasted-potatoes', 'Food Network', 0, 6, 56);
INSERT INTO ingredients (id, recipe_id, name, quantity, unit) VALUES ('323d40a2-631c-4497-a5e2-9247017f2ad3', '9d556b05-af18-4bb6-8158-80d8dc06f843', 'Lemon Juice', 2.5, 'tbsp');
INSERT INTO ingredients (id, recipe_id, name, quantity, unit) VALUES ('52ca9df9-f13e-488d-ad57-fa15c06d9a29', '9d556b05-af18-4bb6-8158-80d8dc06f843', 'Celery', 2.1, 'cup');
INSERT INTO ingredients (id, recipe_id, name, quantity, unit) VALUES ('a18292ef-f48d-422e-85bd-c74a3e1bfa20', '9d556b05-af18-4bb6-8158-80d8dc06f843', 'Tater Tots', 2.7, 'oz');
INSERT INTO ingredients (id, recipe_id, name, quantity, unit) VALUES ('a0b425de-5ce1-463a-970f-9d8417f36797', '9d556b05-af18-4bb6-8158-80d8dc06f843', 'Onion', 3.0, 'cup');
INSERT INTO ingredients (id, recipe_id, name, quantity, unit) VALUES ('62e73735-1510-42a6-b628-7090f79f5f80', '9d556b05-af18-4bb6-8158-80d8dc06f843', 'Pasta', 1.5, 'oz');
INSERT INTO ingredients (id, recipe_id, name, quantity, unit) VALUES ('32ea4f9f-0517-4740-8ff9-a2258fc96036', '9d556b05-af18-4bb6-8158-80d8dc06f843', 'Breadcrumbs', 3.4, 'cup');
INSERT INTO ingredients (id, recipe_id, name, quantity, unit) VALUES ('66ff74e4-8fbf-4e05-a3c6-63a74155ae14', '9d556b05-af18-4bb6-8158-80d8dc06f843', 'Salt', 1.0, 'tsp');
INSERT INTO recipe_dietary_tags (recipe_id, tag_id) VALUES ('9d556b05-af18-4bb6-8158-80d8dc06f843', 10);

INSERT INTO recipes (id, user_id, title, description, instructions, image_url, servings, source_url, source_name, is_archived, views, cart_adds) VALUES ('bca0011f-2b0a-45f4-982b-7640383cda22', 'admin-user-id', 'Grilled Pork with Sweet Potatoes and Cauliflower Rice', 'A delicious Grilled Pork with Sweet Potatoes and Cauliflower Rice recipe. This Midwest-friendly dish is a family favorite and easy to make with common ingredients.', '1. Preheat oven to 375°F (190°C) if baking.
2. Prepare the Rice and other main ingredients.
3. In a large bowl, combine with seasonings.
4. Cook according to source instructions until internal temperature is safe.
5. Let rest for 5 minutes before serving.', 'https://images.unsplash.com/photo-1482049016688-2d3e1b311543?auto=format&fit=crop&w=800&q=60', 2, 'https://www.foodnetwork.com/recipe/grilled-pork-with-sweet-potatoes-and-cauliflower-rice', 'Food Network', 0, 345, 63);
INSERT INTO ingredients (id, recipe_id, name, quantity, unit) VALUES ('5220cee4-503f-4e83-890e-3fe8d8ef1b74', 'bca0011f-2b0a-45f4-982b-7640383cda22', 'Pasta', 1.2, 'oz');
INSERT INTO ingredients (id, recipe_id, name, quantity, unit) VALUES ('c3fbcfa0-a639-4669-8bf1-e5285671e6e6', 'bca0011f-2b0a-45f4-982b-7640383cda22', 'Rice', 3.1, 'cup');
INSERT INTO ingredients (id, recipe_id, name, quantity, unit) VALUES ('b3854d7b-027a-4fa2-8189-348c33a760b1', 'bca0011f-2b0a-45f4-982b-7640383cda22', 'Celery', 2.7, 'cup');
INSERT INTO ingredients (id, recipe_id, name, quantity, unit) VALUES ('d0836066-0ed1-44f8-ae19-32e8cece558a', 'bca0011f-2b0a-45f4-982b-7640383cda22', 'Heavy Cream', 1.4, 'cup');
INSERT INTO ingredients (id, recipe_id, name, quantity, unit) VALUES ('105a4bef-34f3-4a93-84a7-0d790401cf84', 'bca0011f-2b0a-45f4-982b-7640383cda22', 'Egg', 2.6, 'large');
INSERT INTO ingredients (id, recipe_id, name, quantity, unit) VALUES ('fc4fa2cd-ec9b-4606-bee0-9f8733aeb66e', 'bca0011f-2b0a-45f4-982b-7640383cda22', 'Soy Sauce', 2.1, 'tbsp');
INSERT INTO recipe_dietary_tags (recipe_id, tag_id) VALUES ('bca0011f-2b0a-45f4-982b-7640383cda22', 1);
INSERT INTO recipe_dietary_tags (recipe_id, tag_id) VALUES ('bca0011f-2b0a-45f4-982b-7640383cda22', 6);
INSERT INTO recipe_dietary_tags (recipe_id, tag_id) VALUES ('bca0011f-2b0a-45f4-982b-7640383cda22', 10);

INSERT INTO recipes (id, user_id, title, description, instructions, image_url, servings, source_url, source_name, is_archived, views, cart_adds) VALUES ('f6cae245-6038-4207-8fc8-e5c293700eb7', 'admin-user-id', 'Grilled Beef with Sweet Potatoes and Wild Rice', 'A delicious Grilled Beef with Sweet Potatoes and Wild Rice recipe. This Midwest-friendly dish is a family favorite and easy to make with common ingredients.', '1. Preheat oven to 375°F (190°C) if baking.
2. Prepare the Rice and other main ingredients.
3. In a large bowl, combine with seasonings.
4. Cook according to source instructions until internal temperature is safe.
5. Let rest for 5 minutes before serving.', 'https://images.unsplash.com/photo-1484723091739-30a097e8f929?auto=format&fit=crop&w=800&q=60', 5, 'https://www.epicurious.com/recipe/grilled-beef-with-sweet-potatoes-and-wild-rice', 'Epicurious', 0, 779, 30);
INSERT INTO ingredients (id, recipe_id, name, quantity, unit) VALUES ('43aac7c4-d48a-4fd8-b77f-90cacfc2b252', 'f6cae245-6038-4207-8fc8-e5c293700eb7', 'Egg', 1.7, 'large');
INSERT INTO ingredients (id, recipe_id, name, quantity, unit) VALUES ('d1c72307-8ebb-49f1-8246-09212af7cfbf', 'f6cae245-6038-4207-8fc8-e5c293700eb7', 'Honey', 3.0, 'tbsp');
INSERT INTO ingredients (id, recipe_id, name, quantity, unit) VALUES ('85158daa-e493-4f72-bc71-7b5ba9fd12de', 'f6cae245-6038-4207-8fc8-e5c293700eb7', 'Cream of Mushroom Soup', 2.3, 'can');
INSERT INTO ingredients (id, recipe_id, name, quantity, unit) VALUES ('5495981e-7dfd-4371-a494-5ed84f97527b', 'f6cae245-6038-4207-8fc8-e5c293700eb7', 'Garlic', 2.9, 'clove');
INSERT INTO recipe_dietary_tags (recipe_id, tag_id) VALUES ('f6cae245-6038-4207-8fc8-e5c293700eb7', 10);
INSERT INTO recipe_dietary_tags (recipe_id, tag_id) VALUES ('f6cae245-6038-4207-8fc8-e5c293700eb7', 2);

INSERT INTO recipes (id, user_id, title, description, instructions, image_url, servings, source_url, source_name, is_archived, views, cart_adds) VALUES ('ce48da8e-778e-402d-885a-9d22ad8d6f4c', 'admin-user-id', 'Baked Cod with Broccoli and Brown Rice', 'A delicious Baked Cod with Broccoli and Brown Rice recipe. This Midwest-friendly dish is a family favorite and easy to make with common ingredients.', '1. Preheat oven to 375°F (190°C) if baking.
2. Prepare the Rice and other main ingredients.
3. In a large bowl, combine with seasonings.
4. Cook according to source instructions until internal temperature is safe.
5. Let rest for 5 minutes before serving.', 'https://images.unsplash.com/photo-1540189549336-e6e99c3679fe?auto=format&fit=crop&w=800&q=60', 5, 'https://www.foodnetwork.com/recipe/baked-cod-with-broccoli-and-brown-rice', 'Food Network', 0, 401, 71);
INSERT INTO ingredients (id, recipe_id, name, quantity, unit) VALUES ('1c9e2123-35e3-4a8e-a59a-ab4a841b1d2a', 'ce48da8e-778e-402d-885a-9d22ad8d6f4c', 'Rice', 0.5, 'cup');
INSERT INTO ingredients (id, recipe_id, name, quantity, unit) VALUES ('544e1911-aa04-4b57-a9d5-a6b117751af2', 'ce48da8e-778e-402d-885a-9d22ad8d6f4c', 'Milk', 1.0, 'cup');
INSERT INTO ingredients (id, recipe_id, name, quantity, unit) VALUES ('fd2979de-8617-4bac-93ee-9fe679b3f08e', 'ce48da8e-778e-402d-885a-9d22ad8d6f4c', 'Honey', 1.1, 'tbsp');
INSERT INTO ingredients (id, recipe_id, name, quantity, unit) VALUES ('5017c788-a1ca-4679-9191-2d97b99fbf19', 'ce48da8e-778e-402d-885a-9d22ad8d6f4c', 'Butter', 1.4, 'tbsp');
INSERT INTO ingredients (id, recipe_id, name, quantity, unit) VALUES ('28922681-1704-4537-b4a5-007924cc7f71', 'ce48da8e-778e-402d-885a-9d22ad8d6f4c', 'Cheddar Cheese', 3.2, 'cup');
INSERT INTO ingredients (id, recipe_id, name, quantity, unit) VALUES ('ac75ff40-45f4-42c3-b3b1-61d9b9142f7a', 'ce48da8e-778e-402d-885a-9d22ad8d6f4c', 'Black Pepper', 2.6, 'tsp');
INSERT INTO recipe_dietary_tags (recipe_id, tag_id) VALUES ('ce48da8e-778e-402d-885a-9d22ad8d6f4c', 3);

INSERT INTO recipes (id, user_id, title, description, instructions, image_url, servings, source_url, source_name, is_archived, views, cart_adds) VALUES ('089517de-6148-4b12-aa00-cc80c577c42e', 'admin-user-id', 'Air Fried Cod with Sweet Potatoes and Couscous', 'A delicious Air Fried Cod with Sweet Potatoes and Couscous recipe. This Midwest-friendly dish is a family favorite and easy to make with common ingredients.', '1. Preheat oven to 375°F (190°C) if baking.
2. Prepare the Couscous and other main ingredients.
3. In a large bowl, combine with seasonings.
4. Cook according to source instructions until internal temperature is safe.
5. Let rest for 5 minutes before serving.', 'https://images.unsplash.com/photo-1567620985035-091781110527?auto=format&fit=crop&w=800&q=60', 7, 'https://www.tasteofhome.com/recipe/air-fried-cod-with-sweet-potatoes-and-couscous', 'Taste of Home', 0, 546, 28);
INSERT INTO ingredients (id, recipe_id, name, quantity, unit) VALUES ('88d7fa48-5281-400e-8ffb-815504454942', '089517de-6148-4b12-aa00-cc80c577c42e', 'Lemon Juice', 3.2, 'tbsp');
INSERT INTO ingredients (id, recipe_id, name, quantity, unit) VALUES ('ccc6d7f1-2d84-4925-88dd-e2bd9fa7aaef', '089517de-6148-4b12-aa00-cc80c577c42e', 'Butter', 2.6, 'tbsp');
INSERT INTO ingredients (id, recipe_id, name, quantity, unit) VALUES ('5bf6df2d-48e2-4e07-bab2-4514b3b41e7b', '089517de-6148-4b12-aa00-cc80c577c42e', 'Pasta', 3.4, 'oz');
INSERT INTO ingredients (id, recipe_id, name, quantity, unit) VALUES ('792dcd87-2d4d-44e8-8443-80942df53999', '089517de-6148-4b12-aa00-cc80c577c42e', 'Honey', 0.5, 'tbsp');
INSERT INTO ingredients (id, recipe_id, name, quantity, unit) VALUES ('6406433c-d1e3-4f8f-8538-2128da713af5', '089517de-6148-4b12-aa00-cc80c577c42e', 'Onion', 3.1, 'cup');
INSERT INTO ingredients (id, recipe_id, name, quantity, unit) VALUES ('0c6d6959-b784-4e77-9c1a-dc0ff42b2c21', '089517de-6148-4b12-aa00-cc80c577c42e', 'Potatoes', 1.7, 'lb');
INSERT INTO ingredients (id, recipe_id, name, quantity, unit) VALUES ('c4a28831-8db2-4de7-9092-d66e63983ed3', '089517de-6148-4b12-aa00-cc80c577c42e', 'Cream of Mushroom Soup', 0.8, 'can');
INSERT INTO recipe_dietary_tags (recipe_id, tag_id) VALUES ('089517de-6148-4b12-aa00-cc80c577c42e', 3);
INSERT INTO recipe_dietary_tags (recipe_id, tag_id) VALUES ('089517de-6148-4b12-aa00-cc80c577c42e', 2);
INSERT INTO recipe_dietary_tags (recipe_id, tag_id) VALUES ('089517de-6148-4b12-aa00-cc80c577c42e', 7);

INSERT INTO recipes (id, user_id, title, description, instructions, image_url, servings, source_url, source_name, is_archived, views, cart_adds) VALUES ('0854e35e-edbf-410c-9083-51ef6dea7b0d', 'admin-user-id', 'Baked Lamb with Green Beans and Quinoa', 'A delicious Baked Lamb with Green Beans and Quinoa recipe. This Midwest-friendly dish is a family favorite and easy to make with common ingredients.', '1. Preheat oven to 375°F (190°C) if baking.
2. Prepare the Quinoa and other main ingredients.
3. In a large bowl, combine with seasonings.
4. Cook according to source instructions until internal temperature is safe.
5. Let rest for 5 minutes before serving.', 'https://images.unsplash.com/photo-1565299624946-b28f40a0ae38?auto=format&fit=crop&w=800&q=60', 6, 'https://www.tasteofhome.com/recipe/baked-lamb-with-green-beans-and-quinoa', 'Taste of Home', 0, 560, 30);
INSERT INTO ingredients (id, recipe_id, name, quantity, unit) VALUES ('c64e9741-3514-4267-9d24-1ade8fa3b0e4', '0854e35e-edbf-410c-9083-51ef6dea7b0d', 'Frozen Peas', 2.7, 'cup');
INSERT INTO ingredients (id, recipe_id, name, quantity, unit) VALUES ('843e0c48-d7b4-4720-bcdc-fe82372991ef', '0854e35e-edbf-410c-9083-51ef6dea7b0d', 'Breadcrumbs', 3.2, 'cup');
INSERT INTO ingredients (id, recipe_id, name, quantity, unit) VALUES ('7b41b359-032a-42ba-a19c-b5484a88ee6b', '0854e35e-edbf-410c-9083-51ef6dea7b0d', 'Heavy Cream', 1.7, 'cup');
INSERT INTO ingredients (id, recipe_id, name, quantity, unit) VALUES ('dd45676b-c734-4fa7-b37a-9ca01fbfb643', '0854e35e-edbf-410c-9083-51ef6dea7b0d', 'Honey', 2.7, 'tbsp');
INSERT INTO recipe_dietary_tags (recipe_id, tag_id) VALUES ('0854e35e-edbf-410c-9083-51ef6dea7b0d', 3);

INSERT INTO recipes (id, user_id, title, description, instructions, image_url, servings, source_url, source_name, is_archived, views, cart_adds) VALUES ('4e001a55-1e41-45c1-8127-ea1332797d9f', 'admin-user-id', 'Sautéed Venison with Carrots and Wild Rice', 'A delicious Sautéed Venison with Carrots and Wild Rice recipe. This Midwest-friendly dish is a family favorite and easy to make with common ingredients.', '1. Preheat oven to 375°F (190°C) if baking.
2. Prepare the Rice and other main ingredients.
3. In a large bowl, combine with seasonings.
4. Cook according to source instructions until internal temperature is safe.
5. Let rest for 5 minutes before serving.', 'https://images.unsplash.com/photo-1555939594-58d7cb561ad1?auto=format&fit=crop&w=800&q=60', 4, 'https://www.foodnetwork.com/recipe/saut-ed-venison-with-carrots-and-wild-rice', 'Food Network', 0, 448, 14);
INSERT INTO ingredients (id, recipe_id, name, quantity, unit) VALUES ('d320df9b-f8a0-4cbb-ae0e-01612dcd1b8e', '4e001a55-1e41-45c1-8127-ea1332797d9f', 'Tater Tots', 3.3, 'oz');
INSERT INTO ingredients (id, recipe_id, name, quantity, unit) VALUES ('cdbcb4ee-ef54-4dd0-9e48-201dba3898bb', '4e001a55-1e41-45c1-8127-ea1332797d9f', 'Onion', 3.2, 'cup');
INSERT INTO ingredients (id, recipe_id, name, quantity, unit) VALUES ('73bb6b05-b92b-4d0f-afe7-2126af36eff2', '4e001a55-1e41-45c1-8127-ea1332797d9f', 'Worcestershire Sauce', 1.2, 'tbsp');
INSERT INTO ingredients (id, recipe_id, name, quantity, unit) VALUES ('7445bfc8-5d56-4541-9812-11133c2c52b6', '4e001a55-1e41-45c1-8127-ea1332797d9f', 'Breadcrumbs', 3.0, 'cup');
INSERT INTO ingredients (id, recipe_id, name, quantity, unit) VALUES ('d54d55d0-c8a3-4ab4-b1e4-2e165f2071d4', '4e001a55-1e41-45c1-8127-ea1332797d9f', 'Ground Beef', 2.4, 'lb');
INSERT INTO ingredients (id, recipe_id, name, quantity, unit) VALUES ('ab42de3f-91af-4a5c-859c-49e64a45b295', '4e001a55-1e41-45c1-8127-ea1332797d9f', 'Celery', 2.7, 'cup');
INSERT INTO recipe_dietary_tags (recipe_id, tag_id) VALUES ('4e001a55-1e41-45c1-8127-ea1332797d9f', 9);
INSERT INTO recipe_dietary_tags (recipe_id, tag_id) VALUES ('4e001a55-1e41-45c1-8127-ea1332797d9f', 4);

INSERT INTO recipes (id, user_id, title, description, instructions, image_url, servings, source_url, source_name, is_archived, views, cart_adds) VALUES ('77aee878-cee0-4c04-8034-0c62b1675766', 'admin-user-id', 'Air Fried Salmon with Asparagus and Mashed Cauliflower', 'A delicious Air Fried Salmon with Asparagus and Mashed Cauliflower recipe. This Midwest-friendly dish is a family favorite and easy to make with common ingredients.', '1. Preheat oven to 375°F (190°C) if baking.
2. Prepare the Cauliflower and other main ingredients.
3. In a large bowl, combine with seasonings.
4. Cook according to source instructions until internal temperature is safe.
5. Let rest for 5 minutes before serving.', 'https://images.unsplash.com/photo-1513104894114-bd7ea4718312?auto=format&fit=crop&w=800&q=60', 2, 'https://www.bonappetit.com/recipe/air-fried-salmon-with-asparagus-and-mashed-cauliflower', 'Bon Appetit', 0, 854, 49);
INSERT INTO ingredients (id, recipe_id, name, quantity, unit) VALUES ('de76a1b1-663c-473a-af4a-a110d216b65e', '77aee878-cee0-4c04-8034-0c62b1675766', 'Soy Sauce', 3.2, 'tbsp');
INSERT INTO ingredients (id, recipe_id, name, quantity, unit) VALUES ('d7b82217-6968-481f-9587-0121bc7eca3d', '77aee878-cee0-4c04-8034-0c62b1675766', 'Olive Oil', 3.1, 'tbsp');
INSERT INTO ingredients (id, recipe_id, name, quantity, unit) VALUES ('53b82143-a64d-4821-8f0a-cfe27d764cee', '77aee878-cee0-4c04-8034-0c62b1675766', 'Salt', 1.6, 'tsp');
INSERT INTO ingredients (id, recipe_id, name, quantity, unit) VALUES ('13da3971-6c76-4851-bdd2-9250c4a4b29e', '77aee878-cee0-4c04-8034-0c62b1675766', 'Milk', 1.5, 'cup');
INSERT INTO ingredients (id, recipe_id, name, quantity, unit) VALUES ('29ebf2ba-cde0-418b-a044-bb2ecb0da0c6', '77aee878-cee0-4c04-8034-0c62b1675766', 'Egg', 1.2, 'large');
INSERT INTO recipe_dietary_tags (recipe_id, tag_id) VALUES ('77aee878-cee0-4c04-8034-0c62b1675766', 1);
INSERT INTO recipe_dietary_tags (recipe_id, tag_id) VALUES ('77aee878-cee0-4c04-8034-0c62b1675766', 6);
INSERT INTO recipe_dietary_tags (recipe_id, tag_id) VALUES ('77aee878-cee0-4c04-8034-0c62b1675766', 3);

INSERT INTO recipes (id, user_id, title, description, instructions, image_url, servings, source_url, source_name, is_archived, views, cart_adds) VALUES ('4a0d10ff-4082-45d8-87bc-66692fd6ff1b', 'admin-user-id', 'Sautéed Shrimp with Carrots and Lentil Pasta', 'A delicious Sautéed Shrimp with Carrots and Lentil Pasta recipe. This Midwest-friendly dish is a family favorite and easy to make with common ingredients.', '1. Preheat oven to 375°F (190°C) if baking.
2. Prepare the Pasta and other main ingredients.
3. In a large bowl, combine with seasonings.
4. Cook according to source instructions until internal temperature is safe.
5. Let rest for 5 minutes before serving.', 'https://images.unsplash.com/photo-1504754524776-8f4f37799ca7?auto=format&fit=crop&w=800&q=60', 4, 'https://www.foodnetwork.com/recipe/saut-ed-shrimp-with-carrots-and-lentil-pasta', 'Food Network', 0, 473, 83);
INSERT INTO ingredients (id, recipe_id, name, quantity, unit) VALUES ('d6c64f66-cbd7-4c97-a83d-b292c01742ce', '4a0d10ff-4082-45d8-87bc-66692fd6ff1b', 'Pasta', 0.7, 'oz');
INSERT INTO ingredients (id, recipe_id, name, quantity, unit) VALUES ('fb9dc3ad-ff65-4e14-97a2-34e47c0b2a69', '4a0d10ff-4082-45d8-87bc-66692fd6ff1b', 'Dijon Mustard', 0.5, 'tsp');
INSERT INTO ingredients (id, recipe_id, name, quantity, unit) VALUES ('584f0964-50c6-452b-b864-433e066d75d6', '4a0d10ff-4082-45d8-87bc-66692fd6ff1b', 'Egg', 1.4, 'large');
INSERT INTO ingredients (id, recipe_id, name, quantity, unit) VALUES ('ea660654-fe45-4db2-99fb-214421836d4d', '4a0d10ff-4082-45d8-87bc-66692fd6ff1b', 'Frozen Peas', 3.0, 'cup');
INSERT INTO recipe_dietary_tags (recipe_id, tag_id) VALUES ('4a0d10ff-4082-45d8-87bc-66692fd6ff1b', 8);
INSERT INTO recipe_dietary_tags (recipe_id, tag_id) VALUES ('4a0d10ff-4082-45d8-87bc-66692fd6ff1b', 4);

INSERT INTO recipes (id, user_id, title, description, instructions, image_url, servings, source_url, source_name, is_archived, views, cart_adds) VALUES ('7f50fbe9-9c7e-467d-ae8e-a7b0f2f256dd', 'admin-user-id', 'Air Fried Chicken with Zucchini and Mashed Cauliflower', 'A delicious Air Fried Chicken with Zucchini and Mashed Cauliflower recipe. This Midwest-friendly dish is a family favorite and easy to make with common ingredients.', '1. Preheat oven to 375°F (190°C) if baking.
2. Prepare the Cauliflower and other main ingredients.
3. In a large bowl, combine with seasonings.
4. Cook according to source instructions until internal temperature is safe.
5. Let rest for 5 minutes before serving.', 'https://images.unsplash.com/photo-1476224203421-9ac3993557a4?auto=format&fit=crop&w=800&q=60', 6, 'https://www.epicurious.com/recipe/air-fried-chicken-with-zucchini-and-mashed-cauliflower', 'Epicurious', 0, 252, 25);
INSERT INTO ingredients (id, recipe_id, name, quantity, unit) VALUES ('9f8622fa-cfca-41c4-9726-90bd4d0eb43c', '7f50fbe9-9c7e-467d-ae8e-a7b0f2f256dd', 'Lemon Juice', 2.9, 'tbsp');
INSERT INTO ingredients (id, recipe_id, name, quantity, unit) VALUES ('d864fbfb-a5f4-44e6-9339-5a0e34ed2536', '7f50fbe9-9c7e-467d-ae8e-a7b0f2f256dd', 'Cheddar Cheese', 3.1, 'cup');
INSERT INTO ingredients (id, recipe_id, name, quantity, unit) VALUES ('9c345575-ac2b-4386-9054-ddc54017f414', '7f50fbe9-9c7e-467d-ae8e-a7b0f2f256dd', 'Pasta', 2.0, 'oz');
INSERT INTO ingredients (id, recipe_id, name, quantity, unit) VALUES ('73c8d92c-6495-4ca3-bde1-5bedd559d513', '7f50fbe9-9c7e-467d-ae8e-a7b0f2f256dd', 'Sour Cream', 1.6, 'cup');
INSERT INTO recipe_dietary_tags (recipe_id, tag_id) VALUES ('7f50fbe9-9c7e-467d-ae8e-a7b0f2f256dd', 1);
INSERT INTO recipe_dietary_tags (recipe_id, tag_id) VALUES ('7f50fbe9-9c7e-467d-ae8e-a7b0f2f256dd', 6);
INSERT INTO recipe_dietary_tags (recipe_id, tag_id) VALUES ('7f50fbe9-9c7e-467d-ae8e-a7b0f2f256dd', 10);

INSERT INTO recipes (id, user_id, title, description, instructions, image_url, servings, source_url, source_name, is_archived, views, cart_adds) VALUES ('1132ebc5-6acc-46f7-b9eb-739d5d41137d', 'admin-user-id', 'Air Fried Salmon with Broccoli and Cauliflower Rice', 'A delicious Air Fried Salmon with Broccoli and Cauliflower Rice recipe. This Midwest-friendly dish is a family favorite and easy to make with common ingredients.', '1. Preheat oven to 375°F (190°C) if baking.
2. Prepare the Rice and other main ingredients.
3. In a large bowl, combine with seasonings.
4. Cook according to source instructions until internal temperature is safe.
5. Let rest for 5 minutes before serving.', 'https://images.unsplash.com/photo-1498837167721-8f5c1a322c2e?auto=format&fit=crop&w=800&q=60', 7, 'https://www.allrecipes.com/recipe/air-fried-salmon-with-broccoli-and-cauliflower-rice', 'AllRecipes', 0, 186, 49);
INSERT INTO ingredients (id, recipe_id, name, quantity, unit) VALUES ('c72b3a64-2292-46d0-93b0-36bd9c6ef18d', '1132ebc5-6acc-46f7-b9eb-739d5d41137d', 'Carrots', 2.1, 'cup');
INSERT INTO ingredients (id, recipe_id, name, quantity, unit) VALUES ('e8d3ac03-ac6c-4a0b-b9ee-c63ccbe97dd4', '1132ebc5-6acc-46f7-b9eb-739d5d41137d', 'Garlic', 0.5, 'clove');
INSERT INTO ingredients (id, recipe_id, name, quantity, unit) VALUES ('61286a6a-093e-4a76-8ad1-d805877e6773', '1132ebc5-6acc-46f7-b9eb-739d5d41137d', 'Celery', 0.5, 'cup');
INSERT INTO ingredients (id, recipe_id, name, quantity, unit) VALUES ('1fe074ae-a5af-4176-a935-ad20311f73e0', '1132ebc5-6acc-46f7-b9eb-739d5d41137d', 'Cheddar Cheese', 0.9, 'cup');
INSERT INTO recipe_dietary_tags (recipe_id, tag_id) VALUES ('1132ebc5-6acc-46f7-b9eb-739d5d41137d', 1);
INSERT INTO recipe_dietary_tags (recipe_id, tag_id) VALUES ('1132ebc5-6acc-46f7-b9eb-739d5d41137d', 6);
INSERT INTO recipe_dietary_tags (recipe_id, tag_id) VALUES ('1132ebc5-6acc-46f7-b9eb-739d5d41137d', 3);
INSERT INTO recipe_dietary_tags (recipe_id, tag_id) VALUES ('1132ebc5-6acc-46f7-b9eb-739d5d41137d', 9);

INSERT INTO recipes (id, user_id, title, description, instructions, image_url, servings, source_url, source_name, is_archived, views, cart_adds) VALUES ('71334b06-b8c3-412e-adeb-acd4e2941725', 'admin-user-id', 'Sautéed Turkey with Kale and Quinoa', 'A delicious Sautéed Turkey with Kale and Quinoa recipe. This Midwest-friendly dish is a family favorite and easy to make with common ingredients.', '1. Preheat oven to 375°F (190°C) if baking.
2. Prepare the Quinoa and other main ingredients.
3. In a large bowl, combine with seasonings.
4. Cook according to source instructions until internal temperature is safe.
5. Let rest for 5 minutes before serving.', 'https://images.unsplash.com/photo-1490645935967-10de6ba17051?auto=format&fit=crop&w=800&q=60', 7, 'https://www.foodnetwork.com/recipe/saut-ed-turkey-with-kale-and-quinoa', 'Food Network', 0, 643, 44);
INSERT INTO ingredients (id, recipe_id, name, quantity, unit) VALUES ('c92243cc-6bf4-4fc3-8ded-5c66df2221f7', '71334b06-b8c3-412e-adeb-acd4e2941725', 'Rice', 1.3, 'cup');
INSERT INTO ingredients (id, recipe_id, name, quantity, unit) VALUES ('0410b925-5e09-4a66-aab4-5513a46967ef', '71334b06-b8c3-412e-adeb-acd4e2941725', 'Worcestershire Sauce', 1.6, 'tbsp');
INSERT INTO ingredients (id, recipe_id, name, quantity, unit) VALUES ('61b6098d-1b34-4047-8702-5dc5eadbfbb5', '71334b06-b8c3-412e-adeb-acd4e2941725', 'Chicken Breast', 2.5, 'lb');
INSERT INTO ingredients (id, recipe_id, name, quantity, unit) VALUES ('9df06ff2-2eda-411c-860a-97fec31369dd', '71334b06-b8c3-412e-adeb-acd4e2941725', 'Potatoes', 3.4, 'lb');
INSERT INTO ingredients (id, recipe_id, name, quantity, unit) VALUES ('e24f70ef-d81f-47df-a700-d4f3bd876f66', '71334b06-b8c3-412e-adeb-acd4e2941725', 'Frozen Peas', 2.4, 'cup');
INSERT INTO ingredients (id, recipe_id, name, quantity, unit) VALUES ('35787c42-ed2a-42c1-a1ca-4cd6be8b04d6', '71334b06-b8c3-412e-adeb-acd4e2941725', 'Sour Cream', 1.6, 'cup');
INSERT INTO recipe_dietary_tags (recipe_id, tag_id) VALUES ('71334b06-b8c3-412e-adeb-acd4e2941725', 2);

INSERT INTO recipes (id, user_id, title, description, instructions, image_url, servings, source_url, source_name, is_archived, views, cart_adds) VALUES ('2496ab9a-200a-4505-a5f3-41f0faf5c9e0', 'admin-user-id', 'Steamed Cod with Broccoli and Quinoa', 'A delicious Steamed Cod with Broccoli and Quinoa recipe. This Midwest-friendly dish is a family favorite and easy to make with common ingredients.', '1. Preheat oven to 375°F (190°C) if baking.
2. Prepare the Quinoa and other main ingredients.
3. In a large bowl, combine with seasonings.
4. Cook according to source instructions until internal temperature is safe.
5. Let rest for 5 minutes before serving.', 'https://images.unsplash.com/photo-1506084868214-19a1f9e147f8?auto=format&fit=crop&w=800&q=60', 6, 'https://www.tasteofhome.com/recipe/steamed-cod-with-broccoli-and-quinoa', 'Taste of Home', 0, 519, 67);
INSERT INTO ingredients (id, recipe_id, name, quantity, unit) VALUES ('98d554a7-09a4-4cab-9aae-cb76b968b10c', '2496ab9a-200a-4505-a5f3-41f0faf5c9e0', 'Frozen Peas', 1.9, 'cup');
INSERT INTO ingredients (id, recipe_id, name, quantity, unit) VALUES ('ff2322fa-c56f-4ba7-9524-2d1a45da9f65', '2496ab9a-200a-4505-a5f3-41f0faf5c9e0', 'Potatoes', 2.8, 'lb');
INSERT INTO ingredients (id, recipe_id, name, quantity, unit) VALUES ('9091b199-2408-4dd5-974f-c918c9280afd', '2496ab9a-200a-4505-a5f3-41f0faf5c9e0', 'Tater Tots', 1.5, 'oz');
INSERT INTO ingredients (id, recipe_id, name, quantity, unit) VALUES ('e09b79a5-015e-4406-9e01-91aa651ba40e', '2496ab9a-200a-4505-a5f3-41f0faf5c9e0', 'Carrots', 3.0, 'cup');
INSERT INTO ingredients (id, recipe_id, name, quantity, unit) VALUES ('a3962ef0-5eb3-4e17-9e8d-5e82d4377713', '2496ab9a-200a-4505-a5f3-41f0faf5c9e0', 'Chicken Breast', 2.0, 'lb');
INSERT INTO recipe_dietary_tags (recipe_id, tag_id) VALUES ('2496ab9a-200a-4505-a5f3-41f0faf5c9e0', 3);
INSERT INTO recipe_dietary_tags (recipe_id, tag_id) VALUES ('2496ab9a-200a-4505-a5f3-41f0faf5c9e0', 4);

INSERT INTO recipes (id, user_id, title, description, instructions, image_url, servings, source_url, source_name, is_archived, views, cart_adds) VALUES ('e84302d0-4eec-41f7-93a2-f0f77784c2ed', 'admin-user-id', 'Pan-Seared Cod with Green Beans and Wild Rice', 'A delicious Pan-Seared Cod with Green Beans and Wild Rice recipe. This Midwest-friendly dish is a family favorite and easy to make with common ingredients.', '1. Preheat oven to 375°F (190°C) if baking.
2. Prepare the Rice and other main ingredients.
3. In a large bowl, combine with seasonings.
4. Cook according to source instructions until internal temperature is safe.
5. Let rest for 5 minutes before serving.', 'https://images.unsplash.com/photo-1529042410759-adb828e4eaf0?auto=format&fit=crop&w=800&q=60', 4, 'https://www.foodnetwork.com/recipe/pan-seared-cod-with-green-beans-and-wild-rice', 'Food Network', 0, 675, 31);
INSERT INTO ingredients (id, recipe_id, name, quantity, unit) VALUES ('bcdbbaa3-7d36-4743-8aaa-a5a71e676e5f', 'e84302d0-4eec-41f7-93a2-f0f77784c2ed', 'Sour Cream', 3.1, 'cup');
INSERT INTO ingredients (id, recipe_id, name, quantity, unit) VALUES ('a1dbdea7-b29d-4258-9dbe-c4b588f5a03c', 'e84302d0-4eec-41f7-93a2-f0f77784c2ed', 'Rice', 3.3, 'cup');
INSERT INTO ingredients (id, recipe_id, name, quantity, unit) VALUES ('7aeb261e-6346-4280-8df6-0d40081972d1', 'e84302d0-4eec-41f7-93a2-f0f77784c2ed', 'Soy Sauce', 0.5, 'tbsp');
INSERT INTO ingredients (id, recipe_id, name, quantity, unit) VALUES ('62aad023-a0d5-4777-b266-f7951a65c5ff', 'e84302d0-4eec-41f7-93a2-f0f77784c2ed', 'Celery', 3.3, 'cup');
INSERT INTO ingredients (id, recipe_id, name, quantity, unit) VALUES ('47cac1b3-e744-4797-8c49-08c7eb8d5e3e', 'e84302d0-4eec-41f7-93a2-f0f77784c2ed', 'Tater Tots', 0.8, 'oz');
INSERT INTO ingredients (id, recipe_id, name, quantity, unit) VALUES ('3f853013-7173-4c8b-8568-1a55db9eda37', 'e84302d0-4eec-41f7-93a2-f0f77784c2ed', 'Onion', 3.4, 'cup');
INSERT INTO recipe_dietary_tags (recipe_id, tag_id) VALUES ('e84302d0-4eec-41f7-93a2-f0f77784c2ed', 3);
INSERT INTO recipe_dietary_tags (recipe_id, tag_id) VALUES ('e84302d0-4eec-41f7-93a2-f0f77784c2ed', 4);
INSERT INTO recipe_dietary_tags (recipe_id, tag_id) VALUES ('e84302d0-4eec-41f7-93a2-f0f77784c2ed', 9);

INSERT INTO recipes (id, user_id, title, description, instructions, image_url, servings, source_url, source_name, is_archived, views, cart_adds) VALUES ('989c1226-4d43-4f33-8754-594c21f281e1', 'admin-user-id', 'Steamed Pork with Sweet Potatoes and Couscous', 'A delicious Steamed Pork with Sweet Potatoes and Couscous recipe. This Midwest-friendly dish is a family favorite and easy to make with common ingredients.', '1. Preheat oven to 375°F (190°C) if baking.
2. Prepare the Couscous and other main ingredients.
3. In a large bowl, combine with seasonings.
4. Cook according to source instructions until internal temperature is safe.
5. Let rest for 5 minutes before serving.', 'https://images.unsplash.com/photo-1455619452474-d2ba29bc06da?auto=format&fit=crop&w=800&q=60', 2, 'https://www.tasteofhome.com/recipe/steamed-pork-with-sweet-potatoes-and-couscous', 'Taste of Home', 0, 921, 9);
INSERT INTO ingredients (id, recipe_id, name, quantity, unit) VALUES ('e23a6c0e-4921-4708-a7b9-d96468701c2e', '989c1226-4d43-4f33-8754-594c21f281e1', 'Egg', 1.3, 'large');
INSERT INTO ingredients (id, recipe_id, name, quantity, unit) VALUES ('61ec0ae3-7aa4-4c4e-bdb0-53ff42325cbc', '989c1226-4d43-4f33-8754-594c21f281e1', 'Olive Oil', 1.4, 'tbsp');
INSERT INTO ingredients (id, recipe_id, name, quantity, unit) VALUES ('929b2c13-4632-4b4a-9510-036d50e60c49', '989c1226-4d43-4f33-8754-594c21f281e1', 'Milk', 0.5, 'cup');
INSERT INTO ingredients (id, recipe_id, name, quantity, unit) VALUES ('99265d8b-74ee-4fb3-a925-fc6b684be650', '989c1226-4d43-4f33-8754-594c21f281e1', 'Cream of Mushroom Soup', 1.9, 'can');
INSERT INTO ingredients (id, recipe_id, name, quantity, unit) VALUES ('e75c551b-e052-45f9-af85-f6657ccac922', '989c1226-4d43-4f33-8754-594c21f281e1', 'Celery', 1.3, 'cup');
INSERT INTO ingredients (id, recipe_id, name, quantity, unit) VALUES ('1239bf41-00b1-4e0e-9279-54d38f561cac', '989c1226-4d43-4f33-8754-594c21f281e1', 'Salt', 1.8, 'tsp');
INSERT INTO ingredients (id, recipe_id, name, quantity, unit) VALUES ('332b2db1-e24e-4a0d-ae1e-88261db79ce0', '989c1226-4d43-4f33-8754-594c21f281e1', 'Heavy Cream', 1.6, 'cup');
INSERT INTO recipe_dietary_tags (recipe_id, tag_id) VALUES ('989c1226-4d43-4f33-8754-594c21f281e1', 10);
INSERT INTO recipe_dietary_tags (recipe_id, tag_id) VALUES ('989c1226-4d43-4f33-8754-594c21f281e1', 4);

INSERT INTO recipes (id, user_id, title, description, instructions, image_url, servings, source_url, source_name, is_archived, views, cart_adds) VALUES ('0694e450-2b51-4f3b-a793-a07b5886ea23', 'admin-user-id', 'Air Fried Beef with Broccoli and Quinoa', 'A delicious Air Fried Beef with Broccoli and Quinoa recipe. This Midwest-friendly dish is a family favorite and easy to make with common ingredients.', '1. Preheat oven to 375°F (190°C) if baking.
2. Prepare the Quinoa and other main ingredients.
3. In a large bowl, combine with seasonings.
4. Cook according to source instructions until internal temperature is safe.
5. Let rest for 5 minutes before serving.', 'https://images.unsplash.com/photo-1504113888839-14294c223d51?auto=format&fit=crop&w=800&q=60', 2, 'https://www.bonappetit.com/recipe/air-fried-beef-with-broccoli-and-quinoa', 'Bon Appetit', 0, 309, 27);
INSERT INTO ingredients (id, recipe_id, name, quantity, unit) VALUES ('ab5e4b0d-44f4-4990-91f8-d986503d63c0', '0694e450-2b51-4f3b-a793-a07b5886ea23', 'Frozen Peas', 2.3, 'cup');
INSERT INTO ingredients (id, recipe_id, name, quantity, unit) VALUES ('980e31fd-9125-4edd-8143-89bf096ceb7a', '0694e450-2b51-4f3b-a793-a07b5886ea23', 'Butter', 1.6, 'tbsp');
INSERT INTO ingredients (id, recipe_id, name, quantity, unit) VALUES ('11acf04b-8765-4cd8-b299-0cbb81d3d883', '0694e450-2b51-4f3b-a793-a07b5886ea23', 'Cream of Mushroom Soup', 1.2, 'can');
INSERT INTO ingredients (id, recipe_id, name, quantity, unit) VALUES ('fec963fc-95d0-4aa5-908a-7a57c1b14a5b', '0694e450-2b51-4f3b-a793-a07b5886ea23', 'Celery', 1.7, 'cup');
INSERT INTO ingredients (id, recipe_id, name, quantity, unit) VALUES ('5212a301-4481-4926-9b87-14653c9f1548', '0694e450-2b51-4f3b-a793-a07b5886ea23', 'Tomato Sauce', 2.7, 'oz');
INSERT INTO ingredients (id, recipe_id, name, quantity, unit) VALUES ('00644bd6-49a5-4535-ab7a-1fa61bcfcf29', '0694e450-2b51-4f3b-a793-a07b5886ea23', 'Soy Sauce', 3.2, 'tbsp');
INSERT INTO ingredients (id, recipe_id, name, quantity, unit) VALUES ('c73fb5a0-7de4-4a52-8f3f-63e45ff71ece', '0694e450-2b51-4f3b-a793-a07b5886ea23', 'Milk', 1.9, 'cup');
INSERT INTO recipe_dietary_tags (recipe_id, tag_id) VALUES ('0694e450-2b51-4f3b-a793-a07b5886ea23', 10);
INSERT INTO recipe_dietary_tags (recipe_id, tag_id) VALUES ('0694e450-2b51-4f3b-a793-a07b5886ea23', 2);

INSERT INTO recipes (id, user_id, title, description, instructions, image_url, servings, source_url, source_name, is_archived, views, cart_adds) VALUES ('c792fbb1-6712-4569-a122-dd6da06e3e76', 'admin-user-id', 'Pan-Seared Pork with Carrots and Zucchini Noodles', 'A delicious Pan-Seared Pork with Carrots and Zucchini Noodles recipe. This Midwest-friendly dish is a family favorite and easy to make with common ingredients.', '1. Preheat oven to 375°F (190°C) if baking.
2. Prepare the Noodles and other main ingredients.
3. In a large bowl, combine with seasonings.
4. Cook according to source instructions until internal temperature is safe.
5. Let rest for 5 minutes before serving.', 'https://images.unsplash.com/photo-1546062477-fe2f66230ba3?auto=format&fit=crop&w=800&q=60', 2, 'https://www.bonappetit.com/recipe/pan-seared-pork-with-carrots-and-zucchini-noodles', 'Bon Appetit', 0, 241, 59);
INSERT INTO ingredients (id, recipe_id, name, quantity, unit) VALUES ('a912c5c7-6ad5-4b78-9b21-9a63381bce8f', 'c792fbb1-6712-4569-a122-dd6da06e3e76', 'Cheddar Cheese', 1.3, 'cup');
INSERT INTO ingredients (id, recipe_id, name, quantity, unit) VALUES ('a7dae3fb-784d-4f2b-8e21-fe5568fa875e', 'c792fbb1-6712-4569-a122-dd6da06e3e76', 'Garlic', 2.5, 'clove');
INSERT INTO ingredients (id, recipe_id, name, quantity, unit) VALUES ('1b95c8c6-71da-4b57-b1b9-75403400e26d', 'c792fbb1-6712-4569-a122-dd6da06e3e76', 'Olive Oil', 1.5, 'tbsp');
INSERT INTO ingredients (id, recipe_id, name, quantity, unit) VALUES ('854f6a9b-3924-47d7-9c4d-01a5bd6174c9', 'c792fbb1-6712-4569-a122-dd6da06e3e76', 'Honey', 3.3, 'tbsp');
INSERT INTO recipe_dietary_tags (recipe_id, tag_id) VALUES ('c792fbb1-6712-4569-a122-dd6da06e3e76', 1);
INSERT INTO recipe_dietary_tags (recipe_id, tag_id) VALUES ('c792fbb1-6712-4569-a122-dd6da06e3e76', 6);
INSERT INTO recipe_dietary_tags (recipe_id, tag_id) VALUES ('c792fbb1-6712-4569-a122-dd6da06e3e76', 10);

INSERT INTO recipes (id, user_id, title, description, instructions, image_url, servings, source_url, source_name, is_archived, views, cart_adds) VALUES ('ea696690-9b1a-402e-8cbb-ce201afe10c2', 'admin-user-id', 'Air Fried Venison with Kale and Wild Rice', 'A delicious Air Fried Venison with Kale and Wild Rice recipe. This Midwest-friendly dish is a family favorite and easy to make with common ingredients.', '1. Preheat oven to 375°F (190°C) if baking.
2. Prepare the Rice and other main ingredients.
3. In a large bowl, combine with seasonings.
4. Cook according to source instructions until internal temperature is safe.
5. Let rest for 5 minutes before serving.', 'https://images.unsplash.com/photo-1504674900247-0877df9cc836?auto=format&fit=crop&w=800&q=60', 6, 'https://www.bonappetit.com/recipe/air-fried-venison-with-kale-and-wild-rice', 'Bon Appetit', 0, 492, 90);
INSERT INTO ingredients (id, recipe_id, name, quantity, unit) VALUES ('6b7ee5f0-c5b9-4257-9b31-32690e87c4d1', 'ea696690-9b1a-402e-8cbb-ce201afe10c2', 'Sour Cream', 1.6, 'cup');
INSERT INTO ingredients (id, recipe_id, name, quantity, unit) VALUES ('6ee990e1-0b13-4d3d-b777-441997ee9f97', 'ea696690-9b1a-402e-8cbb-ce201afe10c2', 'Butter', 2.9, 'tbsp');
INSERT INTO ingredients (id, recipe_id, name, quantity, unit) VALUES ('3df4ecab-c8b8-41a0-8862-e913543c3c3c', 'ea696690-9b1a-402e-8cbb-ce201afe10c2', 'Salt', 0.8, 'tsp');
INSERT INTO ingredients (id, recipe_id, name, quantity, unit) VALUES ('3d958dbb-e1b2-4574-b5ff-aa817b2a55e4', 'ea696690-9b1a-402e-8cbb-ce201afe10c2', 'Soy Sauce', 0.8, 'tbsp');
INSERT INTO ingredients (id, recipe_id, name, quantity, unit) VALUES ('45002b59-7f93-4ebc-890e-3547b11ae7e4', 'ea696690-9b1a-402e-8cbb-ce201afe10c2', 'Egg', 1.6, 'large');
INSERT INTO recipe_dietary_tags (recipe_id, tag_id) VALUES ('ea696690-9b1a-402e-8cbb-ce201afe10c2', 7);
INSERT INTO recipe_dietary_tags (recipe_id, tag_id) VALUES ('ea696690-9b1a-402e-8cbb-ce201afe10c2', 2);
INSERT INTO recipe_dietary_tags (recipe_id, tag_id) VALUES ('ea696690-9b1a-402e-8cbb-ce201afe10c2', 9);

INSERT INTO recipes (id, user_id, title, description, instructions, image_url, servings, source_url, source_name, is_archived, views, cart_adds) VALUES ('6d329cdc-697e-452c-8d70-9d94da1f2d8b', 'admin-user-id', 'Sautéed Turkey with Kale and Mashed Cauliflower', 'A delicious Sautéed Turkey with Kale and Mashed Cauliflower recipe. This Midwest-friendly dish is a family favorite and easy to make with common ingredients.', '1. Preheat oven to 375°F (190°C) if baking.
2. Prepare the Cauliflower and other main ingredients.
3. In a large bowl, combine with seasonings.
4. Cook according to source instructions until internal temperature is safe.
5. Let rest for 5 minutes before serving.', 'https://images.unsplash.com/photo-1493770348161-369560ae357d?auto=format&fit=crop&w=800&q=60', 3, 'https://www.allrecipes.com/recipe/saut-ed-turkey-with-kale-and-mashed-cauliflower', 'AllRecipes', 0, 325, 44);
INSERT INTO ingredients (id, recipe_id, name, quantity, unit) VALUES ('3b08b156-cc73-455f-9d51-8f297d14890b', '6d329cdc-697e-452c-8d70-9d94da1f2d8b', 'Cheddar Cheese', 0.7, 'cup');
INSERT INTO ingredients (id, recipe_id, name, quantity, unit) VALUES ('f69d9925-b82a-4d28-913e-514bf0f0863f', '6d329cdc-697e-452c-8d70-9d94da1f2d8b', 'Sour Cream', 2.9, 'cup');
INSERT INTO ingredients (id, recipe_id, name, quantity, unit) VALUES ('e92dfe89-36b4-4f8c-8942-c75190748fa0', '6d329cdc-697e-452c-8d70-9d94da1f2d8b', 'Cream of Mushroom Soup', 3.4, 'can');
INSERT INTO ingredients (id, recipe_id, name, quantity, unit) VALUES ('22c118a6-4c76-4fee-8941-9d48f5cb1197', '6d329cdc-697e-452c-8d70-9d94da1f2d8b', 'Carrots', 2.4, 'cup');
INSERT INTO ingredients (id, recipe_id, name, quantity, unit) VALUES ('693cca83-bada-4f0d-b276-713e22cfc17e', '6d329cdc-697e-452c-8d70-9d94da1f2d8b', 'Garlic', 1.2, 'clove');
INSERT INTO ingredients (id, recipe_id, name, quantity, unit) VALUES ('a9116276-d850-4e15-9ca2-6dd2b9f2cd37', '6d329cdc-697e-452c-8d70-9d94da1f2d8b', 'Rice', 1.2, 'cup');
INSERT INTO ingredients (id, recipe_id, name, quantity, unit) VALUES ('a958277e-ba33-4c81-8098-8139c5542425', '6d329cdc-697e-452c-8d70-9d94da1f2d8b', 'Tater Tots', 0.7, 'oz');
INSERT INTO recipe_dietary_tags (recipe_id, tag_id) VALUES ('6d329cdc-697e-452c-8d70-9d94da1f2d8b', 1);
INSERT INTO recipe_dietary_tags (recipe_id, tag_id) VALUES ('6d329cdc-697e-452c-8d70-9d94da1f2d8b', 6);
INSERT INTO recipe_dietary_tags (recipe_id, tag_id) VALUES ('6d329cdc-697e-452c-8d70-9d94da1f2d8b', 2);

INSERT INTO recipes (id, user_id, title, description, instructions, image_url, servings, source_url, source_name, is_archived, views, cart_adds) VALUES ('bd1e0d47-a33d-4502-b15c-a5949bacd31f', 'admin-user-id', 'Baked Cod with Broccoli and Quinoa', 'A delicious Baked Cod with Broccoli and Quinoa recipe. This Midwest-friendly dish is a family favorite and easy to make with common ingredients.', '1. Preheat oven to 375°F (190°C) if baking.
2. Prepare the Quinoa and other main ingredients.
3. In a large bowl, combine with seasonings.
4. Cook according to source instructions until internal temperature is safe.
5. Let rest for 5 minutes before serving.', 'https://images.unsplash.com/photo-1473093226795-af9932fe5856?auto=format&fit=crop&w=800&q=60', 2, 'https://www.bonappetit.com/recipe/baked-cod-with-broccoli-and-quinoa', 'Bon Appetit', 0, 146, 99);
INSERT INTO ingredients (id, recipe_id, name, quantity, unit) VALUES ('e4c42a1c-7f00-483c-a4db-e4424e88e03c', 'bd1e0d47-a33d-4502-b15c-a5949bacd31f', 'Lemon Juice', 1.6, 'tbsp');
INSERT INTO ingredients (id, recipe_id, name, quantity, unit) VALUES ('bce4fd03-51ac-4276-8747-850cd9119f04', 'bd1e0d47-a33d-4502-b15c-a5949bacd31f', 'Soy Sauce', 3.4, 'tbsp');
INSERT INTO ingredients (id, recipe_id, name, quantity, unit) VALUES ('e5e425e7-9e45-45ad-ad1e-8acf3ed4e8b1', 'bd1e0d47-a33d-4502-b15c-a5949bacd31f', 'Celery', 1.8, 'cup');
INSERT INTO ingredients (id, recipe_id, name, quantity, unit) VALUES ('97d89cf4-4692-4aca-a42a-156e19c0ecdf', 'bd1e0d47-a33d-4502-b15c-a5949bacd31f', 'Rice', 2.6, 'cup');
INSERT INTO ingredients (id, recipe_id, name, quantity, unit) VALUES ('8dbd0351-7626-4398-b65d-26ae2d3e447d', 'bd1e0d47-a33d-4502-b15c-a5949bacd31f', 'Worcestershire Sauce', 0.7, 'tbsp');
INSERT INTO ingredients (id, recipe_id, name, quantity, unit) VALUES ('26e06188-0591-44bd-a990-8daedd33328b', 'bd1e0d47-a33d-4502-b15c-a5949bacd31f', 'Carrots', 3.0, 'cup');
INSERT INTO ingredients (id, recipe_id, name, quantity, unit) VALUES ('9abf702b-ae68-4406-87b5-3e83b94086a6', 'bd1e0d47-a33d-4502-b15c-a5949bacd31f', 'Heavy Cream', 2.6, 'cup');
INSERT INTO recipe_dietary_tags (recipe_id, tag_id) VALUES ('bd1e0d47-a33d-4502-b15c-a5949bacd31f', 3);
INSERT INTO recipe_dietary_tags (recipe_id, tag_id) VALUES ('bd1e0d47-a33d-4502-b15c-a5949bacd31f', 7);

INSERT INTO recipes (id, user_id, title, description, instructions, image_url, servings, source_url, source_name, is_archived, views, cart_adds) VALUES ('27efd393-486b-4594-b75b-4161c31b9e99', 'admin-user-id', 'Roasted Chicken with Sweet Potatoes and Couscous', 'A delicious Roasted Chicken with Sweet Potatoes and Couscous recipe. This Midwest-friendly dish is a family favorite and easy to make with common ingredients.', '1. Preheat oven to 375°F (190°C) if baking.
2. Prepare the Couscous and other main ingredients.
3. In a large bowl, combine with seasonings.
4. Cook according to source instructions until internal temperature is safe.
5. Let rest for 5 minutes before serving.', 'https://images.unsplash.com/photo-1512621776951-a57141f2eefd?auto=format&fit=crop&w=800&q=60', 4, 'https://www.foodnetwork.com/recipe/roasted-chicken-with-sweet-potatoes-and-couscous', 'Food Network', 0, 13, 32);
INSERT INTO ingredients (id, recipe_id, name, quantity, unit) VALUES ('e02c5c28-b1ee-4391-bd09-2c4bc41fa205', '27efd393-486b-4594-b75b-4161c31b9e99', 'Honey', 3.4, 'tbsp');
INSERT INTO ingredients (id, recipe_id, name, quantity, unit) VALUES ('96dedd3d-d710-49cb-8bbd-5057fbf2d382', '27efd393-486b-4594-b75b-4161c31b9e99', 'Chicken Breast', 1.5, 'lb');
INSERT INTO ingredients (id, recipe_id, name, quantity, unit) VALUES ('83434b21-d9e2-4b8f-842f-8a3a0f738cc8', '27efd393-486b-4594-b75b-4161c31b9e99', 'Lemon Juice', 1.1, 'tbsp');
INSERT INTO ingredients (id, recipe_id, name, quantity, unit) VALUES ('0ebcab95-80ce-48bd-9e62-682bff38d340', '27efd393-486b-4594-b75b-4161c31b9e99', 'Soy Sauce', 1.9, 'tbsp');
INSERT INTO ingredients (id, recipe_id, name, quantity, unit) VALUES ('7110e8cf-fe84-4bca-86c5-205f89adf044', '27efd393-486b-4594-b75b-4161c31b9e99', 'Carrots', 1.1, 'cup');
INSERT INTO ingredients (id, recipe_id, name, quantity, unit) VALUES ('9d0d16e8-fc0d-4c44-bdaa-cf389a03c42a', '27efd393-486b-4594-b75b-4161c31b9e99', 'Ground Beef', 1.1, 'lb');
INSERT INTO ingredients (id, recipe_id, name, quantity, unit) VALUES ('0f8bd067-4d89-48a8-a86c-afb2ddc0df9f', '27efd393-486b-4594-b75b-4161c31b9e99', 'Heavy Cream', 1.6, 'cup');
INSERT INTO recipe_dietary_tags (recipe_id, tag_id) VALUES ('27efd393-486b-4594-b75b-4161c31b9e99', 10);
INSERT INTO recipe_dietary_tags (recipe_id, tag_id) VALUES ('27efd393-486b-4594-b75b-4161c31b9e99', 2);

INSERT INTO recipes (id, user_id, title, description, instructions, image_url, servings, source_url, source_name, is_archived, views, cart_adds) VALUES ('e0d5b48c-6920-4ab3-8d0c-70746940c303', 'admin-user-id', 'Slow Cooked Turkey with Asparagus and Wild Rice', 'A delicious Slow Cooked Turkey with Asparagus and Wild Rice recipe. This Midwest-friendly dish is a family favorite and easy to make with common ingredients.', '1. Preheat oven to 375°F (190°C) if baking.
2. Prepare the Rice and other main ingredients.
3. In a large bowl, combine with seasonings.
4. Cook according to source instructions until internal temperature is safe.
5. Let rest for 5 minutes before serving.', 'https://images.unsplash.com/photo-1482049016688-2d3e1b311543?auto=format&fit=crop&w=800&q=60', 5, 'https://www.epicurious.com/recipe/slow-cooked-turkey-with-asparagus-and-wild-rice', 'Epicurious', 0, 279, 55);
INSERT INTO ingredients (id, recipe_id, name, quantity, unit) VALUES ('36eef1ac-0be2-4693-a2ca-7071c1e7a721', 'e0d5b48c-6920-4ab3-8d0c-70746940c303', 'Chicken Breast', 2.1, 'lb');
INSERT INTO ingredients (id, recipe_id, name, quantity, unit) VALUES ('e629d518-74c4-49c9-ada8-9641143edeb6', 'e0d5b48c-6920-4ab3-8d0c-70746940c303', 'Carrots', 2.9, 'cup');
INSERT INTO ingredients (id, recipe_id, name, quantity, unit) VALUES ('a3fc2fc9-b028-41d9-9161-843014dba861', 'e0d5b48c-6920-4ab3-8d0c-70746940c303', 'Garlic', 2.0, 'clove');
INSERT INTO ingredients (id, recipe_id, name, quantity, unit) VALUES ('89f9059b-e0cb-4ea2-87cc-7d07f891cee3', 'e0d5b48c-6920-4ab3-8d0c-70746940c303', 'Ground Beef', 2.5, 'lb');
INSERT INTO recipe_dietary_tags (recipe_id, tag_id) VALUES ('e0d5b48c-6920-4ab3-8d0c-70746940c303', 9);
INSERT INTO recipe_dietary_tags (recipe_id, tag_id) VALUES ('e0d5b48c-6920-4ab3-8d0c-70746940c303', 2);
INSERT INTO recipe_dietary_tags (recipe_id, tag_id) VALUES ('e0d5b48c-6920-4ab3-8d0c-70746940c303', 8);

INSERT INTO recipes (id, user_id, title, description, instructions, image_url, servings, source_url, source_name, is_archived, views, cart_adds) VALUES ('dca7d412-d915-4a08-bb3d-57654390e3e3', 'admin-user-id', 'Baked Salmon with Carrots and Couscous', 'A delicious Baked Salmon with Carrots and Couscous recipe. This Midwest-friendly dish is a family favorite and easy to make with common ingredients.', '1. Preheat oven to 375°F (190°C) if baking.
2. Prepare the Couscous and other main ingredients.
3. In a large bowl, combine with seasonings.
4. Cook according to source instructions until internal temperature is safe.
5. Let rest for 5 minutes before serving.', 'https://images.unsplash.com/photo-1484723091739-30a097e8f929?auto=format&fit=crop&w=800&q=60', 2, 'https://www.tasteofhome.com/recipe/baked-salmon-with-carrots-and-couscous', 'Taste of Home', 0, 12, 26);
INSERT INTO ingredients (id, recipe_id, name, quantity, unit) VALUES ('0ed47eaf-ba43-460b-970c-720558921f84', 'dca7d412-d915-4a08-bb3d-57654390e3e3', 'Butter', 0.7, 'tbsp');
INSERT INTO ingredients (id, recipe_id, name, quantity, unit) VALUES ('5d49820b-ba14-46b8-9f88-4d1ea7203b03', 'dca7d412-d915-4a08-bb3d-57654390e3e3', 'Tomato Sauce', 2.6, 'oz');
INSERT INTO ingredients (id, recipe_id, name, quantity, unit) VALUES ('18293b16-1500-4a55-906f-0a1e68debfd7', 'dca7d412-d915-4a08-bb3d-57654390e3e3', 'Sour Cream', 3.3, 'cup');
INSERT INTO ingredients (id, recipe_id, name, quantity, unit) VALUES ('79720b84-36b9-4b2a-b91e-e36e67102680', 'dca7d412-d915-4a08-bb3d-57654390e3e3', 'Chicken Breast', 1.6, 'lb');
INSERT INTO ingredients (id, recipe_id, name, quantity, unit) VALUES ('26087f2f-1564-4fee-bab8-35e9ca2bd2d3', 'dca7d412-d915-4a08-bb3d-57654390e3e3', 'Heavy Cream', 1.5, 'cup');
INSERT INTO ingredients (id, recipe_id, name, quantity, unit) VALUES ('e7e3ddc0-eba0-403c-9b3a-b90b6d7031c0', 'dca7d412-d915-4a08-bb3d-57654390e3e3', 'Cheddar Cheese', 2.0, 'cup');
INSERT INTO ingredients (id, recipe_id, name, quantity, unit) VALUES ('89e09ac6-b06b-495b-85f1-6a58522e0edb', 'dca7d412-d915-4a08-bb3d-57654390e3e3', 'Cream of Mushroom Soup', 1.8, 'can');
INSERT INTO recipe_dietary_tags (recipe_id, tag_id) VALUES ('dca7d412-d915-4a08-bb3d-57654390e3e3', 3);

INSERT INTO recipes (id, user_id, title, description, instructions, image_url, servings, source_url, source_name, is_archived, views, cart_adds) VALUES ('6788cfc4-7b8e-4be2-b8c4-c051e339d350', 'admin-user-id', 'Steamed Lamb with Carrots and Brown Rice', 'A delicious Steamed Lamb with Carrots and Brown Rice recipe. This Midwest-friendly dish is a family favorite and easy to make with common ingredients.', '1. Preheat oven to 375°F (190°C) if baking.
2. Prepare the Rice and other main ingredients.
3. In a large bowl, combine with seasonings.
4. Cook according to source instructions until internal temperature is safe.
5. Let rest for 5 minutes before serving.', 'https://images.unsplash.com/photo-1540189549336-e6e99c3679fe?auto=format&fit=crop&w=800&q=60', 5, 'https://www.bonappetit.com/recipe/steamed-lamb-with-carrots-and-brown-rice', 'Bon Appetit', 0, 355, 25);
INSERT INTO ingredients (id, recipe_id, name, quantity, unit) VALUES ('b5e3808c-9004-4f07-9c47-ebdc09606d18', '6788cfc4-7b8e-4be2-b8c4-c051e339d350', 'Ground Beef', 3.4, 'lb');
INSERT INTO ingredients (id, recipe_id, name, quantity, unit) VALUES ('a9b5274e-4fe1-4e9f-83bb-2498753d71e9', '6788cfc4-7b8e-4be2-b8c4-c051e339d350', 'Pasta', 3.1, 'oz');
INSERT INTO ingredients (id, recipe_id, name, quantity, unit) VALUES ('010d2d61-cac5-4ab7-a7ab-9899655e1849', '6788cfc4-7b8e-4be2-b8c4-c051e339d350', 'Tomato Sauce', 0.8, 'oz');
INSERT INTO ingredients (id, recipe_id, name, quantity, unit) VALUES ('eef32bf3-9499-44d8-beba-9dab691b1e13', '6788cfc4-7b8e-4be2-b8c4-c051e339d350', 'Breadcrumbs', 2.8, 'cup');
INSERT INTO ingredients (id, recipe_id, name, quantity, unit) VALUES ('7b4fce32-795d-4a17-b7cc-85d040fe9391', '6788cfc4-7b8e-4be2-b8c4-c051e339d350', 'Heavy Cream', 2.4, 'cup');
INSERT INTO ingredients (id, recipe_id, name, quantity, unit) VALUES ('1618bd49-4d42-4a1b-8c55-d8c8359d2813', '6788cfc4-7b8e-4be2-b8c4-c051e339d350', 'Tater Tots', 2.1, 'oz');
INSERT INTO ingredients (id, recipe_id, name, quantity, unit) VALUES ('eca8a6e8-e2a0-4c80-84fd-c79c1e9cfd10', '6788cfc4-7b8e-4be2-b8c4-c051e339d350', 'Cheddar Cheese', 2.7, 'cup');
INSERT INTO recipe_dietary_tags (recipe_id, tag_id) VALUES ('6788cfc4-7b8e-4be2-b8c4-c051e339d350', 9);
INSERT INTO recipe_dietary_tags (recipe_id, tag_id) VALUES ('6788cfc4-7b8e-4be2-b8c4-c051e339d350', 2);

INSERT INTO recipes (id, user_id, title, description, instructions, image_url, servings, source_url, source_name, is_archived, views, cart_adds) VALUES ('271b68ef-79cf-4e97-ab05-0dcf0e9603dc', 'admin-user-id', 'Pan-Seared Beef with Spinach and Couscous', 'A delicious Pan-Seared Beef with Spinach and Couscous recipe. This Midwest-friendly dish is a family favorite and easy to make with common ingredients.', '1. Preheat oven to 375°F (190°C) if baking.
2. Prepare the Couscous and other main ingredients.
3. In a large bowl, combine with seasonings.
4. Cook according to source instructions until internal temperature is safe.
5. Let rest for 5 minutes before serving.', 'https://images.unsplash.com/photo-1567620985035-091781110527?auto=format&fit=crop&w=800&q=60', 2, 'https://www.tasteofhome.com/recipe/pan-seared-beef-with-spinach-and-couscous', 'Taste of Home', 0, 667, 54);
INSERT INTO ingredients (id, recipe_id, name, quantity, unit) VALUES ('8cb18683-109e-4b9c-a03a-4f7453576b5e', '271b68ef-79cf-4e97-ab05-0dcf0e9603dc', 'Carrots', 1.5, 'cup');
INSERT INTO ingredients (id, recipe_id, name, quantity, unit) VALUES ('12a3c73b-d955-43fe-84c2-9bf345c2d439', '271b68ef-79cf-4e97-ab05-0dcf0e9603dc', 'Tomato Sauce', 1.8, 'oz');
INSERT INTO ingredients (id, recipe_id, name, quantity, unit) VALUES ('39535fef-8a24-44ce-8f33-dbcd668276e4', '271b68ef-79cf-4e97-ab05-0dcf0e9603dc', 'Worcestershire Sauce', 2.5, 'tbsp');
INSERT INTO ingredients (id, recipe_id, name, quantity, unit) VALUES ('0a3987c2-34bb-4184-a147-593ec85ece6b', '271b68ef-79cf-4e97-ab05-0dcf0e9603dc', 'Cream of Mushroom Soup', 2.8, 'can');
INSERT INTO ingredients (id, recipe_id, name, quantity, unit) VALUES ('05f526fb-bc23-4325-894a-886046243116', '271b68ef-79cf-4e97-ab05-0dcf0e9603dc', 'Milk', 1.5, 'cup');
INSERT INTO ingredients (id, recipe_id, name, quantity, unit) VALUES ('33be6667-20b2-4d88-966f-b1bc32f92d63', '271b68ef-79cf-4e97-ab05-0dcf0e9603dc', 'Lemon Juice', 2.4, 'tbsp');
INSERT INTO ingredients (id, recipe_id, name, quantity, unit) VALUES ('414fae3b-8ab3-4e2a-939c-5089042d024d', '271b68ef-79cf-4e97-ab05-0dcf0e9603dc', 'Rice', 1.5, 'cup');
INSERT INTO recipe_dietary_tags (recipe_id, tag_id) VALUES ('271b68ef-79cf-4e97-ab05-0dcf0e9603dc', 10);

INSERT INTO recipes (id, user_id, title, description, instructions, image_url, servings, source_url, source_name, is_archived, views, cart_adds) VALUES ('b46afb40-1255-45dc-bfad-5bc8c54e841b', 'admin-user-id', 'Air Fried Lamb with Cauliflower and Roasted Potatoes', 'A delicious Air Fried Lamb with Cauliflower and Roasted Potatoes recipe. This Midwest-friendly dish is a family favorite and easy to make with common ingredients.', '1. Preheat oven to 375°F (190°C) if baking.
2. Prepare the Potatoes and other main ingredients.
3. In a large bowl, combine with seasonings.
4. Cook according to source instructions until internal temperature is safe.
5. Let rest for 5 minutes before serving.', 'https://images.unsplash.com/photo-1565299624946-b28f40a0ae38?auto=format&fit=crop&w=800&q=60', 6, 'https://www.foodnetwork.com/recipe/air-fried-lamb-with-cauliflower-and-roasted-potatoes', 'Food Network', 0, 554, 78);
INSERT INTO ingredients (id, recipe_id, name, quantity, unit) VALUES ('561830f1-e577-4b7b-aa33-7cdd13c76431', 'b46afb40-1255-45dc-bfad-5bc8c54e841b', 'Ground Beef', 2.5, 'lb');
INSERT INTO ingredients (id, recipe_id, name, quantity, unit) VALUES ('4352b521-f8a2-4856-8d5a-66c96a6d87d9', 'b46afb40-1255-45dc-bfad-5bc8c54e841b', 'Cream of Mushroom Soup', 1.9, 'can');
INSERT INTO ingredients (id, recipe_id, name, quantity, unit) VALUES ('fe5be69e-8f89-4e01-8b0e-cb18891c8d7e', 'b46afb40-1255-45dc-bfad-5bc8c54e841b', 'Chicken Breast', 3.0, 'lb');
INSERT INTO ingredients (id, recipe_id, name, quantity, unit) VALUES ('b46a06a2-e0a2-4cc7-af9e-ac4fab0b2849', 'b46afb40-1255-45dc-bfad-5bc8c54e841b', 'Dijon Mustard', 1.6, 'tsp');
INSERT INTO recipe_dietary_tags (recipe_id, tag_id) VALUES ('b46afb40-1255-45dc-bfad-5bc8c54e841b', 10);

INSERT INTO recipes (id, user_id, title, description, instructions, image_url, servings, source_url, source_name, is_archived, views, cart_adds) VALUES ('8f0d0db5-4c0b-47f8-90f1-dad61c57e2ba', 'admin-user-id', 'Baked Salmon with Brussels Sprouts and Lentil Pasta', 'A delicious Baked Salmon with Brussels Sprouts and Lentil Pasta recipe. This Midwest-friendly dish is a family favorite and easy to make with common ingredients.', '1. Preheat oven to 375°F (190°C) if baking.
2. Prepare the Pasta and other main ingredients.
3. In a large bowl, combine with seasonings.
4. Cook according to source instructions until internal temperature is safe.
5. Let rest for 5 minutes before serving.', 'https://images.unsplash.com/photo-1555939594-58d7cb561ad1?auto=format&fit=crop&w=800&q=60', 3, 'https://www.tasteofhome.com/recipe/baked-salmon-with-brussels-sprouts-and-lentil-pasta', 'Taste of Home', 0, 131, 27);
INSERT INTO ingredients (id, recipe_id, name, quantity, unit) VALUES ('5dbade2a-22f8-4ce4-8f6a-2be6075ad5c4', '8f0d0db5-4c0b-47f8-90f1-dad61c57e2ba', 'Ground Beef', 2.5, 'lb');
INSERT INTO ingredients (id, recipe_id, name, quantity, unit) VALUES ('8a2af18f-2be6-4c24-a68e-39e7d92056ac', '8f0d0db5-4c0b-47f8-90f1-dad61c57e2ba', 'Salt', 2.1, 'tsp');
INSERT INTO ingredients (id, recipe_id, name, quantity, unit) VALUES ('0097efae-857b-4522-bd79-80440d54547f', '8f0d0db5-4c0b-47f8-90f1-dad61c57e2ba', 'Garlic', 0.8, 'clove');
INSERT INTO ingredients (id, recipe_id, name, quantity, unit) VALUES ('b213a286-1864-4b56-855f-ab4da59fc002', '8f0d0db5-4c0b-47f8-90f1-dad61c57e2ba', 'Cheddar Cheese', 2.7, 'cup');
INSERT INTO ingredients (id, recipe_id, name, quantity, unit) VALUES ('9400b880-da01-4c05-98cf-6967e52614cd', '8f0d0db5-4c0b-47f8-90f1-dad61c57e2ba', 'Tater Tots', 3.3, 'oz');
INSERT INTO ingredients (id, recipe_id, name, quantity, unit) VALUES ('7f728bd1-d9cd-446c-853f-a838b4b63220', '8f0d0db5-4c0b-47f8-90f1-dad61c57e2ba', 'Black Pepper', 2.7, 'tsp');
INSERT INTO ingredients (id, recipe_id, name, quantity, unit) VALUES ('b1401fe5-8f93-4052-97ae-2508be9ef0fc', '8f0d0db5-4c0b-47f8-90f1-dad61c57e2ba', 'Frozen Peas', 2.1, 'cup');
INSERT INTO recipe_dietary_tags (recipe_id, tag_id) VALUES ('8f0d0db5-4c0b-47f8-90f1-dad61c57e2ba', 3);
INSERT INTO recipe_dietary_tags (recipe_id, tag_id) VALUES ('8f0d0db5-4c0b-47f8-90f1-dad61c57e2ba', 4);

INSERT INTO recipes (id, user_id, title, description, instructions, image_url, servings, source_url, source_name, is_archived, views, cart_adds) VALUES ('1ff777b9-99d5-46ff-8fba-c577c8b328de', 'admin-user-id', 'Roasted Chicken with Carrots and Wild Rice', 'A delicious Roasted Chicken with Carrots and Wild Rice recipe. This Midwest-friendly dish is a family favorite and easy to make with common ingredients.', '1. Preheat oven to 375°F (190°C) if baking.
2. Prepare the Rice and other main ingredients.
3. In a large bowl, combine with seasonings.
4. Cook according to source instructions until internal temperature is safe.
5. Let rest for 5 minutes before serving.', 'https://images.unsplash.com/photo-1513104894114-bd7ea4718312?auto=format&fit=crop&w=800&q=60', 6, 'https://www.foodnetwork.com/recipe/roasted-chicken-with-carrots-and-wild-rice', 'Food Network', 0, 163, 57);
INSERT INTO ingredients (id, recipe_id, name, quantity, unit) VALUES ('2614460e-8ef1-42cd-88de-5920bbe5cbec', '1ff777b9-99d5-46ff-8fba-c577c8b328de', 'Honey', 1.3, 'tbsp');
INSERT INTO ingredients (id, recipe_id, name, quantity, unit) VALUES ('364b2b7b-d786-47b4-88f0-662276ae268b', '1ff777b9-99d5-46ff-8fba-c577c8b328de', 'Garlic', 1.5, 'clove');
INSERT INTO ingredients (id, recipe_id, name, quantity, unit) VALUES ('77c75a3f-da8c-4c8b-a23d-c72bb03b7404', '1ff777b9-99d5-46ff-8fba-c577c8b328de', 'Worcestershire Sauce', 2.0, 'tbsp');
INSERT INTO ingredients (id, recipe_id, name, quantity, unit) VALUES ('35db8aaf-38ba-4572-b6b3-4c006b4d5c01', '1ff777b9-99d5-46ff-8fba-c577c8b328de', 'Dijon Mustard', 0.7, 'tsp');
INSERT INTO ingredients (id, recipe_id, name, quantity, unit) VALUES ('59e621b7-74d9-42be-8602-a43f8864ccb9', '1ff777b9-99d5-46ff-8fba-c577c8b328de', 'Soy Sauce', 2.7, 'tbsp');
INSERT INTO ingredients (id, recipe_id, name, quantity, unit) VALUES ('31ad3a60-7bb2-44c7-ba9d-eebf19046c6e', '1ff777b9-99d5-46ff-8fba-c577c8b328de', 'Frozen Peas', 0.9, 'cup');
INSERT INTO recipe_dietary_tags (recipe_id, tag_id) VALUES ('1ff777b9-99d5-46ff-8fba-c577c8b328de', 10);
INSERT INTO recipe_dietary_tags (recipe_id, tag_id) VALUES ('1ff777b9-99d5-46ff-8fba-c577c8b328de', 4);
INSERT INTO recipe_dietary_tags (recipe_id, tag_id) VALUES ('1ff777b9-99d5-46ff-8fba-c577c8b328de', 9);

INSERT INTO recipes (id, user_id, title, description, instructions, image_url, servings, source_url, source_name, is_archived, views, cart_adds) VALUES ('9a94fe95-0640-4ed4-90e6-7b864bb9f307', 'admin-user-id', 'Grilled Tofu with Broccoli and Zucchini Noodles', 'A delicious Grilled Tofu with Broccoli and Zucchini Noodles recipe. This Midwest-friendly dish is a family favorite and easy to make with common ingredients.', '1. Preheat oven to 375°F (190°C) if baking.
2. Prepare the Noodles and other main ingredients.
3. In a large bowl, combine with seasonings.
4. Cook according to source instructions until internal temperature is safe.
5. Let rest for 5 minutes before serving.', 'https://images.unsplash.com/photo-1504754524776-8f4f37799ca7?auto=format&fit=crop&w=800&q=60', 7, 'https://www.bonappetit.com/recipe/grilled-tofu-with-broccoli-and-zucchini-noodles', 'Bon Appetit', 0, 205, 95);
INSERT INTO ingredients (id, recipe_id, name, quantity, unit) VALUES ('2f6b1b32-e6c8-4ab4-9549-fd95049d8890', '9a94fe95-0640-4ed4-90e6-7b864bb9f307', 'Tater Tots', 2.0, 'oz');
INSERT INTO ingredients (id, recipe_id, name, quantity, unit) VALUES ('be6a22b9-92ce-4966-984b-29d23238ab03', '9a94fe95-0640-4ed4-90e6-7b864bb9f307', 'Dijon Mustard', 1.5, 'tsp');
INSERT INTO ingredients (id, recipe_id, name, quantity, unit) VALUES ('0f274896-4120-4b08-96b6-9f29cd3ba6ce', '9a94fe95-0640-4ed4-90e6-7b864bb9f307', 'Honey', 1.5, 'tbsp');
INSERT INTO ingredients (id, recipe_id, name, quantity, unit) VALUES ('7e44c8d2-b2be-4adc-8b87-ce4f684522c4', '9a94fe95-0640-4ed4-90e6-7b864bb9f307', 'Lemon Juice', 1.9, 'tbsp');
INSERT INTO ingredients (id, recipe_id, name, quantity, unit) VALUES ('ffdd4c21-e1a6-4716-befb-7f5d484f2e12', '9a94fe95-0640-4ed4-90e6-7b864bb9f307', 'Breadcrumbs', 2.6, 'cup');
INSERT INTO recipe_dietary_tags (recipe_id, tag_id) VALUES ('9a94fe95-0640-4ed4-90e6-7b864bb9f307', 1);
INSERT INTO recipe_dietary_tags (recipe_id, tag_id) VALUES ('9a94fe95-0640-4ed4-90e6-7b864bb9f307', 6);
INSERT INTO recipe_dietary_tags (recipe_id, tag_id) VALUES ('9a94fe95-0640-4ed4-90e6-7b864bb9f307', 3);
INSERT INTO recipe_dietary_tags (recipe_id, tag_id) VALUES ('9a94fe95-0640-4ed4-90e6-7b864bb9f307', 2);

INSERT INTO recipes (id, user_id, title, description, instructions, image_url, servings, source_url, source_name, is_archived, views, cart_adds) VALUES ('a3f942fd-c078-479a-8d4a-3db39fb0363b', 'admin-user-id', 'Steamed Lamb with Spinach and Quinoa', 'A delicious Steamed Lamb with Spinach and Quinoa recipe. This Midwest-friendly dish is a family favorite and easy to make with common ingredients.', '1. Preheat oven to 375°F (190°C) if baking.
2. Prepare the Quinoa and other main ingredients.
3. In a large bowl, combine with seasonings.
4. Cook according to source instructions until internal temperature is safe.
5. Let rest for 5 minutes before serving.', 'https://images.unsplash.com/photo-1476224203421-9ac3993557a4?auto=format&fit=crop&w=800&q=60', 3, 'https://www.tasteofhome.com/recipe/steamed-lamb-with-spinach-and-quinoa', 'Taste of Home', 0, 426, 0);
INSERT INTO ingredients (id, recipe_id, name, quantity, unit) VALUES ('6d9bbc22-88d2-4d6f-b913-777e563da2b9', 'a3f942fd-c078-479a-8d4a-3db39fb0363b', 'Heavy Cream', 1.0, 'cup');
INSERT INTO ingredients (id, recipe_id, name, quantity, unit) VALUES ('c43b261b-c6a0-47f2-9906-d158aae133f0', 'a3f942fd-c078-479a-8d4a-3db39fb0363b', 'Lemon Juice', 0.9, 'tbsp');
INSERT INTO ingredients (id, recipe_id, name, quantity, unit) VALUES ('73a1664b-d711-4eb4-8a55-a4de5ada47d1', 'a3f942fd-c078-479a-8d4a-3db39fb0363b', 'Honey', 2.4, 'tbsp');
INSERT INTO ingredients (id, recipe_id, name, quantity, unit) VALUES ('330b3c18-7402-40c0-98e2-fa1d3e7fbdef', 'a3f942fd-c078-479a-8d4a-3db39fb0363b', 'Worcestershire Sauce', 2.8, 'tbsp');
INSERT INTO ingredients (id, recipe_id, name, quantity, unit) VALUES ('2becd6e2-2290-47b4-9463-baf6bdfe5251', 'a3f942fd-c078-479a-8d4a-3db39fb0363b', 'Cream of Mushroom Soup', 3.0, 'can');
INSERT INTO ingredients (id, recipe_id, name, quantity, unit) VALUES ('b21cf2c9-d3ed-429b-aa8b-8c9cec43e9e4', 'a3f942fd-c078-479a-8d4a-3db39fb0363b', 'Breadcrumbs', 1.3, 'cup');
INSERT INTO ingredients (id, recipe_id, name, quantity, unit) VALUES ('744a701d-71da-4f0a-b80e-dc2eb25a2faa', 'a3f942fd-c078-479a-8d4a-3db39fb0363b', 'Garlic', 1.8, 'clove');
INSERT INTO recipe_dietary_tags (recipe_id, tag_id) VALUES ('a3f942fd-c078-479a-8d4a-3db39fb0363b', 3);
INSERT INTO recipe_dietary_tags (recipe_id, tag_id) VALUES ('a3f942fd-c078-479a-8d4a-3db39fb0363b', 2);
INSERT INTO recipe_dietary_tags (recipe_id, tag_id) VALUES ('a3f942fd-c078-479a-8d4a-3db39fb0363b', 8);

INSERT INTO recipes (id, user_id, title, description, instructions, image_url, servings, source_url, source_name, is_archived, views, cart_adds) VALUES ('3cb81452-9c22-4bc3-b23a-7fa4d491a81b', 'admin-user-id', 'Roasted Beef with Spinach and Wild Rice', 'A delicious Roasted Beef with Spinach and Wild Rice recipe. This Midwest-friendly dish is a family favorite and easy to make with common ingredients.', '1. Preheat oven to 375°F (190°C) if baking.
2. Prepare the Rice and other main ingredients.
3. In a large bowl, combine with seasonings.
4. Cook according to source instructions until internal temperature is safe.
5. Let rest for 5 minutes before serving.', 'https://images.unsplash.com/photo-1498837167721-8f5c1a322c2e?auto=format&fit=crop&w=800&q=60', 2, 'https://www.epicurious.com/recipe/roasted-beef-with-spinach-and-wild-rice', 'Epicurious', 0, 381, 13);
INSERT INTO ingredients (id, recipe_id, name, quantity, unit) VALUES ('b0209a31-6d7e-449b-bafb-38a2fd3c559c', '3cb81452-9c22-4bc3-b23a-7fa4d491a81b', 'Dijon Mustard', 3.2, 'tsp');
INSERT INTO ingredients (id, recipe_id, name, quantity, unit) VALUES ('066e2401-412c-4f3e-8f30-766ecd1edb6e', '3cb81452-9c22-4bc3-b23a-7fa4d491a81b', 'Onion', 1.1, 'cup');
INSERT INTO ingredients (id, recipe_id, name, quantity, unit) VALUES ('9416519a-300a-443a-8866-74eb544b1e2d', '3cb81452-9c22-4bc3-b23a-7fa4d491a81b', 'Olive Oil', 2.4, 'tbsp');
INSERT INTO ingredients (id, recipe_id, name, quantity, unit) VALUES ('2850384b-dfc9-45e5-9879-4e9b5465a488', '3cb81452-9c22-4bc3-b23a-7fa4d491a81b', 'Sour Cream', 3.4, 'cup');
INSERT INTO ingredients (id, recipe_id, name, quantity, unit) VALUES ('867e28b4-b567-48a4-8b95-28c051974e96', '3cb81452-9c22-4bc3-b23a-7fa4d491a81b', 'Celery', 0.8, 'cup');
INSERT INTO ingredients (id, recipe_id, name, quantity, unit) VALUES ('97b35df9-29f5-4481-b696-2543e1f3ae39', '3cb81452-9c22-4bc3-b23a-7fa4d491a81b', 'Cream of Mushroom Soup', 1.4, 'can');
INSERT INTO recipe_dietary_tags (recipe_id, tag_id) VALUES ('3cb81452-9c22-4bc3-b23a-7fa4d491a81b', 10);
INSERT INTO recipe_dietary_tags (recipe_id, tag_id) VALUES ('3cb81452-9c22-4bc3-b23a-7fa4d491a81b', 2);
INSERT INTO recipe_dietary_tags (recipe_id, tag_id) VALUES ('3cb81452-9c22-4bc3-b23a-7fa4d491a81b', 4);

INSERT INTO recipes (id, user_id, title, description, instructions, image_url, servings, source_url, source_name, is_archived, views, cart_adds) VALUES ('e0c255a9-f5df-4348-8b66-3b58c04ab1ac', 'admin-user-id', 'Pan-Seared Tofu with Kale and Mashed Cauliflower', 'A delicious Pan-Seared Tofu with Kale and Mashed Cauliflower recipe. This Midwest-friendly dish is a family favorite and easy to make with common ingredients.', '1. Preheat oven to 375°F (190°C) if baking.
2. Prepare the Cauliflower and other main ingredients.
3. In a large bowl, combine with seasonings.
4. Cook according to source instructions until internal temperature is safe.
5. Let rest for 5 minutes before serving.', 'https://images.unsplash.com/photo-1490645935967-10de6ba17051?auto=format&fit=crop&w=800&q=60', 5, 'https://www.allrecipes.com/recipe/pan-seared-tofu-with-kale-and-mashed-cauliflower', 'AllRecipes', 0, 535, 77);
INSERT INTO ingredients (id, recipe_id, name, quantity, unit) VALUES ('f4021dbe-faf2-490f-80c1-cb08f17c71c6', 'e0c255a9-f5df-4348-8b66-3b58c04ab1ac', 'Breadcrumbs', 0.7, 'cup');
INSERT INTO ingredients (id, recipe_id, name, quantity, unit) VALUES ('6092f48e-1fc7-404f-986e-62f389e83e1e', 'e0c255a9-f5df-4348-8b66-3b58c04ab1ac', 'Olive Oil', 1.2, 'tbsp');
INSERT INTO ingredients (id, recipe_id, name, quantity, unit) VALUES ('584fb876-6d15-40b3-9602-6345a5ce5fe3', 'e0c255a9-f5df-4348-8b66-3b58c04ab1ac', 'Ground Beef', 1.1, 'lb');
INSERT INTO ingredients (id, recipe_id, name, quantity, unit) VALUES ('ba555f0b-957b-4587-8b51-d0a2469de731', 'e0c255a9-f5df-4348-8b66-3b58c04ab1ac', 'Milk', 0.8, 'cup');
INSERT INTO ingredients (id, recipe_id, name, quantity, unit) VALUES ('b0a8d0dc-5864-4b0c-a8d3-6337ebc7aa2a', 'e0c255a9-f5df-4348-8b66-3b58c04ab1ac', 'Egg', 0.5, 'large');
INSERT INTO recipe_dietary_tags (recipe_id, tag_id) VALUES ('e0c255a9-f5df-4348-8b66-3b58c04ab1ac', 1);
INSERT INTO recipe_dietary_tags (recipe_id, tag_id) VALUES ('e0c255a9-f5df-4348-8b66-3b58c04ab1ac', 6);
INSERT INTO recipe_dietary_tags (recipe_id, tag_id) VALUES ('e0c255a9-f5df-4348-8b66-3b58c04ab1ac', 3);
INSERT INTO recipe_dietary_tags (recipe_id, tag_id) VALUES ('e0c255a9-f5df-4348-8b66-3b58c04ab1ac', 8);

INSERT INTO recipes (id, user_id, title, description, instructions, image_url, servings, source_url, source_name, is_archived, views, cart_adds) VALUES ('35ade33b-498c-454e-888b-6b83d7b2599e', 'admin-user-id', 'Grilled Salmon with Zucchini and Quinoa', 'A delicious Grilled Salmon with Zucchini and Quinoa recipe. This Midwest-friendly dish is a family favorite and easy to make with common ingredients.', '1. Preheat oven to 375°F (190°C) if baking.
2. Prepare the Quinoa and other main ingredients.
3. In a large bowl, combine with seasonings.
4. Cook according to source instructions until internal temperature is safe.
5. Let rest for 5 minutes before serving.', 'https://images.unsplash.com/photo-1506084868214-19a1f9e147f8?auto=format&fit=crop&w=800&q=60', 3, 'https://www.allrecipes.com/recipe/grilled-salmon-with-zucchini-and-quinoa', 'AllRecipes', 0, 396, 35);
INSERT INTO ingredients (id, recipe_id, name, quantity, unit) VALUES ('05caf62a-46f0-4fdb-93e3-08a60c9b9a9d', '35ade33b-498c-454e-888b-6b83d7b2599e', 'Black Pepper', 3.4, 'tsp');
INSERT INTO ingredients (id, recipe_id, name, quantity, unit) VALUES ('f0f976e1-c423-41aa-9c7f-7480a7d87a3c', '35ade33b-498c-454e-888b-6b83d7b2599e', 'Ground Beef', 2.7, 'lb');
INSERT INTO ingredients (id, recipe_id, name, quantity, unit) VALUES ('dd9f0f31-7d42-4dda-a3a7-665b1892a72f', '35ade33b-498c-454e-888b-6b83d7b2599e', 'Onion', 2.5, 'cup');
INSERT INTO ingredients (id, recipe_id, name, quantity, unit) VALUES ('0d129666-eee6-4c4e-b0ed-7f05188cea1b', '35ade33b-498c-454e-888b-6b83d7b2599e', 'Soy Sauce', 2.0, 'tbsp');
INSERT INTO ingredients (id, recipe_id, name, quantity, unit) VALUES ('9f193856-3421-4b24-864a-274cf7e93a09', '35ade33b-498c-454e-888b-6b83d7b2599e', 'Lemon Juice', 0.7, 'tbsp');
INSERT INTO ingredients (id, recipe_id, name, quantity, unit) VALUES ('63c26187-478d-4de3-8f32-053e00d1bb4b', '35ade33b-498c-454e-888b-6b83d7b2599e', 'Cheddar Cheese', 2.4, 'cup');
INSERT INTO recipe_dietary_tags (recipe_id, tag_id) VALUES ('35ade33b-498c-454e-888b-6b83d7b2599e', 3);
INSERT INTO recipe_dietary_tags (recipe_id, tag_id) VALUES ('35ade33b-498c-454e-888b-6b83d7b2599e', 2);
INSERT INTO recipe_dietary_tags (recipe_id, tag_id) VALUES ('35ade33b-498c-454e-888b-6b83d7b2599e', 4);

INSERT INTO recipes (id, user_id, title, description, instructions, image_url, servings, source_url, source_name, is_archived, views, cart_adds) VALUES ('a77a1c73-565b-43b0-b424-801bdb636963', 'admin-user-id', 'Baked Chicken with Carrots and Quinoa', 'A delicious Baked Chicken with Carrots and Quinoa recipe. This Midwest-friendly dish is a family favorite and easy to make with common ingredients.', '1. Preheat oven to 375°F (190°C) if baking.
2. Prepare the Quinoa and other main ingredients.
3. In a large bowl, combine with seasonings.
4. Cook according to source instructions until internal temperature is safe.
5. Let rest for 5 minutes before serving.', 'https://images.unsplash.com/photo-1529042410759-adb828e4eaf0?auto=format&fit=crop&w=800&q=60', 7, 'https://www.allrecipes.com/recipe/baked-chicken-with-carrots-and-quinoa', 'AllRecipes', 0, 879, 90);
INSERT INTO ingredients (id, recipe_id, name, quantity, unit) VALUES ('2446fe1a-2a0c-41a8-9b87-82875f8cd808', 'a77a1c73-565b-43b0-b424-801bdb636963', 'Dijon Mustard', 0.5, 'tsp');
INSERT INTO ingredients (id, recipe_id, name, quantity, unit) VALUES ('9af93b0c-4327-4a37-9a18-86f3b46c476d', 'a77a1c73-565b-43b0-b424-801bdb636963', 'Butter', 2.2, 'tbsp');
INSERT INTO ingredients (id, recipe_id, name, quantity, unit) VALUES ('20c1b00b-5972-4e35-ad88-183bcc8a846b', 'a77a1c73-565b-43b0-b424-801bdb636963', 'Celery', 2.1, 'cup');
INSERT INTO ingredients (id, recipe_id, name, quantity, unit) VALUES ('49649e19-17da-48e8-83c3-158e48dc1587', 'a77a1c73-565b-43b0-b424-801bdb636963', 'Milk', 1.6, 'cup');
INSERT INTO ingredients (id, recipe_id, name, quantity, unit) VALUES ('ec8ece2f-56dd-4061-a5ac-62a477827ffe', 'a77a1c73-565b-43b0-b424-801bdb636963', 'Worcestershire Sauce', 2.0, 'tbsp');
INSERT INTO recipe_dietary_tags (recipe_id, tag_id) VALUES ('a77a1c73-565b-43b0-b424-801bdb636963', 10);
INSERT INTO recipe_dietary_tags (recipe_id, tag_id) VALUES ('a77a1c73-565b-43b0-b424-801bdb636963', 2);
INSERT INTO recipe_dietary_tags (recipe_id, tag_id) VALUES ('a77a1c73-565b-43b0-b424-801bdb636963', 8);

INSERT INTO recipes (id, user_id, title, description, instructions, image_url, servings, source_url, source_name, is_archived, views, cart_adds) VALUES ('f6d6c014-bf95-4edc-9e94-e49626cb6811', 'admin-user-id', 'Roasted Tofu with Brussels Sprouts and Couscous', 'A delicious Roasted Tofu with Brussels Sprouts and Couscous recipe. This Midwest-friendly dish is a family favorite and easy to make with common ingredients.', '1. Preheat oven to 375°F (190°C) if baking.
2. Prepare the Couscous and other main ingredients.
3. In a large bowl, combine with seasonings.
4. Cook according to source instructions until internal temperature is safe.
5. Let rest for 5 minutes before serving.', 'https://images.unsplash.com/photo-1455619452474-d2ba29bc06da?auto=format&fit=crop&w=800&q=60', 3, 'https://www.foodnetwork.com/recipe/roasted-tofu-with-brussels-sprouts-and-couscous', 'Food Network', 0, 739, 41);
INSERT INTO ingredients (id, recipe_id, name, quantity, unit) VALUES ('29c887ee-ab00-4267-91ef-0728791727e7', 'f6d6c014-bf95-4edc-9e94-e49626cb6811', 'Chicken Breast', 1.8, 'lb');
INSERT INTO ingredients (id, recipe_id, name, quantity, unit) VALUES ('f3ad49be-8b6e-4ddd-a71d-571af78ae349', 'f6d6c014-bf95-4edc-9e94-e49626cb6811', 'Worcestershire Sauce', 3.0, 'tbsp');
INSERT INTO ingredients (id, recipe_id, name, quantity, unit) VALUES ('8fa70412-1d8b-4fcd-a8f0-4c69cf6feb19', 'f6d6c014-bf95-4edc-9e94-e49626cb6811', 'Cream of Mushroom Soup', 1.4, 'can');
INSERT INTO ingredients (id, recipe_id, name, quantity, unit) VALUES ('8a29055b-f1da-4354-b222-d12cc11ff9e0', 'f6d6c014-bf95-4edc-9e94-e49626cb6811', 'Frozen Peas', 0.6, 'cup');
INSERT INTO ingredients (id, recipe_id, name, quantity, unit) VALUES ('fec96348-91c0-49a9-9316-715cc9eff58b', 'f6d6c014-bf95-4edc-9e94-e49626cb6811', 'Black Pepper', 3.4, 'tsp');
INSERT INTO ingredients (id, recipe_id, name, quantity, unit) VALUES ('38b631b1-3fa8-4103-9091-3fddcdee81b4', 'f6d6c014-bf95-4edc-9e94-e49626cb6811', 'Celery', 1.5, 'cup');
INSERT INTO ingredients (id, recipe_id, name, quantity, unit) VALUES ('3a4afb32-810d-4a0d-a26b-0f78f18689ab', 'f6d6c014-bf95-4edc-9e94-e49626cb6811', 'Rice', 1.6, 'cup');
INSERT INTO recipe_dietary_tags (recipe_id, tag_id) VALUES ('f6d6c014-bf95-4edc-9e94-e49626cb6811', 3);
INSERT INTO recipe_dietary_tags (recipe_id, tag_id) VALUES ('f6d6c014-bf95-4edc-9e94-e49626cb6811', 2);

INSERT INTO recipes (id, user_id, title, description, instructions, image_url, servings, source_url, source_name, is_archived, views, cart_adds) VALUES ('26afdd23-ccf7-48ed-8ebb-e4063285f636', 'admin-user-id', 'Air Fried Pork with Green Beans and Mashed Cauliflower', 'A delicious Air Fried Pork with Green Beans and Mashed Cauliflower recipe. This Midwest-friendly dish is a family favorite and easy to make with common ingredients.', '1. Preheat oven to 375°F (190°C) if baking.
2. Prepare the Cauliflower and other main ingredients.
3. In a large bowl, combine with seasonings.
4. Cook according to source instructions until internal temperature is safe.
5. Let rest for 5 minutes before serving.', 'https://images.unsplash.com/photo-1504113888839-14294c223d51?auto=format&fit=crop&w=800&q=60', 3, 'https://www.bonappetit.com/recipe/air-fried-pork-with-green-beans-and-mashed-cauliflower', 'Bon Appetit', 0, 961, 10);
INSERT INTO ingredients (id, recipe_id, name, quantity, unit) VALUES ('274506f9-23e4-4f48-85d2-e63ea2dc60a2', '26afdd23-ccf7-48ed-8ebb-e4063285f636', 'Lemon Juice', 0.9, 'tbsp');
INSERT INTO ingredients (id, recipe_id, name, quantity, unit) VALUES ('b6e2aa63-2014-43f4-854a-244c6fb70279', '26afdd23-ccf7-48ed-8ebb-e4063285f636', 'Tater Tots', 0.6, 'oz');
INSERT INTO ingredients (id, recipe_id, name, quantity, unit) VALUES ('4b88d320-942a-4628-a16e-66e5d0510e31', '26afdd23-ccf7-48ed-8ebb-e4063285f636', 'Olive Oil', 2.4, 'tbsp');
INSERT INTO ingredients (id, recipe_id, name, quantity, unit) VALUES ('f761acd9-34e1-4223-89ef-b416d49ec8c2', '26afdd23-ccf7-48ed-8ebb-e4063285f636', 'Rice', 0.7, 'cup');
INSERT INTO recipe_dietary_tags (recipe_id, tag_id) VALUES ('26afdd23-ccf7-48ed-8ebb-e4063285f636', 1);
INSERT INTO recipe_dietary_tags (recipe_id, tag_id) VALUES ('26afdd23-ccf7-48ed-8ebb-e4063285f636', 6);
INSERT INTO recipe_dietary_tags (recipe_id, tag_id) VALUES ('26afdd23-ccf7-48ed-8ebb-e4063285f636', 10);
INSERT INTO recipe_dietary_tags (recipe_id, tag_id) VALUES ('26afdd23-ccf7-48ed-8ebb-e4063285f636', 2);
INSERT INTO recipe_dietary_tags (recipe_id, tag_id) VALUES ('26afdd23-ccf7-48ed-8ebb-e4063285f636', 7);

INSERT INTO recipes (id, user_id, title, description, instructions, image_url, servings, source_url, source_name, is_archived, views, cart_adds) VALUES ('907a2e9d-2e14-4203-85a6-da47a2ed6955', 'admin-user-id', 'Baked Salmon with Green Beans and Mashed Cauliflower', 'A delicious Baked Salmon with Green Beans and Mashed Cauliflower recipe. This Midwest-friendly dish is a family favorite and easy to make with common ingredients.', '1. Preheat oven to 375°F (190°C) if baking.
2. Prepare the Cauliflower and other main ingredients.
3. In a large bowl, combine with seasonings.
4. Cook according to source instructions until internal temperature is safe.
5. Let rest for 5 minutes before serving.', 'https://images.unsplash.com/photo-1546062477-fe2f66230ba3?auto=format&fit=crop&w=800&q=60', 2, 'https://www.epicurious.com/recipe/baked-salmon-with-green-beans-and-mashed-cauliflower', 'Epicurious', 0, 81, 94);
INSERT INTO ingredients (id, recipe_id, name, quantity, unit) VALUES ('fcdc50ed-9f55-445b-affc-ae269b1385cc', '907a2e9d-2e14-4203-85a6-da47a2ed6955', 'Ground Beef', 3.4, 'lb');
INSERT INTO ingredients (id, recipe_id, name, quantity, unit) VALUES ('84230cbe-3f44-40ca-9503-2e57ff05d523', '907a2e9d-2e14-4203-85a6-da47a2ed6955', 'Cream of Mushroom Soup', 1.2, 'can');
INSERT INTO ingredients (id, recipe_id, name, quantity, unit) VALUES ('d5e4fefa-fd2f-439d-a889-cab662ead141', '907a2e9d-2e14-4203-85a6-da47a2ed6955', 'Tater Tots', 1.5, 'oz');
INSERT INTO ingredients (id, recipe_id, name, quantity, unit) VALUES ('d58fb41a-581d-4e18-bf80-ee4df77fe4d5', '907a2e9d-2e14-4203-85a6-da47a2ed6955', 'Worcestershire Sauce', 1.7, 'tbsp');
INSERT INTO ingredients (id, recipe_id, name, quantity, unit) VALUES ('f8cd29b0-2fc7-4d18-98e6-fc291584a5de', '907a2e9d-2e14-4203-85a6-da47a2ed6955', 'Black Pepper', 0.7, 'tsp');
INSERT INTO ingredients (id, recipe_id, name, quantity, unit) VALUES ('1e1bd7ab-31e1-4b07-aa86-28cea76b640c', '907a2e9d-2e14-4203-85a6-da47a2ed6955', 'Soy Sauce', 2.4, 'tbsp');
INSERT INTO recipe_dietary_tags (recipe_id, tag_id) VALUES ('907a2e9d-2e14-4203-85a6-da47a2ed6955', 1);
INSERT INTO recipe_dietary_tags (recipe_id, tag_id) VALUES ('907a2e9d-2e14-4203-85a6-da47a2ed6955', 6);
INSERT INTO recipe_dietary_tags (recipe_id, tag_id) VALUES ('907a2e9d-2e14-4203-85a6-da47a2ed6955', 3);

INSERT INTO recipes (id, user_id, title, description, instructions, image_url, servings, source_url, source_name, is_archived, views, cart_adds) VALUES ('b79c168e-9541-436e-8c7b-4e16475d241d', 'admin-user-id', 'Baked Lamb with Carrots and Cauliflower Rice', 'A delicious Baked Lamb with Carrots and Cauliflower Rice recipe. This Midwest-friendly dish is a family favorite and easy to make with common ingredients.', '1. Preheat oven to 375°F (190°C) if baking.
2. Prepare the Rice and other main ingredients.
3. In a large bowl, combine with seasonings.
4. Cook according to source instructions until internal temperature is safe.
5. Let rest for 5 minutes before serving.', 'https://images.unsplash.com/photo-1504674900247-0877df9cc836?auto=format&fit=crop&w=800&q=60', 7, 'https://www.tasteofhome.com/recipe/baked-lamb-with-carrots-and-cauliflower-rice', 'Taste of Home', 0, 934, 8);
INSERT INTO ingredients (id, recipe_id, name, quantity, unit) VALUES ('c3f3d4bb-8711-4f2f-bf35-3516b7c3ffe4', 'b79c168e-9541-436e-8c7b-4e16475d241d', 'Olive Oil', 2.0, 'tbsp');
INSERT INTO ingredients (id, recipe_id, name, quantity, unit) VALUES ('fd140e7f-6a55-4f5c-b536-bee673c250fc', 'b79c168e-9541-436e-8c7b-4e16475d241d', 'Soy Sauce', 1.5, 'tbsp');
INSERT INTO ingredients (id, recipe_id, name, quantity, unit) VALUES ('ed24e0cc-76dc-47ce-8945-6077a5d6b4b2', 'b79c168e-9541-436e-8c7b-4e16475d241d', 'Dijon Mustard', 1.2, 'tsp');
INSERT INTO ingredients (id, recipe_id, name, quantity, unit) VALUES ('00be9a9f-e65f-44a2-9416-6df5f5695cd0', 'b79c168e-9541-436e-8c7b-4e16475d241d', 'Honey', 3.0, 'tbsp');
INSERT INTO ingredients (id, recipe_id, name, quantity, unit) VALUES ('13a40c87-2f67-4be9-b792-88ccee7d2051', 'b79c168e-9541-436e-8c7b-4e16475d241d', 'Worcestershire Sauce', 1.9, 'tbsp');
INSERT INTO ingredients (id, recipe_id, name, quantity, unit) VALUES ('42159b61-325c-43dc-b413-08afa2de96e5', 'b79c168e-9541-436e-8c7b-4e16475d241d', 'Lemon Juice', 0.8, 'tbsp');
INSERT INTO ingredients (id, recipe_id, name, quantity, unit) VALUES ('0e8f261f-2c51-4d2d-8ddf-55494c0f89aa', 'b79c168e-9541-436e-8c7b-4e16475d241d', 'Egg', 3.0, 'large');
INSERT INTO recipe_dietary_tags (recipe_id, tag_id) VALUES ('b79c168e-9541-436e-8c7b-4e16475d241d', 1);
INSERT INTO recipe_dietary_tags (recipe_id, tag_id) VALUES ('b79c168e-9541-436e-8c7b-4e16475d241d', 6);
INSERT INTO recipe_dietary_tags (recipe_id, tag_id) VALUES ('b79c168e-9541-436e-8c7b-4e16475d241d', 4);
INSERT INTO recipe_dietary_tags (recipe_id, tag_id) VALUES ('b79c168e-9541-436e-8c7b-4e16475d241d', 7);

INSERT INTO recipes (id, user_id, title, description, instructions, image_url, servings, source_url, source_name, is_archived, views, cart_adds) VALUES ('3caa05d1-3860-4d85-afd8-214136f3fa54', 'admin-user-id', 'Roasted Pork with Broccoli and Lentil Pasta', 'A delicious Roasted Pork with Broccoli and Lentil Pasta recipe. This Midwest-friendly dish is a family favorite and easy to make with common ingredients.', '1. Preheat oven to 375°F (190°C) if baking.
2. Prepare the Pasta and other main ingredients.
3. In a large bowl, combine with seasonings.
4. Cook according to source instructions until internal temperature is safe.
5. Let rest for 5 minutes before serving.', 'https://images.unsplash.com/photo-1493770348161-369560ae357d?auto=format&fit=crop&w=800&q=60', 2, 'https://www.tasteofhome.com/recipe/roasted-pork-with-broccoli-and-lentil-pasta', 'Taste of Home', 0, 567, 38);
INSERT INTO ingredients (id, recipe_id, name, quantity, unit) VALUES ('a4e1d9e9-5ab1-4fda-a7b4-04761919b299', '3caa05d1-3860-4d85-afd8-214136f3fa54', 'Cheddar Cheese', 2.0, 'cup');
INSERT INTO ingredients (id, recipe_id, name, quantity, unit) VALUES ('61c12b43-8d2c-43db-828e-7a1d07322be0', '3caa05d1-3860-4d85-afd8-214136f3fa54', 'Heavy Cream', 2.1, 'cup');
INSERT INTO ingredients (id, recipe_id, name, quantity, unit) VALUES ('d8858cdb-ef30-4813-b5fb-e72bb7186041', '3caa05d1-3860-4d85-afd8-214136f3fa54', 'Potatoes', 0.9, 'lb');
INSERT INTO ingredients (id, recipe_id, name, quantity, unit) VALUES ('517b8af8-8a1b-45ec-9a01-5e86f8047cd6', '3caa05d1-3860-4d85-afd8-214136f3fa54', 'Milk', 2.9, 'cup');
INSERT INTO recipe_dietary_tags (recipe_id, tag_id) VALUES ('3caa05d1-3860-4d85-afd8-214136f3fa54', 10);
INSERT INTO recipe_dietary_tags (recipe_id, tag_id) VALUES ('3caa05d1-3860-4d85-afd8-214136f3fa54', 2);

INSERT INTO recipes (id, user_id, title, description, instructions, image_url, servings, source_url, source_name, is_archived, views, cart_adds) VALUES ('4eed9631-e429-469c-a766-310c9ef34668', 'admin-user-id', 'Roasted Pork with Cauliflower and Lentil Pasta', 'A delicious Roasted Pork with Cauliflower and Lentil Pasta recipe. This Midwest-friendly dish is a family favorite and easy to make with common ingredients.', '1. Preheat oven to 375°F (190°C) if baking.
2. Prepare the Pasta and other main ingredients.
3. In a large bowl, combine with seasonings.
4. Cook according to source instructions until internal temperature is safe.
5. Let rest for 5 minutes before serving.', 'https://images.unsplash.com/photo-1473093226795-af9932fe5856?auto=format&fit=crop&w=800&q=60', 3, 'https://www.foodnetwork.com/recipe/roasted-pork-with-cauliflower-and-lentil-pasta', 'Food Network', 0, 795, 42);
INSERT INTO ingredients (id, recipe_id, name, quantity, unit) VALUES ('25ff79cb-773c-4fb3-8991-ef159bfbd980', '4eed9631-e429-469c-a766-310c9ef34668', 'Butter', 1.6, 'tbsp');
INSERT INTO ingredients (id, recipe_id, name, quantity, unit) VALUES ('b35257bf-2abe-4419-8358-e72ea145b10c', '4eed9631-e429-469c-a766-310c9ef34668', 'Salt', 0.8, 'tsp');
INSERT INTO ingredients (id, recipe_id, name, quantity, unit) VALUES ('1d4b6c8d-296d-4122-a783-8ec6a8805e35', '4eed9631-e429-469c-a766-310c9ef34668', 'Frozen Peas', 1.0, 'cup');
INSERT INTO ingredients (id, recipe_id, name, quantity, unit) VALUES ('2105d45c-e6b9-4d25-bc98-c7547c27643d', '4eed9631-e429-469c-a766-310c9ef34668', 'Honey', 2.1, 'tbsp');
INSERT INTO recipe_dietary_tags (recipe_id, tag_id) VALUES ('4eed9631-e429-469c-a766-310c9ef34668', 10);

INSERT INTO recipes (id, user_id, title, description, instructions, image_url, servings, source_url, source_name, is_archived, views, cart_adds) VALUES ('15090d6f-35e7-4b8e-bef3-3a5c68c0f994', 'admin-user-id', 'Baked Shrimp with Broccoli and Wild Rice', 'A delicious Baked Shrimp with Broccoli and Wild Rice recipe. This Midwest-friendly dish is a family favorite and easy to make with common ingredients.', '1. Preheat oven to 375°F (190°C) if baking.
2. Prepare the Rice and other main ingredients.
3. In a large bowl, combine with seasonings.
4. Cook according to source instructions until internal temperature is safe.
5. Let rest for 5 minutes before serving.', 'https://images.unsplash.com/photo-1512621776951-a57141f2eefd?auto=format&fit=crop&w=800&q=60', 5, 'https://www.allrecipes.com/recipe/baked-shrimp-with-broccoli-and-wild-rice', 'AllRecipes', 0, 551, 40);
INSERT INTO ingredients (id, recipe_id, name, quantity, unit) VALUES ('c63ae2c0-3b1c-4d60-a18b-b2bc69a583f0', '15090d6f-35e7-4b8e-bef3-3a5c68c0f994', 'Black Pepper', 3.3, 'tsp');
INSERT INTO ingredients (id, recipe_id, name, quantity, unit) VALUES ('3cae8c25-ab70-4750-b045-cfba6c5ce2ed', '15090d6f-35e7-4b8e-bef3-3a5c68c0f994', 'Lemon Juice', 0.5, 'tbsp');
INSERT INTO ingredients (id, recipe_id, name, quantity, unit) VALUES ('139c3f25-ad1f-4819-ac99-736075753512', '15090d6f-35e7-4b8e-bef3-3a5c68c0f994', 'Cream of Mushroom Soup', 2.9, 'can');
INSERT INTO ingredients (id, recipe_id, name, quantity, unit) VALUES ('9ee729fc-0a04-4dd2-955f-2a157b697945', '15090d6f-35e7-4b8e-bef3-3a5c68c0f994', 'Carrots', 2.5, 'cup');
INSERT INTO ingredients (id, recipe_id, name, quantity, unit) VALUES ('c8cec040-d096-4242-b414-f59393b7e357', '15090d6f-35e7-4b8e-bef3-3a5c68c0f994', 'Potatoes', 3.0, 'lb');
INSERT INTO ingredients (id, recipe_id, name, quantity, unit) VALUES ('9c884b24-056f-499d-82f0-cd8d6a273a90', '15090d6f-35e7-4b8e-bef3-3a5c68c0f994', 'Frozen Peas', 3.3, 'cup');
INSERT INTO recipe_dietary_tags (recipe_id, tag_id) VALUES ('15090d6f-35e7-4b8e-bef3-3a5c68c0f994', 4);
INSERT INTO recipe_dietary_tags (recipe_id, tag_id) VALUES ('15090d6f-35e7-4b8e-bef3-3a5c68c0f994', 2);

INSERT INTO recipes (id, user_id, title, description, instructions, image_url, servings, source_url, source_name, is_archived, views, cart_adds) VALUES ('cc680a3b-d77b-41db-8a73-a5aaef8e1b7d', 'admin-user-id', 'Pan-Seared Beef with Carrots and Wild Rice', 'A delicious Pan-Seared Beef with Carrots and Wild Rice recipe. This Midwest-friendly dish is a family favorite and easy to make with common ingredients.', '1. Preheat oven to 375°F (190°C) if baking.
2. Prepare the Rice and other main ingredients.
3. In a large bowl, combine with seasonings.
4. Cook according to source instructions until internal temperature is safe.
5. Let rest for 5 minutes before serving.', 'https://images.unsplash.com/photo-1482049016688-2d3e1b311543?auto=format&fit=crop&w=800&q=60', 6, 'https://www.tasteofhome.com/recipe/pan-seared-beef-with-carrots-and-wild-rice', 'Taste of Home', 0, 530, 99);
INSERT INTO ingredients (id, recipe_id, name, quantity, unit) VALUES ('fb2dcd81-f704-41e1-94c9-99a7a7e4276b', 'cc680a3b-d77b-41db-8a73-a5aaef8e1b7d', 'Frozen Peas', 2.1, 'cup');
INSERT INTO ingredients (id, recipe_id, name, quantity, unit) VALUES ('a4c4eaa1-2a1a-4c3d-93d9-331cb9963681', 'cc680a3b-d77b-41db-8a73-a5aaef8e1b7d', 'Ground Beef', 1.7, 'lb');
INSERT INTO ingredients (id, recipe_id, name, quantity, unit) VALUES ('88582054-a054-4853-856d-0e67e278daa1', 'cc680a3b-d77b-41db-8a73-a5aaef8e1b7d', 'Cream of Mushroom Soup', 1.2, 'can');
INSERT INTO ingredients (id, recipe_id, name, quantity, unit) VALUES ('5d5fcf86-d8f3-48af-a674-53a904a731bc', 'cc680a3b-d77b-41db-8a73-a5aaef8e1b7d', 'Onion', 1.4, 'cup');
INSERT INTO ingredients (id, recipe_id, name, quantity, unit) VALUES ('27e1c72a-edc8-4e0e-8dd7-b7dd8242cf5f', 'cc680a3b-d77b-41db-8a73-a5aaef8e1b7d', 'Butter', 2.9, 'tbsp');
INSERT INTO recipe_dietary_tags (recipe_id, tag_id) VALUES ('cc680a3b-d77b-41db-8a73-a5aaef8e1b7d', 10);

INSERT INTO recipes (id, user_id, title, description, instructions, image_url, servings, source_url, source_name, is_archived, views, cart_adds) VALUES ('056c1899-d222-4113-8ea2-0dc9e016e7fb', 'admin-user-id', 'Baked Lamb with Sweet Potatoes and Brown Rice', 'A delicious Baked Lamb with Sweet Potatoes and Brown Rice recipe. This Midwest-friendly dish is a family favorite and easy to make with common ingredients.', '1. Preheat oven to 375°F (190°C) if baking.
2. Prepare the Rice and other main ingredients.
3. In a large bowl, combine with seasonings.
4. Cook according to source instructions until internal temperature is safe.
5. Let rest for 5 minutes before serving.', 'https://images.unsplash.com/photo-1484723091739-30a097e8f929?auto=format&fit=crop&w=800&q=60', 3, 'https://www.tasteofhome.com/recipe/baked-lamb-with-sweet-potatoes-and-brown-rice', 'Taste of Home', 0, 278, 51);
INSERT INTO ingredients (id, recipe_id, name, quantity, unit) VALUES ('71351aec-49c0-457c-a334-b018306b4385', '056c1899-d222-4113-8ea2-0dc9e016e7fb', 'Garlic', 3.0, 'clove');
INSERT INTO ingredients (id, recipe_id, name, quantity, unit) VALUES ('38d05f62-464a-4db7-9c08-619befccd7e1', '056c1899-d222-4113-8ea2-0dc9e016e7fb', 'Egg', 1.9, 'large');
INSERT INTO ingredients (id, recipe_id, name, quantity, unit) VALUES ('9d823bc5-6f77-4c2d-8f47-c91ad7b556f9', '056c1899-d222-4113-8ea2-0dc9e016e7fb', 'Dijon Mustard', 1.2, 'tsp');
INSERT INTO ingredients (id, recipe_id, name, quantity, unit) VALUES ('3c6bce83-d752-4bdf-ae11-68169dc229fc', '056c1899-d222-4113-8ea2-0dc9e016e7fb', 'Lemon Juice', 0.7, 'tbsp');
INSERT INTO recipe_dietary_tags (recipe_id, tag_id) VALUES ('056c1899-d222-4113-8ea2-0dc9e016e7fb', 9);

INSERT INTO recipes (id, user_id, title, description, instructions, image_url, servings, source_url, source_name, is_archived, views, cart_adds) VALUES ('79c5946d-ca83-47cc-a1f7-398f9afad985', 'admin-user-id', 'Slow Cooked Shrimp with Green Beans and Lentil Pasta', 'A delicious Slow Cooked Shrimp with Green Beans and Lentil Pasta recipe. This Midwest-friendly dish is a family favorite and easy to make with common ingredients.', '1. Preheat oven to 375°F (190°C) if baking.
2. Prepare the Pasta and other main ingredients.
3. In a large bowl, combine with seasonings.
4. Cook according to source instructions until internal temperature is safe.
5. Let rest for 5 minutes before serving.', 'https://images.unsplash.com/photo-1540189549336-e6e99c3679fe?auto=format&fit=crop&w=800&q=60', 3, 'https://www.epicurious.com/recipe/slow-cooked-shrimp-with-green-beans-and-lentil-pasta', 'Epicurious', 0, 323, 90);
INSERT INTO ingredients (id, recipe_id, name, quantity, unit) VALUES ('6b54b046-2ab4-4697-9dc0-6c47327e3d68', '79c5946d-ca83-47cc-a1f7-398f9afad985', 'Cream of Mushroom Soup', 0.9, 'can');
INSERT INTO ingredients (id, recipe_id, name, quantity, unit) VALUES ('3c84d5d2-045c-4328-af0b-abf75da3a4d5', '79c5946d-ca83-47cc-a1f7-398f9afad985', 'Egg', 1.2, 'large');
INSERT INTO ingredients (id, recipe_id, name, quantity, unit) VALUES ('780e6ad2-7a23-4660-8201-1496608c8720', '79c5946d-ca83-47cc-a1f7-398f9afad985', 'Chicken Breast', 1.2, 'lb');
INSERT INTO ingredients (id, recipe_id, name, quantity, unit) VALUES ('e1ac04c8-f097-439b-b588-c21c98c4c6f8', '79c5946d-ca83-47cc-a1f7-398f9afad985', 'Tomato Sauce', 3.4, 'oz');
INSERT INTO recipe_dietary_tags (recipe_id, tag_id) VALUES ('79c5946d-ca83-47cc-a1f7-398f9afad985', 6);

INSERT INTO recipes (id, user_id, title, description, instructions, image_url, servings, source_url, source_name, is_archived, views, cart_adds) VALUES ('a134bc8d-b55b-433f-99d8-a839b2864131', 'admin-user-id', 'Grilled Pork with Green Beans and Roasted Potatoes', 'A delicious Grilled Pork with Green Beans and Roasted Potatoes recipe. This Midwest-friendly dish is a family favorite and easy to make with common ingredients.', '1. Preheat oven to 375°F (190°C) if baking.
2. Prepare the Potatoes and other main ingredients.
3. In a large bowl, combine with seasonings.
4. Cook according to source instructions until internal temperature is safe.
5. Let rest for 5 minutes before serving.', 'https://images.unsplash.com/photo-1567620985035-091781110527?auto=format&fit=crop&w=800&q=60', 3, 'https://www.bonappetit.com/recipe/grilled-pork-with-green-beans-and-roasted-potatoes', 'Bon Appetit', 0, 475, 86);
INSERT INTO ingredients (id, recipe_id, name, quantity, unit) VALUES ('06987210-fa6b-4273-b5ce-105d5e827923', 'a134bc8d-b55b-433f-99d8-a839b2864131', 'Black Pepper', 1.3, 'tsp');
INSERT INTO ingredients (id, recipe_id, name, quantity, unit) VALUES ('b05beaae-bf0e-4a05-aff7-d5140dd6fbb9', 'a134bc8d-b55b-433f-99d8-a839b2864131', 'Olive Oil', 2.5, 'tbsp');
INSERT INTO ingredients (id, recipe_id, name, quantity, unit) VALUES ('1b74d9ec-e87f-42d8-bd5e-a83c43d67846', 'a134bc8d-b55b-433f-99d8-a839b2864131', 'Breadcrumbs', 0.6, 'cup');
INSERT INTO ingredients (id, recipe_id, name, quantity, unit) VALUES ('acbd54f9-6904-4203-a5b6-2e879ed96b5a', 'a134bc8d-b55b-433f-99d8-a839b2864131', 'Egg', 1.8, 'large');
INSERT INTO ingredients (id, recipe_id, name, quantity, unit) VALUES ('38f4a8e7-5e42-45bf-94ea-ccf08a9416ab', 'a134bc8d-b55b-433f-99d8-a839b2864131', 'Celery', 1.0, 'cup');
INSERT INTO ingredients (id, recipe_id, name, quantity, unit) VALUES ('2754249c-e5f8-4b6b-a190-d75a28896522', 'a134bc8d-b55b-433f-99d8-a839b2864131', 'Milk', 0.9, 'cup');
INSERT INTO ingredients (id, recipe_id, name, quantity, unit) VALUES ('411b789c-db47-4f2f-a03c-61d0f44a6b0b', 'a134bc8d-b55b-433f-99d8-a839b2864131', 'Cream of Mushroom Soup', 2.2, 'can');
INSERT INTO recipe_dietary_tags (recipe_id, tag_id) VALUES ('a134bc8d-b55b-433f-99d8-a839b2864131', 10);
INSERT INTO recipe_dietary_tags (recipe_id, tag_id) VALUES ('a134bc8d-b55b-433f-99d8-a839b2864131', 2);

INSERT INTO recipes (id, user_id, title, description, instructions, image_url, servings, source_url, source_name, is_archived, views, cart_adds) VALUES ('135888e2-66dc-4b7c-b2d7-6e1967344f84', 'admin-user-id', 'Baked Pork with Green Beans and Brown Rice', 'A delicious Baked Pork with Green Beans and Brown Rice recipe. This Midwest-friendly dish is a family favorite and easy to make with common ingredients.', '1. Preheat oven to 375°F (190°C) if baking.
2. Prepare the Rice and other main ingredients.
3. In a large bowl, combine with seasonings.
4. Cook according to source instructions until internal temperature is safe.
5. Let rest for 5 minutes before serving.', 'https://images.unsplash.com/photo-1565299624946-b28f40a0ae38?auto=format&fit=crop&w=800&q=60', 5, 'https://www.bonappetit.com/recipe/baked-pork-with-green-beans-and-brown-rice', 'Bon Appetit', 0, 326, 59);
INSERT INTO ingredients (id, recipe_id, name, quantity, unit) VALUES ('d19b17f8-5750-4173-969f-3d980e49bd99', '135888e2-66dc-4b7c-b2d7-6e1967344f84', 'Lemon Juice', 0.8, 'tbsp');
INSERT INTO ingredients (id, recipe_id, name, quantity, unit) VALUES ('ade49a93-3985-4170-8cd5-bc691a38fb49', '135888e2-66dc-4b7c-b2d7-6e1967344f84', 'Soy Sauce', 3.0, 'tbsp');
INSERT INTO ingredients (id, recipe_id, name, quantity, unit) VALUES ('b41df869-090e-4c63-8beb-547c84f5fbe2', '135888e2-66dc-4b7c-b2d7-6e1967344f84', 'Butter', 1.1, 'tbsp');
INSERT INTO ingredients (id, recipe_id, name, quantity, unit) VALUES ('78d721bf-919e-487e-b362-8067a1d2bdf3', '135888e2-66dc-4b7c-b2d7-6e1967344f84', 'Celery', 2.1, 'cup');
INSERT INTO ingredients (id, recipe_id, name, quantity, unit) VALUES ('9fced8a2-9b35-4fe0-8869-8cf2fba59110', '135888e2-66dc-4b7c-b2d7-6e1967344f84', 'Honey', 0.6, 'tbsp');
INSERT INTO ingredients (id, recipe_id, name, quantity, unit) VALUES ('4a086840-c125-4c86-a61b-026130a21354', '135888e2-66dc-4b7c-b2d7-6e1967344f84', 'Potatoes', 0.6, 'lb');
INSERT INTO ingredients (id, recipe_id, name, quantity, unit) VALUES ('533fb0c7-aa30-418f-babb-7bd59035364b', '135888e2-66dc-4b7c-b2d7-6e1967344f84', 'Pasta', 2.0, 'oz');
INSERT INTO recipe_dietary_tags (recipe_id, tag_id) VALUES ('135888e2-66dc-4b7c-b2d7-6e1967344f84', 10);

INSERT INTO recipes (id, user_id, title, description, instructions, image_url, servings, source_url, source_name, is_archived, views, cart_adds) VALUES ('b9826ae3-fa50-44d4-b6a0-403ff54536cc', 'admin-user-id', 'Pan-Seared Turkey with Kale and Quinoa', 'A delicious Pan-Seared Turkey with Kale and Quinoa recipe. This Midwest-friendly dish is a family favorite and easy to make with common ingredients.', '1. Preheat oven to 375°F (190°C) if baking.
2. Prepare the Quinoa and other main ingredients.
3. In a large bowl, combine with seasonings.
4. Cook according to source instructions until internal temperature is safe.
5. Let rest for 5 minutes before serving.', 'https://images.unsplash.com/photo-1555939594-58d7cb561ad1?auto=format&fit=crop&w=800&q=60', 3, 'https://www.bonappetit.com/recipe/pan-seared-turkey-with-kale-and-quinoa', 'Bon Appetit', 0, 354, 51);
INSERT INTO ingredients (id, recipe_id, name, quantity, unit) VALUES ('0098d546-dbc7-47cf-bd29-4be5ed100583', 'b9826ae3-fa50-44d4-b6a0-403ff54536cc', 'Tomato Sauce', 0.5, 'oz');
INSERT INTO ingredients (id, recipe_id, name, quantity, unit) VALUES ('a7e30b86-c5ac-4be3-9aad-3889a93cb5b9', 'b9826ae3-fa50-44d4-b6a0-403ff54536cc', 'Tater Tots', 0.9, 'oz');
INSERT INTO ingredients (id, recipe_id, name, quantity, unit) VALUES ('717bf2dc-e6ea-4d18-983e-c3cbd8af183f', 'b9826ae3-fa50-44d4-b6a0-403ff54536cc', 'Garlic', 0.6, 'clove');
INSERT INTO ingredients (id, recipe_id, name, quantity, unit) VALUES ('8939c77e-95c7-480e-9acf-f7a26f43ace6', 'b9826ae3-fa50-44d4-b6a0-403ff54536cc', 'Potatoes', 2.7, 'lb');
INSERT INTO recipe_dietary_tags (recipe_id, tag_id) VALUES ('b9826ae3-fa50-44d4-b6a0-403ff54536cc', 10);
INSERT INTO recipe_dietary_tags (recipe_id, tag_id) VALUES ('b9826ae3-fa50-44d4-b6a0-403ff54536cc', 4);

INSERT INTO recipes (id, user_id, title, description, instructions, image_url, servings, source_url, source_name, is_archived, views, cart_adds) VALUES ('07abf9e9-0f49-4960-b7a7-58ef883ac739', 'admin-user-id', 'Slow Cooked Pork with Spinach and Zucchini Noodles', 'A delicious Slow Cooked Pork with Spinach and Zucchini Noodles recipe. This Midwest-friendly dish is a family favorite and easy to make with common ingredients.', '1. Preheat oven to 375°F (190°C) if baking.
2. Prepare the Noodles and other main ingredients.
3. In a large bowl, combine with seasonings.
4. Cook according to source instructions until internal temperature is safe.
5. Let rest for 5 minutes before serving.', 'https://images.unsplash.com/photo-1513104894114-bd7ea4718312?auto=format&fit=crop&w=800&q=60', 3, 'https://www.bonappetit.com/recipe/slow-cooked-pork-with-spinach-and-zucchini-noodles', 'Bon Appetit', 0, 478, 83);
INSERT INTO ingredients (id, recipe_id, name, quantity, unit) VALUES ('8612f690-9d7c-4d8f-ae69-9170bda64a17', '07abf9e9-0f49-4960-b7a7-58ef883ac739', 'Butter', 2.8, 'tbsp');
INSERT INTO ingredients (id, recipe_id, name, quantity, unit) VALUES ('57d8128d-b2a6-4c45-9e34-f7c91e95ea21', '07abf9e9-0f49-4960-b7a7-58ef883ac739', 'Tater Tots', 1.0, 'oz');
INSERT INTO ingredients (id, recipe_id, name, quantity, unit) VALUES ('4b488317-6e3c-40e9-81b6-45670aa9c100', '07abf9e9-0f49-4960-b7a7-58ef883ac739', 'Black Pepper', 0.8, 'tsp');
INSERT INTO ingredients (id, recipe_id, name, quantity, unit) VALUES ('80f2e1da-bbdd-4b26-adea-1de04cfdd632', '07abf9e9-0f49-4960-b7a7-58ef883ac739', 'Olive Oil', 1.2, 'tbsp');
INSERT INTO recipe_dietary_tags (recipe_id, tag_id) VALUES ('07abf9e9-0f49-4960-b7a7-58ef883ac739', 1);
INSERT INTO recipe_dietary_tags (recipe_id, tag_id) VALUES ('07abf9e9-0f49-4960-b7a7-58ef883ac739', 6);
INSERT INTO recipe_dietary_tags (recipe_id, tag_id) VALUES ('07abf9e9-0f49-4960-b7a7-58ef883ac739', 10);
INSERT INTO recipe_dietary_tags (recipe_id, tag_id) VALUES ('07abf9e9-0f49-4960-b7a7-58ef883ac739', 2);

INSERT INTO recipes (id, user_id, title, description, instructions, image_url, servings, source_url, source_name, is_archived, views, cart_adds) VALUES ('f827aee3-bc67-4eb0-ad4d-f8c9d6514089', 'admin-user-id', 'Grilled Lamb with Sweet Potatoes and Quinoa', 'A delicious Grilled Lamb with Sweet Potatoes and Quinoa recipe. This Midwest-friendly dish is a family favorite and easy to make with common ingredients.', '1. Preheat oven to 375°F (190°C) if baking.
2. Prepare the Quinoa and other main ingredients.
3. In a large bowl, combine with seasonings.
4. Cook according to source instructions until internal temperature is safe.
5. Let rest for 5 minutes before serving.', 'https://images.unsplash.com/photo-1504754524776-8f4f37799ca7?auto=format&fit=crop&w=800&q=60', 3, 'https://www.epicurious.com/recipe/grilled-lamb-with-sweet-potatoes-and-quinoa', 'Epicurious', 0, 828, 40);
INSERT INTO ingredients (id, recipe_id, name, quantity, unit) VALUES ('0e8bebdf-89ef-4293-84a9-e32a4a749aff', 'f827aee3-bc67-4eb0-ad4d-f8c9d6514089', 'Carrots', 1.3, 'cup');
INSERT INTO ingredients (id, recipe_id, name, quantity, unit) VALUES ('a5dbd5f4-d8aa-42f1-b588-28cefca37c70', 'f827aee3-bc67-4eb0-ad4d-f8c9d6514089', 'Olive Oil', 1.9, 'tbsp');
INSERT INTO ingredients (id, recipe_id, name, quantity, unit) VALUES ('8e0e31de-c2b1-40c3-b3c9-6c9f4b76e253', 'f827aee3-bc67-4eb0-ad4d-f8c9d6514089', 'Heavy Cream', 2.5, 'cup');
INSERT INTO ingredients (id, recipe_id, name, quantity, unit) VALUES ('c2f07f54-f43c-42f8-829c-f5596734dda9', 'f827aee3-bc67-4eb0-ad4d-f8c9d6514089', 'Dijon Mustard', 2.3, 'tsp');
INSERT INTO ingredients (id, recipe_id, name, quantity, unit) VALUES ('357c168b-89d1-4ff0-b2b5-8b508d5cc1d0', 'f827aee3-bc67-4eb0-ad4d-f8c9d6514089', 'Sour Cream', 0.5, 'cup');
INSERT INTO recipe_dietary_tags (recipe_id, tag_id) VALUES ('f827aee3-bc67-4eb0-ad4d-f8c9d6514089', 5);
INSERT INTO recipe_dietary_tags (recipe_id, tag_id) VALUES ('f827aee3-bc67-4eb0-ad4d-f8c9d6514089', 7);
INSERT INTO recipe_dietary_tags (recipe_id, tag_id) VALUES ('f827aee3-bc67-4eb0-ad4d-f8c9d6514089', 8);

INSERT INTO recipes (id, user_id, title, description, instructions, image_url, servings, source_url, source_name, is_archived, views, cart_adds) VALUES ('224ce8b3-69a5-4a6b-9404-4e5b29ab8ac8', 'admin-user-id', 'Steamed Lamb with Asparagus and Zucchini Noodles', 'A delicious Steamed Lamb with Asparagus and Zucchini Noodles recipe. This Midwest-friendly dish is a family favorite and easy to make with common ingredients.', '1. Preheat oven to 375°F (190°C) if baking.
2. Prepare the Noodles and other main ingredients.
3. In a large bowl, combine with seasonings.
4. Cook according to source instructions until internal temperature is safe.
5. Let rest for 5 minutes before serving.', 'https://images.unsplash.com/photo-1476224203421-9ac3993557a4?auto=format&fit=crop&w=800&q=60', 5, 'https://www.foodnetwork.com/recipe/steamed-lamb-with-asparagus-and-zucchini-noodles', 'Food Network', 0, 900, 37);
INSERT INTO ingredients (id, recipe_id, name, quantity, unit) VALUES ('ff6869fe-212d-4edf-810c-45801b9072a5', '224ce8b3-69a5-4a6b-9404-4e5b29ab8ac8', 'Sour Cream', 2.0, 'cup');
INSERT INTO ingredients (id, recipe_id, name, quantity, unit) VALUES ('4cc16045-c7c7-46bf-b009-90edcb273d66', '224ce8b3-69a5-4a6b-9404-4e5b29ab8ac8', 'Cheddar Cheese', 1.2, 'cup');
INSERT INTO ingredients (id, recipe_id, name, quantity, unit) VALUES ('6eb7bdf9-def6-4d24-b49c-ae90ee5aa2e4', '224ce8b3-69a5-4a6b-9404-4e5b29ab8ac8', 'Celery', 1.4, 'cup');
INSERT INTO ingredients (id, recipe_id, name, quantity, unit) VALUES ('3367c6b9-fc66-4847-85f7-a4aacb4b25cb', '224ce8b3-69a5-4a6b-9404-4e5b29ab8ac8', 'Frozen Peas', 0.7, 'cup');
INSERT INTO ingredients (id, recipe_id, name, quantity, unit) VALUES ('5aa61b72-8abc-4dcd-a6ee-47ca2ece7487', '224ce8b3-69a5-4a6b-9404-4e5b29ab8ac8', 'Milk', 1.5, 'cup');
INSERT INTO recipe_dietary_tags (recipe_id, tag_id) VALUES ('224ce8b3-69a5-4a6b-9404-4e5b29ab8ac8', 1);
INSERT INTO recipe_dietary_tags (recipe_id, tag_id) VALUES ('224ce8b3-69a5-4a6b-9404-4e5b29ab8ac8', 6);

INSERT INTO recipes (id, user_id, title, description, instructions, image_url, servings, source_url, source_name, is_archived, views, cart_adds) VALUES ('22614a30-7654-4276-a027-64d2a76ce717', 'admin-user-id', 'Slow Cooked Beef with Zucchini and Wild Rice', 'A delicious Slow Cooked Beef with Zucchini and Wild Rice recipe. This Midwest-friendly dish is a family favorite and easy to make with common ingredients.', '1. Preheat oven to 375°F (190°C) if baking.
2. Prepare the Rice and other main ingredients.
3. In a large bowl, combine with seasonings.
4. Cook according to source instructions until internal temperature is safe.
5. Let rest for 5 minutes before serving.', 'https://images.unsplash.com/photo-1498837167721-8f5c1a322c2e?auto=format&fit=crop&w=800&q=60', 7, 'https://www.epicurious.com/recipe/slow-cooked-beef-with-zucchini-and-wild-rice', 'Epicurious', 0, 207, 83);
INSERT INTO ingredients (id, recipe_id, name, quantity, unit) VALUES ('6b58d22f-382f-49a8-bc1e-4766bbe8e350', '22614a30-7654-4276-a027-64d2a76ce717', 'Pasta', 1.4, 'oz');
INSERT INTO ingredients (id, recipe_id, name, quantity, unit) VALUES ('d2d848fd-c022-47cb-9df3-d352eb3ac659', '22614a30-7654-4276-a027-64d2a76ce717', 'Cheddar Cheese', 1.0, 'cup');
INSERT INTO ingredients (id, recipe_id, name, quantity, unit) VALUES ('f8ea6407-ea67-47b7-a196-fb41d0c39b5d', '22614a30-7654-4276-a027-64d2a76ce717', 'Honey', 2.2, 'tbsp');
INSERT INTO ingredients (id, recipe_id, name, quantity, unit) VALUES ('8ca19971-f4ea-4cab-8a9b-ffc44c305ef9', '22614a30-7654-4276-a027-64d2a76ce717', 'Salt', 1.5, 'tsp');
INSERT INTO ingredients (id, recipe_id, name, quantity, unit) VALUES ('7148bc5b-a39f-4e71-bbe2-88dd10b8f526', '22614a30-7654-4276-a027-64d2a76ce717', 'Dijon Mustard', 0.7, 'tsp');
INSERT INTO recipe_dietary_tags (recipe_id, tag_id) VALUES ('22614a30-7654-4276-a027-64d2a76ce717', 10);

INSERT INTO recipes (id, user_id, title, description, instructions, image_url, servings, source_url, source_name, is_archived, views, cart_adds) VALUES ('31266d59-660c-4434-901e-fbfc86c295f5', 'admin-user-id', 'Air Fried Venison with Kale and Lentil Pasta', 'A delicious Air Fried Venison with Kale and Lentil Pasta recipe. This Midwest-friendly dish is a family favorite and easy to make with common ingredients.', '1. Preheat oven to 375°F (190°C) if baking.
2. Prepare the Pasta and other main ingredients.
3. In a large bowl, combine with seasonings.
4. Cook according to source instructions until internal temperature is safe.
5. Let rest for 5 minutes before serving.', 'https://images.unsplash.com/photo-1490645935967-10de6ba17051?auto=format&fit=crop&w=800&q=60', 4, 'https://www.epicurious.com/recipe/air-fried-venison-with-kale-and-lentil-pasta', 'Epicurious', 0, 560, 14);
INSERT INTO ingredients (id, recipe_id, name, quantity, unit) VALUES ('2836c911-5d91-4dbe-ae19-c08d50d2649b', '31266d59-660c-4434-901e-fbfc86c295f5', 'Honey', 1.4, 'tbsp');
INSERT INTO ingredients (id, recipe_id, name, quantity, unit) VALUES ('24b6acf7-6e80-4896-b2ae-724a3880240e', '31266d59-660c-4434-901e-fbfc86c295f5', 'Black Pepper', 1.5, 'tsp');
INSERT INTO ingredients (id, recipe_id, name, quantity, unit) VALUES ('60fda32d-511e-4c01-b22c-e164df7ce6ac', '31266d59-660c-4434-901e-fbfc86c295f5', 'Garlic', 2.4, 'clove');
INSERT INTO ingredients (id, recipe_id, name, quantity, unit) VALUES ('dce0f9e0-d4a3-4767-a9fb-1b658eb7551e', '31266d59-660c-4434-901e-fbfc86c295f5', 'Worcestershire Sauce', 0.6, 'tbsp');
INSERT INTO ingredients (id, recipe_id, name, quantity, unit) VALUES ('38632f0b-3e0e-4e90-8dcc-843f39c83b42', '31266d59-660c-4434-901e-fbfc86c295f5', 'Pasta', 2.5, 'oz');
INSERT INTO ingredients (id, recipe_id, name, quantity, unit) VALUES ('79d466da-4ff5-45ee-9c14-5a67f8926aed', '31266d59-660c-4434-901e-fbfc86c295f5', 'Lemon Juice', 1.0, 'tbsp');
INSERT INTO recipe_dietary_tags (recipe_id, tag_id) VALUES ('31266d59-660c-4434-901e-fbfc86c295f5', 1);

INSERT INTO recipes (id, user_id, title, description, instructions, image_url, servings, source_url, source_name, is_archived, views, cart_adds) VALUES ('a6c803c6-79f1-4474-b1ca-f10f3d34e8df', 'admin-user-id', 'Pan-Seared Pork with Sweet Potatoes and Brown Rice', 'A delicious Pan-Seared Pork with Sweet Potatoes and Brown Rice recipe. This Midwest-friendly dish is a family favorite and easy to make with common ingredients.', '1. Preheat oven to 375°F (190°C) if baking.
2. Prepare the Rice and other main ingredients.
3. In a large bowl, combine with seasonings.
4. Cook according to source instructions until internal temperature is safe.
5. Let rest for 5 minutes before serving.', 'https://images.unsplash.com/photo-1506084868214-19a1f9e147f8?auto=format&fit=crop&w=800&q=60', 5, 'https://www.bonappetit.com/recipe/pan-seared-pork-with-sweet-potatoes-and-brown-rice', 'Bon Appetit', 0, 353, 41);
INSERT INTO ingredients (id, recipe_id, name, quantity, unit) VALUES ('4eebdad4-951e-452a-bb31-d51279749a64', 'a6c803c6-79f1-4474-b1ca-f10f3d34e8df', 'Rice', 2.9, 'cup');
INSERT INTO ingredients (id, recipe_id, name, quantity, unit) VALUES ('df979195-0dc7-4cef-9f31-57d33ce3d5fb', 'a6c803c6-79f1-4474-b1ca-f10f3d34e8df', 'Black Pepper', 3.1, 'tsp');
INSERT INTO ingredients (id, recipe_id, name, quantity, unit) VALUES ('72e09929-3b95-4e91-9874-f5801082acd9', 'a6c803c6-79f1-4474-b1ca-f10f3d34e8df', 'Honey', 1.1, 'tbsp');
INSERT INTO ingredients (id, recipe_id, name, quantity, unit) VALUES ('bec31f54-8fbb-4e9f-ad25-c2cb1866c582', 'a6c803c6-79f1-4474-b1ca-f10f3d34e8df', 'Cheddar Cheese', 1.9, 'cup');
INSERT INTO ingredients (id, recipe_id, name, quantity, unit) VALUES ('a64a177e-609b-4fd6-8619-4ae28f5ed12f', 'a6c803c6-79f1-4474-b1ca-f10f3d34e8df', 'Garlic', 0.9, 'clove');
INSERT INTO ingredients (id, recipe_id, name, quantity, unit) VALUES ('b1e55f59-2bf3-4fbe-9a03-39454842f824', 'a6c803c6-79f1-4474-b1ca-f10f3d34e8df', 'Celery', 3.4, 'cup');
INSERT INTO ingredients (id, recipe_id, name, quantity, unit) VALUES ('b88729b8-1b38-425e-9ab7-44609b0b03e4', 'a6c803c6-79f1-4474-b1ca-f10f3d34e8df', 'Ground Beef', 2.6, 'lb');
INSERT INTO recipe_dietary_tags (recipe_id, tag_id) VALUES ('a6c803c6-79f1-4474-b1ca-f10f3d34e8df', 10);
INSERT INTO recipe_dietary_tags (recipe_id, tag_id) VALUES ('a6c803c6-79f1-4474-b1ca-f10f3d34e8df', 2);
INSERT INTO recipe_dietary_tags (recipe_id, tag_id) VALUES ('a6c803c6-79f1-4474-b1ca-f10f3d34e8df', 8);

INSERT INTO recipes (id, user_id, title, description, instructions, image_url, servings, source_url, source_name, is_archived, views, cart_adds) VALUES ('e69695b5-85c4-4939-a0b8-6fdf3611ac13', 'admin-user-id', 'Air Fried Shrimp with Asparagus and Wild Rice', 'A delicious Air Fried Shrimp with Asparagus and Wild Rice recipe. This Midwest-friendly dish is a family favorite and easy to make with common ingredients.', '1. Preheat oven to 375°F (190°C) if baking.
2. Prepare the Rice and other main ingredients.
3. In a large bowl, combine with seasonings.
4. Cook according to source instructions until internal temperature is safe.
5. Let rest for 5 minutes before serving.', 'https://images.unsplash.com/photo-1529042410759-adb828e4eaf0?auto=format&fit=crop&w=800&q=60', 3, 'https://www.tasteofhome.com/recipe/air-fried-shrimp-with-asparagus-and-wild-rice', 'Taste of Home', 0, 888, 64);
INSERT INTO ingredients (id, recipe_id, name, quantity, unit) VALUES ('a6075675-e7b8-475b-97fc-677640d38dda', 'e69695b5-85c4-4939-a0b8-6fdf3611ac13', 'Butter', 1.8, 'tbsp');
INSERT INTO ingredients (id, recipe_id, name, quantity, unit) VALUES ('0ed5a3da-ec2e-4ca0-bbee-a753d0888051', 'e69695b5-85c4-4939-a0b8-6fdf3611ac13', 'Dijon Mustard', 1.3, 'tsp');
INSERT INTO ingredients (id, recipe_id, name, quantity, unit) VALUES ('864e872f-d735-4155-8d1b-99906da861c5', 'e69695b5-85c4-4939-a0b8-6fdf3611ac13', 'Garlic', 2.5, 'clove');
INSERT INTO ingredients (id, recipe_id, name, quantity, unit) VALUES ('5eca854a-1ae6-4b27-aa72-60aecdabd01f', 'e69695b5-85c4-4939-a0b8-6fdf3611ac13', 'Worcestershire Sauce', 1.6, 'tbsp');
INSERT INTO ingredients (id, recipe_id, name, quantity, unit) VALUES ('51361c50-c4e8-444e-ab85-999cd75bba21', 'e69695b5-85c4-4939-a0b8-6fdf3611ac13', 'Olive Oil', 1.8, 'tbsp');
INSERT INTO recipe_dietary_tags (recipe_id, tag_id) VALUES ('e69695b5-85c4-4939-a0b8-6fdf3611ac13', 9);
INSERT INTO recipe_dietary_tags (recipe_id, tag_id) VALUES ('e69695b5-85c4-4939-a0b8-6fdf3611ac13', 7);

INSERT INTO recipes (id, user_id, title, description, instructions, image_url, servings, source_url, source_name, is_archived, views, cart_adds) VALUES ('46ef7a8c-74e3-4440-b07c-1fab71fa7fdf', 'admin-user-id', 'Roasted Tofu with Brussels Sprouts and Lentil Pasta', 'A delicious Roasted Tofu with Brussels Sprouts and Lentil Pasta recipe. This Midwest-friendly dish is a family favorite and easy to make with common ingredients.', '1. Preheat oven to 375°F (190°C) if baking.
2. Prepare the Pasta and other main ingredients.
3. In a large bowl, combine with seasonings.
4. Cook according to source instructions until internal temperature is safe.
5. Let rest for 5 minutes before serving.', 'https://images.unsplash.com/photo-1455619452474-d2ba29bc06da?auto=format&fit=crop&w=800&q=60', 5, 'https://www.epicurious.com/recipe/roasted-tofu-with-brussels-sprouts-and-lentil-pasta', 'Epicurious', 0, 24, 14);
INSERT INTO ingredients (id, recipe_id, name, quantity, unit) VALUES ('da0ca158-28ce-4e0b-bdcd-e611cd3b53b3', '46ef7a8c-74e3-4440-b07c-1fab71fa7fdf', 'Olive Oil', 2.9, 'tbsp');
INSERT INTO ingredients (id, recipe_id, name, quantity, unit) VALUES ('9c9f2c38-a1d1-4ca4-9ef8-6c38e988206b', '46ef7a8c-74e3-4440-b07c-1fab71fa7fdf', 'Dijon Mustard', 2.7, 'tsp');
INSERT INTO ingredients (id, recipe_id, name, quantity, unit) VALUES ('f5e2db1d-dc46-4d29-ab27-97f6593f6ecf', '46ef7a8c-74e3-4440-b07c-1fab71fa7fdf', 'Frozen Peas', 0.7, 'cup');
INSERT INTO ingredients (id, recipe_id, name, quantity, unit) VALUES ('c4c48b9d-01c8-4c70-81f0-a14e6a5ab78c', '46ef7a8c-74e3-4440-b07c-1fab71fa7fdf', 'Onion', 3.0, 'cup');
INSERT INTO ingredients (id, recipe_id, name, quantity, unit) VALUES ('3d3fab2c-65aa-4b40-b1d3-a0c6d32661a7', '46ef7a8c-74e3-4440-b07c-1fab71fa7fdf', 'Black Pepper', 0.6, 'tsp');
INSERT INTO recipe_dietary_tags (recipe_id, tag_id) VALUES ('46ef7a8c-74e3-4440-b07c-1fab71fa7fdf', 3);
INSERT INTO recipe_dietary_tags (recipe_id, tag_id) VALUES ('46ef7a8c-74e3-4440-b07c-1fab71fa7fdf', 7);

INSERT INTO recipes (id, user_id, title, description, instructions, image_url, servings, source_url, source_name, is_archived, views, cart_adds) VALUES ('ef97cd8d-523b-44ef-9c1b-aa26a8841dfc', 'admin-user-id', 'Grilled Shrimp with Broccoli and Brown Rice', 'A delicious Grilled Shrimp with Broccoli and Brown Rice recipe. This Midwest-friendly dish is a family favorite and easy to make with common ingredients.', '1. Preheat oven to 375°F (190°C) if baking.
2. Prepare the Rice and other main ingredients.
3. In a large bowl, combine with seasonings.
4. Cook according to source instructions until internal temperature is safe.
5. Let rest for 5 minutes before serving.', 'https://images.unsplash.com/photo-1504113888839-14294c223d51?auto=format&fit=crop&w=800&q=60', 6, 'https://www.epicurious.com/recipe/grilled-shrimp-with-broccoli-and-brown-rice', 'Epicurious', 0, 308, 49);
INSERT INTO ingredients (id, recipe_id, name, quantity, unit) VALUES ('1046801d-8bc7-4e27-bf4f-9033462207af', 'ef97cd8d-523b-44ef-9c1b-aa26a8841dfc', 'Milk', 2.3, 'cup');
INSERT INTO ingredients (id, recipe_id, name, quantity, unit) VALUES ('8524face-b646-4da2-a03f-0450e95f531d', 'ef97cd8d-523b-44ef-9c1b-aa26a8841dfc', 'Soy Sauce', 3.0, 'tbsp');
INSERT INTO ingredients (id, recipe_id, name, quantity, unit) VALUES ('9c890e2a-db82-4d35-94d9-0ca521c81197', 'ef97cd8d-523b-44ef-9c1b-aa26a8841dfc', 'Black Pepper', 1.0, 'tsp');
INSERT INTO ingredients (id, recipe_id, name, quantity, unit) VALUES ('f970141f-7321-4c7e-9a18-31dd62adc817', 'ef97cd8d-523b-44ef-9c1b-aa26a8841dfc', 'Olive Oil', 0.5, 'tbsp');
INSERT INTO ingredients (id, recipe_id, name, quantity, unit) VALUES ('1debb691-ea66-4811-b7dd-cf79af3656a6', 'ef97cd8d-523b-44ef-9c1b-aa26a8841dfc', 'Lemon Juice', 0.5, 'tbsp');
INSERT INTO ingredients (id, recipe_id, name, quantity, unit) VALUES ('11286c24-1a71-42ab-ac4f-978725bca6b0', 'ef97cd8d-523b-44ef-9c1b-aa26a8841dfc', 'Egg', 1.5, 'large');
INSERT INTO ingredients (id, recipe_id, name, quantity, unit) VALUES ('f94e0311-5244-4e74-8ff1-4b4b5750ca29', 'ef97cd8d-523b-44ef-9c1b-aa26a8841dfc', 'Heavy Cream', 2.4, 'cup');
INSERT INTO recipe_dietary_tags (recipe_id, tag_id) VALUES ('ef97cd8d-523b-44ef-9c1b-aa26a8841dfc', 3);
INSERT INTO recipe_dietary_tags (recipe_id, tag_id) VALUES ('ef97cd8d-523b-44ef-9c1b-aa26a8841dfc', 8);

INSERT INTO recipes (id, user_id, title, description, instructions, image_url, servings, source_url, source_name, is_archived, views, cart_adds) VALUES ('d60acfd3-6c50-46c5-a35e-55b6cdd4a7d2', 'admin-user-id', 'Steamed Pork with Carrots and Lentil Pasta', 'A delicious Steamed Pork with Carrots and Lentil Pasta recipe. This Midwest-friendly dish is a family favorite and easy to make with common ingredients.', '1. Preheat oven to 375°F (190°C) if baking.
2. Prepare the Pasta and other main ingredients.
3. In a large bowl, combine with seasonings.
4. Cook according to source instructions until internal temperature is safe.
5. Let rest for 5 minutes before serving.', 'https://images.unsplash.com/photo-1546062477-fe2f66230ba3?auto=format&fit=crop&w=800&q=60', 4, 'https://www.bonappetit.com/recipe/steamed-pork-with-carrots-and-lentil-pasta', 'Bon Appetit', 0, 900, 45);
INSERT INTO ingredients (id, recipe_id, name, quantity, unit) VALUES ('067b6005-b2ae-4939-9c97-be80f328a4da', 'd60acfd3-6c50-46c5-a35e-55b6cdd4a7d2', 'Tater Tots', 3.4, 'oz');
INSERT INTO ingredients (id, recipe_id, name, quantity, unit) VALUES ('da9cc4be-0f91-4808-ae2f-f1c45db8ebc4', 'd60acfd3-6c50-46c5-a35e-55b6cdd4a7d2', 'Potatoes', 1.2, 'lb');
INSERT INTO ingredients (id, recipe_id, name, quantity, unit) VALUES ('80b4bee1-b1e3-4621-b9db-03680833b158', 'd60acfd3-6c50-46c5-a35e-55b6cdd4a7d2', 'Salt', 1.3, 'tsp');
INSERT INTO ingredients (id, recipe_id, name, quantity, unit) VALUES ('e5d20210-3c76-4313-b576-4e6137f35354', 'd60acfd3-6c50-46c5-a35e-55b6cdd4a7d2', 'Egg', 2.7, 'large');
INSERT INTO ingredients (id, recipe_id, name, quantity, unit) VALUES ('337c418d-e13e-4543-8fd8-698b38134a19', 'd60acfd3-6c50-46c5-a35e-55b6cdd4a7d2', 'Frozen Peas', 1.1, 'cup');
INSERT INTO recipe_dietary_tags (recipe_id, tag_id) VALUES ('d60acfd3-6c50-46c5-a35e-55b6cdd4a7d2', 10);
INSERT INTO recipe_dietary_tags (recipe_id, tag_id) VALUES ('d60acfd3-6c50-46c5-a35e-55b6cdd4a7d2', 7);
INSERT INTO recipe_dietary_tags (recipe_id, tag_id) VALUES ('d60acfd3-6c50-46c5-a35e-55b6cdd4a7d2', 8);

INSERT INTO recipes (id, user_id, title, description, instructions, image_url, servings, source_url, source_name, is_archived, views, cart_adds) VALUES ('874727a8-35e6-42e8-ba63-b0916f0303cc', 'admin-user-id', 'Sautéed Turkey with Asparagus and Roasted Potatoes', 'A delicious Sautéed Turkey with Asparagus and Roasted Potatoes recipe. This Midwest-friendly dish is a family favorite and easy to make with common ingredients.', '1. Preheat oven to 375°F (190°C) if baking.
2. Prepare the Potatoes and other main ingredients.
3. In a large bowl, combine with seasonings.
4. Cook according to source instructions until internal temperature is safe.
5. Let rest for 5 minutes before serving.', 'https://images.unsplash.com/photo-1504674900247-0877df9cc836?auto=format&fit=crop&w=800&q=60', 7, 'https://www.epicurious.com/recipe/saut-ed-turkey-with-asparagus-and-roasted-potatoes', 'Epicurious', 0, 741, 76);
INSERT INTO ingredients (id, recipe_id, name, quantity, unit) VALUES ('b96db6e4-ee31-41eb-9b2a-816cd9f8ee42', '874727a8-35e6-42e8-ba63-b0916f0303cc', 'Garlic', 3.2, 'clove');
INSERT INTO ingredients (id, recipe_id, name, quantity, unit) VALUES ('17717792-7254-4332-9954-d9fba5c5a594', '874727a8-35e6-42e8-ba63-b0916f0303cc', 'Black Pepper', 1.8, 'tsp');
INSERT INTO ingredients (id, recipe_id, name, quantity, unit) VALUES ('521c0515-2366-421e-b9cd-989cf3237198', '874727a8-35e6-42e8-ba63-b0916f0303cc', 'Milk', 3.2, 'cup');
INSERT INTO ingredients (id, recipe_id, name, quantity, unit) VALUES ('44ae5dae-38c5-49a1-8c1f-bdc6282c6885', '874727a8-35e6-42e8-ba63-b0916f0303cc', 'Honey', 3.0, 'tbsp');
INSERT INTO recipe_dietary_tags (recipe_id, tag_id) VALUES ('874727a8-35e6-42e8-ba63-b0916f0303cc', 7);

INSERT INTO recipes (id, user_id, title, description, instructions, image_url, servings, source_url, source_name, is_archived, views, cart_adds) VALUES ('e44928cd-7ec6-42bb-988b-f251859773ee', 'admin-user-id', 'Roasted Lamb with Kale and Cauliflower Rice', 'A delicious Roasted Lamb with Kale and Cauliflower Rice recipe. This Midwest-friendly dish is a family favorite and easy to make with common ingredients.', '1. Preheat oven to 375°F (190°C) if baking.
2. Prepare the Rice and other main ingredients.
3. In a large bowl, combine with seasonings.
4. Cook according to source instructions until internal temperature is safe.
5. Let rest for 5 minutes before serving.', 'https://images.unsplash.com/photo-1493770348161-369560ae357d?auto=format&fit=crop&w=800&q=60', 5, 'https://www.epicurious.com/recipe/roasted-lamb-with-kale-and-cauliflower-rice', 'Epicurious', 0, 246, 98);
INSERT INTO ingredients (id, recipe_id, name, quantity, unit) VALUES ('af957494-b5ea-4490-b165-e9064ab30b48', 'e44928cd-7ec6-42bb-988b-f251859773ee', 'Garlic', 2.2, 'clove');
INSERT INTO ingredients (id, recipe_id, name, quantity, unit) VALUES ('0e2df39d-2462-451c-b595-0ed6584e69dd', 'e44928cd-7ec6-42bb-988b-f251859773ee', 'Pasta', 3.1, 'oz');
INSERT INTO ingredients (id, recipe_id, name, quantity, unit) VALUES ('bafe088d-af08-4908-84a2-f8aa10f683e7', 'e44928cd-7ec6-42bb-988b-f251859773ee', 'Breadcrumbs', 1.6, 'cup');
INSERT INTO ingredients (id, recipe_id, name, quantity, unit) VALUES ('3e15b601-8004-4c63-8af0-991b19a02ede', 'e44928cd-7ec6-42bb-988b-f251859773ee', 'Soy Sauce', 3.2, 'tbsp');
INSERT INTO ingredients (id, recipe_id, name, quantity, unit) VALUES ('53ff5472-8d2d-4284-86e7-633df4150c2d', 'e44928cd-7ec6-42bb-988b-f251859773ee', 'Honey', 2.2, 'tbsp');
INSERT INTO ingredients (id, recipe_id, name, quantity, unit) VALUES ('41c838dc-929f-429d-bee8-158f2ddabe44', 'e44928cd-7ec6-42bb-988b-f251859773ee', 'Cream of Mushroom Soup', 0.8, 'can');
INSERT INTO ingredients (id, recipe_id, name, quantity, unit) VALUES ('bf65ebf7-2fd7-4f59-b384-74be3c612631', 'e44928cd-7ec6-42bb-988b-f251859773ee', 'Butter', 0.7, 'tbsp');
INSERT INTO recipe_dietary_tags (recipe_id, tag_id) VALUES ('e44928cd-7ec6-42bb-988b-f251859773ee', 1);
INSERT INTO recipe_dietary_tags (recipe_id, tag_id) VALUES ('e44928cd-7ec6-42bb-988b-f251859773ee', 6);
INSERT INTO recipe_dietary_tags (recipe_id, tag_id) VALUES ('e44928cd-7ec6-42bb-988b-f251859773ee', 4);

INSERT INTO recipes (id, user_id, title, description, instructions, image_url, servings, source_url, source_name, is_archived, views, cart_adds) VALUES ('c32c2331-385e-427b-89d6-70d9adcea184', 'admin-user-id', 'Slow Cooked Lamb with Zucchini and Lentil Pasta', 'A delicious Slow Cooked Lamb with Zucchini and Lentil Pasta recipe. This Midwest-friendly dish is a family favorite and easy to make with common ingredients.', '1. Preheat oven to 375°F (190°C) if baking.
2. Prepare the Pasta and other main ingredients.
3. In a large bowl, combine with seasonings.
4. Cook according to source instructions until internal temperature is safe.
5. Let rest for 5 minutes before serving.', 'https://images.unsplash.com/photo-1473093226795-af9932fe5856?auto=format&fit=crop&w=800&q=60', 2, 'https://www.allrecipes.com/recipe/slow-cooked-lamb-with-zucchini-and-lentil-pasta', 'AllRecipes', 0, 480, 10);
INSERT INTO ingredients (id, recipe_id, name, quantity, unit) VALUES ('fa380f17-b098-4a42-a850-e7e148254ffb', 'c32c2331-385e-427b-89d6-70d9adcea184', 'Chicken Breast', 3.1, 'lb');
INSERT INTO ingredients (id, recipe_id, name, quantity, unit) VALUES ('b35318f1-7b2a-4211-92d7-854ad13349a7', 'c32c2331-385e-427b-89d6-70d9adcea184', 'Cheddar Cheese', 3.1, 'cup');
INSERT INTO ingredients (id, recipe_id, name, quantity, unit) VALUES ('56a18a03-9d06-4256-ad9e-79e4bf4a0396', 'c32c2331-385e-427b-89d6-70d9adcea184', 'Tater Tots', 0.6, 'oz');
INSERT INTO ingredients (id, recipe_id, name, quantity, unit) VALUES ('97298279-851d-4bfe-b66b-2e1fc84756b3', 'c32c2331-385e-427b-89d6-70d9adcea184', 'Heavy Cream', 2.2, 'cup');
INSERT INTO ingredients (id, recipe_id, name, quantity, unit) VALUES ('2f191bd6-2c61-498e-ab93-1bb469e46a7e', 'c32c2331-385e-427b-89d6-70d9adcea184', 'Breadcrumbs', 1.0, 'cup');
INSERT INTO recipe_dietary_tags (recipe_id, tag_id) VALUES ('c32c2331-385e-427b-89d6-70d9adcea184', 3);
INSERT INTO recipe_dietary_tags (recipe_id, tag_id) VALUES ('c32c2331-385e-427b-89d6-70d9adcea184', 4);

INSERT INTO recipes (id, user_id, title, description, instructions, image_url, servings, source_url, source_name, is_archived, views, cart_adds) VALUES ('eb9e18de-0108-45ed-9663-a785623a11e2', 'admin-user-id', 'Slow Cooked Shrimp with Sweet Potatoes and Mashed Cauliflower', 'A delicious Slow Cooked Shrimp with Sweet Potatoes and Mashed Cauliflower recipe. This Midwest-friendly dish is a family favorite and easy to make with common ingredients.', '1. Preheat oven to 375°F (190°C) if baking.
2. Prepare the Cauliflower and other main ingredients.
3. In a large bowl, combine with seasonings.
4. Cook according to source instructions until internal temperature is safe.
5. Let rest for 5 minutes before serving.', 'https://images.unsplash.com/photo-1512621776951-a57141f2eefd?auto=format&fit=crop&w=800&q=60', 7, 'https://www.allrecipes.com/recipe/slow-cooked-shrimp-with-sweet-potatoes-and-mashed-cauliflower', 'AllRecipes', 0, 977, 34);
INSERT INTO ingredients (id, recipe_id, name, quantity, unit) VALUES ('cfa2d0e1-023e-4ff3-931b-90edfc34baeb', 'eb9e18de-0108-45ed-9663-a785623a11e2', 'Milk', 0.6, 'cup');
INSERT INTO ingredients (id, recipe_id, name, quantity, unit) VALUES ('84a82814-fbfa-4a78-8134-952e76dfb8e3', 'eb9e18de-0108-45ed-9663-a785623a11e2', 'Frozen Peas', 1.1, 'cup');
INSERT INTO ingredients (id, recipe_id, name, quantity, unit) VALUES ('c096ba33-1b21-436f-af4f-ab3c3da63f88', 'eb9e18de-0108-45ed-9663-a785623a11e2', 'Honey', 2.6, 'tbsp');
INSERT INTO ingredients (id, recipe_id, name, quantity, unit) VALUES ('cfea1593-23fb-4ecf-892f-a10d8ae4ccba', 'eb9e18de-0108-45ed-9663-a785623a11e2', 'Worcestershire Sauce', 1.0, 'tbsp');
INSERT INTO recipe_dietary_tags (recipe_id, tag_id) VALUES ('eb9e18de-0108-45ed-9663-a785623a11e2', 1);
INSERT INTO recipe_dietary_tags (recipe_id, tag_id) VALUES ('eb9e18de-0108-45ed-9663-a785623a11e2', 6);
INSERT INTO recipe_dietary_tags (recipe_id, tag_id) VALUES ('eb9e18de-0108-45ed-9663-a785623a11e2', 2);

INSERT INTO recipes (id, user_id, title, description, instructions, image_url, servings, source_url, source_name, is_archived, views, cart_adds) VALUES ('12a48c48-6463-40fd-8670-026ea52a771d', 'admin-user-id', 'Baked Beef with Zucchini and Lentil Pasta', 'A delicious Baked Beef with Zucchini and Lentil Pasta recipe. This Midwest-friendly dish is a family favorite and easy to make with common ingredients.', '1. Preheat oven to 375°F (190°C) if baking.
2. Prepare the Pasta and other main ingredients.
3. In a large bowl, combine with seasonings.
4. Cook according to source instructions until internal temperature is safe.
5. Let rest for 5 minutes before serving.', 'https://images.unsplash.com/photo-1482049016688-2d3e1b311543?auto=format&fit=crop&w=800&q=60', 3, 'https://www.epicurious.com/recipe/baked-beef-with-zucchini-and-lentil-pasta', 'Epicurious', 0, 42, 20);
INSERT INTO ingredients (id, recipe_id, name, quantity, unit) VALUES ('aacb26f7-9078-4130-b16d-09c11c160620', '12a48c48-6463-40fd-8670-026ea52a771d', 'Worcestershire Sauce', 3.2, 'tbsp');
INSERT INTO ingredients (id, recipe_id, name, quantity, unit) VALUES ('215ba49d-1078-4107-b40e-31bf0093d632', '12a48c48-6463-40fd-8670-026ea52a771d', 'Cream of Mushroom Soup', 2.0, 'can');
INSERT INTO ingredients (id, recipe_id, name, quantity, unit) VALUES ('8c3eab56-cefb-48c4-a3b9-44223b663209', '12a48c48-6463-40fd-8670-026ea52a771d', 'Black Pepper', 1.5, 'tsp');
INSERT INTO ingredients (id, recipe_id, name, quantity, unit) VALUES ('5900ef0f-0bf8-4aaa-b070-19466b7fcf1b', '12a48c48-6463-40fd-8670-026ea52a771d', 'Ground Beef', 1.0, 'lb');
INSERT INTO recipe_dietary_tags (recipe_id, tag_id) VALUES ('12a48c48-6463-40fd-8670-026ea52a771d', 10);

INSERT INTO recipes (id, user_id, title, description, instructions, image_url, servings, source_url, source_name, is_archived, views, cart_adds) VALUES ('38f80805-b41b-48b6-be54-ae3d9eddb139', 'admin-user-id', 'Roasted Salmon with Brussels Sprouts and Roasted Potatoes', 'A delicious Roasted Salmon with Brussels Sprouts and Roasted Potatoes recipe. This Midwest-friendly dish is a family favorite and easy to make with common ingredients.', '1. Preheat oven to 375°F (190°C) if baking.
2. Prepare the Potatoes and other main ingredients.
3. In a large bowl, combine with seasonings.
4. Cook according to source instructions until internal temperature is safe.
5. Let rest for 5 minutes before serving.', 'https://images.unsplash.com/photo-1484723091739-30a097e8f929?auto=format&fit=crop&w=800&q=60', 2, 'https://www.epicurious.com/recipe/roasted-salmon-with-brussels-sprouts-and-roasted-potatoes', 'Epicurious', 0, 451, 28);
INSERT INTO ingredients (id, recipe_id, name, quantity, unit) VALUES ('d6a23b22-5c21-4f91-a91a-4802bbca289f', '38f80805-b41b-48b6-be54-ae3d9eddb139', 'Rice', 0.6, 'cup');
INSERT INTO ingredients (id, recipe_id, name, quantity, unit) VALUES ('42523aac-42af-46a1-93f0-197059d359f5', '38f80805-b41b-48b6-be54-ae3d9eddb139', 'Olive Oil', 2.5, 'tbsp');
INSERT INTO ingredients (id, recipe_id, name, quantity, unit) VALUES ('01f83aee-2b10-4dd9-87c0-259929027213', '38f80805-b41b-48b6-be54-ae3d9eddb139', 'Onion', 1.8, 'cup');
INSERT INTO ingredients (id, recipe_id, name, quantity, unit) VALUES ('b74e9e54-56d2-418e-9500-697d84cabf5c', '38f80805-b41b-48b6-be54-ae3d9eddb139', 'Sour Cream', 3.4, 'cup');
INSERT INTO ingredients (id, recipe_id, name, quantity, unit) VALUES ('68da6a61-3f9a-4adb-af03-d2d47fdc18d8', '38f80805-b41b-48b6-be54-ae3d9eddb139', 'Egg', 1.2, 'large');
INSERT INTO recipe_dietary_tags (recipe_id, tag_id) VALUES ('38f80805-b41b-48b6-be54-ae3d9eddb139', 3);

INSERT INTO recipes (id, user_id, title, description, instructions, image_url, servings, source_url, source_name, is_archived, views, cart_adds) VALUES ('682baf2e-f7f4-4d46-a4a3-2e700b745565', 'admin-user-id', 'Steamed Shrimp with Cauliflower and Brown Rice', 'A delicious Steamed Shrimp with Cauliflower and Brown Rice recipe. This Midwest-friendly dish is a family favorite and easy to make with common ingredients.', '1. Preheat oven to 375°F (190°C) if baking.
2. Prepare the Rice and other main ingredients.
3. In a large bowl, combine with seasonings.
4. Cook according to source instructions until internal temperature is safe.
5. Let rest for 5 minutes before serving.', 'https://images.unsplash.com/photo-1540189549336-e6e99c3679fe?auto=format&fit=crop&w=800&q=60', 2, 'https://www.tasteofhome.com/recipe/steamed-shrimp-with-cauliflower-and-brown-rice', 'Taste of Home', 0, 893, 24);
INSERT INTO ingredients (id, recipe_id, name, quantity, unit) VALUES ('698a8f49-4072-4522-9343-a591bbddc0eb', '682baf2e-f7f4-4d46-a4a3-2e700b745565', 'Cream of Mushroom Soup', 1.0, 'can');
INSERT INTO ingredients (id, recipe_id, name, quantity, unit) VALUES ('080f5c2a-47dc-404d-8b0d-0a9b76ea3058', '682baf2e-f7f4-4d46-a4a3-2e700b745565', 'Breadcrumbs', 1.1, 'cup');
INSERT INTO ingredients (id, recipe_id, name, quantity, unit) VALUES ('3cf9e4ea-0f15-4e1c-b28c-33feab406a09', '682baf2e-f7f4-4d46-a4a3-2e700b745565', 'Frozen Peas', 2.4, 'cup');
INSERT INTO ingredients (id, recipe_id, name, quantity, unit) VALUES ('fc3903f8-ee64-402c-82fa-945607d30378', '682baf2e-f7f4-4d46-a4a3-2e700b745565', 'Dijon Mustard', 1.2, 'tsp');
INSERT INTO ingredients (id, recipe_id, name, quantity, unit) VALUES ('bbb1fe0e-105d-49ef-8302-13a3cd082f50', '682baf2e-f7f4-4d46-a4a3-2e700b745565', 'Celery', 0.9, 'cup');
INSERT INTO recipe_dietary_tags (recipe_id, tag_id) VALUES ('682baf2e-f7f4-4d46-a4a3-2e700b745565', 8);
INSERT INTO recipe_dietary_tags (recipe_id, tag_id) VALUES ('682baf2e-f7f4-4d46-a4a3-2e700b745565', 4);

INSERT INTO recipes (id, user_id, title, description, instructions, image_url, servings, source_url, source_name, is_archived, views, cart_adds) VALUES ('69298de2-d411-472a-91cd-b70b831e1040', 'admin-user-id', 'Baked Chicken with Sweet Potatoes and Lentil Pasta', 'A delicious Baked Chicken with Sweet Potatoes and Lentil Pasta recipe. This Midwest-friendly dish is a family favorite and easy to make with common ingredients.', '1. Preheat oven to 375°F (190°C) if baking.
2. Prepare the Pasta and other main ingredients.
3. In a large bowl, combine with seasonings.
4. Cook according to source instructions until internal temperature is safe.
5. Let rest for 5 minutes before serving.', 'https://images.unsplash.com/photo-1567620985035-091781110527?auto=format&fit=crop&w=800&q=60', 5, 'https://www.bonappetit.com/recipe/baked-chicken-with-sweet-potatoes-and-lentil-pasta', 'Bon Appetit', 0, 972, 85);
INSERT INTO ingredients (id, recipe_id, name, quantity, unit) VALUES ('9c57eca8-27ee-45fd-9ffc-5b57c6280011', '69298de2-d411-472a-91cd-b70b831e1040', 'Frozen Peas', 1.4, 'cup');
INSERT INTO ingredients (id, recipe_id, name, quantity, unit) VALUES ('b7f73011-c464-4695-a771-887152dc728d', '69298de2-d411-472a-91cd-b70b831e1040', 'Potatoes', 2.6, 'lb');
INSERT INTO ingredients (id, recipe_id, name, quantity, unit) VALUES ('463d97e0-7e50-4d8f-8323-b7895d8dd8df', '69298de2-d411-472a-91cd-b70b831e1040', 'Heavy Cream', 3.3, 'cup');
INSERT INTO ingredients (id, recipe_id, name, quantity, unit) VALUES ('89c177e8-9458-47ee-a3c5-396b97ca1e5d', '69298de2-d411-472a-91cd-b70b831e1040', 'Ground Beef', 1.5, 'lb');
INSERT INTO ingredients (id, recipe_id, name, quantity, unit) VALUES ('a37af9ab-7a0d-4bc0-9dbc-d1871bbf0ba8', '69298de2-d411-472a-91cd-b70b831e1040', 'Honey', 1.3, 'tbsp');
INSERT INTO recipe_dietary_tags (recipe_id, tag_id) VALUES ('69298de2-d411-472a-91cd-b70b831e1040', 10);
INSERT INTO recipe_dietary_tags (recipe_id, tag_id) VALUES ('69298de2-d411-472a-91cd-b70b831e1040', 2);

INSERT INTO recipes (id, user_id, title, description, instructions, image_url, servings, source_url, source_name, is_archived, views, cart_adds) VALUES ('76e80d91-1e78-4660-9b80-a3f7cc18c4b7', 'admin-user-id', 'Pan-Seared Chicken with Sweet Potatoes and Zucchini Noodles', 'A delicious Pan-Seared Chicken with Sweet Potatoes and Zucchini Noodles recipe. This Midwest-friendly dish is a family favorite and easy to make with common ingredients.', '1. Preheat oven to 375°F (190°C) if baking.
2. Prepare the Noodles and other main ingredients.
3. In a large bowl, combine with seasonings.
4. Cook according to source instructions until internal temperature is safe.
5. Let rest for 5 minutes before serving.', 'https://images.unsplash.com/photo-1565299624946-b28f40a0ae38?auto=format&fit=crop&w=800&q=60', 6, 'https://www.epicurious.com/recipe/pan-seared-chicken-with-sweet-potatoes-and-zucchini-noodles', 'Epicurious', 0, 277, 28);
INSERT INTO ingredients (id, recipe_id, name, quantity, unit) VALUES ('70426431-ea6b-44ae-b264-b1ad100f697c', '76e80d91-1e78-4660-9b80-a3f7cc18c4b7', 'Lemon Juice', 2.8, 'tbsp');
INSERT INTO ingredients (id, recipe_id, name, quantity, unit) VALUES ('2f9f10a3-d285-4275-9123-a2f33697e891', '76e80d91-1e78-4660-9b80-a3f7cc18c4b7', 'Chicken Breast', 2.0, 'lb');
INSERT INTO ingredients (id, recipe_id, name, quantity, unit) VALUES ('56d70fdf-df1f-4c1d-8c7d-bc987facb7fa', '76e80d91-1e78-4660-9b80-a3f7cc18c4b7', 'Black Pepper', 3.5, 'tsp');
INSERT INTO ingredients (id, recipe_id, name, quantity, unit) VALUES ('110724a4-f2ec-4620-8319-558d140b5ae6', '76e80d91-1e78-4660-9b80-a3f7cc18c4b7', 'Salt', 0.6, 'tsp');
INSERT INTO ingredients (id, recipe_id, name, quantity, unit) VALUES ('2fc714d9-e889-435b-bba3-c4213adb48ee', '76e80d91-1e78-4660-9b80-a3f7cc18c4b7', 'Rice', 2.5, 'cup');
INSERT INTO ingredients (id, recipe_id, name, quantity, unit) VALUES ('e2eb2b53-4546-4355-b8da-be8d77b67fce', '76e80d91-1e78-4660-9b80-a3f7cc18c4b7', 'Tater Tots', 1.1, 'oz');
INSERT INTO ingredients (id, recipe_id, name, quantity, unit) VALUES ('9a10a378-415b-4079-b96c-218f5a93d240', '76e80d91-1e78-4660-9b80-a3f7cc18c4b7', 'Olive Oil', 2.0, 'tbsp');
INSERT INTO recipe_dietary_tags (recipe_id, tag_id) VALUES ('76e80d91-1e78-4660-9b80-a3f7cc18c4b7', 1);
INSERT INTO recipe_dietary_tags (recipe_id, tag_id) VALUES ('76e80d91-1e78-4660-9b80-a3f7cc18c4b7', 6);
INSERT INTO recipe_dietary_tags (recipe_id, tag_id) VALUES ('76e80d91-1e78-4660-9b80-a3f7cc18c4b7', 10);

INSERT INTO recipes (id, user_id, title, description, instructions, image_url, servings, source_url, source_name, is_archived, views, cart_adds) VALUES ('a83e8be9-b6ea-41dd-8149-f8acb3257b2a', 'admin-user-id', 'Baked Chicken with Brussels Sprouts and Lentil Pasta', 'A delicious Baked Chicken with Brussels Sprouts and Lentil Pasta recipe. This Midwest-friendly dish is a family favorite and easy to make with common ingredients.', '1. Preheat oven to 375°F (190°C) if baking.
2. Prepare the Pasta and other main ingredients.
3. In a large bowl, combine with seasonings.
4. Cook according to source instructions until internal temperature is safe.
5. Let rest for 5 minutes before serving.', 'https://images.unsplash.com/photo-1555939594-58d7cb561ad1?auto=format&fit=crop&w=800&q=60', 4, 'https://www.epicurious.com/recipe/baked-chicken-with-brussels-sprouts-and-lentil-pasta', 'Epicurious', 0, 153, 62);
INSERT INTO ingredients (id, recipe_id, name, quantity, unit) VALUES ('67594fda-8723-41de-b443-42ca84c573a9', 'a83e8be9-b6ea-41dd-8149-f8acb3257b2a', 'Black Pepper', 1.6, 'tsp');
INSERT INTO ingredients (id, recipe_id, name, quantity, unit) VALUES ('3c5f26d9-ff63-4701-b1b7-dc7db9b1b134', 'a83e8be9-b6ea-41dd-8149-f8acb3257b2a', 'Tomato Sauce', 0.6, 'oz');
INSERT INTO ingredients (id, recipe_id, name, quantity, unit) VALUES ('a0034aa0-f53a-4121-a957-988fcbb96490', 'a83e8be9-b6ea-41dd-8149-f8acb3257b2a', 'Honey', 1.2, 'tbsp');
INSERT INTO ingredients (id, recipe_id, name, quantity, unit) VALUES ('480f3d95-59aa-4a5c-aa12-483af1bf1e52', 'a83e8be9-b6ea-41dd-8149-f8acb3257b2a', 'Cheddar Cheese', 2.0, 'cup');
INSERT INTO ingredients (id, recipe_id, name, quantity, unit) VALUES ('38296ecd-dba7-493e-985f-af71253610f3', 'a83e8be9-b6ea-41dd-8149-f8acb3257b2a', 'Egg', 2.4, 'large');
INSERT INTO ingredients (id, recipe_id, name, quantity, unit) VALUES ('ca769a89-cda1-4b93-9754-3b7c10e57ed7', 'a83e8be9-b6ea-41dd-8149-f8acb3257b2a', 'Pasta', 1.7, 'oz');
INSERT INTO recipe_dietary_tags (recipe_id, tag_id) VALUES ('a83e8be9-b6ea-41dd-8149-f8acb3257b2a', 10);
INSERT INTO recipe_dietary_tags (recipe_id, tag_id) VALUES ('a83e8be9-b6ea-41dd-8149-f8acb3257b2a', 4);

INSERT INTO recipes (id, user_id, title, description, instructions, image_url, servings, source_url, source_name, is_archived, views, cart_adds) VALUES ('b16bee99-4aa5-4f76-9cb4-b72ad8f33953', 'admin-user-id', 'Steamed Chicken with Sweet Potatoes and Mashed Cauliflower', 'A delicious Steamed Chicken with Sweet Potatoes and Mashed Cauliflower recipe. This Midwest-friendly dish is a family favorite and easy to make with common ingredients.', '1. Preheat oven to 375°F (190°C) if baking.
2. Prepare the Cauliflower and other main ingredients.
3. In a large bowl, combine with seasonings.
4. Cook according to source instructions until internal temperature is safe.
5. Let rest for 5 minutes before serving.', 'https://images.unsplash.com/photo-1513104894114-bd7ea4718312?auto=format&fit=crop&w=800&q=60', 2, 'https://www.allrecipes.com/recipe/steamed-chicken-with-sweet-potatoes-and-mashed-cauliflower', 'AllRecipes', 0, 389, 76);
INSERT INTO ingredients (id, recipe_id, name, quantity, unit) VALUES ('84fe95f0-6278-4094-9903-9a1d8f7e294c', 'b16bee99-4aa5-4f76-9cb4-b72ad8f33953', 'Onion', 1.7, 'cup');
INSERT INTO ingredients (id, recipe_id, name, quantity, unit) VALUES ('fdc5e10f-8214-4a23-93ad-14fc17cb0cf8', 'b16bee99-4aa5-4f76-9cb4-b72ad8f33953', 'Chicken Breast', 1.3, 'lb');
INSERT INTO ingredients (id, recipe_id, name, quantity, unit) VALUES ('f15d5afe-4501-4ddb-9f00-55e32582edb4', 'b16bee99-4aa5-4f76-9cb4-b72ad8f33953', 'Carrots', 1.8, 'cup');
INSERT INTO ingredients (id, recipe_id, name, quantity, unit) VALUES ('3d48e2a1-e4d4-4404-b3aa-5cc3719c6f83', 'b16bee99-4aa5-4f76-9cb4-b72ad8f33953', 'Rice', 0.8, 'cup');
INSERT INTO ingredients (id, recipe_id, name, quantity, unit) VALUES ('b400d740-1607-40a6-93c1-09c924d1d7dc', 'b16bee99-4aa5-4f76-9cb4-b72ad8f33953', 'Potatoes', 3.0, 'lb');
INSERT INTO recipe_dietary_tags (recipe_id, tag_id) VALUES ('b16bee99-4aa5-4f76-9cb4-b72ad8f33953', 1);
INSERT INTO recipe_dietary_tags (recipe_id, tag_id) VALUES ('b16bee99-4aa5-4f76-9cb4-b72ad8f33953', 6);
INSERT INTO recipe_dietary_tags (recipe_id, tag_id) VALUES ('b16bee99-4aa5-4f76-9cb4-b72ad8f33953', 10);
INSERT INTO recipe_dietary_tags (recipe_id, tag_id) VALUES ('b16bee99-4aa5-4f76-9cb4-b72ad8f33953', 7);

INSERT INTO recipes (id, user_id, title, description, instructions, image_url, servings, source_url, source_name, is_archived, views, cart_adds) VALUES ('63f088b2-357f-49b6-8db1-5ae7736b4a0f', 'admin-user-id', 'Pan-Seared Venison with Cauliflower and Brown Rice', 'A delicious Pan-Seared Venison with Cauliflower and Brown Rice recipe. This Midwest-friendly dish is a family favorite and easy to make with common ingredients.', '1. Preheat oven to 375°F (190°C) if baking.
2. Prepare the Rice and other main ingredients.
3. In a large bowl, combine with seasonings.
4. Cook according to source instructions until internal temperature is safe.
5. Let rest for 5 minutes before serving.', 'https://images.unsplash.com/photo-1504754524776-8f4f37799ca7?auto=format&fit=crop&w=800&q=60', 5, 'https://www.epicurious.com/recipe/pan-seared-venison-with-cauliflower-and-brown-rice', 'Epicurious', 0, 726, 78);
INSERT INTO ingredients (id, recipe_id, name, quantity, unit) VALUES ('0196ff57-aba4-416d-9326-7265fdb15c61', '63f088b2-357f-49b6-8db1-5ae7736b4a0f', 'Celery', 2.1, 'cup');
INSERT INTO ingredients (id, recipe_id, name, quantity, unit) VALUES ('0770855c-4936-4e75-86be-ea7e441c2a88', '63f088b2-357f-49b6-8db1-5ae7736b4a0f', 'Frozen Peas', 1.6, 'cup');
INSERT INTO ingredients (id, recipe_id, name, quantity, unit) VALUES ('b8ceb866-2216-4ec6-90a7-c53ec1cbaca0', '63f088b2-357f-49b6-8db1-5ae7736b4a0f', 'Soy Sauce', 1.1, 'tbsp');
INSERT INTO ingredients (id, recipe_id, name, quantity, unit) VALUES ('042bd3c2-3671-4305-b1eb-dce102e980fd', '63f088b2-357f-49b6-8db1-5ae7736b4a0f', 'Potatoes', 2.3, 'lb');
INSERT INTO recipe_dietary_tags (recipe_id, tag_id) VALUES ('63f088b2-357f-49b6-8db1-5ae7736b4a0f', 7);

INSERT INTO recipes (id, user_id, title, description, instructions, image_url, servings, source_url, source_name, is_archived, views, cart_adds) VALUES ('3e11139a-fb6f-4285-b412-b7749abcb7d2', 'admin-user-id', 'Steamed Chicken with Cauliflower and Roasted Potatoes', 'A delicious Steamed Chicken with Cauliflower and Roasted Potatoes recipe. This Midwest-friendly dish is a family favorite and easy to make with common ingredients.', '1. Preheat oven to 375°F (190°C) if baking.
2. Prepare the Potatoes and other main ingredients.
3. In a large bowl, combine with seasonings.
4. Cook according to source instructions until internal temperature is safe.
5. Let rest for 5 minutes before serving.', 'https://images.unsplash.com/photo-1476224203421-9ac3993557a4?auto=format&fit=crop&w=800&q=60', 7, 'https://www.bonappetit.com/recipe/steamed-chicken-with-cauliflower-and-roasted-potatoes', 'Bon Appetit', 0, 382, 5);
INSERT INTO ingredients (id, recipe_id, name, quantity, unit) VALUES ('091cb0a3-8aa6-4e68-9454-8e11dc91826e', '3e11139a-fb6f-4285-b412-b7749abcb7d2', 'Milk', 2.7, 'cup');
INSERT INTO ingredients (id, recipe_id, name, quantity, unit) VALUES ('f15a8126-2303-4510-a84c-938895338dfc', '3e11139a-fb6f-4285-b412-b7749abcb7d2', 'Tomato Sauce', 2.3, 'oz');
INSERT INTO ingredients (id, recipe_id, name, quantity, unit) VALUES ('8130f0b3-ec74-4216-9795-6d1855c4ba02', '3e11139a-fb6f-4285-b412-b7749abcb7d2', 'Garlic', 3.1, 'clove');
INSERT INTO ingredients (id, recipe_id, name, quantity, unit) VALUES ('4a8b270e-cc95-4df6-9bc1-a1b4b4e8dc28', '3e11139a-fb6f-4285-b412-b7749abcb7d2', 'Breadcrumbs', 3.0, 'cup');
INSERT INTO ingredients (id, recipe_id, name, quantity, unit) VALUES ('6678d889-90c4-4ad6-b3b3-418962c8a2ae', '3e11139a-fb6f-4285-b412-b7749abcb7d2', 'Black Pepper', 0.6, 'tsp');
INSERT INTO ingredients (id, recipe_id, name, quantity, unit) VALUES ('5274f2e7-fbe6-4871-bbee-19461e0f0a64', '3e11139a-fb6f-4285-b412-b7749abcb7d2', 'Soy Sauce', 2.8, 'tbsp');
INSERT INTO recipe_dietary_tags (recipe_id, tag_id) VALUES ('3e11139a-fb6f-4285-b412-b7749abcb7d2', 10);
INSERT INTO recipe_dietary_tags (recipe_id, tag_id) VALUES ('3e11139a-fb6f-4285-b412-b7749abcb7d2', 2);

INSERT INTO recipes (id, user_id, title, description, instructions, image_url, servings, source_url, source_name, is_archived, views, cart_adds) VALUES ('15027ab0-dbea-461e-992e-dda7d960a102', 'admin-user-id', 'Roasted Pork with Zucchini and Mashed Cauliflower', 'A delicious Roasted Pork with Zucchini and Mashed Cauliflower recipe. This Midwest-friendly dish is a family favorite and easy to make with common ingredients.', '1. Preheat oven to 375°F (190°C) if baking.
2. Prepare the Cauliflower and other main ingredients.
3. In a large bowl, combine with seasonings.
4. Cook according to source instructions until internal temperature is safe.
5. Let rest for 5 minutes before serving.', 'https://images.unsplash.com/photo-1498837167721-8f5c1a322c2e?auto=format&fit=crop&w=800&q=60', 6, 'https://www.epicurious.com/recipe/roasted-pork-with-zucchini-and-mashed-cauliflower', 'Epicurious', 0, 860, 82);
INSERT INTO ingredients (id, recipe_id, name, quantity, unit) VALUES ('67ef27b2-7d94-49d2-bf57-1e47b75e9f0b', '15027ab0-dbea-461e-992e-dda7d960a102', 'Garlic', 2.1, 'clove');
INSERT INTO ingredients (id, recipe_id, name, quantity, unit) VALUES ('0cc88dfe-fe6a-4dd4-8ae6-83740ac16fb8', '15027ab0-dbea-461e-992e-dda7d960a102', 'Ground Beef', 3.4, 'lb');
INSERT INTO ingredients (id, recipe_id, name, quantity, unit) VALUES ('5999c178-7524-4f16-ad4c-0ceb81469a97', '15027ab0-dbea-461e-992e-dda7d960a102', 'Worcestershire Sauce', 3.1, 'tbsp');
INSERT INTO ingredients (id, recipe_id, name, quantity, unit) VALUES ('1ff1473d-f788-482a-9563-007b3455513c', '15027ab0-dbea-461e-992e-dda7d960a102', 'Soy Sauce', 2.4, 'tbsp');
INSERT INTO recipe_dietary_tags (recipe_id, tag_id) VALUES ('15027ab0-dbea-461e-992e-dda7d960a102', 1);
INSERT INTO recipe_dietary_tags (recipe_id, tag_id) VALUES ('15027ab0-dbea-461e-992e-dda7d960a102', 6);
INSERT INTO recipe_dietary_tags (recipe_id, tag_id) VALUES ('15027ab0-dbea-461e-992e-dda7d960a102', 10);
INSERT INTO recipe_dietary_tags (recipe_id, tag_id) VALUES ('15027ab0-dbea-461e-992e-dda7d960a102', 2);
INSERT INTO recipe_dietary_tags (recipe_id, tag_id) VALUES ('15027ab0-dbea-461e-992e-dda7d960a102', 9);

INSERT INTO recipes (id, user_id, title, description, instructions, image_url, servings, source_url, source_name, is_archived, views, cart_adds) VALUES ('e42d62ed-b762-467f-99a8-e02daa16a3a5', 'admin-user-id', 'Baked Beef with Sweet Potatoes and Couscous', 'A delicious Baked Beef with Sweet Potatoes and Couscous recipe. This Midwest-friendly dish is a family favorite and easy to make with common ingredients.', '1. Preheat oven to 375°F (190°C) if baking.
2. Prepare the Couscous and other main ingredients.
3. In a large bowl, combine with seasonings.
4. Cook according to source instructions until internal temperature is safe.
5. Let rest for 5 minutes before serving.', 'https://images.unsplash.com/photo-1490645935967-10de6ba17051?auto=format&fit=crop&w=800&q=60', 5, 'https://www.foodnetwork.com/recipe/baked-beef-with-sweet-potatoes-and-couscous', 'Food Network', 0, 647, 26);
INSERT INTO ingredients (id, recipe_id, name, quantity, unit) VALUES ('24a0702e-e398-44b0-9c87-8f71306eb5af', 'e42d62ed-b762-467f-99a8-e02daa16a3a5', 'Rice', 0.9, 'cup');
INSERT INTO ingredients (id, recipe_id, name, quantity, unit) VALUES ('df24586e-b252-4bcc-83ab-f75c7d7b0b1c', 'e42d62ed-b762-467f-99a8-e02daa16a3a5', 'Carrots', 3.4, 'cup');
INSERT INTO ingredients (id, recipe_id, name, quantity, unit) VALUES ('88a5d970-9db6-40e5-b3e9-d00a91e274a2', 'e42d62ed-b762-467f-99a8-e02daa16a3a5', 'Worcestershire Sauce', 0.9, 'tbsp');
INSERT INTO ingredients (id, recipe_id, name, quantity, unit) VALUES ('1fb9afb3-81e9-4065-837c-79f0386f8e99', 'e42d62ed-b762-467f-99a8-e02daa16a3a5', 'Lemon Juice', 0.9, 'tbsp');
INSERT INTO ingredients (id, recipe_id, name, quantity, unit) VALUES ('5c5edd07-10c6-4797-863f-858eb3523c19', 'e42d62ed-b762-467f-99a8-e02daa16a3a5', 'Black Pepper', 3.3, 'tsp');
INSERT INTO ingredients (id, recipe_id, name, quantity, unit) VALUES ('3bd844fc-1cd8-4e50-a128-a6fe15d48527', 'e42d62ed-b762-467f-99a8-e02daa16a3a5', 'Egg', 1.7, 'large');
INSERT INTO recipe_dietary_tags (recipe_id, tag_id) VALUES ('e42d62ed-b762-467f-99a8-e02daa16a3a5', 10);

INSERT INTO recipes (id, user_id, title, description, instructions, image_url, servings, source_url, source_name, is_archived, views, cart_adds) VALUES ('28c7a1b6-2536-4224-b240-ddd07780e4d9', 'admin-user-id', 'Steamed Tofu with Carrots and Lentil Pasta', 'A delicious Steamed Tofu with Carrots and Lentil Pasta recipe. This Midwest-friendly dish is a family favorite and easy to make with common ingredients.', '1. Preheat oven to 375°F (190°C) if baking.
2. Prepare the Pasta and other main ingredients.
3. In a large bowl, combine with seasonings.
4. Cook according to source instructions until internal temperature is safe.
5. Let rest for 5 minutes before serving.', 'https://images.unsplash.com/photo-1506084868214-19a1f9e147f8?auto=format&fit=crop&w=800&q=60', 4, 'https://www.foodnetwork.com/recipe/steamed-tofu-with-carrots-and-lentil-pasta', 'Food Network', 0, 642, 87);
INSERT INTO ingredients (id, recipe_id, name, quantity, unit) VALUES ('a7e7306f-b391-442d-9ad2-068e0de0fb0a', '28c7a1b6-2536-4224-b240-ddd07780e4d9', 'Olive Oil', 2.4, 'tbsp');
INSERT INTO ingredients (id, recipe_id, name, quantity, unit) VALUES ('c4c73b39-be4f-42f3-b6ba-70755fa13021', '28c7a1b6-2536-4224-b240-ddd07780e4d9', 'Pasta', 2.5, 'oz');
INSERT INTO ingredients (id, recipe_id, name, quantity, unit) VALUES ('39cfb4fe-1503-41b5-8bdb-154442f010e4', '28c7a1b6-2536-4224-b240-ddd07780e4d9', 'Worcestershire Sauce', 1.4, 'tbsp');
INSERT INTO ingredients (id, recipe_id, name, quantity, unit) VALUES ('b554113b-ec19-4396-b7d9-5bd8e25019c2', '28c7a1b6-2536-4224-b240-ddd07780e4d9', 'Potatoes', 2.4, 'lb');
INSERT INTO recipe_dietary_tags (recipe_id, tag_id) VALUES ('28c7a1b6-2536-4224-b240-ddd07780e4d9', 3);
INSERT INTO recipe_dietary_tags (recipe_id, tag_id) VALUES ('28c7a1b6-2536-4224-b240-ddd07780e4d9', 2);

INSERT INTO recipes (id, user_id, title, description, instructions, image_url, servings, source_url, source_name, is_archived, views, cart_adds) VALUES ('670c3f76-9f1a-4698-ae6c-a650d3cb388c', 'admin-user-id', 'Roasted Beef with Cauliflower and Wild Rice', 'A delicious Roasted Beef with Cauliflower and Wild Rice recipe. This Midwest-friendly dish is a family favorite and easy to make with common ingredients.', '1. Preheat oven to 375°F (190°C) if baking.
2. Prepare the Rice and other main ingredients.
3. In a large bowl, combine with seasonings.
4. Cook according to source instructions until internal temperature is safe.
5. Let rest for 5 minutes before serving.', 'https://images.unsplash.com/photo-1529042410759-adb828e4eaf0?auto=format&fit=crop&w=800&q=60', 4, 'https://www.tasteofhome.com/recipe/roasted-beef-with-cauliflower-and-wild-rice', 'Taste of Home', 0, 960, 22);
INSERT INTO ingredients (id, recipe_id, name, quantity, unit) VALUES ('7bc0062d-a916-49b0-afdf-cdd88a4c3d9c', '670c3f76-9f1a-4698-ae6c-a650d3cb388c', 'Honey', 1.1, 'tbsp');
INSERT INTO ingredients (id, recipe_id, name, quantity, unit) VALUES ('0980feaa-3ad8-45da-867e-4e6c70d2a932', '670c3f76-9f1a-4698-ae6c-a650d3cb388c', 'Sour Cream', 1.1, 'cup');
INSERT INTO ingredients (id, recipe_id, name, quantity, unit) VALUES ('fb241c74-fffe-4976-bedd-cac08ac3b23a', '670c3f76-9f1a-4698-ae6c-a650d3cb388c', 'Tomato Sauce', 1.6, 'oz');
INSERT INTO ingredients (id, recipe_id, name, quantity, unit) VALUES ('b509d954-69b3-4fbb-a540-9b7af3818ac8', '670c3f76-9f1a-4698-ae6c-a650d3cb388c', 'Ground Beef', 2.8, 'lb');
INSERT INTO ingredients (id, recipe_id, name, quantity, unit) VALUES ('966d32ce-f2b5-4e77-9b26-68312069bfaa', '670c3f76-9f1a-4698-ae6c-a650d3cb388c', 'Frozen Peas', 1.4, 'cup');
INSERT INTO recipe_dietary_tags (recipe_id, tag_id) VALUES ('670c3f76-9f1a-4698-ae6c-a650d3cb388c', 10);
INSERT INTO recipe_dietary_tags (recipe_id, tag_id) VALUES ('670c3f76-9f1a-4698-ae6c-a650d3cb388c', 2);
INSERT INTO recipe_dietary_tags (recipe_id, tag_id) VALUES ('670c3f76-9f1a-4698-ae6c-a650d3cb388c', 8);

INSERT INTO recipes (id, user_id, title, description, instructions, image_url, servings, source_url, source_name, is_archived, views, cart_adds) VALUES ('2cdfb20a-1ec2-40c3-869e-8d45cd64ead5', 'admin-user-id', 'Grilled Lamb with Carrots and Zucchini Noodles', 'A delicious Grilled Lamb with Carrots and Zucchini Noodles recipe. This Midwest-friendly dish is a family favorite and easy to make with common ingredients.', '1. Preheat oven to 375°F (190°C) if baking.
2. Prepare the Noodles and other main ingredients.
3. In a large bowl, combine with seasonings.
4. Cook according to source instructions until internal temperature is safe.
5. Let rest for 5 minutes before serving.', 'https://images.unsplash.com/photo-1455619452474-d2ba29bc06da?auto=format&fit=crop&w=800&q=60', 2, 'https://www.epicurious.com/recipe/grilled-lamb-with-carrots-and-zucchini-noodles', 'Epicurious', 0, 569, 53);
INSERT INTO ingredients (id, recipe_id, name, quantity, unit) VALUES ('a8da7a76-5e8b-412e-b48d-7c4c2720daaf', '2cdfb20a-1ec2-40c3-869e-8d45cd64ead5', 'Salt', 1.0, 'tsp');
INSERT INTO ingredients (id, recipe_id, name, quantity, unit) VALUES ('7418c1d3-b8ba-4b72-9e27-9c11725e79e3', '2cdfb20a-1ec2-40c3-869e-8d45cd64ead5', 'Tomato Sauce', 1.0, 'oz');
INSERT INTO ingredients (id, recipe_id, name, quantity, unit) VALUES ('895cb2e4-3ed7-41b0-8aec-a01cce22ead7', '2cdfb20a-1ec2-40c3-869e-8d45cd64ead5', 'Celery', 2.5, 'cup');
INSERT INTO ingredients (id, recipe_id, name, quantity, unit) VALUES ('303a6d3b-e212-4a60-b3df-052fb76b61e8', '2cdfb20a-1ec2-40c3-869e-8d45cd64ead5', 'Tater Tots', 3.4, 'oz');
INSERT INTO ingredients (id, recipe_id, name, quantity, unit) VALUES ('2b5f66c2-9b37-4d11-a0b1-fad835fd0233', '2cdfb20a-1ec2-40c3-869e-8d45cd64ead5', 'Carrots', 3.1, 'cup');
INSERT INTO recipe_dietary_tags (recipe_id, tag_id) VALUES ('2cdfb20a-1ec2-40c3-869e-8d45cd64ead5', 1);
INSERT INTO recipe_dietary_tags (recipe_id, tag_id) VALUES ('2cdfb20a-1ec2-40c3-869e-8d45cd64ead5', 6);

INSERT INTO recipes (id, user_id, title, description, instructions, image_url, servings, source_url, source_name, is_archived, views, cart_adds) VALUES ('e81b8259-ba39-4909-8e12-ef58e99708d6', 'admin-user-id', 'Sautéed Tofu with Carrots and Couscous', 'A delicious Sautéed Tofu with Carrots and Couscous recipe. This Midwest-friendly dish is a family favorite and easy to make with common ingredients.', '1. Preheat oven to 375°F (190°C) if baking.
2. Prepare the Couscous and other main ingredients.
3. In a large bowl, combine with seasonings.
4. Cook according to source instructions until internal temperature is safe.
5. Let rest for 5 minutes before serving.', 'https://images.unsplash.com/photo-1504113888839-14294c223d51?auto=format&fit=crop&w=800&q=60', 7, 'https://www.foodnetwork.com/recipe/saut-ed-tofu-with-carrots-and-couscous', 'Food Network', 0, 675, 97);
INSERT INTO ingredients (id, recipe_id, name, quantity, unit) VALUES ('a5763151-6de8-41da-94f1-8cf6d34f76ce', 'e81b8259-ba39-4909-8e12-ef58e99708d6', 'Frozen Peas', 0.6, 'cup');
INSERT INTO ingredients (id, recipe_id, name, quantity, unit) VALUES ('87b02e83-716c-4316-907a-cda1c274a055', 'e81b8259-ba39-4909-8e12-ef58e99708d6', 'Rice', 1.2, 'cup');
INSERT INTO ingredients (id, recipe_id, name, quantity, unit) VALUES ('72a8916f-bed9-4bda-8ca4-5c27f923da84', 'e81b8259-ba39-4909-8e12-ef58e99708d6', 'Worcestershire Sauce', 2.3, 'tbsp');
INSERT INTO ingredients (id, recipe_id, name, quantity, unit) VALUES ('5a1b5878-dffa-44e5-a021-d8ae64d26958', 'e81b8259-ba39-4909-8e12-ef58e99708d6', 'Olive Oil', 1.2, 'tbsp');
INSERT INTO ingredients (id, recipe_id, name, quantity, unit) VALUES ('0f968889-0f8e-4c78-b483-6d0e8b49e517', 'e81b8259-ba39-4909-8e12-ef58e99708d6', 'Pasta', 0.9, 'oz');
INSERT INTO ingredients (id, recipe_id, name, quantity, unit) VALUES ('1c5620bc-a187-4091-8c0d-b102d2db2b43', 'e81b8259-ba39-4909-8e12-ef58e99708d6', 'Potatoes', 1.2, 'lb');
INSERT INTO recipe_dietary_tags (recipe_id, tag_id) VALUES ('e81b8259-ba39-4909-8e12-ef58e99708d6', 3);
INSERT INTO recipe_dietary_tags (recipe_id, tag_id) VALUES ('e81b8259-ba39-4909-8e12-ef58e99708d6', 4);

INSERT INTO recipes (id, user_id, title, description, instructions, image_url, servings, source_url, source_name, is_archived, views, cart_adds) VALUES ('d0b1880e-f1b7-45e0-a8e4-0a3c10481ce4', 'admin-user-id', 'Baked Turkey with Broccoli and Lentil Pasta', 'A delicious Baked Turkey with Broccoli and Lentil Pasta recipe. This Midwest-friendly dish is a family favorite and easy to make with common ingredients.', '1. Preheat oven to 375°F (190°C) if baking.
2. Prepare the Pasta and other main ingredients.
3. In a large bowl, combine with seasonings.
4. Cook according to source instructions until internal temperature is safe.
5. Let rest for 5 minutes before serving.', 'https://images.unsplash.com/photo-1546062477-fe2f66230ba3?auto=format&fit=crop&w=800&q=60', 7, 'https://www.bonappetit.com/recipe/baked-turkey-with-broccoli-and-lentil-pasta', 'Bon Appetit', 0, 438, 56);
INSERT INTO ingredients (id, recipe_id, name, quantity, unit) VALUES ('3000d683-5eb5-45a1-b75c-ed47ebcce4ae', 'd0b1880e-f1b7-45e0-a8e4-0a3c10481ce4', 'Cheddar Cheese', 1.4, 'cup');
INSERT INTO ingredients (id, recipe_id, name, quantity, unit) VALUES ('b70c0c6c-3be4-4f2f-97a0-67780c5cee3a', 'd0b1880e-f1b7-45e0-a8e4-0a3c10481ce4', 'Cream of Mushroom Soup', 0.7, 'can');
INSERT INTO ingredients (id, recipe_id, name, quantity, unit) VALUES ('e23e579c-6496-4cf5-aa8a-8174ad6a73b2', 'd0b1880e-f1b7-45e0-a8e4-0a3c10481ce4', 'Rice', 2.8, 'cup');
INSERT INTO ingredients (id, recipe_id, name, quantity, unit) VALUES ('5f47611d-b92a-40d1-95f4-e60a08067701', 'd0b1880e-f1b7-45e0-a8e4-0a3c10481ce4', 'Tater Tots', 1.4, 'oz');
INSERT INTO ingredients (id, recipe_id, name, quantity, unit) VALUES ('8979b3f2-0365-4496-8c8b-8ac775c67620', 'd0b1880e-f1b7-45e0-a8e4-0a3c10481ce4', 'Dijon Mustard', 1.0, 'tsp');
INSERT INTO recipe_dietary_tags (recipe_id, tag_id) VALUES ('d0b1880e-f1b7-45e0-a8e4-0a3c10481ce4', 8);
INSERT INTO recipe_dietary_tags (recipe_id, tag_id) VALUES ('d0b1880e-f1b7-45e0-a8e4-0a3c10481ce4', 2);

INSERT INTO recipes (id, user_id, title, description, instructions, image_url, servings, source_url, source_name, is_archived, views, cart_adds) VALUES ('63413bda-4a16-4d2f-b521-9eb4da98a657', 'admin-user-id', 'Grilled Beef with Zucchini and Cauliflower Rice', 'A delicious Grilled Beef with Zucchini and Cauliflower Rice recipe. This Midwest-friendly dish is a family favorite and easy to make with common ingredients.', '1. Preheat oven to 375°F (190°C) if baking.
2. Prepare the Rice and other main ingredients.
3. In a large bowl, combine with seasonings.
4. Cook according to source instructions until internal temperature is safe.
5. Let rest for 5 minutes before serving.', 'https://images.unsplash.com/photo-1504674900247-0877df9cc836?auto=format&fit=crop&w=800&q=60', 4, 'https://www.foodnetwork.com/recipe/grilled-beef-with-zucchini-and-cauliflower-rice', 'Food Network', 0, 431, 42);
INSERT INTO ingredients (id, recipe_id, name, quantity, unit) VALUES ('7c0a95e7-eceb-49ba-81c7-f2368bd7f56b', '63413bda-4a16-4d2f-b521-9eb4da98a657', 'Celery', 3.0, 'cup');
INSERT INTO ingredients (id, recipe_id, name, quantity, unit) VALUES ('bb88d129-6c58-4ca0-b2f6-37c3b106461b', '63413bda-4a16-4d2f-b521-9eb4da98a657', 'Rice', 0.5, 'cup');
INSERT INTO ingredients (id, recipe_id, name, quantity, unit) VALUES ('7be26576-8fe3-4a0a-b01b-8b99dbfc7164', '63413bda-4a16-4d2f-b521-9eb4da98a657', 'Black Pepper', 2.0, 'tsp');
INSERT INTO ingredients (id, recipe_id, name, quantity, unit) VALUES ('1cc6dd17-5f03-4e4b-a1bf-8a4f02cdf5fc', '63413bda-4a16-4d2f-b521-9eb4da98a657', 'Cheddar Cheese', 0.6, 'cup');
INSERT INTO ingredients (id, recipe_id, name, quantity, unit) VALUES ('1bc5e698-2951-4a14-bef5-ac1f53b318f6', '63413bda-4a16-4d2f-b521-9eb4da98a657', 'Pasta', 2.4, 'oz');
INSERT INTO recipe_dietary_tags (recipe_id, tag_id) VALUES ('63413bda-4a16-4d2f-b521-9eb4da98a657', 1);
INSERT INTO recipe_dietary_tags (recipe_id, tag_id) VALUES ('63413bda-4a16-4d2f-b521-9eb4da98a657', 6);
INSERT INTO recipe_dietary_tags (recipe_id, tag_id) VALUES ('63413bda-4a16-4d2f-b521-9eb4da98a657', 10);
INSERT INTO recipe_dietary_tags (recipe_id, tag_id) VALUES ('63413bda-4a16-4d2f-b521-9eb4da98a657', 2);
INSERT INTO recipe_dietary_tags (recipe_id, tag_id) VALUES ('63413bda-4a16-4d2f-b521-9eb4da98a657', 4);
INSERT INTO recipe_dietary_tags (recipe_id, tag_id) VALUES ('63413bda-4a16-4d2f-b521-9eb4da98a657', 7);

INSERT INTO recipes (id, user_id, title, description, instructions, image_url, servings, source_url, source_name, is_archived, views, cart_adds) VALUES ('f12a84b9-5d00-479f-a29f-4cb35b6809e9', 'admin-user-id', 'Steamed Shrimp with Kale and Zucchini Noodles', 'A delicious Steamed Shrimp with Kale and Zucchini Noodles recipe. This Midwest-friendly dish is a family favorite and easy to make with common ingredients.', '1. Preheat oven to 375°F (190°C) if baking.
2. Prepare the Noodles and other main ingredients.
3. In a large bowl, combine with seasonings.
4. Cook according to source instructions until internal temperature is safe.
5. Let rest for 5 minutes before serving.', 'https://images.unsplash.com/photo-1493770348161-369560ae357d?auto=format&fit=crop&w=800&q=60', 5, 'https://www.tasteofhome.com/recipe/steamed-shrimp-with-kale-and-zucchini-noodles', 'Taste of Home', 0, 621, 24);
INSERT INTO ingredients (id, recipe_id, name, quantity, unit) VALUES ('fd9e51f9-e1a3-493d-bda0-7f956f906f89', 'f12a84b9-5d00-479f-a29f-4cb35b6809e9', 'Milk', 1.8, 'cup');
INSERT INTO ingredients (id, recipe_id, name, quantity, unit) VALUES ('75ab7c3b-3b6e-4288-a349-29b3498aa473', 'f12a84b9-5d00-479f-a29f-4cb35b6809e9', 'Ground Beef', 3.2, 'lb');
INSERT INTO ingredients (id, recipe_id, name, quantity, unit) VALUES ('49639813-5b58-47ad-be3b-b84e162252ac', 'f12a84b9-5d00-479f-a29f-4cb35b6809e9', 'Butter', 2.5, 'tbsp');
INSERT INTO ingredients (id, recipe_id, name, quantity, unit) VALUES ('b0372209-7ed5-4a11-832c-95b6373af720', 'f12a84b9-5d00-479f-a29f-4cb35b6809e9', 'Pasta', 1.6, 'oz');
INSERT INTO ingredients (id, recipe_id, name, quantity, unit) VALUES ('6168f242-4088-4b7a-9565-8b12c1e7e391', 'f12a84b9-5d00-479f-a29f-4cb35b6809e9', 'Black Pepper', 2.8, 'tsp');
INSERT INTO ingredients (id, recipe_id, name, quantity, unit) VALUES ('8a9ebd9d-6408-4b75-8f3f-b7f52a4f3297', 'f12a84b9-5d00-479f-a29f-4cb35b6809e9', 'Soy Sauce', 1.8, 'tbsp');
INSERT INTO ingredients (id, recipe_id, name, quantity, unit) VALUES ('0ce3163b-82eb-4bf7-a6a6-3b3755abae32', 'f12a84b9-5d00-479f-a29f-4cb35b6809e9', 'Dijon Mustard', 3.5, 'tsp');
INSERT INTO recipe_dietary_tags (recipe_id, tag_id) VALUES ('f12a84b9-5d00-479f-a29f-4cb35b6809e9', 1);
INSERT INTO recipe_dietary_tags (recipe_id, tag_id) VALUES ('f12a84b9-5d00-479f-a29f-4cb35b6809e9', 6);
INSERT INTO recipe_dietary_tags (recipe_id, tag_id) VALUES ('f12a84b9-5d00-479f-a29f-4cb35b6809e9', 2);

INSERT INTO recipes (id, user_id, title, description, instructions, image_url, servings, source_url, source_name, is_archived, views, cart_adds) VALUES ('3b644a7b-f5cf-47c5-91a3-bb585c480076', 'admin-user-id', 'Sautéed Tofu with Cauliflower and Zucchini Noodles', 'A delicious Sautéed Tofu with Cauliflower and Zucchini Noodles recipe. This Midwest-friendly dish is a family favorite and easy to make with common ingredients.', '1. Preheat oven to 375°F (190°C) if baking.
2. Prepare the Noodles and other main ingredients.
3. In a large bowl, combine with seasonings.
4. Cook according to source instructions until internal temperature is safe.
5. Let rest for 5 minutes before serving.', 'https://images.unsplash.com/photo-1473093226795-af9932fe5856?auto=format&fit=crop&w=800&q=60', 2, 'https://www.foodnetwork.com/recipe/saut-ed-tofu-with-cauliflower-and-zucchini-noodles', 'Food Network', 0, 402, 68);
INSERT INTO ingredients (id, recipe_id, name, quantity, unit) VALUES ('541eb012-e8ae-4f4d-87d0-4b573f5097a6', '3b644a7b-f5cf-47c5-91a3-bb585c480076', 'Tomato Sauce', 1.6, 'oz');
INSERT INTO ingredients (id, recipe_id, name, quantity, unit) VALUES ('990bda3f-8675-4e69-b6a6-4473e8b4529f', '3b644a7b-f5cf-47c5-91a3-bb585c480076', 'Potatoes', 1.0, 'lb');
INSERT INTO ingredients (id, recipe_id, name, quantity, unit) VALUES ('7c4d7462-0b7b-4aea-bc33-ae8e7c316555', '3b644a7b-f5cf-47c5-91a3-bb585c480076', 'Egg', 2.8, 'large');
INSERT INTO ingredients (id, recipe_id, name, quantity, unit) VALUES ('82e24ab6-83b7-4c6c-8385-6a384928bbb2', '3b644a7b-f5cf-47c5-91a3-bb585c480076', 'Frozen Peas', 1.8, 'cup');
INSERT INTO ingredients (id, recipe_id, name, quantity, unit) VALUES ('3fd7a8cb-159d-4696-bc47-3dac5eb929de', '3b644a7b-f5cf-47c5-91a3-bb585c480076', 'Onion', 2.3, 'cup');
INSERT INTO recipe_dietary_tags (recipe_id, tag_id) VALUES ('3b644a7b-f5cf-47c5-91a3-bb585c480076', 1);
INSERT INTO recipe_dietary_tags (recipe_id, tag_id) VALUES ('3b644a7b-f5cf-47c5-91a3-bb585c480076', 6);
INSERT INTO recipe_dietary_tags (recipe_id, tag_id) VALUES ('3b644a7b-f5cf-47c5-91a3-bb585c480076', 3);

INSERT INTO recipes (id, user_id, title, description, instructions, image_url, servings, source_url, source_name, is_archived, views, cart_adds) VALUES ('4280eede-eaf2-4d2c-a2de-ae8a4eb7604e', 'admin-user-id', 'Air Fried Beef with Zucchini and Brown Rice', 'A delicious Air Fried Beef with Zucchini and Brown Rice recipe. This Midwest-friendly dish is a family favorite and easy to make with common ingredients.', '1. Preheat oven to 375°F (190°C) if baking.
2. Prepare the Rice and other main ingredients.
3. In a large bowl, combine with seasonings.
4. Cook according to source instructions until internal temperature is safe.
5. Let rest for 5 minutes before serving.', 'https://images.unsplash.com/photo-1512621776951-a57141f2eefd?auto=format&fit=crop&w=800&q=60', 5, 'https://www.foodnetwork.com/recipe/air-fried-beef-with-zucchini-and-brown-rice', 'Food Network', 0, 41, 99);
INSERT INTO ingredients (id, recipe_id, name, quantity, unit) VALUES ('a71b08d6-85d1-4a71-b571-24fc582bcaa4', '4280eede-eaf2-4d2c-a2de-ae8a4eb7604e', 'Tater Tots', 3.1, 'oz');
INSERT INTO ingredients (id, recipe_id, name, quantity, unit) VALUES ('eff601b7-f482-4eef-9df5-462503c52cb5', '4280eede-eaf2-4d2c-a2de-ae8a4eb7604e', 'Breadcrumbs', 2.5, 'cup');
INSERT INTO ingredients (id, recipe_id, name, quantity, unit) VALUES ('297f56d0-332a-4eff-a788-1ccf6a28d65d', '4280eede-eaf2-4d2c-a2de-ae8a4eb7604e', 'Heavy Cream', 1.8, 'cup');
INSERT INTO ingredients (id, recipe_id, name, quantity, unit) VALUES ('23fe295c-5aab-4eb8-9e03-4024e5ca037d', '4280eede-eaf2-4d2c-a2de-ae8a4eb7604e', 'Egg', 1.2, 'large');
INSERT INTO ingredients (id, recipe_id, name, quantity, unit) VALUES ('9a80688b-9bab-418a-a901-750319b091ed', '4280eede-eaf2-4d2c-a2de-ae8a4eb7604e', 'Black Pepper', 2.3, 'tsp');
INSERT INTO ingredients (id, recipe_id, name, quantity, unit) VALUES ('eee3135a-c67a-4537-bd2d-e8db6208532c', '4280eede-eaf2-4d2c-a2de-ae8a4eb7604e', 'Celery', 3.5, 'cup');
INSERT INTO recipe_dietary_tags (recipe_id, tag_id) VALUES ('4280eede-eaf2-4d2c-a2de-ae8a4eb7604e', 10);

INSERT INTO recipes (id, user_id, title, description, instructions, image_url, servings, source_url, source_name, is_archived, views, cart_adds) VALUES ('063df9da-fdf5-4379-a2da-84334f885522', 'admin-user-id', 'Baked Beef with Zucchini and Mashed Cauliflower', 'A delicious Baked Beef with Zucchini and Mashed Cauliflower recipe. This Midwest-friendly dish is a family favorite and easy to make with common ingredients.', '1. Preheat oven to 375°F (190°C) if baking.
2. Prepare the Cauliflower and other main ingredients.
3. In a large bowl, combine with seasonings.
4. Cook according to source instructions until internal temperature is safe.
5. Let rest for 5 minutes before serving.', 'https://images.unsplash.com/photo-1482049016688-2d3e1b311543?auto=format&fit=crop&w=800&q=60', 4, 'https://www.epicurious.com/recipe/baked-beef-with-zucchini-and-mashed-cauliflower', 'Epicurious', 0, 122, 16);
INSERT INTO ingredients (id, recipe_id, name, quantity, unit) VALUES ('d7f36dbb-6afe-467b-beb8-3e14fbad5ef9', '063df9da-fdf5-4379-a2da-84334f885522', 'Tater Tots', 2.6, 'oz');
INSERT INTO ingredients (id, recipe_id, name, quantity, unit) VALUES ('80c08539-02b3-4ebb-ab87-e01df741d56c', '063df9da-fdf5-4379-a2da-84334f885522', 'Lemon Juice', 3.1, 'tbsp');
INSERT INTO ingredients (id, recipe_id, name, quantity, unit) VALUES ('921a6a77-db70-497a-8f68-69311605c89f', '063df9da-fdf5-4379-a2da-84334f885522', 'Onion', 1.6, 'cup');
INSERT INTO ingredients (id, recipe_id, name, quantity, unit) VALUES ('5fcaba21-be9d-4718-a196-309b4a07fb4d', '063df9da-fdf5-4379-a2da-84334f885522', 'Rice', 0.6, 'cup');
INSERT INTO ingredients (id, recipe_id, name, quantity, unit) VALUES ('46bdc0c5-8803-4e8b-bf72-877be9e573a2', '063df9da-fdf5-4379-a2da-84334f885522', 'Dijon Mustard', 2.8, 'tsp');
INSERT INTO recipe_dietary_tags (recipe_id, tag_id) VALUES ('063df9da-fdf5-4379-a2da-84334f885522', 1);
INSERT INTO recipe_dietary_tags (recipe_id, tag_id) VALUES ('063df9da-fdf5-4379-a2da-84334f885522', 6);
INSERT INTO recipe_dietary_tags (recipe_id, tag_id) VALUES ('063df9da-fdf5-4379-a2da-84334f885522', 10);
INSERT INTO recipe_dietary_tags (recipe_id, tag_id) VALUES ('063df9da-fdf5-4379-a2da-84334f885522', 2);
INSERT INTO recipe_dietary_tags (recipe_id, tag_id) VALUES ('063df9da-fdf5-4379-a2da-84334f885522', 7);

INSERT INTO recipes (id, user_id, title, description, instructions, image_url, servings, source_url, source_name, is_archived, views, cart_adds) VALUES ('591fe324-b7bf-4137-b689-abe5069e2ca8', 'admin-user-id', 'Roasted Pork with Sweet Potatoes and Couscous', 'A delicious Roasted Pork with Sweet Potatoes and Couscous recipe. This Midwest-friendly dish is a family favorite and easy to make with common ingredients.', '1. Preheat oven to 375°F (190°C) if baking.
2. Prepare the Couscous and other main ingredients.
3. In a large bowl, combine with seasonings.
4. Cook according to source instructions until internal temperature is safe.
5. Let rest for 5 minutes before serving.', 'https://images.unsplash.com/photo-1484723091739-30a097e8f929?auto=format&fit=crop&w=800&q=60', 7, 'https://www.bonappetit.com/recipe/roasted-pork-with-sweet-potatoes-and-couscous', 'Bon Appetit', 0, 315, 58);
INSERT INTO ingredients (id, recipe_id, name, quantity, unit) VALUES ('cf4b3edc-67d5-4a1f-856c-5241879b9766', '591fe324-b7bf-4137-b689-abe5069e2ca8', 'Cream of Mushroom Soup', 1.6, 'can');
INSERT INTO ingredients (id, recipe_id, name, quantity, unit) VALUES ('f3972b6e-26ef-4f52-9be6-a34bd590b606', '591fe324-b7bf-4137-b689-abe5069e2ca8', 'Worcestershire Sauce', 3.3, 'tbsp');
INSERT INTO ingredients (id, recipe_id, name, quantity, unit) VALUES ('11b94a0c-7f08-445a-9698-de56580320dc', '591fe324-b7bf-4137-b689-abe5069e2ca8', 'Garlic', 2.5, 'clove');
INSERT INTO ingredients (id, recipe_id, name, quantity, unit) VALUES ('317b92d6-b5b9-4980-86de-66c2c6e5a382', '591fe324-b7bf-4137-b689-abe5069e2ca8', 'Onion', 2.7, 'cup');
INSERT INTO ingredients (id, recipe_id, name, quantity, unit) VALUES ('31f2f53d-e40d-4155-8ead-f61e253caadc', '591fe324-b7bf-4137-b689-abe5069e2ca8', 'Dijon Mustard', 1.1, 'tsp');
INSERT INTO recipe_dietary_tags (recipe_id, tag_id) VALUES ('591fe324-b7bf-4137-b689-abe5069e2ca8', 10);
INSERT INTO recipe_dietary_tags (recipe_id, tag_id) VALUES ('591fe324-b7bf-4137-b689-abe5069e2ca8', 4);

INSERT INTO recipes (id, user_id, title, description, instructions, image_url, servings, source_url, source_name, is_archived, views, cart_adds) VALUES ('7c1f68cc-344b-4093-8ae0-b6b599798d75', 'admin-user-id', 'Baked Venison with Spinach and Brown Rice', 'A delicious Baked Venison with Spinach and Brown Rice recipe. This Midwest-friendly dish is a family favorite and easy to make with common ingredients.', '1. Preheat oven to 375°F (190°C) if baking.
2. Prepare the Rice and other main ingredients.
3. In a large bowl, combine with seasonings.
4. Cook according to source instructions until internal temperature is safe.
5. Let rest for 5 minutes before serving.', 'https://images.unsplash.com/photo-1540189549336-e6e99c3679fe?auto=format&fit=crop&w=800&q=60', 4, 'https://www.bonappetit.com/recipe/baked-venison-with-spinach-and-brown-rice', 'Bon Appetit', 0, 523, 19);
INSERT INTO ingredients (id, recipe_id, name, quantity, unit) VALUES ('146fe6e8-3a7c-4815-aaf0-f4d62369aa58', '7c1f68cc-344b-4093-8ae0-b6b599798d75', 'Lemon Juice', 1.1, 'tbsp');
INSERT INTO ingredients (id, recipe_id, name, quantity, unit) VALUES ('03063e04-db86-40de-9028-36c174cdb5f0', '7c1f68cc-344b-4093-8ae0-b6b599798d75', 'Black Pepper', 1.0, 'tsp');
INSERT INTO ingredients (id, recipe_id, name, quantity, unit) VALUES ('6b1be5bf-ef5a-4e13-8558-a4f1b34b09aa', '7c1f68cc-344b-4093-8ae0-b6b599798d75', 'Cream of Mushroom Soup', 0.8, 'can');
INSERT INTO ingredients (id, recipe_id, name, quantity, unit) VALUES ('66fb4941-8694-41be-b3ec-2a92ff6fe681', '7c1f68cc-344b-4093-8ae0-b6b599798d75', 'Celery', 2.8, 'cup');
INSERT INTO ingredients (id, recipe_id, name, quantity, unit) VALUES ('61384497-5063-4e2b-9792-ca424400ae0f', '7c1f68cc-344b-4093-8ae0-b6b599798d75', 'Carrots', 0.8, 'cup');
INSERT INTO ingredients (id, recipe_id, name, quantity, unit) VALUES ('97021e0f-67e2-4725-83b5-dcb715d63834', '7c1f68cc-344b-4093-8ae0-b6b599798d75', 'Milk', 0.9, 'cup');
INSERT INTO ingredients (id, recipe_id, name, quantity, unit) VALUES ('96314c32-373f-488d-97a5-c03b001b71dd', '7c1f68cc-344b-4093-8ae0-b6b599798d75', 'Dijon Mustard', 1.4, 'tsp');
INSERT INTO recipe_dietary_tags (recipe_id, tag_id) VALUES ('7c1f68cc-344b-4093-8ae0-b6b599798d75', 6);
INSERT INTO recipe_dietary_tags (recipe_id, tag_id) VALUES ('7c1f68cc-344b-4093-8ae0-b6b599798d75', 4);

INSERT INTO recipes (id, user_id, title, description, instructions, image_url, servings, source_url, source_name, is_archived, views, cart_adds) VALUES ('2c81b1b0-31d2-4b2b-b83e-d2f10b3f71d5', 'admin-user-id', 'Roasted Lamb with Zucchini and Couscous', 'A delicious Roasted Lamb with Zucchini and Couscous recipe. This Midwest-friendly dish is a family favorite and easy to make with common ingredients.', '1. Preheat oven to 375°F (190°C) if baking.
2. Prepare the Couscous and other main ingredients.
3. In a large bowl, combine with seasonings.
4. Cook according to source instructions until internal temperature is safe.
5. Let rest for 5 minutes before serving.', 'https://images.unsplash.com/photo-1567620985035-091781110527?auto=format&fit=crop&w=800&q=60', 7, 'https://www.bonappetit.com/recipe/roasted-lamb-with-zucchini-and-couscous', 'Bon Appetit', 0, 654, 25);
INSERT INTO ingredients (id, recipe_id, name, quantity, unit) VALUES ('a6ac758e-d22a-41df-9f6d-db5eebc1a23c', '2c81b1b0-31d2-4b2b-b83e-d2f10b3f71d5', 'Cheddar Cheese', 3.1, 'cup');
INSERT INTO ingredients (id, recipe_id, name, quantity, unit) VALUES ('dc6f1c81-e1ea-4eb7-b15d-ab60d09c9f77', '2c81b1b0-31d2-4b2b-b83e-d2f10b3f71d5', 'Celery', 1.8, 'cup');
INSERT INTO ingredients (id, recipe_id, name, quantity, unit) VALUES ('c184bb7d-bfcb-402c-9ddb-9fbcd629fed0', '2c81b1b0-31d2-4b2b-b83e-d2f10b3f71d5', 'Breadcrumbs', 1.7, 'cup');
INSERT INTO ingredients (id, recipe_id, name, quantity, unit) VALUES ('df9f2b29-e298-40e5-af41-4656e55338d0', '2c81b1b0-31d2-4b2b-b83e-d2f10b3f71d5', 'Carrots', 3.3, 'cup');
INSERT INTO ingredients (id, recipe_id, name, quantity, unit) VALUES ('c275005e-5922-4a93-a5e0-385e8ad36e62', '2c81b1b0-31d2-4b2b-b83e-d2f10b3f71d5', 'Egg', 1.7, 'large');
INSERT INTO ingredients (id, recipe_id, name, quantity, unit) VALUES ('509c8201-0e74-450a-b14c-a199f3309b02', '2c81b1b0-31d2-4b2b-b83e-d2f10b3f71d5', 'Honey', 1.6, 'tbsp');
INSERT INTO ingredients (id, recipe_id, name, quantity, unit) VALUES ('d5576f9f-c247-4cbf-87fd-851e17b7553b', '2c81b1b0-31d2-4b2b-b83e-d2f10b3f71d5', 'Soy Sauce', 1.3, 'tbsp');
INSERT INTO recipe_dietary_tags (recipe_id, tag_id) VALUES ('2c81b1b0-31d2-4b2b-b83e-d2f10b3f71d5', 9);

INSERT INTO recipes (id, user_id, title, description, instructions, image_url, servings, source_url, source_name, is_archived, views, cart_adds) VALUES ('475e9230-551b-47a0-9bc2-a8b4f3e67639', 'admin-user-id', 'Grilled Turkey with Broccoli and Cauliflower Rice', 'A delicious Grilled Turkey with Broccoli and Cauliflower Rice recipe. This Midwest-friendly dish is a family favorite and easy to make with common ingredients.', '1. Preheat oven to 375°F (190°C) if baking.
2. Prepare the Rice and other main ingredients.
3. In a large bowl, combine with seasonings.
4. Cook according to source instructions until internal temperature is safe.
5. Let rest for 5 minutes before serving.', 'https://images.unsplash.com/photo-1565299624946-b28f40a0ae38?auto=format&fit=crop&w=800&q=60', 5, 'https://www.tasteofhome.com/recipe/grilled-turkey-with-broccoli-and-cauliflower-rice', 'Taste of Home', 0, 877, 73);
INSERT INTO ingredients (id, recipe_id, name, quantity, unit) VALUES ('6a6e9e5c-a0c4-4e8d-9391-778180bd8a6e', '475e9230-551b-47a0-9bc2-a8b4f3e67639', 'Garlic', 2.5, 'clove');
INSERT INTO ingredients (id, recipe_id, name, quantity, unit) VALUES ('9b8b8973-3b8c-4c0a-b2fd-a90e703b4117', '475e9230-551b-47a0-9bc2-a8b4f3e67639', 'Butter', 2.6, 'tbsp');
INSERT INTO ingredients (id, recipe_id, name, quantity, unit) VALUES ('9385dc71-8786-41e9-a93d-d631633c174d', '475e9230-551b-47a0-9bc2-a8b4f3e67639', 'Tater Tots', 1.3, 'oz');
INSERT INTO ingredients (id, recipe_id, name, quantity, unit) VALUES ('793058ca-3bf8-47c1-90fc-2ee62659d841', '475e9230-551b-47a0-9bc2-a8b4f3e67639', 'Black Pepper', 1.9, 'tsp');
INSERT INTO ingredients (id, recipe_id, name, quantity, unit) VALUES ('b9fc7689-343e-477f-9768-bbda4e9b7e3d', '475e9230-551b-47a0-9bc2-a8b4f3e67639', 'Heavy Cream', 0.9, 'cup');
INSERT INTO ingredients (id, recipe_id, name, quantity, unit) VALUES ('93190b27-3a23-4b74-b6a5-089821443d00', '475e9230-551b-47a0-9bc2-a8b4f3e67639', 'Egg', 1.3, 'large');
INSERT INTO ingredients (id, recipe_id, name, quantity, unit) VALUES ('436f5014-5f0c-4540-ab7c-64d1e041a561', '475e9230-551b-47a0-9bc2-a8b4f3e67639', 'Salt', 3.1, 'tsp');
INSERT INTO recipe_dietary_tags (recipe_id, tag_id) VALUES ('475e9230-551b-47a0-9bc2-a8b4f3e67639', 1);
INSERT INTO recipe_dietary_tags (recipe_id, tag_id) VALUES ('475e9230-551b-47a0-9bc2-a8b4f3e67639', 6);
INSERT INTO recipe_dietary_tags (recipe_id, tag_id) VALUES ('475e9230-551b-47a0-9bc2-a8b4f3e67639', 8);

INSERT INTO recipes (id, user_id, title, description, instructions, image_url, servings, source_url, source_name, is_archived, views, cart_adds) VALUES ('11bc6d83-869b-498f-895c-06dada30461a', 'admin-user-id', 'Pan-Seared Tofu with Spinach and Quinoa', 'A delicious Pan-Seared Tofu with Spinach and Quinoa recipe. This Midwest-friendly dish is a family favorite and easy to make with common ingredients.', '1. Preheat oven to 375°F (190°C) if baking.
2. Prepare the Quinoa and other main ingredients.
3. In a large bowl, combine with seasonings.
4. Cook according to source instructions until internal temperature is safe.
5. Let rest for 5 minutes before serving.', 'https://images.unsplash.com/photo-1555939594-58d7cb561ad1?auto=format&fit=crop&w=800&q=60', 4, 'https://www.allrecipes.com/recipe/pan-seared-tofu-with-spinach-and-quinoa', 'AllRecipes', 0, 901, 52);
INSERT INTO ingredients (id, recipe_id, name, quantity, unit) VALUES ('4fe36771-5473-42fd-a211-dc0b32ccf697', '11bc6d83-869b-498f-895c-06dada30461a', 'Salt', 1.7, 'tsp');
INSERT INTO ingredients (id, recipe_id, name, quantity, unit) VALUES ('d5ba90f6-e4cf-41c7-82dd-f5dce653abe5', '11bc6d83-869b-498f-895c-06dada30461a', 'Tater Tots', 1.9, 'oz');
INSERT INTO ingredients (id, recipe_id, name, quantity, unit) VALUES ('6240704b-e1ce-4e85-aacb-8e6924066a64', '11bc6d83-869b-498f-895c-06dada30461a', 'Black Pepper', 1.1, 'tsp');
INSERT INTO ingredients (id, recipe_id, name, quantity, unit) VALUES ('b493f800-cf4b-43bb-860e-c1452d0a62f2', '11bc6d83-869b-498f-895c-06dada30461a', 'Olive Oil', 3.5, 'tbsp');
INSERT INTO recipe_dietary_tags (recipe_id, tag_id) VALUES ('11bc6d83-869b-498f-895c-06dada30461a', 3);
INSERT INTO recipe_dietary_tags (recipe_id, tag_id) VALUES ('11bc6d83-869b-498f-895c-06dada30461a', 4);

INSERT INTO recipes (id, user_id, title, description, instructions, image_url, servings, source_url, source_name, is_archived, views, cart_adds) VALUES ('74b6f52f-a3d4-46b5-b94d-50a0e0a9809e', 'admin-user-id', 'Pan-Seared Pork with Brussels Sprouts and Zucchini Noodles', 'A delicious Pan-Seared Pork with Brussels Sprouts and Zucchini Noodles recipe. This Midwest-friendly dish is a family favorite and easy to make with common ingredients.', '1. Preheat oven to 375°F (190°C) if baking.
2. Prepare the Noodles and other main ingredients.
3. In a large bowl, combine with seasonings.
4. Cook according to source instructions until internal temperature is safe.
5. Let rest for 5 minutes before serving.', 'https://images.unsplash.com/photo-1513104894114-bd7ea4718312?auto=format&fit=crop&w=800&q=60', 5, 'https://www.tasteofhome.com/recipe/pan-seared-pork-with-brussels-sprouts-and-zucchini-noodles', 'Taste of Home', 0, 883, 5);
INSERT INTO ingredients (id, recipe_id, name, quantity, unit) VALUES ('4990f04a-156b-48f1-bbb8-ad975f6222b4', '74b6f52f-a3d4-46b5-b94d-50a0e0a9809e', 'Butter', 2.9, 'tbsp');
INSERT INTO ingredients (id, recipe_id, name, quantity, unit) VALUES ('7b12a4ed-ec99-4c42-a7df-4bf71b308c07', '74b6f52f-a3d4-46b5-b94d-50a0e0a9809e', 'Potatoes', 2.9, 'lb');
INSERT INTO ingredients (id, recipe_id, name, quantity, unit) VALUES ('b4f55def-3e6a-4b13-a86c-3d1c5946b0dd', '74b6f52f-a3d4-46b5-b94d-50a0e0a9809e', 'Worcestershire Sauce', 2.1, 'tbsp');
INSERT INTO ingredients (id, recipe_id, name, quantity, unit) VALUES ('bfc7c9c9-f7ca-4b4c-b065-0f9154be5d26', '74b6f52f-a3d4-46b5-b94d-50a0e0a9809e', 'Ground Beef', 0.9, 'lb');
INSERT INTO recipe_dietary_tags (recipe_id, tag_id) VALUES ('74b6f52f-a3d4-46b5-b94d-50a0e0a9809e', 1);
INSERT INTO recipe_dietary_tags (recipe_id, tag_id) VALUES ('74b6f52f-a3d4-46b5-b94d-50a0e0a9809e', 6);
INSERT INTO recipe_dietary_tags (recipe_id, tag_id) VALUES ('74b6f52f-a3d4-46b5-b94d-50a0e0a9809e', 10);
INSERT INTO recipe_dietary_tags (recipe_id, tag_id) VALUES ('74b6f52f-a3d4-46b5-b94d-50a0e0a9809e', 2);
INSERT INTO recipe_dietary_tags (recipe_id, tag_id) VALUES ('74b6f52f-a3d4-46b5-b94d-50a0e0a9809e', 8);

INSERT INTO recipes (id, user_id, title, description, instructions, image_url, servings, source_url, source_name, is_archived, views, cart_adds) VALUES ('8506d200-3300-4122-a884-57d92a4ff22b', 'admin-user-id', 'Steamed Beef with Zucchini and Quinoa', 'A delicious Steamed Beef with Zucchini and Quinoa recipe. This Midwest-friendly dish is a family favorite and easy to make with common ingredients.', '1. Preheat oven to 375°F (190°C) if baking.
2. Prepare the Quinoa and other main ingredients.
3. In a large bowl, combine with seasonings.
4. Cook according to source instructions until internal temperature is safe.
5. Let rest for 5 minutes before serving.', 'https://images.unsplash.com/photo-1504754524776-8f4f37799ca7?auto=format&fit=crop&w=800&q=60', 2, 'https://www.epicurious.com/recipe/steamed-beef-with-zucchini-and-quinoa', 'Epicurious', 0, 539, 52);
INSERT INTO ingredients (id, recipe_id, name, quantity, unit) VALUES ('1f65b63c-66f3-4530-85ee-9513584ddd2f', '8506d200-3300-4122-a884-57d92a4ff22b', 'Sour Cream', 2.1, 'cup');
INSERT INTO ingredients (id, recipe_id, name, quantity, unit) VALUES ('9501ba69-fb75-4e3e-a99a-ace9860f078c', '8506d200-3300-4122-a884-57d92a4ff22b', 'Egg', 0.5, 'large');
INSERT INTO ingredients (id, recipe_id, name, quantity, unit) VALUES ('e33a9cc7-7ef8-4e14-b108-4f9d206ebfec', '8506d200-3300-4122-a884-57d92a4ff22b', 'Rice', 1.8, 'cup');
INSERT INTO ingredients (id, recipe_id, name, quantity, unit) VALUES ('fb07b034-f41e-4484-a497-1fc81d06f63e', '8506d200-3300-4122-a884-57d92a4ff22b', 'Honey', 2.0, 'tbsp');
INSERT INTO ingredients (id, recipe_id, name, quantity, unit) VALUES ('ca3d2f37-95b2-4736-aeeb-d3f708299840', '8506d200-3300-4122-a884-57d92a4ff22b', 'Carrots', 1.1, 'cup');
INSERT INTO recipe_dietary_tags (recipe_id, tag_id) VALUES ('8506d200-3300-4122-a884-57d92a4ff22b', 10);

INSERT INTO recipes (id, user_id, title, description, instructions, image_url, servings, source_url, source_name, is_archived, views, cart_adds) VALUES ('31006d15-2d50-4b71-8703-59425230e308', 'admin-user-id', 'Slow Cooked Turkey with Carrots and Couscous', 'A delicious Slow Cooked Turkey with Carrots and Couscous recipe. This Midwest-friendly dish is a family favorite and easy to make with common ingredients.', '1. Preheat oven to 375°F (190°C) if baking.
2. Prepare the Couscous and other main ingredients.
3. In a large bowl, combine with seasonings.
4. Cook according to source instructions until internal temperature is safe.
5. Let rest for 5 minutes before serving.', 'https://images.unsplash.com/photo-1476224203421-9ac3993557a4?auto=format&fit=crop&w=800&q=60', 7, 'https://www.epicurious.com/recipe/slow-cooked-turkey-with-carrots-and-couscous', 'Epicurious', 0, 392, 56);
INSERT INTO ingredients (id, recipe_id, name, quantity, unit) VALUES ('859370ae-a233-48c1-aa78-6523f48e1e19', '31006d15-2d50-4b71-8703-59425230e308', 'Cheddar Cheese', 3.5, 'cup');
INSERT INTO ingredients (id, recipe_id, name, quantity, unit) VALUES ('8ce570b2-9356-4691-bc33-f5d5125690e8', '31006d15-2d50-4b71-8703-59425230e308', 'Tomato Sauce', 2.4, 'oz');
INSERT INTO ingredients (id, recipe_id, name, quantity, unit) VALUES ('a78c308d-4eb3-4ad3-a1a9-b3d4b5ab7841', '31006d15-2d50-4b71-8703-59425230e308', 'Breadcrumbs', 2.9, 'cup');
INSERT INTO ingredients (id, recipe_id, name, quantity, unit) VALUES ('fe213d39-b231-4f33-9d1f-55ccdbbc0328', '31006d15-2d50-4b71-8703-59425230e308', 'Chicken Breast', 3.3, 'lb');
INSERT INTO ingredients (id, recipe_id, name, quantity, unit) VALUES ('36706507-879c-464d-9881-a38e38de913f', '31006d15-2d50-4b71-8703-59425230e308', 'Milk', 0.9, 'cup');
INSERT INTO recipe_dietary_tags (recipe_id, tag_id) VALUES ('31006d15-2d50-4b71-8703-59425230e308', 10);

INSERT INTO recipes (id, user_id, title, description, instructions, image_url, servings, source_url, source_name, is_archived, views, cart_adds) VALUES ('eae42838-6beb-452b-be6d-62ec4288f0d8', 'admin-user-id', 'Grilled Beef with Cauliflower and Couscous', 'A delicious Grilled Beef with Cauliflower and Couscous recipe. This Midwest-friendly dish is a family favorite and easy to make with common ingredients.', '1. Preheat oven to 375°F (190°C) if baking.
2. Prepare the Couscous and other main ingredients.
3. In a large bowl, combine with seasonings.
4. Cook according to source instructions until internal temperature is safe.
5. Let rest for 5 minutes before serving.', 'https://images.unsplash.com/photo-1498837167721-8f5c1a322c2e?auto=format&fit=crop&w=800&q=60', 6, 'https://www.tasteofhome.com/recipe/grilled-beef-with-cauliflower-and-couscous', 'Taste of Home', 0, 86, 3);
INSERT INTO ingredients (id, recipe_id, name, quantity, unit) VALUES ('d9404572-29dd-496b-af10-68ace3e6534c', 'eae42838-6beb-452b-be6d-62ec4288f0d8', 'Rice', 2.4, 'cup');
INSERT INTO ingredients (id, recipe_id, name, quantity, unit) VALUES ('bf682d93-c01f-4f66-ab83-597735741369', 'eae42838-6beb-452b-be6d-62ec4288f0d8', 'Heavy Cream', 0.6, 'cup');
INSERT INTO ingredients (id, recipe_id, name, quantity, unit) VALUES ('2f53eead-e0f0-44e1-b290-3f0c88ba1c64', 'eae42838-6beb-452b-be6d-62ec4288f0d8', 'Butter', 3.4, 'tbsp');
INSERT INTO ingredients (id, recipe_id, name, quantity, unit) VALUES ('b81f99fa-5dd1-4950-ba47-0573c12c7a42', 'eae42838-6beb-452b-be6d-62ec4288f0d8', 'Pasta', 2.6, 'oz');
INSERT INTO ingredients (id, recipe_id, name, quantity, unit) VALUES ('98e968b4-22a7-4b87-a9f8-5e1a5dcf021d', 'eae42838-6beb-452b-be6d-62ec4288f0d8', 'Potatoes', 2.7, 'lb');
INSERT INTO ingredients (id, recipe_id, name, quantity, unit) VALUES ('4fe505a1-cb2a-47e4-a9c7-acbcb9ad56bc', 'eae42838-6beb-452b-be6d-62ec4288f0d8', 'Frozen Peas', 1.4, 'cup');
INSERT INTO recipe_dietary_tags (recipe_id, tag_id) VALUES ('eae42838-6beb-452b-be6d-62ec4288f0d8', 10);
INSERT INTO recipe_dietary_tags (recipe_id, tag_id) VALUES ('eae42838-6beb-452b-be6d-62ec4288f0d8', 2);

INSERT INTO recipes (id, user_id, title, description, instructions, image_url, servings, source_url, source_name, is_archived, views, cart_adds) VALUES ('8ccd84af-2311-4f15-a20c-703865cdb3b1', 'admin-user-id', 'Sautéed Lamb with Kale and Roasted Potatoes', 'A delicious Sautéed Lamb with Kale and Roasted Potatoes recipe. This Midwest-friendly dish is a family favorite and easy to make with common ingredients.', '1. Preheat oven to 375°F (190°C) if baking.
2. Prepare the Potatoes and other main ingredients.
3. In a large bowl, combine with seasonings.
4. Cook according to source instructions until internal temperature is safe.
5. Let rest for 5 minutes before serving.', 'https://images.unsplash.com/photo-1490645935967-10de6ba17051?auto=format&fit=crop&w=800&q=60', 5, 'https://www.foodnetwork.com/recipe/saut-ed-lamb-with-kale-and-roasted-potatoes', 'Food Network', 0, 600, 11);
INSERT INTO ingredients (id, recipe_id, name, quantity, unit) VALUES ('2734947b-2374-4097-8117-d2a189316f99', '8ccd84af-2311-4f15-a20c-703865cdb3b1', 'Black Pepper', 1.2, 'tsp');
INSERT INTO ingredients (id, recipe_id, name, quantity, unit) VALUES ('1ed60b05-ec17-4cd9-bd5c-9f76f00a91ab', '8ccd84af-2311-4f15-a20c-703865cdb3b1', 'Potatoes', 2.4, 'lb');
INSERT INTO ingredients (id, recipe_id, name, quantity, unit) VALUES ('9ab060a6-c21a-42c7-8cdd-fa61c19092bb', '8ccd84af-2311-4f15-a20c-703865cdb3b1', 'Frozen Peas', 1.7, 'cup');
INSERT INTO ingredients (id, recipe_id, name, quantity, unit) VALUES ('f2b4d901-0566-452b-b112-448bee4e803c', '8ccd84af-2311-4f15-a20c-703865cdb3b1', 'Pasta', 2.2, 'oz');
INSERT INTO ingredients (id, recipe_id, name, quantity, unit) VALUES ('c4abccab-e975-4e27-97b5-d25a6eafded1', '8ccd84af-2311-4f15-a20c-703865cdb3b1', 'Chicken Breast', 2.0, 'lb');
INSERT INTO recipe_dietary_tags (recipe_id, tag_id) VALUES ('8ccd84af-2311-4f15-a20c-703865cdb3b1', 3);
INSERT INTO recipe_dietary_tags (recipe_id, tag_id) VALUES ('8ccd84af-2311-4f15-a20c-703865cdb3b1', 9);

INSERT INTO recipes (id, user_id, title, description, instructions, image_url, servings, source_url, source_name, is_archived, views, cart_adds) VALUES ('f3ac3e15-4f31-43f3-90a5-91a0a9304f9a', 'admin-user-id', 'Baked Beef with Zucchini and Brown Rice', 'A delicious Baked Beef with Zucchini and Brown Rice recipe. This Midwest-friendly dish is a family favorite and easy to make with common ingredients.', '1. Preheat oven to 375°F (190°C) if baking.
2. Prepare the Rice and other main ingredients.
3. In a large bowl, combine with seasonings.
4. Cook according to source instructions until internal temperature is safe.
5. Let rest for 5 minutes before serving.', 'https://images.unsplash.com/photo-1506084868214-19a1f9e147f8?auto=format&fit=crop&w=800&q=60', 3, 'https://www.tasteofhome.com/recipe/baked-beef-with-zucchini-and-brown-rice', 'Taste of Home', 0, 379, 50);
INSERT INTO ingredients (id, recipe_id, name, quantity, unit) VALUES ('f2322500-23aa-4637-911b-f6a443844596', 'f3ac3e15-4f31-43f3-90a5-91a0a9304f9a', 'Soy Sauce', 2.0, 'tbsp');
INSERT INTO ingredients (id, recipe_id, name, quantity, unit) VALUES ('35d48259-887b-415d-9386-cd146d0dd14a', 'f3ac3e15-4f31-43f3-90a5-91a0a9304f9a', 'Ground Beef', 0.8, 'lb');
INSERT INTO ingredients (id, recipe_id, name, quantity, unit) VALUES ('5f58e1a1-af6b-47d6-8165-76ca1d6e2205', 'f3ac3e15-4f31-43f3-90a5-91a0a9304f9a', 'Black Pepper', 1.3, 'tsp');
INSERT INTO ingredients (id, recipe_id, name, quantity, unit) VALUES ('1377ac72-44b4-4b30-bcf3-dd3034f4d307', 'f3ac3e15-4f31-43f3-90a5-91a0a9304f9a', 'Chicken Breast', 3.5, 'lb');
INSERT INTO ingredients (id, recipe_id, name, quantity, unit) VALUES ('4b6f1f60-0625-4d11-8db6-36e25396785c', 'f3ac3e15-4f31-43f3-90a5-91a0a9304f9a', 'Frozen Peas', 2.1, 'cup');
INSERT INTO recipe_dietary_tags (recipe_id, tag_id) VALUES ('f3ac3e15-4f31-43f3-90a5-91a0a9304f9a', 10);
INSERT INTO recipe_dietary_tags (recipe_id, tag_id) VALUES ('f3ac3e15-4f31-43f3-90a5-91a0a9304f9a', 4);

INSERT INTO recipes (id, user_id, title, description, instructions, image_url, servings, source_url, source_name, is_archived, views, cart_adds) VALUES ('48cae478-4d0c-469d-b5b5-b805bf6e95ca', 'admin-user-id', 'Baked Beef with Brussels Sprouts and Quinoa', 'A delicious Baked Beef with Brussels Sprouts and Quinoa recipe. This Midwest-friendly dish is a family favorite and easy to make with common ingredients.', '1. Preheat oven to 375°F (190°C) if baking.
2. Prepare the Quinoa and other main ingredients.
3. In a large bowl, combine with seasonings.
4. Cook according to source instructions until internal temperature is safe.
5. Let rest for 5 minutes before serving.', 'https://images.unsplash.com/photo-1529042410759-adb828e4eaf0?auto=format&fit=crop&w=800&q=60', 3, 'https://www.epicurious.com/recipe/baked-beef-with-brussels-sprouts-and-quinoa', 'Epicurious', 0, 587, 44);
INSERT INTO ingredients (id, recipe_id, name, quantity, unit) VALUES ('049eb27f-40c2-452e-9a01-93f71e3c8e1a', '48cae478-4d0c-469d-b5b5-b805bf6e95ca', 'Honey', 3.0, 'tbsp');
INSERT INTO ingredients (id, recipe_id, name, quantity, unit) VALUES ('b2fbb103-1021-4220-9bb6-759557b063fc', '48cae478-4d0c-469d-b5b5-b805bf6e95ca', 'Potatoes', 1.4, 'lb');
INSERT INTO ingredients (id, recipe_id, name, quantity, unit) VALUES ('2f0b51dc-6f92-477d-8409-f25c2076fa2c', '48cae478-4d0c-469d-b5b5-b805bf6e95ca', 'Soy Sauce', 0.9, 'tbsp');
INSERT INTO ingredients (id, recipe_id, name, quantity, unit) VALUES ('7d027c0e-778f-4ab6-b6f6-db80ee8aa11d', '48cae478-4d0c-469d-b5b5-b805bf6e95ca', 'Frozen Peas', 0.8, 'cup');
INSERT INTO recipe_dietary_tags (recipe_id, tag_id) VALUES ('48cae478-4d0c-469d-b5b5-b805bf6e95ca', 10);
INSERT INTO recipe_dietary_tags (recipe_id, tag_id) VALUES ('48cae478-4d0c-469d-b5b5-b805bf6e95ca', 8);

INSERT INTO recipes (id, user_id, title, description, instructions, image_url, servings, source_url, source_name, is_archived, views, cart_adds) VALUES ('2fd14315-79a6-479c-9def-2304b6f9058e', 'admin-user-id', 'Slow Cooked Cod with Green Beans and Mashed Cauliflower', 'A delicious Slow Cooked Cod with Green Beans and Mashed Cauliflower recipe. This Midwest-friendly dish is a family favorite and easy to make with common ingredients.', '1. Preheat oven to 375°F (190°C) if baking.
2. Prepare the Cauliflower and other main ingredients.
3. In a large bowl, combine with seasonings.
4. Cook according to source instructions until internal temperature is safe.
5. Let rest for 5 minutes before serving.', 'https://images.unsplash.com/photo-1455619452474-d2ba29bc06da?auto=format&fit=crop&w=800&q=60', 7, 'https://www.allrecipes.com/recipe/slow-cooked-cod-with-green-beans-and-mashed-cauliflower', 'AllRecipes', 0, 197, 21);
INSERT INTO ingredients (id, recipe_id, name, quantity, unit) VALUES ('4f80ff97-325c-49b7-835e-0d2302129360', '2fd14315-79a6-479c-9def-2304b6f9058e', 'Carrots', 1.7, 'cup');
INSERT INTO ingredients (id, recipe_id, name, quantity, unit) VALUES ('d3d6b4a7-f46e-4f66-a112-33cfa8e4257b', '2fd14315-79a6-479c-9def-2304b6f9058e', 'Potatoes', 0.8, 'lb');
INSERT INTO ingredients (id, recipe_id, name, quantity, unit) VALUES ('73ca3d05-834b-4302-add2-f66e89c058cb', '2fd14315-79a6-479c-9def-2304b6f9058e', 'Garlic', 3.0, 'clove');
INSERT INTO ingredients (id, recipe_id, name, quantity, unit) VALUES ('4c84a4b2-d38a-4f30-b298-08728be344fa', '2fd14315-79a6-479c-9def-2304b6f9058e', 'Tomato Sauce', 1.6, 'oz');
INSERT INTO ingredients (id, recipe_id, name, quantity, unit) VALUES ('d152e59a-28af-4ac2-b72a-eb1b0235cc46', '2fd14315-79a6-479c-9def-2304b6f9058e', 'Honey', 1.8, 'tbsp');
INSERT INTO recipe_dietary_tags (recipe_id, tag_id) VALUES ('2fd14315-79a6-479c-9def-2304b6f9058e', 1);
INSERT INTO recipe_dietary_tags (recipe_id, tag_id) VALUES ('2fd14315-79a6-479c-9def-2304b6f9058e', 6);
INSERT INTO recipe_dietary_tags (recipe_id, tag_id) VALUES ('2fd14315-79a6-479c-9def-2304b6f9058e', 3);
INSERT INTO recipe_dietary_tags (recipe_id, tag_id) VALUES ('2fd14315-79a6-479c-9def-2304b6f9058e', 4);

INSERT INTO recipes (id, user_id, title, description, instructions, image_url, servings, source_url, source_name, is_archived, views, cart_adds) VALUES ('6d887342-bb94-418f-a34b-b6f6fc5d3bb2', 'admin-user-id', 'Roasted Turkey with Sweet Potatoes and Wild Rice', 'A delicious Roasted Turkey with Sweet Potatoes and Wild Rice recipe. This Midwest-friendly dish is a family favorite and easy to make with common ingredients.', '1. Preheat oven to 375°F (190°C) if baking.
2. Prepare the Rice and other main ingredients.
3. In a large bowl, combine with seasonings.
4. Cook according to source instructions until internal temperature is safe.
5. Let rest for 5 minutes before serving.', 'https://images.unsplash.com/photo-1504113888839-14294c223d51?auto=format&fit=crop&w=800&q=60', 5, 'https://www.bonappetit.com/recipe/roasted-turkey-with-sweet-potatoes-and-wild-rice', 'Bon Appetit', 0, 602, 12);
INSERT INTO ingredients (id, recipe_id, name, quantity, unit) VALUES ('89ad5f1c-525b-49bb-ad6e-896d7c9c4922', '6d887342-bb94-418f-a34b-b6f6fc5d3bb2', 'Chicken Breast', 1.7, 'lb');
INSERT INTO ingredients (id, recipe_id, name, quantity, unit) VALUES ('45f68360-46e0-41c2-8dca-099bd0c406c5', '6d887342-bb94-418f-a34b-b6f6fc5d3bb2', 'Onion', 1.3, 'cup');
INSERT INTO ingredients (id, recipe_id, name, quantity, unit) VALUES ('7c8b1e85-12ab-4b20-9989-a7fc9557e6e2', '6d887342-bb94-418f-a34b-b6f6fc5d3bb2', 'Potatoes', 1.4, 'lb');
INSERT INTO ingredients (id, recipe_id, name, quantity, unit) VALUES ('0a71f0ed-e1d9-4fc5-a459-58c5d6554a88', '6d887342-bb94-418f-a34b-b6f6fc5d3bb2', 'Frozen Peas', 1.1, 'cup');
INSERT INTO ingredients (id, recipe_id, name, quantity, unit) VALUES ('eb317782-6c18-46ea-ba88-53eeb1f11e84', '6d887342-bb94-418f-a34b-b6f6fc5d3bb2', 'Lemon Juice', 0.7, 'tbsp');
INSERT INTO recipe_dietary_tags (recipe_id, tag_id) VALUES ('6d887342-bb94-418f-a34b-b6f6fc5d3bb2', 7);
INSERT INTO recipe_dietary_tags (recipe_id, tag_id) VALUES ('6d887342-bb94-418f-a34b-b6f6fc5d3bb2', 2);
INSERT INTO recipe_dietary_tags (recipe_id, tag_id) VALUES ('6d887342-bb94-418f-a34b-b6f6fc5d3bb2', 4);
INSERT INTO recipe_dietary_tags (recipe_id, tag_id) VALUES ('6d887342-bb94-418f-a34b-b6f6fc5d3bb2', 9);

INSERT INTO recipes (id, user_id, title, description, instructions, image_url, servings, source_url, source_name, is_archived, views, cart_adds) VALUES ('1a0d2680-04de-4c93-b8fd-4e7f82e32284', 'admin-user-id', 'Sautéed Cod with Broccoli and Mashed Cauliflower', 'A delicious Sautéed Cod with Broccoli and Mashed Cauliflower recipe. This Midwest-friendly dish is a family favorite and easy to make with common ingredients.', '1. Preheat oven to 375°F (190°C) if baking.
2. Prepare the Cauliflower and other main ingredients.
3. In a large bowl, combine with seasonings.
4. Cook according to source instructions until internal temperature is safe.
5. Let rest for 5 minutes before serving.', 'https://images.unsplash.com/photo-1546062477-fe2f66230ba3?auto=format&fit=crop&w=800&q=60', 5, 'https://www.foodnetwork.com/recipe/saut-ed-cod-with-broccoli-and-mashed-cauliflower', 'Food Network', 0, 156, 39);
INSERT INTO ingredients (id, recipe_id, name, quantity, unit) VALUES ('f4eb8655-6ce4-441e-b5e3-a30dd1dbbde5', '1a0d2680-04de-4c93-b8fd-4e7f82e32284', 'Pasta', 1.6, 'oz');
INSERT INTO ingredients (id, recipe_id, name, quantity, unit) VALUES ('4b55855a-670f-4146-be0b-d539cc61f01a', '1a0d2680-04de-4c93-b8fd-4e7f82e32284', 'Tater Tots', 2.5, 'oz');
INSERT INTO ingredients (id, recipe_id, name, quantity, unit) VALUES ('993538ba-654d-4344-ab74-a3d4a8e754dd', '1a0d2680-04de-4c93-b8fd-4e7f82e32284', 'Milk', 2.3, 'cup');
INSERT INTO ingredients (id, recipe_id, name, quantity, unit) VALUES ('41a514ef-8767-40ef-8c81-49aa29eeb812', '1a0d2680-04de-4c93-b8fd-4e7f82e32284', 'Breadcrumbs', 1.7, 'cup');
INSERT INTO ingredients (id, recipe_id, name, quantity, unit) VALUES ('f09ebbf1-29b7-4942-9522-1697469f2e89', '1a0d2680-04de-4c93-b8fd-4e7f82e32284', 'Frozen Peas', 1.9, 'cup');
INSERT INTO recipe_dietary_tags (recipe_id, tag_id) VALUES ('1a0d2680-04de-4c93-b8fd-4e7f82e32284', 1);
INSERT INTO recipe_dietary_tags (recipe_id, tag_id) VALUES ('1a0d2680-04de-4c93-b8fd-4e7f82e32284', 6);
INSERT INTO recipe_dietary_tags (recipe_id, tag_id) VALUES ('1a0d2680-04de-4c93-b8fd-4e7f82e32284', 3);

INSERT INTO recipes (id, user_id, title, description, instructions, image_url, servings, source_url, source_name, is_archived, views, cart_adds) VALUES ('c32599ab-f302-49d4-9143-c7921ca498bf', 'admin-user-id', 'Pan-Seared Shrimp with Brussels Sprouts and Roasted Potatoes', 'A delicious Pan-Seared Shrimp with Brussels Sprouts and Roasted Potatoes recipe. This Midwest-friendly dish is a family favorite and easy to make with common ingredients.', '1. Preheat oven to 375°F (190°C) if baking.
2. Prepare the Potatoes and other main ingredients.
3. In a large bowl, combine with seasonings.
4. Cook according to source instructions until internal temperature is safe.
5. Let rest for 5 minutes before serving.', 'https://images.unsplash.com/photo-1504674900247-0877df9cc836?auto=format&fit=crop&w=800&q=60', 5, 'https://www.tasteofhome.com/recipe/pan-seared-shrimp-with-brussels-sprouts-and-roasted-potatoes', 'Taste of Home', 0, 638, 74);
INSERT INTO ingredients (id, recipe_id, name, quantity, unit) VALUES ('9d8d6b28-c0e7-4401-80b1-76e778f78911', 'c32599ab-f302-49d4-9143-c7921ca498bf', 'Rice', 1.4, 'cup');
INSERT INTO ingredients (id, recipe_id, name, quantity, unit) VALUES ('fbc1ea91-c6a6-4595-96eb-008aaed67f6f', 'c32599ab-f302-49d4-9143-c7921ca498bf', 'Chicken Breast', 1.2, 'lb');
INSERT INTO ingredients (id, recipe_id, name, quantity, unit) VALUES ('7d66c238-aaa4-4826-ace4-9b41039edacf', 'c32599ab-f302-49d4-9143-c7921ca498bf', 'Potatoes', 1.6, 'lb');
INSERT INTO ingredients (id, recipe_id, name, quantity, unit) VALUES ('767e5bea-a132-4ce5-87e9-eb1b63672fd6', 'c32599ab-f302-49d4-9143-c7921ca498bf', 'Worcestershire Sauce', 2.2, 'tbsp');
INSERT INTO recipe_dietary_tags (recipe_id, tag_id) VALUES ('c32599ab-f302-49d4-9143-c7921ca498bf', 9);

INSERT INTO recipes (id, user_id, title, description, instructions, image_url, servings, source_url, source_name, is_archived, views, cart_adds) VALUES ('50fdc395-7d43-409f-b617-3a5342680eaf', 'admin-user-id', 'Roasted Lamb with Zucchini and Roasted Potatoes', 'A delicious Roasted Lamb with Zucchini and Roasted Potatoes recipe. This Midwest-friendly dish is a family favorite and easy to make with common ingredients.', '1. Preheat oven to 375°F (190°C) if baking.
2. Prepare the Potatoes and other main ingredients.
3. In a large bowl, combine with seasonings.
4. Cook according to source instructions until internal temperature is safe.
5. Let rest for 5 minutes before serving.', 'https://images.unsplash.com/photo-1493770348161-369560ae357d?auto=format&fit=crop&w=800&q=60', 7, 'https://www.bonappetit.com/recipe/roasted-lamb-with-zucchini-and-roasted-potatoes', 'Bon Appetit', 0, 409, 21);
INSERT INTO ingredients (id, recipe_id, name, quantity, unit) VALUES ('ecbb46b4-6152-489a-bf53-d42ca8dcadc3', '50fdc395-7d43-409f-b617-3a5342680eaf', 'Soy Sauce', 1.4, 'tbsp');
INSERT INTO ingredients (id, recipe_id, name, quantity, unit) VALUES ('024bf530-8891-48cc-87db-4eba87b8f370', '50fdc395-7d43-409f-b617-3a5342680eaf', 'Honey', 2.7, 'tbsp');
INSERT INTO ingredients (id, recipe_id, name, quantity, unit) VALUES ('806e111f-8833-42ee-801f-a9c6b9dc2944', '50fdc395-7d43-409f-b617-3a5342680eaf', 'Milk', 2.8, 'cup');
INSERT INTO ingredients (id, recipe_id, name, quantity, unit) VALUES ('54fb9804-1762-419e-84c9-be5140f606c4', '50fdc395-7d43-409f-b617-3a5342680eaf', 'Breadcrumbs', 3.1, 'cup');
INSERT INTO recipe_dietary_tags (recipe_id, tag_id) VALUES ('50fdc395-7d43-409f-b617-3a5342680eaf', 4);

INSERT INTO recipes (id, user_id, title, description, instructions, image_url, servings, source_url, source_name, is_archived, views, cart_adds) VALUES ('c8d2ab45-6c73-4f97-aab9-e6f1d4ed7147', 'admin-user-id', 'Steamed Chicken with Asparagus and Quinoa', 'A delicious Steamed Chicken with Asparagus and Quinoa recipe. This Midwest-friendly dish is a family favorite and easy to make with common ingredients.', '1. Preheat oven to 375°F (190°C) if baking.
2. Prepare the Quinoa and other main ingredients.
3. In a large bowl, combine with seasonings.
4. Cook according to source instructions until internal temperature is safe.
5. Let rest for 5 minutes before serving.', 'https://images.unsplash.com/photo-1473093226795-af9932fe5856?auto=format&fit=crop&w=800&q=60', 4, 'https://www.foodnetwork.com/recipe/steamed-chicken-with-asparagus-and-quinoa', 'Food Network', 0, 170, 76);
INSERT INTO ingredients (id, recipe_id, name, quantity, unit) VALUES ('b47d913a-0206-4aff-aea0-12c627740f8e', 'c8d2ab45-6c73-4f97-aab9-e6f1d4ed7147', 'Cheddar Cheese', 2.0, 'cup');
INSERT INTO ingredients (id, recipe_id, name, quantity, unit) VALUES ('548df6d3-a1c0-4aaa-83e0-87d9cc70d42f', 'c8d2ab45-6c73-4f97-aab9-e6f1d4ed7147', 'Breadcrumbs', 1.8, 'cup');
INSERT INTO ingredients (id, recipe_id, name, quantity, unit) VALUES ('ea099808-a2b2-4fdf-bbd3-86255c91ddc4', 'c8d2ab45-6c73-4f97-aab9-e6f1d4ed7147', 'Frozen Peas', 2.2, 'cup');
INSERT INTO ingredients (id, recipe_id, name, quantity, unit) VALUES ('690c907c-461a-4d84-87ce-541f52c59928', 'c8d2ab45-6c73-4f97-aab9-e6f1d4ed7147', 'Tater Tots', 0.8, 'oz');
INSERT INTO ingredients (id, recipe_id, name, quantity, unit) VALUES ('b7e89b8f-518a-46e5-a3c2-3a2181308a97', 'c8d2ab45-6c73-4f97-aab9-e6f1d4ed7147', 'Pasta', 2.3, 'oz');
INSERT INTO recipe_dietary_tags (recipe_id, tag_id) VALUES ('c8d2ab45-6c73-4f97-aab9-e6f1d4ed7147', 10);
INSERT INTO recipe_dietary_tags (recipe_id, tag_id) VALUES ('c8d2ab45-6c73-4f97-aab9-e6f1d4ed7147', 2);
INSERT INTO recipe_dietary_tags (recipe_id, tag_id) VALUES ('c8d2ab45-6c73-4f97-aab9-e6f1d4ed7147', 7);

INSERT INTO recipes (id, user_id, title, description, instructions, image_url, servings, source_url, source_name, is_archived, views, cart_adds) VALUES ('1319c0b8-7486-4548-84ad-228b2e7bb1a0', 'admin-user-id', 'Sautéed Lamb with Brussels Sprouts and Roasted Potatoes', 'A delicious Sautéed Lamb with Brussels Sprouts and Roasted Potatoes recipe. This Midwest-friendly dish is a family favorite and easy to make with common ingredients.', '1. Preheat oven to 375°F (190°C) if baking.
2. Prepare the Potatoes and other main ingredients.
3. In a large bowl, combine with seasonings.
4. Cook according to source instructions until internal temperature is safe.
5. Let rest for 5 minutes before serving.', 'https://images.unsplash.com/photo-1512621776951-a57141f2eefd?auto=format&fit=crop&w=800&q=60', 3, 'https://www.bonappetit.com/recipe/saut-ed-lamb-with-brussels-sprouts-and-roasted-potatoes', 'Bon Appetit', 0, 449, 87);
INSERT INTO ingredients (id, recipe_id, name, quantity, unit) VALUES ('8bba1646-65eb-4e2c-8fa3-0be21b9373c1', '1319c0b8-7486-4548-84ad-228b2e7bb1a0', 'Cheddar Cheese', 2.3, 'cup');
INSERT INTO ingredients (id, recipe_id, name, quantity, unit) VALUES ('e7eac8ab-ae90-46a5-b7f1-0c863855d225', '1319c0b8-7486-4548-84ad-228b2e7bb1a0', 'Black Pepper', 1.8, 'tsp');
INSERT INTO ingredients (id, recipe_id, name, quantity, unit) VALUES ('177da669-7c23-4c5b-84e8-f0713ea1fd99', '1319c0b8-7486-4548-84ad-228b2e7bb1a0', 'Breadcrumbs', 0.5, 'cup');
INSERT INTO ingredients (id, recipe_id, name, quantity, unit) VALUES ('51861e09-4aa3-4ae5-800b-1fb51d460a28', '1319c0b8-7486-4548-84ad-228b2e7bb1a0', 'Onion', 0.8, 'cup');
INSERT INTO ingredients (id, recipe_id, name, quantity, unit) VALUES ('a0eb34e0-e568-4f69-a58a-0376796dca3f', '1319c0b8-7486-4548-84ad-228b2e7bb1a0', 'Soy Sauce', 2.9, 'tbsp');
INSERT INTO recipe_dietary_tags (recipe_id, tag_id) VALUES ('1319c0b8-7486-4548-84ad-228b2e7bb1a0', 5);
INSERT INTO recipe_dietary_tags (recipe_id, tag_id) VALUES ('1319c0b8-7486-4548-84ad-228b2e7bb1a0', 7);

INSERT INTO recipes (id, user_id, title, description, instructions, image_url, servings, source_url, source_name, is_archived, views, cart_adds) VALUES ('e20cd4e8-0e69-48c8-8f2a-81326ace74c1', 'admin-user-id', 'Baked Beef with Green Beans and Brown Rice', 'A delicious Baked Beef with Green Beans and Brown Rice recipe. This Midwest-friendly dish is a family favorite and easy to make with common ingredients.', '1. Preheat oven to 375°F (190°C) if baking.
2. Prepare the Rice and other main ingredients.
3. In a large bowl, combine with seasonings.
4. Cook according to source instructions until internal temperature is safe.
5. Let rest for 5 minutes before serving.', 'https://images.unsplash.com/photo-1482049016688-2d3e1b311543?auto=format&fit=crop&w=800&q=60', 5, 'https://www.tasteofhome.com/recipe/baked-beef-with-green-beans-and-brown-rice', 'Taste of Home', 0, 86, 37);
INSERT INTO ingredients (id, recipe_id, name, quantity, unit) VALUES ('0597427c-d5bf-413b-8925-42e92070c35d', 'e20cd4e8-0e69-48c8-8f2a-81326ace74c1', 'Milk', 2.7, 'cup');
INSERT INTO ingredients (id, recipe_id, name, quantity, unit) VALUES ('89be6eb9-9215-4148-8156-f68cb1508871', 'e20cd4e8-0e69-48c8-8f2a-81326ace74c1', 'Rice', 0.7, 'cup');
INSERT INTO ingredients (id, recipe_id, name, quantity, unit) VALUES ('78f42768-7e42-44e5-93ec-a7648cbd354d', 'e20cd4e8-0e69-48c8-8f2a-81326ace74c1', 'Honey', 1.7, 'tbsp');
INSERT INTO ingredients (id, recipe_id, name, quantity, unit) VALUES ('dff3ac70-4bcd-467f-9c00-5d3e2b867876', 'e20cd4e8-0e69-48c8-8f2a-81326ace74c1', 'Soy Sauce', 0.5, 'tbsp');
INSERT INTO ingredients (id, recipe_id, name, quantity, unit) VALUES ('a689b231-3451-4684-9fb3-667312d5d8da', 'e20cd4e8-0e69-48c8-8f2a-81326ace74c1', 'Heavy Cream', 3.2, 'cup');
INSERT INTO recipe_dietary_tags (recipe_id, tag_id) VALUES ('e20cd4e8-0e69-48c8-8f2a-81326ace74c1', 10);

INSERT INTO recipes (id, user_id, title, description, instructions, image_url, servings, source_url, source_name, is_archived, views, cart_adds) VALUES ('1dd6d7b8-ecf2-4942-825b-80f55eeaaa36', 'admin-user-id', 'Pan-Seared Beef with Green Beans and Zucchini Noodles', 'A delicious Pan-Seared Beef with Green Beans and Zucchini Noodles recipe. This Midwest-friendly dish is a family favorite and easy to make with common ingredients.', '1. Preheat oven to 375°F (190°C) if baking.
2. Prepare the Noodles and other main ingredients.
3. In a large bowl, combine with seasonings.
4. Cook according to source instructions until internal temperature is safe.
5. Let rest for 5 minutes before serving.', 'https://images.unsplash.com/photo-1484723091739-30a097e8f929?auto=format&fit=crop&w=800&q=60', 6, 'https://www.bonappetit.com/recipe/pan-seared-beef-with-green-beans-and-zucchini-noodles', 'Bon Appetit', 0, 99, 37);
INSERT INTO ingredients (id, recipe_id, name, quantity, unit) VALUES ('b910284b-3fb6-4c13-b9ed-584692cbf12d', '1dd6d7b8-ecf2-4942-825b-80f55eeaaa36', 'Milk', 2.8, 'cup');
INSERT INTO ingredients (id, recipe_id, name, quantity, unit) VALUES ('b16d860f-5905-4d58-9f92-51e6e445a5c9', '1dd6d7b8-ecf2-4942-825b-80f55eeaaa36', 'Dijon Mustard', 1.3, 'tsp');
INSERT INTO ingredients (id, recipe_id, name, quantity, unit) VALUES ('6801e90e-63c0-4943-9e3f-37890653b91d', '1dd6d7b8-ecf2-4942-825b-80f55eeaaa36', 'Honey', 3.4, 'tbsp');
INSERT INTO ingredients (id, recipe_id, name, quantity, unit) VALUES ('465e8a9c-691b-4cb3-a854-3aa0400f1544', '1dd6d7b8-ecf2-4942-825b-80f55eeaaa36', 'Cheddar Cheese', 0.8, 'cup');
INSERT INTO recipe_dietary_tags (recipe_id, tag_id) VALUES ('1dd6d7b8-ecf2-4942-825b-80f55eeaaa36', 1);
INSERT INTO recipe_dietary_tags (recipe_id, tag_id) VALUES ('1dd6d7b8-ecf2-4942-825b-80f55eeaaa36', 6);
INSERT INTO recipe_dietary_tags (recipe_id, tag_id) VALUES ('1dd6d7b8-ecf2-4942-825b-80f55eeaaa36', 10);
INSERT INTO recipe_dietary_tags (recipe_id, tag_id) VALUES ('1dd6d7b8-ecf2-4942-825b-80f55eeaaa36', 2);
INSERT INTO recipe_dietary_tags (recipe_id, tag_id) VALUES ('1dd6d7b8-ecf2-4942-825b-80f55eeaaa36', 4);

INSERT INTO recipes (id, user_id, title, description, instructions, image_url, servings, source_url, source_name, is_archived, views, cart_adds) VALUES ('b8c68942-5b30-4850-a0ef-422f331d2dae', 'admin-user-id', 'Sautéed Venison with Cauliflower and Roasted Potatoes', 'A delicious Sautéed Venison with Cauliflower and Roasted Potatoes recipe. This Midwest-friendly dish is a family favorite and easy to make with common ingredients.', '1. Preheat oven to 375°F (190°C) if baking.
2. Prepare the Potatoes and other main ingredients.
3. In a large bowl, combine with seasonings.
4. Cook according to source instructions until internal temperature is safe.
5. Let rest for 5 minutes before serving.', 'https://images.unsplash.com/photo-1540189549336-e6e99c3679fe?auto=format&fit=crop&w=800&q=60', 6, 'https://www.allrecipes.com/recipe/saut-ed-venison-with-cauliflower-and-roasted-potatoes', 'AllRecipes', 0, 124, 99);
INSERT INTO ingredients (id, recipe_id, name, quantity, unit) VALUES ('f9de1119-45ae-41fd-b66c-b382870c2344', 'b8c68942-5b30-4850-a0ef-422f331d2dae', 'Frozen Peas', 2.0, 'cup');
INSERT INTO ingredients (id, recipe_id, name, quantity, unit) VALUES ('1ab0a765-7761-4abc-bc9b-9c736bdcc9c0', 'b8c68942-5b30-4850-a0ef-422f331d2dae', 'Egg', 2.1, 'large');
INSERT INTO ingredients (id, recipe_id, name, quantity, unit) VALUES ('cf86107d-ef67-46f7-b978-78be3cf4d5d4', 'b8c68942-5b30-4850-a0ef-422f331d2dae', 'Onion', 0.6, 'cup');
INSERT INTO ingredients (id, recipe_id, name, quantity, unit) VALUES ('61fe26db-b101-4181-aed6-d2d5eb46f23a', 'b8c68942-5b30-4850-a0ef-422f331d2dae', 'Lemon Juice', 2.5, 'tbsp');
INSERT INTO recipe_dietary_tags (recipe_id, tag_id) VALUES ('b8c68942-5b30-4850-a0ef-422f331d2dae', 9);

INSERT INTO recipes (id, user_id, title, description, instructions, image_url, servings, source_url, source_name, is_archived, views, cart_adds) VALUES ('05884742-0feb-471d-9a2c-4f6d89c06503', 'admin-user-id', 'Sautéed Turkey with Carrots and Lentil Pasta', 'A delicious Sautéed Turkey with Carrots and Lentil Pasta recipe. This Midwest-friendly dish is a family favorite and easy to make with common ingredients.', '1. Preheat oven to 375°F (190°C) if baking.
2. Prepare the Pasta and other main ingredients.
3. In a large bowl, combine with seasonings.
4. Cook according to source instructions until internal temperature is safe.
5. Let rest for 5 minutes before serving.', 'https://images.unsplash.com/photo-1567620985035-091781110527?auto=format&fit=crop&w=800&q=60', 2, 'https://www.foodnetwork.com/recipe/saut-ed-turkey-with-carrots-and-lentil-pasta', 'Food Network', 0, 76, 51);
INSERT INTO ingredients (id, recipe_id, name, quantity, unit) VALUES ('380282f7-c231-491c-b59f-eef8b27b6a3b', '05884742-0feb-471d-9a2c-4f6d89c06503', 'Potatoes', 3.1, 'lb');
INSERT INTO ingredients (id, recipe_id, name, quantity, unit) VALUES ('43a63bc7-5d82-4aa4-abc1-9698a1ba95aa', '05884742-0feb-471d-9a2c-4f6d89c06503', 'Cheddar Cheese', 0.6, 'cup');
INSERT INTO ingredients (id, recipe_id, name, quantity, unit) VALUES ('40d1775b-5286-4eff-a2b6-0b4a4d1800b1', '05884742-0feb-471d-9a2c-4f6d89c06503', 'Milk', 3.3, 'cup');
INSERT INTO ingredients (id, recipe_id, name, quantity, unit) VALUES ('a3fec335-1557-4b03-9cca-41c23db7995a', '05884742-0feb-471d-9a2c-4f6d89c06503', 'Pasta', 2.9, 'oz');
INSERT INTO ingredients (id, recipe_id, name, quantity, unit) VALUES ('77e7f867-2422-46f2-aac5-2d03cb3b33dd', '05884742-0feb-471d-9a2c-4f6d89c06503', 'Frozen Peas', 3.2, 'cup');
INSERT INTO ingredients (id, recipe_id, name, quantity, unit) VALUES ('e6fd1f36-cd94-437f-abc3-7387b9f0c27d', '05884742-0feb-471d-9a2c-4f6d89c06503', 'Butter', 2.6, 'tbsp');
INSERT INTO recipe_dietary_tags (recipe_id, tag_id) VALUES ('05884742-0feb-471d-9a2c-4f6d89c06503', 1);

INSERT INTO recipes (id, user_id, title, description, instructions, image_url, servings, source_url, source_name, is_archived, views, cart_adds) VALUES ('7cde43d7-7c2a-4e2d-949e-ad8b42ee4421', 'admin-user-id', 'Steamed Pork with Brussels Sprouts and Couscous', 'A delicious Steamed Pork with Brussels Sprouts and Couscous recipe. This Midwest-friendly dish is a family favorite and easy to make with common ingredients.', '1. Preheat oven to 375°F (190°C) if baking.
2. Prepare the Couscous and other main ingredients.
3. In a large bowl, combine with seasonings.
4. Cook according to source instructions until internal temperature is safe.
5. Let rest for 5 minutes before serving.', 'https://images.unsplash.com/photo-1565299624946-b28f40a0ae38?auto=format&fit=crop&w=800&q=60', 5, 'https://www.tasteofhome.com/recipe/steamed-pork-with-brussels-sprouts-and-couscous', 'Taste of Home', 0, 895, 15);
INSERT INTO ingredients (id, recipe_id, name, quantity, unit) VALUES ('932b7483-a60d-4f2d-b285-3d217b08ed5f', '7cde43d7-7c2a-4e2d-949e-ad8b42ee4421', 'Milk', 1.6, 'cup');
INSERT INTO ingredients (id, recipe_id, name, quantity, unit) VALUES ('b6f0e840-8543-4fea-8b69-487dab359035', '7cde43d7-7c2a-4e2d-949e-ad8b42ee4421', 'Tater Tots', 1.4, 'oz');
INSERT INTO ingredients (id, recipe_id, name, quantity, unit) VALUES ('8082e832-b82b-4751-b411-4e03c7f0b7ac', '7cde43d7-7c2a-4e2d-949e-ad8b42ee4421', 'Cream of Mushroom Soup', 0.9, 'can');
INSERT INTO ingredients (id, recipe_id, name, quantity, unit) VALUES ('8b760bad-f0a8-4243-b40a-05b94c79bb20', '7cde43d7-7c2a-4e2d-949e-ad8b42ee4421', 'Frozen Peas', 1.7, 'cup');
INSERT INTO recipe_dietary_tags (recipe_id, tag_id) VALUES ('7cde43d7-7c2a-4e2d-949e-ad8b42ee4421', 10);
INSERT INTO recipe_dietary_tags (recipe_id, tag_id) VALUES ('7cde43d7-7c2a-4e2d-949e-ad8b42ee4421', 2);
INSERT INTO recipe_dietary_tags (recipe_id, tag_id) VALUES ('7cde43d7-7c2a-4e2d-949e-ad8b42ee4421', 8);

INSERT INTO recipes (id, user_id, title, description, instructions, image_url, servings, source_url, source_name, is_archived, views, cart_adds) VALUES ('bed6066f-25ce-4d03-a95e-1bbdb6c284a7', 'admin-user-id', 'Roasted Shrimp with Zucchini and Roasted Potatoes', 'A delicious Roasted Shrimp with Zucchini and Roasted Potatoes recipe. This Midwest-friendly dish is a family favorite and easy to make with common ingredients.', '1. Preheat oven to 375°F (190°C) if baking.
2. Prepare the Potatoes and other main ingredients.
3. In a large bowl, combine with seasonings.
4. Cook according to source instructions until internal temperature is safe.
5. Let rest for 5 minutes before serving.', 'https://images.unsplash.com/photo-1555939594-58d7cb561ad1?auto=format&fit=crop&w=800&q=60', 2, 'https://www.allrecipes.com/recipe/roasted-shrimp-with-zucchini-and-roasted-potatoes', 'AllRecipes', 0, 611, 47);
INSERT INTO ingredients (id, recipe_id, name, quantity, unit) VALUES ('3baa3de8-f777-4a33-9f60-4c8a296e78be', 'bed6066f-25ce-4d03-a95e-1bbdb6c284a7', 'Ground Beef', 3.3, 'lb');
INSERT INTO ingredients (id, recipe_id, name, quantity, unit) VALUES ('a0713628-2e79-4b14-ab5a-6da7e5c2e997', 'bed6066f-25ce-4d03-a95e-1bbdb6c284a7', 'Breadcrumbs', 1.1, 'cup');
INSERT INTO ingredients (id, recipe_id, name, quantity, unit) VALUES ('f22221b1-9dd0-49ce-8764-cc6e6aa7fb78', 'bed6066f-25ce-4d03-a95e-1bbdb6c284a7', 'Lemon Juice', 0.7, 'tbsp');
INSERT INTO ingredients (id, recipe_id, name, quantity, unit) VALUES ('104605e3-05ec-4001-ae29-4131641883b0', 'bed6066f-25ce-4d03-a95e-1bbdb6c284a7', 'Pasta', 3.0, 'oz');
INSERT INTO recipe_dietary_tags (recipe_id, tag_id) VALUES ('bed6066f-25ce-4d03-a95e-1bbdb6c284a7', 2);

INSERT INTO recipes (id, user_id, title, description, instructions, image_url, servings, source_url, source_name, is_archived, views, cart_adds) VALUES ('7f4b382e-c75d-4402-a50f-7b6e0f2b143d', 'admin-user-id', 'Air Fried Chicken with Spinach and Mashed Cauliflower', 'A delicious Air Fried Chicken with Spinach and Mashed Cauliflower recipe. This Midwest-friendly dish is a family favorite and easy to make with common ingredients.', '1. Preheat oven to 375°F (190°C) if baking.
2. Prepare the Cauliflower and other main ingredients.
3. In a large bowl, combine with seasonings.
4. Cook according to source instructions until internal temperature is safe.
5. Let rest for 5 minutes before serving.', 'https://images.unsplash.com/photo-1513104894114-bd7ea4718312?auto=format&fit=crop&w=800&q=60', 5, 'https://www.epicurious.com/recipe/air-fried-chicken-with-spinach-and-mashed-cauliflower', 'Epicurious', 0, 131, 33);
INSERT INTO ingredients (id, recipe_id, name, quantity, unit) VALUES ('e5d1e48a-5847-48d3-9724-b1f1eb6a7c45', '7f4b382e-c75d-4402-a50f-7b6e0f2b143d', 'Chicken Breast', 2.7, 'lb');
INSERT INTO ingredients (id, recipe_id, name, quantity, unit) VALUES ('6cc248c1-d889-406d-bd32-ba072082c648', '7f4b382e-c75d-4402-a50f-7b6e0f2b143d', 'Tater Tots', 2.2, 'oz');
INSERT INTO ingredients (id, recipe_id, name, quantity, unit) VALUES ('15e264bf-0177-43a0-a1e1-b8a89df1912b', '7f4b382e-c75d-4402-a50f-7b6e0f2b143d', 'Honey', 2.3, 'tbsp');
INSERT INTO ingredients (id, recipe_id, name, quantity, unit) VALUES ('7925f410-0230-4b4b-b966-b10c4f81d074', '7f4b382e-c75d-4402-a50f-7b6e0f2b143d', 'Potatoes', 2.4, 'lb');
INSERT INTO ingredients (id, recipe_id, name, quantity, unit) VALUES ('81b4126e-00de-4591-af67-90a28ed9efea', '7f4b382e-c75d-4402-a50f-7b6e0f2b143d', 'Breadcrumbs', 2.6, 'cup');
INSERT INTO recipe_dietary_tags (recipe_id, tag_id) VALUES ('7f4b382e-c75d-4402-a50f-7b6e0f2b143d', 1);
INSERT INTO recipe_dietary_tags (recipe_id, tag_id) VALUES ('7f4b382e-c75d-4402-a50f-7b6e0f2b143d', 6);
INSERT INTO recipe_dietary_tags (recipe_id, tag_id) VALUES ('7f4b382e-c75d-4402-a50f-7b6e0f2b143d', 10);
INSERT INTO recipe_dietary_tags (recipe_id, tag_id) VALUES ('7f4b382e-c75d-4402-a50f-7b6e0f2b143d', 2);

INSERT INTO recipes (id, user_id, title, description, instructions, image_url, servings, source_url, source_name, is_archived, views, cart_adds) VALUES ('fc18d8b8-9a08-4bbb-b75b-c0bc9d629a8b', 'admin-user-id', 'Grilled Chicken with Brussels Sprouts and Roasted Potatoes', 'A delicious Grilled Chicken with Brussels Sprouts and Roasted Potatoes recipe. This Midwest-friendly dish is a family favorite and easy to make with common ingredients.', '1. Preheat oven to 375°F (190°C) if baking.
2. Prepare the Potatoes and other main ingredients.
3. In a large bowl, combine with seasonings.
4. Cook according to source instructions until internal temperature is safe.
5. Let rest for 5 minutes before serving.', 'https://images.unsplash.com/photo-1504754524776-8f4f37799ca7?auto=format&fit=crop&w=800&q=60', 7, 'https://www.foodnetwork.com/recipe/grilled-chicken-with-brussels-sprouts-and-roasted-potatoes', 'Food Network', 0, 614, 43);
INSERT INTO ingredients (id, recipe_id, name, quantity, unit) VALUES ('c230de21-983d-4096-a142-bf72561872b7', 'fc18d8b8-9a08-4bbb-b75b-c0bc9d629a8b', 'Tomato Sauce', 1.0, 'oz');
INSERT INTO ingredients (id, recipe_id, name, quantity, unit) VALUES ('9f676561-c2df-464b-98b8-93450444681e', 'fc18d8b8-9a08-4bbb-b75b-c0bc9d629a8b', 'Cream of Mushroom Soup', 1.0, 'can');
INSERT INTO ingredients (id, recipe_id, name, quantity, unit) VALUES ('94f4596c-b7e0-4414-ab26-130f8ddeba8e', 'fc18d8b8-9a08-4bbb-b75b-c0bc9d629a8b', 'Heavy Cream', 1.2, 'cup');
INSERT INTO ingredients (id, recipe_id, name, quantity, unit) VALUES ('7cee5ee0-55ba-4f67-9ba3-27864d5ddb21', 'fc18d8b8-9a08-4bbb-b75b-c0bc9d629a8b', 'Onion', 1.0, 'cup');
INSERT INTO ingredients (id, recipe_id, name, quantity, unit) VALUES ('3afd8fdb-8d23-4f8d-9492-aaa6d09f5485', 'fc18d8b8-9a08-4bbb-b75b-c0bc9d629a8b', 'Ground Beef', 2.6, 'lb');
INSERT INTO ingredients (id, recipe_id, name, quantity, unit) VALUES ('f5c73c53-8a6c-4807-9ff4-c3f27423f9db', 'fc18d8b8-9a08-4bbb-b75b-c0bc9d629a8b', 'Worcestershire Sauce', 1.6, 'tbsp');
INSERT INTO ingredients (id, recipe_id, name, quantity, unit) VALUES ('e5e9c8d2-ac86-401b-aa6b-79506e9185f9', 'fc18d8b8-9a08-4bbb-b75b-c0bc9d629a8b', 'Butter', 2.9, 'tbsp');
INSERT INTO recipe_dietary_tags (recipe_id, tag_id) VALUES ('fc18d8b8-9a08-4bbb-b75b-c0bc9d629a8b', 10);
INSERT INTO recipe_dietary_tags (recipe_id, tag_id) VALUES ('fc18d8b8-9a08-4bbb-b75b-c0bc9d629a8b', 4);

INSERT INTO recipes (id, user_id, title, description, instructions, image_url, servings, source_url, source_name, is_archived, views, cart_adds) VALUES ('c4739dbf-1669-4854-bdfa-62b7697b06ee', 'admin-user-id', 'Roasted Pork with Cauliflower and Wild Rice', 'A delicious Roasted Pork with Cauliflower and Wild Rice recipe. This Midwest-friendly dish is a family favorite and easy to make with common ingredients.', '1. Preheat oven to 375°F (190°C) if baking.
2. Prepare the Rice and other main ingredients.
3. In a large bowl, combine with seasonings.
4. Cook according to source instructions until internal temperature is safe.
5. Let rest for 5 minutes before serving.', 'https://images.unsplash.com/photo-1476224203421-9ac3993557a4?auto=format&fit=crop&w=800&q=60', 5, 'https://www.foodnetwork.com/recipe/roasted-pork-with-cauliflower-and-wild-rice', 'Food Network', 0, 707, 40);
INSERT INTO ingredients (id, recipe_id, name, quantity, unit) VALUES ('9da1c7fc-aecb-4e22-8daf-dc3b34d9d9e9', 'c4739dbf-1669-4854-bdfa-62b7697b06ee', 'Sour Cream', 1.7, 'cup');
INSERT INTO ingredients (id, recipe_id, name, quantity, unit) VALUES ('933f98e9-d330-49d2-bc12-48f35d03e5a5', 'c4739dbf-1669-4854-bdfa-62b7697b06ee', 'Milk', 3.2, 'cup');
INSERT INTO ingredients (id, recipe_id, name, quantity, unit) VALUES ('dcc20197-2801-4897-868f-9d7f7575ae44', 'c4739dbf-1669-4854-bdfa-62b7697b06ee', 'Heavy Cream', 1.1, 'cup');
INSERT INTO ingredients (id, recipe_id, name, quantity, unit) VALUES ('0592d04c-893e-4082-b7f6-58f67ea06b07', 'c4739dbf-1669-4854-bdfa-62b7697b06ee', 'Breadcrumbs', 1.7, 'cup');
INSERT INTO ingredients (id, recipe_id, name, quantity, unit) VALUES ('2fb88bf0-23fa-4cd6-9213-e1ada326ac78', 'c4739dbf-1669-4854-bdfa-62b7697b06ee', 'Potatoes', 1.4, 'lb');
INSERT INTO recipe_dietary_tags (recipe_id, tag_id) VALUES ('c4739dbf-1669-4854-bdfa-62b7697b06ee', 10);
INSERT INTO recipe_dietary_tags (recipe_id, tag_id) VALUES ('c4739dbf-1669-4854-bdfa-62b7697b06ee', 2);
INSERT INTO recipe_dietary_tags (recipe_id, tag_id) VALUES ('c4739dbf-1669-4854-bdfa-62b7697b06ee', 8);

INSERT INTO recipes (id, user_id, title, description, instructions, image_url, servings, source_url, source_name, is_archived, views, cart_adds) VALUES ('bbf32070-682a-483c-8e67-eeeffb69eaf9', 'admin-user-id', 'Steamed Chicken with Spinach and Cauliflower Rice', 'A delicious Steamed Chicken with Spinach and Cauliflower Rice recipe. This Midwest-friendly dish is a family favorite and easy to make with common ingredients.', '1. Preheat oven to 375°F (190°C) if baking.
2. Prepare the Rice and other main ingredients.
3. In a large bowl, combine with seasonings.
4. Cook according to source instructions until internal temperature is safe.
5. Let rest for 5 minutes before serving.', 'https://images.unsplash.com/photo-1498837167721-8f5c1a322c2e?auto=format&fit=crop&w=800&q=60', 4, 'https://www.bonappetit.com/recipe/steamed-chicken-with-spinach-and-cauliflower-rice', 'Bon Appetit', 0, 943, 30);
INSERT INTO ingredients (id, recipe_id, name, quantity, unit) VALUES ('42d85b72-a247-4df1-891b-d8006a9ac178', 'bbf32070-682a-483c-8e67-eeeffb69eaf9', 'Sour Cream', 1.3, 'cup');
INSERT INTO ingredients (id, recipe_id, name, quantity, unit) VALUES ('81812844-cf86-470d-942f-76db5acb5c38', 'bbf32070-682a-483c-8e67-eeeffb69eaf9', 'Egg', 1.1, 'large');
INSERT INTO ingredients (id, recipe_id, name, quantity, unit) VALUES ('4018d9a1-1875-494b-9692-babbd7fa265b', 'bbf32070-682a-483c-8e67-eeeffb69eaf9', 'Soy Sauce', 3.1, 'tbsp');
INSERT INTO ingredients (id, recipe_id, name, quantity, unit) VALUES ('c1a43c9d-a451-49fc-8219-4fb64bcd8353', 'bbf32070-682a-483c-8e67-eeeffb69eaf9', 'Celery', 3.5, 'cup');
INSERT INTO ingredients (id, recipe_id, name, quantity, unit) VALUES ('4e08ae30-c10c-42c9-adc5-ce903b1d0423', 'bbf32070-682a-483c-8e67-eeeffb69eaf9', 'Heavy Cream', 1.6, 'cup');
INSERT INTO recipe_dietary_tags (recipe_id, tag_id) VALUES ('bbf32070-682a-483c-8e67-eeeffb69eaf9', 1);
INSERT INTO recipe_dietary_tags (recipe_id, tag_id) VALUES ('bbf32070-682a-483c-8e67-eeeffb69eaf9', 6);
INSERT INTO recipe_dietary_tags (recipe_id, tag_id) VALUES ('bbf32070-682a-483c-8e67-eeeffb69eaf9', 10);
INSERT INTO recipe_dietary_tags (recipe_id, tag_id) VALUES ('bbf32070-682a-483c-8e67-eeeffb69eaf9', 4);

INSERT INTO recipes (id, user_id, title, description, instructions, image_url, servings, source_url, source_name, is_archived, views, cart_adds) VALUES ('ad53ed97-f45f-4be2-a6bd-2615d4e48e4f', 'admin-user-id', 'Grilled Chicken with Brussels Sprouts and Roasted Potatoes', 'A delicious Grilled Chicken with Brussels Sprouts and Roasted Potatoes recipe. This Midwest-friendly dish is a family favorite and easy to make with common ingredients.', '1. Preheat oven to 375°F (190°C) if baking.
2. Prepare the Potatoes and other main ingredients.
3. In a large bowl, combine with seasonings.
4. Cook according to source instructions until internal temperature is safe.
5. Let rest for 5 minutes before serving.', 'https://images.unsplash.com/photo-1490645935967-10de6ba17051?auto=format&fit=crop&w=800&q=60', 2, 'https://www.allrecipes.com/recipe/grilled-chicken-with-brussels-sprouts-and-roasted-potatoes', 'AllRecipes', 0, 521, 86);
INSERT INTO ingredients (id, recipe_id, name, quantity, unit) VALUES ('23603649-5a71-44db-94b0-622595cfb387', 'ad53ed97-f45f-4be2-a6bd-2615d4e48e4f', 'Butter', 0.9, 'tbsp');
INSERT INTO ingredients (id, recipe_id, name, quantity, unit) VALUES ('0ae54e9a-90a1-45b2-96c9-8d8c16830292', 'ad53ed97-f45f-4be2-a6bd-2615d4e48e4f', 'Dijon Mustard', 0.7, 'tsp');
INSERT INTO ingredients (id, recipe_id, name, quantity, unit) VALUES ('b4344ca7-3f01-4cb3-b882-43b981ff77af', 'ad53ed97-f45f-4be2-a6bd-2615d4e48e4f', 'Cream of Mushroom Soup', 2.3, 'can');
INSERT INTO ingredients (id, recipe_id, name, quantity, unit) VALUES ('64f95f63-713b-4229-8b20-8b9342145a58', 'ad53ed97-f45f-4be2-a6bd-2615d4e48e4f', 'Salt', 0.8, 'tsp');
INSERT INTO ingredients (id, recipe_id, name, quantity, unit) VALUES ('afe49839-28b6-48e4-ac40-2b9b4224d816', 'ad53ed97-f45f-4be2-a6bd-2615d4e48e4f', 'Sour Cream', 1.6, 'cup');
INSERT INTO recipe_dietary_tags (recipe_id, tag_id) VALUES ('ad53ed97-f45f-4be2-a6bd-2615d4e48e4f', 10);

INSERT INTO recipes (id, user_id, title, description, instructions, image_url, servings, source_url, source_name, is_archived, views, cart_adds) VALUES ('49814983-0357-448f-937a-a4030b885bf0', 'admin-user-id', 'Grilled Lamb with Kale and Mashed Cauliflower', 'A delicious Grilled Lamb with Kale and Mashed Cauliflower recipe. This Midwest-friendly dish is a family favorite and easy to make with common ingredients.', '1. Preheat oven to 375°F (190°C) if baking.
2. Prepare the Cauliflower and other main ingredients.
3. In a large bowl, combine with seasonings.
4. Cook according to source instructions until internal temperature is safe.
5. Let rest for 5 minutes before serving.', 'https://images.unsplash.com/photo-1506084868214-19a1f9e147f8?auto=format&fit=crop&w=800&q=60', 5, 'https://www.epicurious.com/recipe/grilled-lamb-with-kale-and-mashed-cauliflower', 'Epicurious', 0, 995, 10);
INSERT INTO ingredients (id, recipe_id, name, quantity, unit) VALUES ('b1107dbd-ae48-4b03-93a2-91e00dad2c20', '49814983-0357-448f-937a-a4030b885bf0', 'Worcestershire Sauce', 3.4, 'tbsp');
INSERT INTO ingredients (id, recipe_id, name, quantity, unit) VALUES ('f8109f09-c7d9-4704-9b09-57edb55c9070', '49814983-0357-448f-937a-a4030b885bf0', 'Egg', 0.7, 'large');
INSERT INTO ingredients (id, recipe_id, name, quantity, unit) VALUES ('760cd50a-e696-46e5-9cb0-40f4f4c41e0a', '49814983-0357-448f-937a-a4030b885bf0', 'Rice', 3.2, 'cup');
INSERT INTO ingredients (id, recipe_id, name, quantity, unit) VALUES ('b5e4f954-c0c1-4634-838e-692f8fd1b7ee', '49814983-0357-448f-937a-a4030b885bf0', 'Chicken Breast', 1.7, 'lb');
INSERT INTO ingredients (id, recipe_id, name, quantity, unit) VALUES ('65817068-0714-4721-ac6d-fe4d4e990a66', '49814983-0357-448f-937a-a4030b885bf0', 'Black Pepper', 1.9, 'tsp');
INSERT INTO ingredients (id, recipe_id, name, quantity, unit) VALUES ('a3f20653-3091-4209-bc86-f74abc0f1e3e', '49814983-0357-448f-937a-a4030b885bf0', 'Celery', 0.6, 'cup');
INSERT INTO ingredients (id, recipe_id, name, quantity, unit) VALUES ('8ba5dcce-57b4-4ff0-be12-de56294fe2d8', '49814983-0357-448f-937a-a4030b885bf0', 'Milk', 1.2, 'cup');
INSERT INTO recipe_dietary_tags (recipe_id, tag_id) VALUES ('49814983-0357-448f-937a-a4030b885bf0', 1);
INSERT INTO recipe_dietary_tags (recipe_id, tag_id) VALUES ('49814983-0357-448f-937a-a4030b885bf0', 6);
INSERT INTO recipe_dietary_tags (recipe_id, tag_id) VALUES ('49814983-0357-448f-937a-a4030b885bf0', 2);

INSERT INTO recipes (id, user_id, title, description, instructions, image_url, servings, source_url, source_name, is_archived, views, cart_adds) VALUES ('4c81ab04-9e3f-4eeb-8b08-55a910289d32', 'admin-user-id', 'Pan-Seared Beef with Broccoli and Roasted Potatoes', 'A delicious Pan-Seared Beef with Broccoli and Roasted Potatoes recipe. This Midwest-friendly dish is a family favorite and easy to make with common ingredients.', '1. Preheat oven to 375°F (190°C) if baking.
2. Prepare the Potatoes and other main ingredients.
3. In a large bowl, combine with seasonings.
4. Cook according to source instructions until internal temperature is safe.
5. Let rest for 5 minutes before serving.', 'https://images.unsplash.com/photo-1529042410759-adb828e4eaf0?auto=format&fit=crop&w=800&q=60', 7, 'https://www.bonappetit.com/recipe/pan-seared-beef-with-broccoli-and-roasted-potatoes', 'Bon Appetit', 0, 427, 49);
INSERT INTO ingredients (id, recipe_id, name, quantity, unit) VALUES ('908cb56a-68c0-4166-867e-7513976bddc9', '4c81ab04-9e3f-4eeb-8b08-55a910289d32', 'Carrots', 2.1, 'cup');
INSERT INTO ingredients (id, recipe_id, name, quantity, unit) VALUES ('3a761fc0-dcad-4ea5-b03f-02b7c5d6c44f', '4c81ab04-9e3f-4eeb-8b08-55a910289d32', 'Black Pepper', 0.9, 'tsp');
INSERT INTO ingredients (id, recipe_id, name, quantity, unit) VALUES ('baadc8c0-6c50-4f52-ac66-1ffdfd679b85', '4c81ab04-9e3f-4eeb-8b08-55a910289d32', 'Cheddar Cheese', 3.1, 'cup');
INSERT INTO ingredients (id, recipe_id, name, quantity, unit) VALUES ('e1d46f29-68e1-447b-b585-2891040fd8d5', '4c81ab04-9e3f-4eeb-8b08-55a910289d32', 'Honey', 2.5, 'tbsp');
INSERT INTO ingredients (id, recipe_id, name, quantity, unit) VALUES ('4d947010-52b9-4f1f-8f5a-9b8aa71ffac2', '4c81ab04-9e3f-4eeb-8b08-55a910289d32', 'Dijon Mustard', 3.1, 'tsp');
INSERT INTO ingredients (id, recipe_id, name, quantity, unit) VALUES ('80d951a6-21c0-4ea3-add9-812b1789388c', '4c81ab04-9e3f-4eeb-8b08-55a910289d32', 'Rice', 2.0, 'cup');
INSERT INTO ingredients (id, recipe_id, name, quantity, unit) VALUES ('a496754a-7bac-4c64-a100-78856986fa42', '4c81ab04-9e3f-4eeb-8b08-55a910289d32', 'Frozen Peas', 1.3, 'cup');
INSERT INTO recipe_dietary_tags (recipe_id, tag_id) VALUES ('4c81ab04-9e3f-4eeb-8b08-55a910289d32', 10);
INSERT INTO recipe_dietary_tags (recipe_id, tag_id) VALUES ('4c81ab04-9e3f-4eeb-8b08-55a910289d32', 7);

INSERT INTO recipes (id, user_id, title, description, instructions, image_url, servings, source_url, source_name, is_archived, views, cart_adds) VALUES ('2e067624-6775-4aa2-99fe-54f687d9a1be', 'admin-user-id', 'Grilled Tofu with Green Beans and Zucchini Noodles', 'A delicious Grilled Tofu with Green Beans and Zucchini Noodles recipe. This Midwest-friendly dish is a family favorite and easy to make with common ingredients.', '1. Preheat oven to 375°F (190°C) if baking.
2. Prepare the Noodles and other main ingredients.
3. In a large bowl, combine with seasonings.
4. Cook according to source instructions until internal temperature is safe.
5. Let rest for 5 minutes before serving.', 'https://images.unsplash.com/photo-1455619452474-d2ba29bc06da?auto=format&fit=crop&w=800&q=60', 5, 'https://www.foodnetwork.com/recipe/grilled-tofu-with-green-beans-and-zucchini-noodles', 'Food Network', 0, 117, 51);
INSERT INTO ingredients (id, recipe_id, name, quantity, unit) VALUES ('9d3cae80-f9c9-4813-a0b6-395dde24cefe', '2e067624-6775-4aa2-99fe-54f687d9a1be', 'Garlic', 1.6, 'clove');
INSERT INTO ingredients (id, recipe_id, name, quantity, unit) VALUES ('b6f9affa-2d60-4eac-8be0-7f02fa800d44', '2e067624-6775-4aa2-99fe-54f687d9a1be', 'Tomato Sauce', 1.4, 'oz');
INSERT INTO ingredients (id, recipe_id, name, quantity, unit) VALUES ('001481a3-92f1-4609-920b-8556bd79a78c', '2e067624-6775-4aa2-99fe-54f687d9a1be', 'Soy Sauce', 2.0, 'tbsp');
INSERT INTO ingredients (id, recipe_id, name, quantity, unit) VALUES ('9fb0b220-a454-4b51-9120-80859e69ca0c', '2e067624-6775-4aa2-99fe-54f687d9a1be', 'Butter', 2.2, 'tbsp');
INSERT INTO ingredients (id, recipe_id, name, quantity, unit) VALUES ('ec2738fd-5492-403a-b331-199048f0280b', '2e067624-6775-4aa2-99fe-54f687d9a1be', 'Rice', 1.6, 'cup');
INSERT INTO ingredients (id, recipe_id, name, quantity, unit) VALUES ('2467a69d-abcc-42bd-b987-2ed0323bcdcf', '2e067624-6775-4aa2-99fe-54f687d9a1be', 'Tater Tots', 1.3, 'oz');
INSERT INTO recipe_dietary_tags (recipe_id, tag_id) VALUES ('2e067624-6775-4aa2-99fe-54f687d9a1be', 1);
INSERT INTO recipe_dietary_tags (recipe_id, tag_id) VALUES ('2e067624-6775-4aa2-99fe-54f687d9a1be', 6);
INSERT INTO recipe_dietary_tags (recipe_id, tag_id) VALUES ('2e067624-6775-4aa2-99fe-54f687d9a1be', 3);
INSERT INTO recipe_dietary_tags (recipe_id, tag_id) VALUES ('2e067624-6775-4aa2-99fe-54f687d9a1be', 2);
INSERT INTO recipe_dietary_tags (recipe_id, tag_id) VALUES ('2e067624-6775-4aa2-99fe-54f687d9a1be', 4);

INSERT INTO recipes (id, user_id, title, description, instructions, image_url, servings, source_url, source_name, is_archived, views, cart_adds) VALUES ('9f0b5870-782b-45f4-920c-1c6c8be85e7d', 'admin-user-id', 'Steamed Turkey with Brussels Sprouts and Mashed Cauliflower', 'A delicious Steamed Turkey with Brussels Sprouts and Mashed Cauliflower recipe. This Midwest-friendly dish is a family favorite and easy to make with common ingredients.', '1. Preheat oven to 375°F (190°C) if baking.
2. Prepare the Cauliflower and other main ingredients.
3. In a large bowl, combine with seasonings.
4. Cook according to source instructions until internal temperature is safe.
5. Let rest for 5 minutes before serving.', 'https://images.unsplash.com/photo-1504113888839-14294c223d51?auto=format&fit=crop&w=800&q=60', 5, 'https://www.bonappetit.com/recipe/steamed-turkey-with-brussels-sprouts-and-mashed-cauliflower', 'Bon Appetit', 0, 860, 11);
INSERT INTO ingredients (id, recipe_id, name, quantity, unit) VALUES ('4b795349-bcf8-49a7-ba00-0ffb74760e8d', '9f0b5870-782b-45f4-920c-1c6c8be85e7d', 'Carrots', 1.1, 'cup');
INSERT INTO ingredients (id, recipe_id, name, quantity, unit) VALUES ('66be1e2b-2349-4ca0-824f-dad7db13537e', '9f0b5870-782b-45f4-920c-1c6c8be85e7d', 'Sour Cream', 1.9, 'cup');
INSERT INTO ingredients (id, recipe_id, name, quantity, unit) VALUES ('7dadc8bf-d94f-4116-8b90-4c0687eba899', '9f0b5870-782b-45f4-920c-1c6c8be85e7d', 'Chicken Breast', 3.1, 'lb');
INSERT INTO ingredients (id, recipe_id, name, quantity, unit) VALUES ('e0717ee7-30f3-40fc-b6f7-4be220a2d886', '9f0b5870-782b-45f4-920c-1c6c8be85e7d', 'Cheddar Cheese', 3.1, 'cup');
INSERT INTO ingredients (id, recipe_id, name, quantity, unit) VALUES ('11c26daa-7e34-4ad4-852e-747afad40546', '9f0b5870-782b-45f4-920c-1c6c8be85e7d', 'Rice', 3.2, 'cup');
INSERT INTO ingredients (id, recipe_id, name, quantity, unit) VALUES ('d12a1199-fa56-41ba-a945-dff3efe48908', '9f0b5870-782b-45f4-920c-1c6c8be85e7d', 'Cream of Mushroom Soup', 0.8, 'can');
INSERT INTO ingredients (id, recipe_id, name, quantity, unit) VALUES ('86400218-0ff7-4b50-97d7-2e59810ad4d3', '9f0b5870-782b-45f4-920c-1c6c8be85e7d', 'Potatoes', 0.6, 'lb');
INSERT INTO recipe_dietary_tags (recipe_id, tag_id) VALUES ('9f0b5870-782b-45f4-920c-1c6c8be85e7d', 1);
INSERT INTO recipe_dietary_tags (recipe_id, tag_id) VALUES ('9f0b5870-782b-45f4-920c-1c6c8be85e7d', 6);

