-- Seed file for 500 recipes
INSERT OR IGNORE INTO users (id, email, password_hash, role) VALUES ('admin-user-id', 'admin@mealsxu.com', 'hashed_password', 'admin');

INSERT INTO recipes (id, user_id, title, description, instructions, image_url, servings, source_url, source_name, is_archived) VALUES ('1e9c4d50-7fa5-4b51-b892-332486ce1b96', 'admin-user-id', 'Balsamic Glaze Steamed Turkey Breast', 'A delicious and healthy Balsamic Glaze Steamed Turkey Breast served with Spinach and Quinoa. Perfect for a quick weeknight dinner.', '1. Preheat oven to 400°F.
2. Season the Turkey Breast with Balsamic Glaze spices.
3. Arrange Spinach and Broccoli on a baking sheet.
4. Steamed for 20-25 minutes until cooked through.
5. Serve hot over Quinoa.', 'https://images.unsplash.com/photo-1500000000000?auto=format&fit=crop&w=800&q=60', 2, 'https://www.allrecipes.com', 'AllRecipes', 0);
INSERT INTO ingredients (id, recipe_id, name, quantity, unit) VALUES ('ac943ed4-6731-41ad-9015-bdb0792eb23a', '1e9c4d50-7fa5-4b51-b892-332486ce1b96', 'Turkey Breast', 1, 'lb');
INSERT INTO ingredients (id, recipe_id, name, quantity, unit) VALUES ('7a61b44b-2389-49cd-a996-483910b85503', '1e9c4d50-7fa5-4b51-b892-332486ce1b96', 'Spinach', 4, 'head');
INSERT INTO ingredients (id, recipe_id, name, quantity, unit) VALUES ('200c469c-bef2-4149-9530-aadcf86045fe', '1e9c4d50-7fa5-4b51-b892-332486ce1b96', 'Quinoa', 1, 'cup');
INSERT INTO ingredients (id, recipe_id, name, quantity, unit) VALUES ('4932081a-ef24-4a2a-b198-6024f6569c9d', '1e9c4d50-7fa5-4b51-b892-332486ce1b96', 'Olive Oil', 1, 'tbsp');
INSERT INTO ingredients (id, recipe_id, name, quantity, unit) VALUES ('21268b0d-e1bd-4bde-b170-e650f1e7878c', '1e9c4d50-7fa5-4b51-b892-332486ce1b96', 'Salt & Pepper', 1, 'pinch');
INSERT INTO ingredients (id, recipe_id, name, quantity, unit) VALUES ('256c5894-1a9a-4c8c-9e52-805770ff23c2', '1e9c4d50-7fa5-4b51-b892-332486ce1b96', 'Carrots', 1, 'tsp');
INSERT INTO ingredients (id, recipe_id, name, quantity, unit) VALUES ('506a8342-1962-4856-b207-ba78c1ef81d0', '1e9c4d50-7fa5-4b51-b892-332486ce1b96', 'Lemon', 5, 'bundle');
INSERT INTO ingredients (id, recipe_id, name, quantity, unit) VALUES ('1d09319a-6a3c-493c-9a19-050b7507d51c', '1e9c4d50-7fa5-4b51-b892-332486ce1b96', 'Garlic', 3, 'oz');
INSERT INTO ingredients (id, recipe_id, name, quantity, unit) VALUES ('d0f7b513-cfc2-48db-84b3-72811a6a53fa', '1e9c4d50-7fa5-4b51-b892-332486ce1b96', 'Ginger', 4, 'ml');
INSERT INTO ingredients (id, recipe_id, name, quantity, unit) VALUES ('99bdd365-2a7f-4124-81f0-f78df69d0988', '1e9c4d50-7fa5-4b51-b892-332486ce1b96', 'Butter', 2, 'tsp');
INSERT INTO ingredients (id, recipe_id, name, quantity, unit) VALUES ('10d3560b-2b00-4511-b83a-42a1172d62f2', '1e9c4d50-7fa5-4b51-b892-332486ce1b96', 'Zucchini', 4, 'tbsp');
INSERT INTO recipe_dietary_tags (recipe_id, tag_id) VALUES ('1e9c4d50-7fa5-4b51-b892-332486ce1b96', 5);
INSERT INTO recipe_dietary_tags (recipe_id, tag_id) VALUES ('1e9c4d50-7fa5-4b51-b892-332486ce1b96', 9);

INSERT INTO recipes (id, user_id, title, description, instructions, image_url, servings, source_url, source_name, is_archived) VALUES ('cab82e56-8496-4da5-b27d-d0d49870a013', 'admin-user-id', 'Pesto Steamed Eggs', 'A delicious and healthy Pesto Steamed Eggs served with Asparagus and Mashed Cauliflower. Perfect for a quick weeknight dinner.', '1. Preheat oven to 400°F.
2. Season the Eggs with Pesto spices.
3. Arrange Asparagus and Asparagus on a baking sheet.
4. Steamed for 20-25 minutes until cooked through.
5. Serve hot over Mashed Cauliflower.', 'https://images.unsplash.com/photo-1500000000001?auto=format&fit=crop&w=800&q=60', 4, 'https://www.epicurious.com', 'Epicurious', 0);
INSERT INTO ingredients (id, recipe_id, name, quantity, unit) VALUES ('e08eeffe-0b82-4cb7-8e26-8db7842a9cff', 'cab82e56-8496-4da5-b27d-d0d49870a013', 'Eggs', 1, 'lb');
INSERT INTO ingredients (id, recipe_id, name, quantity, unit) VALUES ('d7734b54-2f8b-410b-a3a2-724625e1c9db', 'cab82e56-8496-4da5-b27d-d0d49870a013', 'Asparagus', 4, 'bundle');
INSERT INTO ingredients (id, recipe_id, name, quantity, unit) VALUES ('56c561f7-9db8-45d4-a223-48c0709ad319', 'cab82e56-8496-4da5-b27d-d0d49870a013', 'Mashed Cauliflower', 1, 'cup');
INSERT INTO ingredients (id, recipe_id, name, quantity, unit) VALUES ('5ea14a5f-74b4-4719-bcb1-c8998a251349', 'cab82e56-8496-4da5-b27d-d0d49870a013', 'Olive Oil', 3, 'tbsp');
INSERT INTO ingredients (id, recipe_id, name, quantity, unit) VALUES ('0143e594-f3b1-46fa-8aea-eefa8719c59a', 'cab82e56-8496-4da5-b27d-d0d49870a013', 'Salt & Pepper', 1, 'pinch');
INSERT INTO ingredients (id, recipe_id, name, quantity, unit) VALUES ('ab7281bb-a96f-4287-b0b1-87a8546b7530', 'cab82e56-8496-4da5-b27d-d0d49870a013', 'Bell Peppers', 4, 'ml');
INSERT INTO ingredients (id, recipe_id, name, quantity, unit) VALUES ('3ea5aecf-73db-4a38-91da-0a1f23e746e0', 'cab82e56-8496-4da5-b27d-d0d49870a013', 'Sweet Potatoes', 4, 'lb');
INSERT INTO recipe_dietary_tags (recipe_id, tag_id) VALUES ('cab82e56-8496-4da5-b27d-d0d49870a013', 10);
INSERT INTO recipe_dietary_tags (recipe_id, tag_id) VALUES ('cab82e56-8496-4da5-b27d-d0d49870a013', 9);

INSERT INTO recipes (id, user_id, title, description, instructions, image_url, servings, source_url, source_name, is_archived) VALUES ('33b680f3-38ad-47f9-bf6d-7afe7dcb466d', 'admin-user-id', 'Balsamic Glaze Air Fried Black Beans', 'A delicious and healthy Balsamic Glaze Air Fried Black Beans served with Broccoli and Brown Rice. Perfect for a quick weeknight dinner.', '1. Preheat oven to 400°F.
2. Season the Black Beans with Balsamic Glaze spices.
3. Arrange Broccoli and Sweet Potatoes on a baking sheet.
4. Air Fried for 20-25 minutes until cooked through.
5. Serve hot over Brown Rice.', 'https://images.unsplash.com/photo-1500000000002?auto=format&fit=crop&w=800&q=60', 2, 'https://www.allrecipes.com', 'AllRecipes', 0);
INSERT INTO ingredients (id, recipe_id, name, quantity, unit) VALUES ('6d6cadc0-9112-4301-9d00-2737e203b2bd', '33b680f3-38ad-47f9-bf6d-7afe7dcb466d', 'Black Beans', 1, 'lb');
INSERT INTO ingredients (id, recipe_id, name, quantity, unit) VALUES ('7fdd4790-01a1-456f-86b2-af245a9e7785', '33b680f3-38ad-47f9-bf6d-7afe7dcb466d', 'Broccoli', 3, 'head');
INSERT INTO ingredients (id, recipe_id, name, quantity, unit) VALUES ('2c8db9f5-f94e-437f-a66e-7f1b420fbbb6', '33b680f3-38ad-47f9-bf6d-7afe7dcb466d', 'Brown Rice', 2, 'cup');
INSERT INTO ingredients (id, recipe_id, name, quantity, unit) VALUES ('7e95f0c8-469e-49ed-8817-131b7ffdc105', '33b680f3-38ad-47f9-bf6d-7afe7dcb466d', 'Olive Oil', 3, 'tbsp');
INSERT INTO ingredients (id, recipe_id, name, quantity, unit) VALUES ('3f38674c-8443-439e-8ac6-e708e772855e', '33b680f3-38ad-47f9-bf6d-7afe7dcb466d', 'Salt & Pepper', 1, 'pinch');
INSERT INTO ingredients (id, recipe_id, name, quantity, unit) VALUES ('a0949d93-44ea-4ad9-871b-8c7f8a3578f9', '33b680f3-38ad-47f9-bf6d-7afe7dcb466d', 'Butter', 4, 'cup');
INSERT INTO ingredients (id, recipe_id, name, quantity, unit) VALUES ('abcaf73d-9070-4d9d-b88b-e24eb3722787', '33b680f3-38ad-47f9-bf6d-7afe7dcb466d', 'Lemon', 3, 'cup');
INSERT INTO recipe_dietary_tags (recipe_id, tag_id) VALUES ('33b680f3-38ad-47f9-bf6d-7afe7dcb466d', 3);

INSERT INTO recipes (id, user_id, title, description, instructions, image_url, servings, source_url, source_name, is_archived) VALUES ('208e8f97-4a85-4330-9e7f-baf7ad32051c', 'admin-user-id', 'Curry Slow Cooked Shrimp', 'A delicious and healthy Curry Slow Cooked Shrimp served with Broccoli and Zucchini Noodles. Perfect for a quick weeknight dinner.', '1. Preheat oven to 400°F.
2. Season the Shrimp with Curry spices.
3. Arrange Broccoli and Asparagus on a baking sheet.
4. Slow Cooked for 20-25 minutes until cooked through.
5. Serve hot over Zucchini Noodles.', 'https://images.unsplash.com/photo-1500000000003?auto=format&fit=crop&w=800&q=60', 6, 'https://www.epicurious.com', 'Epicurious', 0);
INSERT INTO ingredients (id, recipe_id, name, quantity, unit) VALUES ('9b9de064-8219-4606-b886-f3a5dd6bf4f2', '208e8f97-4a85-4330-9e7f-baf7ad32051c', 'Shrimp', 1, 'oz');
INSERT INTO ingredients (id, recipe_id, name, quantity, unit) VALUES ('1c9bb851-fffa-4a2c-8134-0d4257a37774', '208e8f97-4a85-4330-9e7f-baf7ad32051c', 'Broccoli', 4, 'bundle');
INSERT INTO ingredients (id, recipe_id, name, quantity, unit) VALUES ('93d1cdd8-0ce1-4b25-bfd8-54789a953ef4', '208e8f97-4a85-4330-9e7f-baf7ad32051c', 'Zucchini Noodles', 1, 'cup');
INSERT INTO ingredients (id, recipe_id, name, quantity, unit) VALUES ('2cd44c11-1205-4516-b386-114b028a68d3', '208e8f97-4a85-4330-9e7f-baf7ad32051c', 'Olive Oil', 1, 'tbsp');
INSERT INTO ingredients (id, recipe_id, name, quantity, unit) VALUES ('5679f45f-bb5a-4eed-9ec0-2872d170a41f', '208e8f97-4a85-4330-9e7f-baf7ad32051c', 'Salt & Pepper', 1, 'pinch');
INSERT INTO ingredients (id, recipe_id, name, quantity, unit) VALUES ('4d26396b-9ecf-426d-9d62-801b61eff680', '208e8f97-4a85-4330-9e7f-baf7ad32051c', 'Green Beans', 3, 'cup');
INSERT INTO ingredients (id, recipe_id, name, quantity, unit) VALUES ('3b0aa1a5-d846-4ac1-9c30-1094141e8d9d', '208e8f97-4a85-4330-9e7f-baf7ad32051c', 'Carrots', 2, 'pinch');
INSERT INTO ingredients (id, recipe_id, name, quantity, unit) VALUES ('7046105e-7aaa-44b1-a451-8c1eb15e2425', '208e8f97-4a85-4330-9e7f-baf7ad32051c', 'Broccoli', 4, 'ml');
INSERT INTO ingredients (id, recipe_id, name, quantity, unit) VALUES ('6ebac0ab-e4a6-4911-9ad3-39a54704d079', '208e8f97-4a85-4330-9e7f-baf7ad32051c', 'Spinach', 1, 'cup');
INSERT INTO recipe_dietary_tags (recipe_id, tag_id) VALUES ('208e8f97-4a85-4330-9e7f-baf7ad32051c', 3);

INSERT INTO recipes (id, user_id, title, description, instructions, image_url, servings, source_url, source_name, is_archived) VALUES ('811edac9-76e4-4695-8e2b-1e26f4e14872', 'admin-user-id', 'Teriyaki Sautéed Cod', 'A delicious and healthy Teriyaki Sautéed Cod served with Carrots and Lentil Pasta. Perfect for a quick weeknight dinner.', '1. Preheat oven to 400°F.
2. Season the Cod with Teriyaki spices.
3. Arrange Carrots and Kale on a baking sheet.
4. Sautéed for 20-25 minutes until cooked through.
5. Serve hot over Lentil Pasta.', 'https://images.unsplash.com/photo-1500000000004?auto=format&fit=crop&w=800&q=60', 7, 'https://www.allrecipes.com', 'AllRecipes', 0);
INSERT INTO ingredients (id, recipe_id, name, quantity, unit) VALUES ('ebf8d7a6-bc5c-4306-a427-2bd985bf54d9', '811edac9-76e4-4695-8e2b-1e26f4e14872', 'Cod', 1, 'lb');
INSERT INTO ingredients (id, recipe_id, name, quantity, unit) VALUES ('98868bd8-e73b-4161-a7cd-b8c856e3051c', '811edac9-76e4-4695-8e2b-1e26f4e14872', 'Carrots', 2, 'bundle');
INSERT INTO ingredients (id, recipe_id, name, quantity, unit) VALUES ('6f183780-e35b-4838-b349-e62e1ceb7a2a', '811edac9-76e4-4695-8e2b-1e26f4e14872', 'Lentil Pasta', 3, 'cup');
INSERT INTO ingredients (id, recipe_id, name, quantity, unit) VALUES ('1c547e6b-39ba-4742-a533-c09d62618d4d', '811edac9-76e4-4695-8e2b-1e26f4e14872', 'Olive Oil', 1, 'tbsp');
INSERT INTO ingredients (id, recipe_id, name, quantity, unit) VALUES ('bd590994-6730-4427-a598-91af246469ce', '811edac9-76e4-4695-8e2b-1e26f4e14872', 'Salt & Pepper', 1, 'pinch');
INSERT INTO ingredients (id, recipe_id, name, quantity, unit) VALUES ('77116f0e-310d-434f-af06-c5aa36da0cf5', '811edac9-76e4-4695-8e2b-1e26f4e14872', 'Asparagus', 1, 'lb');
INSERT INTO ingredients (id, recipe_id, name, quantity, unit) VALUES ('0c42ecf8-059e-4a58-b2f7-a7853a49d4ac', '811edac9-76e4-4695-8e2b-1e26f4e14872', 'Butter', 1, 'tsp');
INSERT INTO ingredients (id, recipe_id, name, quantity, unit) VALUES ('12cda50d-e65b-4727-b0ee-cf5f4eb29973', '811edac9-76e4-4695-8e2b-1e26f4e14872', 'Spinach', 3, 'pinch');
INSERT INTO recipe_dietary_tags (recipe_id, tag_id) VALUES ('811edac9-76e4-4695-8e2b-1e26f4e14872', 3);

INSERT INTO recipes (id, user_id, title, description, instructions, image_url, servings, source_url, source_name, is_archived) VALUES ('45e31f39-8ed3-4adb-acde-de44deaab499', 'admin-user-id', 'Miso Ginger Air Fried Ground Beef', 'A delicious and healthy Miso Ginger Air Fried Ground Beef served with Brussels Sprouts and Quinoa. Perfect for a quick weeknight dinner.', '1. Preheat oven to 400°F.
2. Season the Ground Beef with Miso Ginger spices.
3. Arrange Brussels Sprouts and Sweet Potatoes on a baking sheet.
4. Air Fried for 20-25 minutes until cooked through.
5. Serve hot over Quinoa.', 'https://images.unsplash.com/photo-1500000000005?auto=format&fit=crop&w=800&q=60', 5, 'https://www.tasteofhome.com', 'Taste of Home', 0);
INSERT INTO ingredients (id, recipe_id, name, quantity, unit) VALUES ('5fe94aaa-9a5e-4666-8127-975b3192900c', '45e31f39-8ed3-4adb-acde-de44deaab499', 'Ground Beef', 1, 'lb');
INSERT INTO ingredients (id, recipe_id, name, quantity, unit) VALUES ('e367f73c-aef8-4bcb-b95b-0c7796fc76da', '45e31f39-8ed3-4adb-acde-de44deaab499', 'Brussels Sprouts', 3, 'bundle');
INSERT INTO ingredients (id, recipe_id, name, quantity, unit) VALUES ('196ec659-3703-41e5-b5c4-9ea63f23ef7e', '45e31f39-8ed3-4adb-acde-de44deaab499', 'Quinoa', 2, 'cup');
INSERT INTO ingredients (id, recipe_id, name, quantity, unit) VALUES ('baed1789-bdee-4840-9607-b08f42f1e8ea', '45e31f39-8ed3-4adb-acde-de44deaab499', 'Olive Oil', 2, 'tbsp');
INSERT INTO ingredients (id, recipe_id, name, quantity, unit) VALUES ('1c5f51a8-9329-49c6-b993-05928ec29455', '45e31f39-8ed3-4adb-acde-de44deaab499', 'Salt & Pepper', 1, 'pinch');
INSERT INTO ingredients (id, recipe_id, name, quantity, unit) VALUES ('d5ce027a-c5fb-45d9-9778-155d90fedb2b', '45e31f39-8ed3-4adb-acde-de44deaab499', 'Spinach', 4, 'bundle');
INSERT INTO ingredients (id, recipe_id, name, quantity, unit) VALUES ('29dd533b-21ea-4a9d-972e-fe00bad97767', '45e31f39-8ed3-4adb-acde-de44deaab499', 'Bell Peppers', 4, 'ml');
INSERT INTO ingredients (id, recipe_id, name, quantity, unit) VALUES ('e263d507-642f-4007-9e78-ce260e0a1fa5', '45e31f39-8ed3-4adb-acde-de44deaab499', 'Onion', 1, 'pinch');
INSERT INTO ingredients (id, recipe_id, name, quantity, unit) VALUES ('654be1b6-d91d-4a9a-99e4-d3f8261e19f8', '45e31f39-8ed3-4adb-acde-de44deaab499', 'Carrots', 3, 'g');
INSERT INTO ingredients (id, recipe_id, name, quantity, unit) VALUES ('36713714-0a0b-4d25-885f-168160f9c934', '45e31f39-8ed3-4adb-acde-de44deaab499', 'Asparagus', 5, 'head');
INSERT INTO recipe_dietary_tags (recipe_id, tag_id) VALUES ('45e31f39-8ed3-4adb-acde-de44deaab499', 4);

INSERT INTO recipes (id, user_id, title, description, instructions, image_url, servings, source_url, source_name, is_archived) VALUES ('7673d8aa-d947-462b-bec4-b6efac91054c', 'admin-user-id', 'Honey Sriracha Sautéed Steak', 'A delicious and healthy Honey Sriracha Sautéed Steak served with Spinach and Mashed Cauliflower. Perfect for a quick weeknight dinner.', '1. Preheat oven to 400°F.
2. Season the Steak with Honey Sriracha spices.
3. Arrange Spinach and Sweet Potatoes on a baking sheet.
4. Sautéed for 20-25 minutes until cooked through.
5. Serve hot over Mashed Cauliflower.', 'https://images.unsplash.com/photo-1500000000006?auto=format&fit=crop&w=800&q=60', 2, 'https://www.bonappetit.com', 'Bon Appetit', 0);
INSERT INTO ingredients (id, recipe_id, name, quantity, unit) VALUES ('71a90ff1-94a5-40ce-9dff-92675aa829af', '7673d8aa-d947-462b-bec4-b6efac91054c', 'Steak', 2, 'oz');
INSERT INTO ingredients (id, recipe_id, name, quantity, unit) VALUES ('79f3d95e-4cf6-4ac7-9377-b5990482b667', '7673d8aa-d947-462b-bec4-b6efac91054c', 'Spinach', 3, 'head');
INSERT INTO ingredients (id, recipe_id, name, quantity, unit) VALUES ('1bb4f327-feb1-48b8-9492-c9d9567eeab1', '7673d8aa-d947-462b-bec4-b6efac91054c', 'Mashed Cauliflower', 2, 'cup');
INSERT INTO ingredients (id, recipe_id, name, quantity, unit) VALUES ('006132f6-98f2-49de-abef-3c163cb06bdb', '7673d8aa-d947-462b-bec4-b6efac91054c', 'Olive Oil', 1, 'tbsp');
INSERT INTO ingredients (id, recipe_id, name, quantity, unit) VALUES ('808dd4a6-ac89-478b-a960-d832c05e14a5', '7673d8aa-d947-462b-bec4-b6efac91054c', 'Salt & Pepper', 1, 'pinch');
INSERT INTO ingredients (id, recipe_id, name, quantity, unit) VALUES ('c9c8aaff-812d-44e4-a3e0-10526e82750b', '7673d8aa-d947-462b-bec4-b6efac91054c', 'Bell Peppers', 3, 'tbsp');
INSERT INTO ingredients (id, recipe_id, name, quantity, unit) VALUES ('75c2ac20-5b6f-41b5-9e9d-413cf0b84d1f', '7673d8aa-d947-462b-bec4-b6efac91054c', 'Kale', 5, 'g');
INSERT INTO recipe_dietary_tags (recipe_id, tag_id) VALUES ('7673d8aa-d947-462b-bec4-b6efac91054c', 6);

INSERT INTO recipes (id, user_id, title, description, instructions, image_url, servings, source_url, source_name, is_archived) VALUES ('a3ef8713-698d-4f9a-9b80-4c0e1f3ffcf2', 'admin-user-id', 'Lemon Garlic Grilled Salmon Fillet', 'A delicious and healthy Lemon Garlic Grilled Salmon Fillet served with Sweet Potatoes and Roasted Potatoes. Perfect for a quick weeknight dinner.', '1. Preheat oven to 400°F.
2. Season the Salmon Fillet with Lemon Garlic spices.
3. Arrange Sweet Potatoes and Zucchini on a baking sheet.
4. Grilled for 20-25 minutes until cooked through.
5. Serve hot over Roasted Potatoes.', 'https://images.unsplash.com/photo-1500000000007?auto=format&fit=crop&w=800&q=60', 6, 'https://www.allrecipes.com', 'AllRecipes', 0);
INSERT INTO ingredients (id, recipe_id, name, quantity, unit) VALUES ('0fb19b54-a469-4cf5-9a02-c3a5581c45d1', 'a3ef8713-698d-4f9a-9b80-4c0e1f3ffcf2', 'Salmon Fillet', 1, 'oz');
INSERT INTO ingredients (id, recipe_id, name, quantity, unit) VALUES ('aa699c52-8a35-42a4-b7f5-58480b256aea', 'a3ef8713-698d-4f9a-9b80-4c0e1f3ffcf2', 'Sweet Potatoes', 4, 'cup');
INSERT INTO ingredients (id, recipe_id, name, quantity, unit) VALUES ('2fd44f7e-90b3-458c-9911-44ccc06b9d40', 'a3ef8713-698d-4f9a-9b80-4c0e1f3ffcf2', 'Roasted Potatoes', 1, 'cup');
INSERT INTO ingredients (id, recipe_id, name, quantity, unit) VALUES ('9e5a3518-8a4b-4877-9cd9-a0edb549dd0e', 'a3ef8713-698d-4f9a-9b80-4c0e1f3ffcf2', 'Olive Oil', 2, 'tbsp');
INSERT INTO ingredients (id, recipe_id, name, quantity, unit) VALUES ('ad1c0801-3a75-43d4-8de5-262c3f97e8d8', 'a3ef8713-698d-4f9a-9b80-4c0e1f3ffcf2', 'Salt & Pepper', 1, 'pinch');
INSERT INTO ingredients (id, recipe_id, name, quantity, unit) VALUES ('ed268f29-37d5-44d7-81c3-6a85e553aed4', 'a3ef8713-698d-4f9a-9b80-4c0e1f3ffcf2', 'Carrots', 3, 'pinch');
INSERT INTO ingredients (id, recipe_id, name, quantity, unit) VALUES ('89b067ae-a574-40bd-9cd6-6480aa4fa669', 'a3ef8713-698d-4f9a-9b80-4c0e1f3ffcf2', 'Lemon', 1, 'oz');
INSERT INTO ingredients (id, recipe_id, name, quantity, unit) VALUES ('32a82c3b-710e-4897-ad65-8983fe4d9da4', 'a3ef8713-698d-4f9a-9b80-4c0e1f3ffcf2', 'Broccoli', 4, 'g');
INSERT INTO recipe_dietary_tags (recipe_id, tag_id) VALUES ('a3ef8713-698d-4f9a-9b80-4c0e1f3ffcf2', 1);
INSERT INTO recipe_dietary_tags (recipe_id, tag_id) VALUES ('a3ef8713-698d-4f9a-9b80-4c0e1f3ffcf2', 3);

INSERT INTO recipes (id, user_id, title, description, instructions, image_url, servings, source_url, source_name, is_archived) VALUES ('77d6edde-2cdf-49a4-a01a-e49873cf7eb2', 'admin-user-id', 'Balsamic Glaze Pan-Seared Chicken Breast', 'A delicious and healthy Balsamic Glaze Pan-Seared Chicken Breast served with Spinach and Cauliflower Rice. Perfect for a quick weeknight dinner.', '1. Preheat oven to 400°F.
2. Season the Chicken Breast with Balsamic Glaze spices.
3. Arrange Spinach and Sweet Potatoes on a baking sheet.
4. Pan-Seared for 20-25 minutes until cooked through.
5. Serve hot over Cauliflower Rice.', 'https://images.unsplash.com/photo-1500000000008?auto=format&fit=crop&w=800&q=60', 2, 'https://www.bonappetit.com', 'Bon Appetit', 0);
INSERT INTO ingredients (id, recipe_id, name, quantity, unit) VALUES ('3cc5628f-ae94-4449-bd48-6c26746bcf81', '77d6edde-2cdf-49a4-a01a-e49873cf7eb2', 'Chicken Breast', 1, 'oz');
INSERT INTO ingredients (id, recipe_id, name, quantity, unit) VALUES ('2e33fa3a-962d-47b8-9ed1-aa0b793fddfb', '77d6edde-2cdf-49a4-a01a-e49873cf7eb2', 'Spinach', 2, 'bundle');
INSERT INTO ingredients (id, recipe_id, name, quantity, unit) VALUES ('b94015d4-ca67-492b-b568-15ced7f03b68', '77d6edde-2cdf-49a4-a01a-e49873cf7eb2', 'Cauliflower Rice', 1, 'cup');
INSERT INTO ingredients (id, recipe_id, name, quantity, unit) VALUES ('c966d2be-6a0b-44d1-a37a-2f3938e354cf', '77d6edde-2cdf-49a4-a01a-e49873cf7eb2', 'Olive Oil', 3, 'tbsp');
INSERT INTO ingredients (id, recipe_id, name, quantity, unit) VALUES ('ea6cb040-ae4d-4966-9d59-914923998fa9', '77d6edde-2cdf-49a4-a01a-e49873cf7eb2', 'Salt & Pepper', 1, 'pinch');
INSERT INTO ingredients (id, recipe_id, name, quantity, unit) VALUES ('1b3103e7-820b-44b6-8b7f-028eff3928e0', '77d6edde-2cdf-49a4-a01a-e49873cf7eb2', 'Kale', 1, 'bundle');
INSERT INTO ingredients (id, recipe_id, name, quantity, unit) VALUES ('a94cd091-c924-4e8a-8d48-039a976e347d', '77d6edde-2cdf-49a4-a01a-e49873cf7eb2', 'Cauliflower', 4, 'head');
INSERT INTO ingredients (id, recipe_id, name, quantity, unit) VALUES ('1ce51fdb-0506-4d5f-88d3-ceeb9293299c', '77d6edde-2cdf-49a4-a01a-e49873cf7eb2', 'Garlic', 5, 'tsp');
INSERT INTO ingredients (id, recipe_id, name, quantity, unit) VALUES ('ea89f8d9-7d3e-45ca-97f0-17a2ebe8b3c7', '77d6edde-2cdf-49a4-a01a-e49873cf7eb2', 'Carrots', 5, 'clove');
INSERT INTO ingredients (id, recipe_id, name, quantity, unit) VALUES ('3af5b8ff-e975-491c-bcee-812edc86f794', '77d6edde-2cdf-49a4-a01a-e49873cf7eb2', 'Sweet Potatoes', 4, 'cup');
INSERT INTO recipe_dietary_tags (recipe_id, tag_id) VALUES ('77d6edde-2cdf-49a4-a01a-e49873cf7eb2', 2);

INSERT INTO recipes (id, user_id, title, description, instructions, image_url, servings, source_url, source_name, is_archived) VALUES ('7fde2c53-6e9e-4194-b79d-72254798f668', 'admin-user-id', 'Teriyaki Roasted Steak', 'A delicious and healthy Teriyaki Roasted Steak served with Kale and Couscous. Perfect for a quick weeknight dinner.', '1. Preheat oven to 400°F.
2. Season the Steak with Teriyaki spices.
3. Arrange Kale and Green Beans on a baking sheet.
4. Roasted for 20-25 minutes until cooked through.
5. Serve hot over Couscous.', 'https://images.unsplash.com/photo-1500000000009?auto=format&fit=crop&w=800&q=60', 4, 'https://www.bonappetit.com', 'Bon Appetit', 0);
INSERT INTO ingredients (id, recipe_id, name, quantity, unit) VALUES ('3dcc982a-9434-43ba-bd1b-c59a0f284a48', '7fde2c53-6e9e-4194-b79d-72254798f668', 'Steak', 1, 'lb');
INSERT INTO ingredients (id, recipe_id, name, quantity, unit) VALUES ('b595f6a8-3a72-4807-aa41-e337d988b8de', '7fde2c53-6e9e-4194-b79d-72254798f668', 'Kale', 4, 'cup');
INSERT INTO ingredients (id, recipe_id, name, quantity, unit) VALUES ('e78b5d69-85b6-4f72-be7f-a64714cf88f8', '7fde2c53-6e9e-4194-b79d-72254798f668', 'Couscous', 3, 'cup');
INSERT INTO ingredients (id, recipe_id, name, quantity, unit) VALUES ('f6145b3a-3b06-4fbd-9240-7b5aafc76c5b', '7fde2c53-6e9e-4194-b79d-72254798f668', 'Olive Oil', 3, 'tbsp');
INSERT INTO ingredients (id, recipe_id, name, quantity, unit) VALUES ('17774436-f90e-400c-9f46-842230e0b270', '7fde2c53-6e9e-4194-b79d-72254798f668', 'Salt & Pepper', 1, 'pinch');
INSERT INTO ingredients (id, recipe_id, name, quantity, unit) VALUES ('f694ee86-0600-4128-8b13-3b06a35ae434', '7fde2c53-6e9e-4194-b79d-72254798f668', 'Carrots', 3, 'lb');
INSERT INTO ingredients (id, recipe_id, name, quantity, unit) VALUES ('2ad89e40-e77a-44b9-9865-2e0f8d49c0d3', '7fde2c53-6e9e-4194-b79d-72254798f668', 'Broccoli', 4, 'pinch');
INSERT INTO ingredients (id, recipe_id, name, quantity, unit) VALUES ('c4500d71-d41f-44a0-9be1-1e5dca1a49ae', '7fde2c53-6e9e-4194-b79d-72254798f668', 'Kale', 4, 'bundle');
INSERT INTO ingredients (id, recipe_id, name, quantity, unit) VALUES ('9fa19a25-c35c-4841-8add-faa193fe96cb', '7fde2c53-6e9e-4194-b79d-72254798f668', 'Sweet Potatoes', 2, 'lb');
INSERT INTO recipe_dietary_tags (recipe_id, tag_id) VALUES ('7fde2c53-6e9e-4194-b79d-72254798f668', 7);
INSERT INTO recipe_dietary_tags (recipe_id, tag_id) VALUES ('7fde2c53-6e9e-4194-b79d-72254798f668', 5);

INSERT INTO recipes (id, user_id, title, description, instructions, image_url, servings, source_url, source_name, is_archived) VALUES ('72379ea5-ba6b-4a3c-a3ec-8b95bdc38d96', 'admin-user-id', 'Curry Sautéed Chickpeas', 'A delicious and healthy Curry Sautéed Chickpeas served with Green Beans and Couscous. Perfect for a quick weeknight dinner.', '1. Preheat oven to 400°F.
2. Season the Chickpeas with Curry spices.
3. Arrange Green Beans and Broccoli on a baking sheet.
4. Sautéed for 20-25 minutes until cooked through.
5. Serve hot over Couscous.', 'https://images.unsplash.com/photo-1500000000010?auto=format&fit=crop&w=800&q=60', 6, 'https://www.allrecipes.com', 'AllRecipes', 0);
INSERT INTO ingredients (id, recipe_id, name, quantity, unit) VALUES ('3c611af6-09f1-41b0-b043-21ed86768da6', '72379ea5-ba6b-4a3c-a3ec-8b95bdc38d96', 'Chickpeas', 2, 'lb');
INSERT INTO ingredients (id, recipe_id, name, quantity, unit) VALUES ('b4d64642-ee5f-4873-981e-53e5ef475084', '72379ea5-ba6b-4a3c-a3ec-8b95bdc38d96', 'Green Beans', 2, 'head');
INSERT INTO ingredients (id, recipe_id, name, quantity, unit) VALUES ('158bb6ff-ede1-4492-9a3b-92207244eaed', '72379ea5-ba6b-4a3c-a3ec-8b95bdc38d96', 'Couscous', 3, 'cup');
INSERT INTO ingredients (id, recipe_id, name, quantity, unit) VALUES ('fd265b48-f1a9-4dd8-8670-f7805725684d', '72379ea5-ba6b-4a3c-a3ec-8b95bdc38d96', 'Olive Oil', 2, 'tbsp');
INSERT INTO ingredients (id, recipe_id, name, quantity, unit) VALUES ('ac45296b-4a66-4e21-9bde-6bc4ec7b6def', '72379ea5-ba6b-4a3c-a3ec-8b95bdc38d96', 'Salt & Pepper', 1, 'pinch');
INSERT INTO ingredients (id, recipe_id, name, quantity, unit) VALUES ('8878dbe2-3981-4e66-919d-fe18e75bc544', '72379ea5-ba6b-4a3c-a3ec-8b95bdc38d96', 'Cauliflower', 5, 'oz');
INSERT INTO recipe_dietary_tags (recipe_id, tag_id) VALUES ('72379ea5-ba6b-4a3c-a3ec-8b95bdc38d96', 9);

INSERT INTO recipes (id, user_id, title, description, instructions, image_url, servings, source_url, source_name, is_archived) VALUES ('9cc30480-42e0-4119-be0a-fa7bfbb8125d', 'admin-user-id', 'Curry Air Fried Pork Loin', 'A delicious and healthy Curry Air Fried Pork Loin served with Carrots and Roasted Potatoes. Perfect for a quick weeknight dinner.', '1. Preheat oven to 400°F.
2. Season the Pork Loin with Curry spices.
3. Arrange Carrots and Carrots on a baking sheet.
4. Air Fried for 20-25 minutes until cooked through.
5. Serve hot over Roasted Potatoes.', 'https://images.unsplash.com/photo-1500000000011?auto=format&fit=crop&w=800&q=60', 8, 'https://www.bonappetit.com', 'Bon Appetit', 0);
INSERT INTO ingredients (id, recipe_id, name, quantity, unit) VALUES ('619e3348-1b9f-4cfe-8251-ba03a318bd24', '9cc30480-42e0-4119-be0a-fa7bfbb8125d', 'Pork Loin', 2, 'lb');
INSERT INTO ingredients (id, recipe_id, name, quantity, unit) VALUES ('2c67f29b-3ba2-46bc-bf06-5aa023ab7eac', '9cc30480-42e0-4119-be0a-fa7bfbb8125d', 'Carrots', 2, 'cup');
INSERT INTO ingredients (id, recipe_id, name, quantity, unit) VALUES ('c02f7878-88ab-4640-83a8-7ad4af945ccf', '9cc30480-42e0-4119-be0a-fa7bfbb8125d', 'Roasted Potatoes', 2, 'cup');
INSERT INTO ingredients (id, recipe_id, name, quantity, unit) VALUES ('e9f6df9d-47f6-4930-9b02-6034cd48ab6f', '9cc30480-42e0-4119-be0a-fa7bfbb8125d', 'Olive Oil', 2, 'tbsp');
INSERT INTO ingredients (id, recipe_id, name, quantity, unit) VALUES ('0e62d463-3aee-48ca-8692-5ffe94d4b39b', '9cc30480-42e0-4119-be0a-fa7bfbb8125d', 'Salt & Pepper', 1, 'pinch');
INSERT INTO ingredients (id, recipe_id, name, quantity, unit) VALUES ('b21222fa-c03c-4bc5-a3e6-6ebbd6c96725', '9cc30480-42e0-4119-be0a-fa7bfbb8125d', 'Kale', 2, 'clove');
INSERT INTO ingredients (id, recipe_id, name, quantity, unit) VALUES ('63e104a4-ea7e-4c9b-a3c0-7047631d557a', '9cc30480-42e0-4119-be0a-fa7bfbb8125d', 'Brussels Sprouts', 5, 'ml');
INSERT INTO ingredients (id, recipe_id, name, quantity, unit) VALUES ('4682d412-9bd0-4630-be81-221ceaf305e0', '9cc30480-42e0-4119-be0a-fa7bfbb8125d', 'Kale', 4, 'bundle');
INSERT INTO ingredients (id, recipe_id, name, quantity, unit) VALUES ('91f9540e-d241-4f2c-9bdb-cb1f481c539d', '9cc30480-42e0-4119-be0a-fa7bfbb8125d', 'Sweet Potatoes', 3, 'bundle');
INSERT INTO recipe_dietary_tags (recipe_id, tag_id) VALUES ('9cc30480-42e0-4119-be0a-fa7bfbb8125d', 7);
INSERT INTO recipe_dietary_tags (recipe_id, tag_id) VALUES ('9cc30480-42e0-4119-be0a-fa7bfbb8125d', 4);

INSERT INTO recipes (id, user_id, title, description, instructions, image_url, servings, source_url, source_name, is_archived) VALUES ('4a2d5c82-b7a4-421f-8058-641f8614809f', 'admin-user-id', 'Honey Sriracha Roasted Salmon Fillet', 'A delicious and healthy Honey Sriracha Roasted Salmon Fillet served with Carrots and Brown Rice. Perfect for a quick weeknight dinner.', '1. Preheat oven to 400°F.
2. Season the Salmon Fillet with Honey Sriracha spices.
3. Arrange Carrots and Carrots on a baking sheet.
4. Roasted for 20-25 minutes until cooked through.
5. Serve hot over Brown Rice.', 'https://images.unsplash.com/photo-1500000000012?auto=format&fit=crop&w=800&q=60', 2, 'https://www.epicurious.com', 'Epicurious', 0);
INSERT INTO ingredients (id, recipe_id, name, quantity, unit) VALUES ('6eebfc96-7d2a-4235-b612-a5f855f6f1b0', '4a2d5c82-b7a4-421f-8058-641f8614809f', 'Salmon Fillet', 1, 'lb');
INSERT INTO ingredients (id, recipe_id, name, quantity, unit) VALUES ('8f44295e-754e-435a-ba0b-dc9e4768ce1a', '4a2d5c82-b7a4-421f-8058-641f8614809f', 'Carrots', 1, 'head');
INSERT INTO ingredients (id, recipe_id, name, quantity, unit) VALUES ('9d39046b-85e4-4029-919c-0afd2afdb08b', '4a2d5c82-b7a4-421f-8058-641f8614809f', 'Brown Rice', 2, 'cup');
INSERT INTO ingredients (id, recipe_id, name, quantity, unit) VALUES ('df22d81d-ab07-430c-82c9-cb6f062ee45a', '4a2d5c82-b7a4-421f-8058-641f8614809f', 'Olive Oil', 3, 'tbsp');
INSERT INTO ingredients (id, recipe_id, name, quantity, unit) VALUES ('1cd72ba3-9e6e-45b7-9166-42ec190ceaed', '4a2d5c82-b7a4-421f-8058-641f8614809f', 'Salt & Pepper', 1, 'pinch');
INSERT INTO ingredients (id, recipe_id, name, quantity, unit) VALUES ('9822490a-b866-4aea-9431-2523fb0f0bed', '4a2d5c82-b7a4-421f-8058-641f8614809f', 'Spinach', 1, 'g');
INSERT INTO recipe_dietary_tags (recipe_id, tag_id) VALUES ('4a2d5c82-b7a4-421f-8058-641f8614809f', 4);

INSERT INTO recipes (id, user_id, title, description, instructions, image_url, servings, source_url, source_name, is_archived) VALUES ('4a20579a-10fb-4cd0-80bf-fd28070bd265', 'admin-user-id', 'Miso Ginger Sautéed Steak', 'A delicious and healthy Miso Ginger Sautéed Steak served with Cauliflower and Zucchini Noodles. Perfect for a quick weeknight dinner.', '1. Preheat oven to 400°F.
2. Season the Steak with Miso Ginger spices.
3. Arrange Cauliflower and Bell Peppers on a baking sheet.
4. Sautéed for 20-25 minutes until cooked through.
5. Serve hot over Zucchini Noodles.', 'https://images.unsplash.com/photo-1500000000013?auto=format&fit=crop&w=800&q=60', 7, 'https://www.tasteofhome.com', 'Taste of Home', 0);
INSERT INTO ingredients (id, recipe_id, name, quantity, unit) VALUES ('1276da61-8104-4508-bc38-8498845be426', '4a20579a-10fb-4cd0-80bf-fd28070bd265', 'Steak', 1, 'oz');
INSERT INTO ingredients (id, recipe_id, name, quantity, unit) VALUES ('d3deed68-7434-46e1-a7ea-596a2b436ade', '4a20579a-10fb-4cd0-80bf-fd28070bd265', 'Cauliflower', 4, 'cup');
INSERT INTO ingredients (id, recipe_id, name, quantity, unit) VALUES ('c4c9ff72-2f09-42eb-912a-8944d76d9c92', '4a20579a-10fb-4cd0-80bf-fd28070bd265', 'Zucchini Noodles', 2, 'cup');
INSERT INTO ingredients (id, recipe_id, name, quantity, unit) VALUES ('ba05b768-a096-4d07-909b-6c685ca187a6', '4a20579a-10fb-4cd0-80bf-fd28070bd265', 'Olive Oil', 1, 'tbsp');
INSERT INTO ingredients (id, recipe_id, name, quantity, unit) VALUES ('d4d211b6-05ae-4879-8084-840cfa71b01e', '4a20579a-10fb-4cd0-80bf-fd28070bd265', 'Salt & Pepper', 1, 'pinch');
INSERT INTO ingredients (id, recipe_id, name, quantity, unit) VALUES ('38841fb7-5e91-4709-a19b-35e1b00c49e3', '4a20579a-10fb-4cd0-80bf-fd28070bd265', 'Onion', 2, 'pinch');
INSERT INTO ingredients (id, recipe_id, name, quantity, unit) VALUES ('4780a1f5-b883-4bc7-aaf3-4f81fc431c89', '4a20579a-10fb-4cd0-80bf-fd28070bd265', 'Broccoli', 5, 'cup');
INSERT INTO recipe_dietary_tags (recipe_id, tag_id) VALUES ('4a20579a-10fb-4cd0-80bf-fd28070bd265', 7);

INSERT INTO recipes (id, user_id, title, description, instructions, image_url, servings, source_url, source_name, is_archived) VALUES ('1a1050ca-822d-4fb2-8a9c-f1dbe2c70c49', 'admin-user-id', 'Lemon Garlic Sautéed Ground Beef', 'A delicious and healthy Lemon Garlic Sautéed Ground Beef served with Zucchini and Brown Rice. Perfect for a quick weeknight dinner.', '1. Preheat oven to 400°F.
2. Season the Ground Beef with Lemon Garlic spices.
3. Arrange Zucchini and Sweet Potatoes on a baking sheet.
4. Sautéed for 20-25 minutes until cooked through.
5. Serve hot over Brown Rice.', 'https://images.unsplash.com/photo-1500000000014?auto=format&fit=crop&w=800&q=60', 4, 'https://www.epicurious.com', 'Epicurious', 0);
INSERT INTO ingredients (id, recipe_id, name, quantity, unit) VALUES ('13092c08-8a8e-45b9-a8d5-952a4ddd582d', '1a1050ca-822d-4fb2-8a9c-f1dbe2c70c49', 'Ground Beef', 1, 'oz');
INSERT INTO ingredients (id, recipe_id, name, quantity, unit) VALUES ('527b9f78-15a6-43ba-bf77-aa484f276f17', '1a1050ca-822d-4fb2-8a9c-f1dbe2c70c49', 'Zucchini', 2, 'head');
INSERT INTO ingredients (id, recipe_id, name, quantity, unit) VALUES ('bebb2111-ae03-4f3d-9648-37ca4a814fa3', '1a1050ca-822d-4fb2-8a9c-f1dbe2c70c49', 'Brown Rice', 3, 'cup');
INSERT INTO ingredients (id, recipe_id, name, quantity, unit) VALUES ('c400cb6e-fb08-4068-b3c4-c51a44a67311', '1a1050ca-822d-4fb2-8a9c-f1dbe2c70c49', 'Olive Oil', 3, 'tbsp');
INSERT INTO ingredients (id, recipe_id, name, quantity, unit) VALUES ('fa2bb861-8770-4766-aef0-b934256657d3', '1a1050ca-822d-4fb2-8a9c-f1dbe2c70c49', 'Salt & Pepper', 1, 'pinch');
INSERT INTO ingredients (id, recipe_id, name, quantity, unit) VALUES ('63877edb-3e1f-4935-b773-b42a5898e787', '1a1050ca-822d-4fb2-8a9c-f1dbe2c70c49', 'Broccoli', 5, 'bundle');
INSERT INTO ingredients (id, recipe_id, name, quantity, unit) VALUES ('6ea51979-1e84-4eaf-9e2a-264105a85e1d', '1a1050ca-822d-4fb2-8a9c-f1dbe2c70c49', 'Green Beans', 4, 'ml');
INSERT INTO ingredients (id, recipe_id, name, quantity, unit) VALUES ('a396ea48-cd60-457a-b95f-54dfe31a48a9', '1a1050ca-822d-4fb2-8a9c-f1dbe2c70c49', 'Onion', 2, 'cup');
INSERT INTO ingredients (id, recipe_id, name, quantity, unit) VALUES ('37dced07-f5ec-4eb6-bef0-f8cac38f5ac2', '1a1050ca-822d-4fb2-8a9c-f1dbe2c70c49', 'Broccoli', 4, 'g');
INSERT INTO ingredients (id, recipe_id, name, quantity, unit) VALUES ('54d40d29-9461-4925-af55-d4c77852bca6', '1a1050ca-822d-4fb2-8a9c-f1dbe2c70c49', 'Bell Peppers', 2, 'bundle');
INSERT INTO ingredients (id, recipe_id, name, quantity, unit) VALUES ('b031bb45-abff-4482-98e8-abdbbc7886b3', '1a1050ca-822d-4fb2-8a9c-f1dbe2c70c49', 'Cauliflower', 2, 'bundle');
INSERT INTO recipe_dietary_tags (recipe_id, tag_id) VALUES ('1a1050ca-822d-4fb2-8a9c-f1dbe2c70c49', 1);
INSERT INTO recipe_dietary_tags (recipe_id, tag_id) VALUES ('1a1050ca-822d-4fb2-8a9c-f1dbe2c70c49', 9);
INSERT INTO recipe_dietary_tags (recipe_id, tag_id) VALUES ('1a1050ca-822d-4fb2-8a9c-f1dbe2c70c49', 2);

INSERT INTO recipes (id, user_id, title, description, instructions, image_url, servings, source_url, source_name, is_archived) VALUES ('c063db02-6056-4ace-9b6e-48bcd6501fde', 'admin-user-id', 'Balsamic Glaze Sautéed Cod', 'A delicious and healthy Balsamic Glaze Sautéed Cod served with Sweet Potatoes and Wild Rice. Perfect for a quick weeknight dinner.', '1. Preheat oven to 400°F.
2. Season the Cod with Balsamic Glaze spices.
3. Arrange Sweet Potatoes and Green Beans on a baking sheet.
4. Sautéed for 20-25 minutes until cooked through.
5. Serve hot over Wild Rice.', 'https://images.unsplash.com/photo-1500000000015?auto=format&fit=crop&w=800&q=60', 5, 'https://www.allrecipes.com', 'AllRecipes', 0);
INSERT INTO ingredients (id, recipe_id, name, quantity, unit) VALUES ('6862c04d-e629-49d2-a7c3-14d114bcb32f', 'c063db02-6056-4ace-9b6e-48bcd6501fde', 'Cod', 2, 'oz');
INSERT INTO ingredients (id, recipe_id, name, quantity, unit) VALUES ('e5df11fe-00bf-4429-99f4-10a5bfecbc0a', 'c063db02-6056-4ace-9b6e-48bcd6501fde', 'Sweet Potatoes', 3, 'cup');
INSERT INTO ingredients (id, recipe_id, name, quantity, unit) VALUES ('0855e994-c887-41aa-aa8b-0663523ad3a4', 'c063db02-6056-4ace-9b6e-48bcd6501fde', 'Wild Rice', 1, 'cup');
INSERT INTO ingredients (id, recipe_id, name, quantity, unit) VALUES ('625526a6-ad7e-48b4-b6fd-c42bbe202474', 'c063db02-6056-4ace-9b6e-48bcd6501fde', 'Olive Oil', 3, 'tbsp');
INSERT INTO ingredients (id, recipe_id, name, quantity, unit) VALUES ('61cd8f2a-9290-4682-8879-899099bfba7e', 'c063db02-6056-4ace-9b6e-48bcd6501fde', 'Salt & Pepper', 1, 'pinch');
INSERT INTO ingredients (id, recipe_id, name, quantity, unit) VALUES ('fb864afa-9886-4512-b093-81c0a2252721', 'c063db02-6056-4ace-9b6e-48bcd6501fde', 'Garlic', 5, 'oz');
INSERT INTO ingredients (id, recipe_id, name, quantity, unit) VALUES ('b279f207-3639-423d-a209-daf221bf23a7', 'c063db02-6056-4ace-9b6e-48bcd6501fde', 'Green Beans', 4, 'lb');
INSERT INTO ingredients (id, recipe_id, name, quantity, unit) VALUES ('7952229d-0499-4688-966d-eb6fdfd7f18e', 'c063db02-6056-4ace-9b6e-48bcd6501fde', 'Broccoli', 1, 'tbsp');
INSERT INTO recipe_dietary_tags (recipe_id, tag_id) VALUES ('c063db02-6056-4ace-9b6e-48bcd6501fde', 8);
INSERT INTO recipe_dietary_tags (recipe_id, tag_id) VALUES ('c063db02-6056-4ace-9b6e-48bcd6501fde', 1);

INSERT INTO recipes (id, user_id, title, description, instructions, image_url, servings, source_url, source_name, is_archived) VALUES ('05ad3cca-2250-40a2-8fa5-5dc5cdf88489', 'admin-user-id', 'Cajun Roasted Pork Loin', 'A delicious and healthy Cajun Roasted Pork Loin served with Bell Peppers and Cauliflower Rice. Perfect for a quick weeknight dinner.', '1. Preheat oven to 400°F.
2. Season the Pork Loin with Cajun spices.
3. Arrange Bell Peppers and Asparagus on a baking sheet.
4. Roasted for 20-25 minutes until cooked through.
5. Serve hot over Cauliflower Rice.', 'https://images.unsplash.com/photo-1500000000016?auto=format&fit=crop&w=800&q=60', 3, 'https://www.foodnetwork.com', 'Food Network', 0);
INSERT INTO ingredients (id, recipe_id, name, quantity, unit) VALUES ('a8d811df-b3ec-4047-82f0-bb0609c50d44', '05ad3cca-2250-40a2-8fa5-5dc5cdf88489', 'Pork Loin', 2, 'lb');
INSERT INTO ingredients (id, recipe_id, name, quantity, unit) VALUES ('a927b9fa-f755-40e4-a14f-0566dd331e64', '05ad3cca-2250-40a2-8fa5-5dc5cdf88489', 'Bell Peppers', 3, 'cup');
INSERT INTO ingredients (id, recipe_id, name, quantity, unit) VALUES ('cc28f780-9173-487a-a303-b5ce08f59011', '05ad3cca-2250-40a2-8fa5-5dc5cdf88489', 'Cauliflower Rice', 2, 'cup');
INSERT INTO ingredients (id, recipe_id, name, quantity, unit) VALUES ('fa248b74-f4fc-4a0e-bb15-9b83fe216fca', '05ad3cca-2250-40a2-8fa5-5dc5cdf88489', 'Olive Oil', 3, 'tbsp');
INSERT INTO ingredients (id, recipe_id, name, quantity, unit) VALUES ('3e0adff7-5fa9-47cf-aa68-e9423415fb96', '05ad3cca-2250-40a2-8fa5-5dc5cdf88489', 'Salt & Pepper', 1, 'pinch');
INSERT INTO ingredients (id, recipe_id, name, quantity, unit) VALUES ('104e48b2-98e9-4b5e-932d-bc362376d9b3', '05ad3cca-2250-40a2-8fa5-5dc5cdf88489', 'Onion', 5, 'lb');
INSERT INTO ingredients (id, recipe_id, name, quantity, unit) VALUES ('cf0ddfba-311a-42d5-93b9-4e21e61a4eef', '05ad3cca-2250-40a2-8fa5-5dc5cdf88489', 'Cauliflower', 1, 'pinch');
INSERT INTO ingredients (id, recipe_id, name, quantity, unit) VALUES ('79ce56b1-2546-4b53-a145-7ed156d20332', '05ad3cca-2250-40a2-8fa5-5dc5cdf88489', 'Sweet Potatoes', 2, 'g');
INSERT INTO ingredients (id, recipe_id, name, quantity, unit) VALUES ('1c232b9f-a5a8-4b4f-ad36-1e19cf83932d', '05ad3cca-2250-40a2-8fa5-5dc5cdf88489', 'Bell Peppers', 2, 'clove');
INSERT INTO ingredients (id, recipe_id, name, quantity, unit) VALUES ('f3cdb5d3-06c3-435d-ae7d-8058be6e2d73', '05ad3cca-2250-40a2-8fa5-5dc5cdf88489', 'Broccoli', 2, 'oz');
INSERT INTO ingredients (id, recipe_id, name, quantity, unit) VALUES ('108a1bce-676f-48ad-91f6-2fb898892d08', '05ad3cca-2250-40a2-8fa5-5dc5cdf88489', 'Broccoli', 3, 'head');
INSERT INTO ingredients (id, recipe_id, name, quantity, unit) VALUES ('3cf8d17d-26c1-45d1-b1ce-b86470a5400f', '05ad3cca-2250-40a2-8fa5-5dc5cdf88489', 'Ginger', 5, 'g');
INSERT INTO recipe_dietary_tags (recipe_id, tag_id) VALUES ('05ad3cca-2250-40a2-8fa5-5dc5cdf88489', 3);
INSERT INTO recipe_dietary_tags (recipe_id, tag_id) VALUES ('05ad3cca-2250-40a2-8fa5-5dc5cdf88489', 10);
INSERT INTO recipe_dietary_tags (recipe_id, tag_id) VALUES ('05ad3cca-2250-40a2-8fa5-5dc5cdf88489', 6);

INSERT INTO recipes (id, user_id, title, description, instructions, image_url, servings, source_url, source_name, is_archived) VALUES ('4119a3f7-7cbf-4922-82c1-bf0efaf1c65d', 'admin-user-id', 'Lemon Garlic Baked Lamb Chops', 'A delicious and healthy Lemon Garlic Baked Lamb Chops served with Sweet Potatoes and Lentil Pasta. Perfect for a quick weeknight dinner.', '1. Preheat oven to 400°F.
2. Season the Lamb Chops with Lemon Garlic spices.
3. Arrange Sweet Potatoes and Sweet Potatoes on a baking sheet.
4. Baked for 20-25 minutes until cooked through.
5. Serve hot over Lentil Pasta.', 'https://images.unsplash.com/photo-1500000000017?auto=format&fit=crop&w=800&q=60', 8, 'https://www.foodnetwork.com', 'Food Network', 0);
INSERT INTO ingredients (id, recipe_id, name, quantity, unit) VALUES ('6b68c19a-8b00-42a3-82ce-b9f528c63c9c', '4119a3f7-7cbf-4922-82c1-bf0efaf1c65d', 'Lamb Chops', 1, 'lb');
INSERT INTO ingredients (id, recipe_id, name, quantity, unit) VALUES ('fee24ee0-c316-4b85-bcb3-6f12cc7b1de6', '4119a3f7-7cbf-4922-82c1-bf0efaf1c65d', 'Sweet Potatoes', 4, 'bundle');
INSERT INTO ingredients (id, recipe_id, name, quantity, unit) VALUES ('e3a06153-228b-4f35-8e0f-a0f47ba5addd', '4119a3f7-7cbf-4922-82c1-bf0efaf1c65d', 'Lentil Pasta', 3, 'cup');
INSERT INTO ingredients (id, recipe_id, name, quantity, unit) VALUES ('6a0c14f7-b26f-4211-946c-708a6896fec0', '4119a3f7-7cbf-4922-82c1-bf0efaf1c65d', 'Olive Oil', 2, 'tbsp');
INSERT INTO ingredients (id, recipe_id, name, quantity, unit) VALUES ('0da2de94-b77a-4eb2-ab89-3977acb501ec', '4119a3f7-7cbf-4922-82c1-bf0efaf1c65d', 'Salt & Pepper', 1, 'pinch');
INSERT INTO ingredients (id, recipe_id, name, quantity, unit) VALUES ('661156ac-6c7a-4bd6-8416-71be074f3004', '4119a3f7-7cbf-4922-82c1-bf0efaf1c65d', 'Bell Peppers', 1, 'tbsp');
INSERT INTO ingredients (id, recipe_id, name, quantity, unit) VALUES ('dad6fe78-25c3-46be-98b4-6e7eacc428da', '4119a3f7-7cbf-4922-82c1-bf0efaf1c65d', 'Brussels Sprouts', 4, 'ml');
INSERT INTO ingredients (id, recipe_id, name, quantity, unit) VALUES ('c66a0204-45ab-4e99-a636-de341a2139ec', '4119a3f7-7cbf-4922-82c1-bf0efaf1c65d', 'Green Beans', 4, 'clove');
INSERT INTO ingredients (id, recipe_id, name, quantity, unit) VALUES ('7b9de4fe-84ef-4342-9f84-bbaa0054c70a', '4119a3f7-7cbf-4922-82c1-bf0efaf1c65d', 'Butter', 2, 'ml');
INSERT INTO ingredients (id, recipe_id, name, quantity, unit) VALUES ('8e06947a-660c-4358-a1ea-8b23f16a7067', '4119a3f7-7cbf-4922-82c1-bf0efaf1c65d', 'Butter', 5, 'tsp');
INSERT INTO ingredients (id, recipe_id, name, quantity, unit) VALUES ('d97aef57-0dd9-4b18-b776-9ffbab84e4d5', '4119a3f7-7cbf-4922-82c1-bf0efaf1c65d', 'Garlic', 4, 'tbsp');
INSERT INTO recipe_dietary_tags (recipe_id, tag_id) VALUES ('4119a3f7-7cbf-4922-82c1-bf0efaf1c65d', 4);
INSERT INTO recipe_dietary_tags (recipe_id, tag_id) VALUES ('4119a3f7-7cbf-4922-82c1-bf0efaf1c65d', 7);

INSERT INTO recipes (id, user_id, title, description, instructions, image_url, servings, source_url, source_name, is_archived) VALUES ('3abe8ce2-bbf3-4a3f-b2bd-c99178603ab3', 'admin-user-id', 'Taco Seasoned Pan-Seared Lentils', 'A delicious and healthy Taco Seasoned Pan-Seared Lentils served with Asparagus and Brown Rice. Perfect for a quick weeknight dinner.', '1. Preheat oven to 400°F.
2. Season the Lentils with Taco Seasoned spices.
3. Arrange Asparagus and Broccoli on a baking sheet.
4. Pan-Seared for 20-25 minutes until cooked through.
5. Serve hot over Brown Rice.', 'https://images.unsplash.com/photo-1500000000018?auto=format&fit=crop&w=800&q=60', 4, 'https://www.epicurious.com', 'Epicurious', 0);
INSERT INTO ingredients (id, recipe_id, name, quantity, unit) VALUES ('3563d37d-7054-4d55-8540-5ab8119b7ddd', '3abe8ce2-bbf3-4a3f-b2bd-c99178603ab3', 'Lentils', 1, 'lb');
INSERT INTO ingredients (id, recipe_id, name, quantity, unit) VALUES ('232063cf-d14d-41be-a99c-079489acbf5d', '3abe8ce2-bbf3-4a3f-b2bd-c99178603ab3', 'Asparagus', 2, 'cup');
INSERT INTO ingredients (id, recipe_id, name, quantity, unit) VALUES ('928ec0cc-1d18-4ab4-b0eb-46d7ad837880', '3abe8ce2-bbf3-4a3f-b2bd-c99178603ab3', 'Brown Rice', 3, 'cup');
INSERT INTO ingredients (id, recipe_id, name, quantity, unit) VALUES ('b36777cf-fc0a-4c03-82fc-45466ea3f31d', '3abe8ce2-bbf3-4a3f-b2bd-c99178603ab3', 'Olive Oil', 2, 'tbsp');
INSERT INTO ingredients (id, recipe_id, name, quantity, unit) VALUES ('3fa3b319-844c-4e5b-b702-75de00bac177', '3abe8ce2-bbf3-4a3f-b2bd-c99178603ab3', 'Salt & Pepper', 1, 'pinch');
INSERT INTO ingredients (id, recipe_id, name, quantity, unit) VALUES ('c703323d-0323-405a-a61b-6f9026771106', '3abe8ce2-bbf3-4a3f-b2bd-c99178603ab3', 'Bell Peppers', 3, 'g');
INSERT INTO ingredients (id, recipe_id, name, quantity, unit) VALUES ('0dbdad8c-c97c-48e8-9a48-5470f6ca9dea', '3abe8ce2-bbf3-4a3f-b2bd-c99178603ab3', 'Broccoli', 3, 'head');
INSERT INTO ingredients (id, recipe_id, name, quantity, unit) VALUES ('5c0f62b5-4dfa-4cc2-94a1-cdd23190ead6', '3abe8ce2-bbf3-4a3f-b2bd-c99178603ab3', 'Carrots', 3, 'ml');
INSERT INTO recipe_dietary_tags (recipe_id, tag_id) VALUES ('3abe8ce2-bbf3-4a3f-b2bd-c99178603ab3', 5);
INSERT INTO recipe_dietary_tags (recipe_id, tag_id) VALUES ('3abe8ce2-bbf3-4a3f-b2bd-c99178603ab3', 1);

INSERT INTO recipes (id, user_id, title, description, instructions, image_url, servings, source_url, source_name, is_archived) VALUES ('e68837d7-6269-4433-93bd-1f0250348151', 'admin-user-id', 'Miso Ginger Roasted Lentils', 'A delicious and healthy Miso Ginger Roasted Lentils served with Bell Peppers and Roasted Potatoes. Perfect for a quick weeknight dinner.', '1. Preheat oven to 400°F.
2. Season the Lentils with Miso Ginger spices.
3. Arrange Bell Peppers and Brussels Sprouts on a baking sheet.
4. Roasted for 20-25 minutes until cooked through.
5. Serve hot over Roasted Potatoes.', 'https://images.unsplash.com/photo-1500000000019?auto=format&fit=crop&w=800&q=60', 2, 'https://www.tasteofhome.com', 'Taste of Home', 0);
INSERT INTO ingredients (id, recipe_id, name, quantity, unit) VALUES ('770fb1d4-62e2-4d45-88dd-8ab9b3312a53', 'e68837d7-6269-4433-93bd-1f0250348151', 'Lentils', 2, 'oz');
INSERT INTO ingredients (id, recipe_id, name, quantity, unit) VALUES ('a300c454-3d2f-4996-9e3d-efc1c7ae0202', 'e68837d7-6269-4433-93bd-1f0250348151', 'Bell Peppers', 4, 'bundle');
INSERT INTO ingredients (id, recipe_id, name, quantity, unit) VALUES ('9bc71845-f93b-4f7f-8db1-85c9479f816e', 'e68837d7-6269-4433-93bd-1f0250348151', 'Roasted Potatoes', 2, 'cup');
INSERT INTO ingredients (id, recipe_id, name, quantity, unit) VALUES ('8ec5ebb5-9458-4f41-a2a8-9c55ba721026', 'e68837d7-6269-4433-93bd-1f0250348151', 'Olive Oil', 3, 'tbsp');
INSERT INTO ingredients (id, recipe_id, name, quantity, unit) VALUES ('51c2b4d5-9dde-4b76-9af3-351683822315', 'e68837d7-6269-4433-93bd-1f0250348151', 'Salt & Pepper', 1, 'pinch');
INSERT INTO ingredients (id, recipe_id, name, quantity, unit) VALUES ('d793bef9-fa29-4fb2-b6e4-8c63554798a4', 'e68837d7-6269-4433-93bd-1f0250348151', 'Zucchini', 4, 'ml');
INSERT INTO ingredients (id, recipe_id, name, quantity, unit) VALUES ('3c3afe6f-58e6-4efd-8d6e-b7ea484dc486', 'e68837d7-6269-4433-93bd-1f0250348151', 'Ginger', 3, 'pinch');
INSERT INTO ingredients (id, recipe_id, name, quantity, unit) VALUES ('6c0a45a0-cb8b-4622-9ab9-c002c8d14781', 'e68837d7-6269-4433-93bd-1f0250348151', 'Spinach', 2, 'ml');
INSERT INTO ingredients (id, recipe_id, name, quantity, unit) VALUES ('d0ff0d92-167f-4030-a3f4-ae9aed1b263d', 'e68837d7-6269-4433-93bd-1f0250348151', 'Asparagus', 3, 'lb');
INSERT INTO ingredients (id, recipe_id, name, quantity, unit) VALUES ('9a024a85-1da4-4df2-916f-ff8dfb6b579b', 'e68837d7-6269-4433-93bd-1f0250348151', 'Cauliflower', 3, 'tsp');
INSERT INTO ingredients (id, recipe_id, name, quantity, unit) VALUES ('1784d95d-fed5-4581-845e-da4f80dbdc70', 'e68837d7-6269-4433-93bd-1f0250348151', 'Lemon', 4, 'ml');
INSERT INTO ingredients (id, recipe_id, name, quantity, unit) VALUES ('0c4ea688-0d29-4716-a75b-a398d917a71b', 'e68837d7-6269-4433-93bd-1f0250348151', 'Onion', 1, 'lb');
INSERT INTO recipe_dietary_tags (recipe_id, tag_id) VALUES ('e68837d7-6269-4433-93bd-1f0250348151', 4);
INSERT INTO recipe_dietary_tags (recipe_id, tag_id) VALUES ('e68837d7-6269-4433-93bd-1f0250348151', 6);
INSERT INTO recipe_dietary_tags (recipe_id, tag_id) VALUES ('e68837d7-6269-4433-93bd-1f0250348151', 1);

INSERT INTO recipes (id, user_id, title, description, instructions, image_url, servings, source_url, source_name, is_archived) VALUES ('0fa15068-36ac-4839-a5b7-ac4a1b8ea2a6', 'admin-user-id', 'Cajun Sautéed Lamb Chops', 'A delicious and healthy Cajun Sautéed Lamb Chops served with Carrots and Couscous. Perfect for a quick weeknight dinner.', '1. Preheat oven to 400°F.
2. Season the Lamb Chops with Cajun spices.
3. Arrange Carrots and Kale on a baking sheet.
4. Sautéed for 20-25 minutes until cooked through.
5. Serve hot over Couscous.', 'https://images.unsplash.com/photo-1500000000020?auto=format&fit=crop&w=800&q=60', 2, 'https://www.epicurious.com', 'Epicurious', 0);
INSERT INTO ingredients (id, recipe_id, name, quantity, unit) VALUES ('5187f2df-e9af-4d0c-b3c3-531a79578e39', '0fa15068-36ac-4839-a5b7-ac4a1b8ea2a6', 'Lamb Chops', 1, 'oz');
INSERT INTO ingredients (id, recipe_id, name, quantity, unit) VALUES ('cdebff74-abf9-40a7-b493-1f594fb587c0', '0fa15068-36ac-4839-a5b7-ac4a1b8ea2a6', 'Carrots', 3, 'head');
INSERT INTO ingredients (id, recipe_id, name, quantity, unit) VALUES ('d9569ea7-29d3-4258-a60a-79906f72f046', '0fa15068-36ac-4839-a5b7-ac4a1b8ea2a6', 'Couscous', 1, 'cup');
INSERT INTO ingredients (id, recipe_id, name, quantity, unit) VALUES ('bcf07f08-2f37-4781-9670-663c87f4bf62', '0fa15068-36ac-4839-a5b7-ac4a1b8ea2a6', 'Olive Oil', 2, 'tbsp');
INSERT INTO ingredients (id, recipe_id, name, quantity, unit) VALUES ('ffd9ae18-e5ae-44db-8eb6-f076ad5bc9ce', '0fa15068-36ac-4839-a5b7-ac4a1b8ea2a6', 'Salt & Pepper', 1, 'pinch');
INSERT INTO ingredients (id, recipe_id, name, quantity, unit) VALUES ('287fa4b0-5e1e-4343-b35b-c39c89b2a440', '0fa15068-36ac-4839-a5b7-ac4a1b8ea2a6', 'Green Beans', 3, 'g');
INSERT INTO ingredients (id, recipe_id, name, quantity, unit) VALUES ('8cb0c03f-84bb-486f-a17a-3eb4e3215ab3', '0fa15068-36ac-4839-a5b7-ac4a1b8ea2a6', 'Brussels Sprouts', 4, 'g');
INSERT INTO ingredients (id, recipe_id, name, quantity, unit) VALUES ('1faf7ecb-715d-4dcb-b8bf-8f72d8a85b72', '0fa15068-36ac-4839-a5b7-ac4a1b8ea2a6', 'Asparagus', 3, 'g');
INSERT INTO ingredients (id, recipe_id, name, quantity, unit) VALUES ('9cb87f9c-7bec-432e-9887-dec122174afe', '0fa15068-36ac-4839-a5b7-ac4a1b8ea2a6', 'Ginger', 5, 'bundle');
INSERT INTO ingredients (id, recipe_id, name, quantity, unit) VALUES ('0bd08465-bbf2-4235-aaf0-f8ef148a9d26', '0fa15068-36ac-4839-a5b7-ac4a1b8ea2a6', 'Onion', 3, 'clove');
INSERT INTO ingredients (id, recipe_id, name, quantity, unit) VALUES ('5c336c21-3da2-48ed-9f24-1d50a3defda3', '0fa15068-36ac-4839-a5b7-ac4a1b8ea2a6', 'Onion', 5, 'g');
INSERT INTO recipe_dietary_tags (recipe_id, tag_id) VALUES ('0fa15068-36ac-4839-a5b7-ac4a1b8ea2a6', 4);

INSERT INTO recipes (id, user_id, title, description, instructions, image_url, servings, source_url, source_name, is_archived) VALUES ('00482a5a-f4bb-4419-8511-282902b0b17a', 'admin-user-id', 'Balsamic Glaze Roasted Turkey Breast', 'A delicious and healthy Balsamic Glaze Roasted Turkey Breast served with Brussels Sprouts and Zucchini Noodles. Perfect for a quick weeknight dinner.', '1. Preheat oven to 400°F.
2. Season the Turkey Breast with Balsamic Glaze spices.
3. Arrange Brussels Sprouts and Green Beans on a baking sheet.
4. Roasted for 20-25 minutes until cooked through.
5. Serve hot over Zucchini Noodles.', 'https://images.unsplash.com/photo-1500000000021?auto=format&fit=crop&w=800&q=60', 3, 'https://www.tasteofhome.com', 'Taste of Home', 0);
INSERT INTO ingredients (id, recipe_id, name, quantity, unit) VALUES ('0055acb2-fcbd-4f32-b44e-97ba7fe4aae9', '00482a5a-f4bb-4419-8511-282902b0b17a', 'Turkey Breast', 2, 'lb');
INSERT INTO ingredients (id, recipe_id, name, quantity, unit) VALUES ('170f5576-c8ac-4e2b-a423-d2aa914c0c4d', '00482a5a-f4bb-4419-8511-282902b0b17a', 'Brussels Sprouts', 3, 'cup');
INSERT INTO ingredients (id, recipe_id, name, quantity, unit) VALUES ('dbf4ed9b-9a70-42ec-bdeb-45574bd35455', '00482a5a-f4bb-4419-8511-282902b0b17a', 'Zucchini Noodles', 3, 'cup');
INSERT INTO ingredients (id, recipe_id, name, quantity, unit) VALUES ('21d1e239-fd98-415e-b2ac-28707f4c8967', '00482a5a-f4bb-4419-8511-282902b0b17a', 'Olive Oil', 2, 'tbsp');
INSERT INTO ingredients (id, recipe_id, name, quantity, unit) VALUES ('c0422067-87c3-47ea-9939-a82e2e5d1d4d', '00482a5a-f4bb-4419-8511-282902b0b17a', 'Salt & Pepper', 1, 'pinch');
INSERT INTO ingredients (id, recipe_id, name, quantity, unit) VALUES ('c9ffc9c0-1526-435f-ab2e-a353d7ef256b', '00482a5a-f4bb-4419-8511-282902b0b17a', 'Onion', 4, 'head');
INSERT INTO ingredients (id, recipe_id, name, quantity, unit) VALUES ('eb1dd7cc-ea79-4b41-adba-bf2752d0aba1', '00482a5a-f4bb-4419-8511-282902b0b17a', 'Butter', 2, 'ml');
INSERT INTO ingredients (id, recipe_id, name, quantity, unit) VALUES ('17afd8f8-31a6-4a2d-8442-120ba63deb1e', '00482a5a-f4bb-4419-8511-282902b0b17a', 'Garlic', 2, 'ml');
INSERT INTO ingredients (id, recipe_id, name, quantity, unit) VALUES ('e9d2fbdb-e161-496f-9bce-d103f7276490', '00482a5a-f4bb-4419-8511-282902b0b17a', 'Green Beans', 4, 'oz');
INSERT INTO ingredients (id, recipe_id, name, quantity, unit) VALUES ('810f5a25-e58d-4c3b-bb64-94e470e378f1', '00482a5a-f4bb-4419-8511-282902b0b17a', 'Garlic', 5, 'lb');
INSERT INTO ingredients (id, recipe_id, name, quantity, unit) VALUES ('dd13c35e-c249-429c-8d1d-6f25e5f67f42', '00482a5a-f4bb-4419-8511-282902b0b17a', 'Green Beans', 3, 'ml');
INSERT INTO ingredients (id, recipe_id, name, quantity, unit) VALUES ('228f718c-9082-4b6a-ba0f-b15629239df2', '00482a5a-f4bb-4419-8511-282902b0b17a', 'Lemon', 5, 'lb');
INSERT INTO recipe_dietary_tags (recipe_id, tag_id) VALUES ('00482a5a-f4bb-4419-8511-282902b0b17a', 5);

INSERT INTO recipes (id, user_id, title, description, instructions, image_url, servings, source_url, source_name, is_archived) VALUES ('8242a757-029e-4243-bff9-d840ef89bb98', 'admin-user-id', 'Taco Seasoned Air Fried Ground Beef', 'A delicious and healthy Taco Seasoned Air Fried Ground Beef served with Sweet Potatoes and Wild Rice. Perfect for a quick weeknight dinner.', '1. Preheat oven to 400°F.
2. Season the Ground Beef with Taco Seasoned spices.
3. Arrange Sweet Potatoes and Asparagus on a baking sheet.
4. Air Fried for 20-25 minutes until cooked through.
5. Serve hot over Wild Rice.', 'https://images.unsplash.com/photo-1500000000022?auto=format&fit=crop&w=800&q=60', 5, 'https://www.tasteofhome.com', 'Taste of Home', 0);
INSERT INTO ingredients (id, recipe_id, name, quantity, unit) VALUES ('02a2d45c-e30b-4074-848b-b6dfd48c9f0b', '8242a757-029e-4243-bff9-d840ef89bb98', 'Ground Beef', 2, 'lb');
INSERT INTO ingredients (id, recipe_id, name, quantity, unit) VALUES ('fb1565b0-1796-4200-97c1-7c4dde26a8a6', '8242a757-029e-4243-bff9-d840ef89bb98', 'Sweet Potatoes', 4, 'bundle');
INSERT INTO ingredients (id, recipe_id, name, quantity, unit) VALUES ('db546fdd-9cf5-47b6-8686-562c36f09799', '8242a757-029e-4243-bff9-d840ef89bb98', 'Wild Rice', 3, 'cup');
INSERT INTO ingredients (id, recipe_id, name, quantity, unit) VALUES ('875f5abe-b7d4-4cfb-a759-f1dc2745156e', '8242a757-029e-4243-bff9-d840ef89bb98', 'Olive Oil', 1, 'tbsp');
INSERT INTO ingredients (id, recipe_id, name, quantity, unit) VALUES ('22a91ad5-8f3f-4672-aaf1-12b05eb44a4e', '8242a757-029e-4243-bff9-d840ef89bb98', 'Salt & Pepper', 1, 'pinch');
INSERT INTO ingredients (id, recipe_id, name, quantity, unit) VALUES ('dbed1ab6-e295-461e-8f73-4ec3a4db5a0e', '8242a757-029e-4243-bff9-d840ef89bb98', 'Cauliflower', 4, 'oz');
INSERT INTO ingredients (id, recipe_id, name, quantity, unit) VALUES ('cf9cd54e-ccb6-46a0-b904-caaa604dfa11', '8242a757-029e-4243-bff9-d840ef89bb98', 'Bell Peppers', 3, 'tbsp');
INSERT INTO ingredients (id, recipe_id, name, quantity, unit) VALUES ('25849973-83b8-4971-84f6-52b2ac29535b', '8242a757-029e-4243-bff9-d840ef89bb98', 'Broccoli', 1, 'head');
INSERT INTO recipe_dietary_tags (recipe_id, tag_id) VALUES ('8242a757-029e-4243-bff9-d840ef89bb98', 10);
INSERT INTO recipe_dietary_tags (recipe_id, tag_id) VALUES ('8242a757-029e-4243-bff9-d840ef89bb98', 7);
INSERT INTO recipe_dietary_tags (recipe_id, tag_id) VALUES ('8242a757-029e-4243-bff9-d840ef89bb98', 2);

INSERT INTO recipes (id, user_id, title, description, instructions, image_url, servings, source_url, source_name, is_archived) VALUES ('cbaa65a8-de5a-4f02-81bf-ed371dfa8ed8', 'admin-user-id', 'Curry Air Fried Steak', 'A delicious and healthy Curry Air Fried Steak served with Bell Peppers and Roasted Potatoes. Perfect for a quick weeknight dinner.', '1. Preheat oven to 400°F.
2. Season the Steak with Curry spices.
3. Arrange Bell Peppers and Cauliflower on a baking sheet.
4. Air Fried for 20-25 minutes until cooked through.
5. Serve hot over Roasted Potatoes.', 'https://images.unsplash.com/photo-1500000000023?auto=format&fit=crop&w=800&q=60', 2, 'https://www.allrecipes.com', 'AllRecipes', 0);
INSERT INTO ingredients (id, recipe_id, name, quantity, unit) VALUES ('55187690-76d5-4d0d-bd7f-ecad7522091d', 'cbaa65a8-de5a-4f02-81bf-ed371dfa8ed8', 'Steak', 2, 'oz');
INSERT INTO ingredients (id, recipe_id, name, quantity, unit) VALUES ('1b1b5689-ddff-4d8e-87a5-a2ec06750bc7', 'cbaa65a8-de5a-4f02-81bf-ed371dfa8ed8', 'Bell Peppers', 4, 'head');
INSERT INTO ingredients (id, recipe_id, name, quantity, unit) VALUES ('a15f83ab-d1be-4924-a880-7b3c7487fa7e', 'cbaa65a8-de5a-4f02-81bf-ed371dfa8ed8', 'Roasted Potatoes', 3, 'cup');
INSERT INTO ingredients (id, recipe_id, name, quantity, unit) VALUES ('91cfda2b-e12a-424a-a9a2-f17576d596eb', 'cbaa65a8-de5a-4f02-81bf-ed371dfa8ed8', 'Olive Oil', 1, 'tbsp');
INSERT INTO ingredients (id, recipe_id, name, quantity, unit) VALUES ('1bb7d57d-f8bd-4169-80cf-ff2de35f6b5d', 'cbaa65a8-de5a-4f02-81bf-ed371dfa8ed8', 'Salt & Pepper', 1, 'pinch');
INSERT INTO ingredients (id, recipe_id, name, quantity, unit) VALUES ('775b6e8b-de9c-4a93-8dd0-c801571c0aa7', 'cbaa65a8-de5a-4f02-81bf-ed371dfa8ed8', 'Garlic', 2, 'oz');
INSERT INTO ingredients (id, recipe_id, name, quantity, unit) VALUES ('e019efab-60ae-4901-859e-009e81ce7f12', 'cbaa65a8-de5a-4f02-81bf-ed371dfa8ed8', 'Bell Peppers', 1, 'bundle');
INSERT INTO recipe_dietary_tags (recipe_id, tag_id) VALUES ('cbaa65a8-de5a-4f02-81bf-ed371dfa8ed8', 6);

INSERT INTO recipes (id, user_id, title, description, instructions, image_url, servings, source_url, source_name, is_archived) VALUES ('77582d7e-f9e2-4b13-90c6-9188f6939cd8', 'admin-user-id', 'Lemon Garlic Grilled Eggs', 'A delicious and healthy Lemon Garlic Grilled Eggs served with Kale and Wild Rice. Perfect for a quick weeknight dinner.', '1. Preheat oven to 400°F.
2. Season the Eggs with Lemon Garlic spices.
3. Arrange Kale and Zucchini on a baking sheet.
4. Grilled for 20-25 minutes until cooked through.
5. Serve hot over Wild Rice.', 'https://images.unsplash.com/photo-1500000000024?auto=format&fit=crop&w=800&q=60', 8, 'https://www.tasteofhome.com', 'Taste of Home', 0);
INSERT INTO ingredients (id, recipe_id, name, quantity, unit) VALUES ('61e66445-a663-4bd0-8f2f-cc500bf95bde', '77582d7e-f9e2-4b13-90c6-9188f6939cd8', 'Eggs', 1, 'oz');
INSERT INTO ingredients (id, recipe_id, name, quantity, unit) VALUES ('3c88f041-2c14-4b00-80f1-35d556ce181b', '77582d7e-f9e2-4b13-90c6-9188f6939cd8', 'Kale', 2, 'head');
INSERT INTO ingredients (id, recipe_id, name, quantity, unit) VALUES ('df915c4e-0c30-4bf3-9de5-274d126963b4', '77582d7e-f9e2-4b13-90c6-9188f6939cd8', 'Wild Rice', 1, 'cup');
INSERT INTO ingredients (id, recipe_id, name, quantity, unit) VALUES ('3f5bb3e4-a0f1-4912-855a-b7c55f3b102c', '77582d7e-f9e2-4b13-90c6-9188f6939cd8', 'Olive Oil', 3, 'tbsp');
INSERT INTO ingredients (id, recipe_id, name, quantity, unit) VALUES ('49d6337a-9308-44a8-b059-951ee91e08fa', '77582d7e-f9e2-4b13-90c6-9188f6939cd8', 'Salt & Pepper', 1, 'pinch');
INSERT INTO ingredients (id, recipe_id, name, quantity, unit) VALUES ('9ab89a60-0dc9-4d4b-9a45-99bb88dcb27b', '77582d7e-f9e2-4b13-90c6-9188f6939cd8', 'Butter', 3, 'head');
INSERT INTO ingredients (id, recipe_id, name, quantity, unit) VALUES ('d93e4cf8-baa5-4100-a948-c2f4600c9bd4', '77582d7e-f9e2-4b13-90c6-9188f6939cd8', 'Carrots', 5, 'lb');
INSERT INTO ingredients (id, recipe_id, name, quantity, unit) VALUES ('478e95e2-651d-496f-98f3-ea769a5e6f67', '77582d7e-f9e2-4b13-90c6-9188f6939cd8', 'Sweet Potatoes', 4, 'clove');
INSERT INTO ingredients (id, recipe_id, name, quantity, unit) VALUES ('9f9c347f-5c8c-475e-ba15-cc0390aaebc7', '77582d7e-f9e2-4b13-90c6-9188f6939cd8', 'Green Beans', 5, 'lb');
INSERT INTO ingredients (id, recipe_id, name, quantity, unit) VALUES ('e6da2deb-6b86-455c-8fa1-7ad65853c658', '77582d7e-f9e2-4b13-90c6-9188f6939cd8', 'Asparagus', 3, 'oz');
INSERT INTO ingredients (id, recipe_id, name, quantity, unit) VALUES ('2cc174ac-ff5d-4f29-84d6-83b6bc4de9eb', '77582d7e-f9e2-4b13-90c6-9188f6939cd8', 'Bell Peppers', 5, 'tbsp');
INSERT INTO recipe_dietary_tags (recipe_id, tag_id) VALUES ('77582d7e-f9e2-4b13-90c6-9188f6939cd8', 4);
INSERT INTO recipe_dietary_tags (recipe_id, tag_id) VALUES ('77582d7e-f9e2-4b13-90c6-9188f6939cd8', 5);

INSERT INTO recipes (id, user_id, title, description, instructions, image_url, servings, source_url, source_name, is_archived) VALUES ('accea427-1871-4126-ba78-a5061b3a4b59', 'admin-user-id', 'Cajun Roasted Lentils', 'A delicious and healthy Cajun Roasted Lentils served with Sweet Potatoes and Brown Rice. Perfect for a quick weeknight dinner.', '1. Preheat oven to 400°F.
2. Season the Lentils with Cajun spices.
3. Arrange Sweet Potatoes and Sweet Potatoes on a baking sheet.
4. Roasted for 20-25 minutes until cooked through.
5. Serve hot over Brown Rice.', 'https://images.unsplash.com/photo-1500000000025?auto=format&fit=crop&w=800&q=60', 7, 'https://www.epicurious.com', 'Epicurious', 0);
INSERT INTO ingredients (id, recipe_id, name, quantity, unit) VALUES ('d9825dfe-f592-4443-92a0-7c21184c845b', 'accea427-1871-4126-ba78-a5061b3a4b59', 'Lentils', 1, 'lb');
INSERT INTO ingredients (id, recipe_id, name, quantity, unit) VALUES ('d59708dc-6fdd-4c77-b498-6691f599936c', 'accea427-1871-4126-ba78-a5061b3a4b59', 'Sweet Potatoes', 4, 'bundle');
INSERT INTO ingredients (id, recipe_id, name, quantity, unit) VALUES ('388b3864-9937-4c49-92a4-ff749cc45fa4', 'accea427-1871-4126-ba78-a5061b3a4b59', 'Brown Rice', 2, 'cup');
INSERT INTO ingredients (id, recipe_id, name, quantity, unit) VALUES ('292e8b5b-8a4f-4fc4-b511-7e47d7c96548', 'accea427-1871-4126-ba78-a5061b3a4b59', 'Olive Oil', 3, 'tbsp');
INSERT INTO ingredients (id, recipe_id, name, quantity, unit) VALUES ('91bcc9e6-6f68-4ff3-9ad3-3d8cde948353', 'accea427-1871-4126-ba78-a5061b3a4b59', 'Salt & Pepper', 1, 'pinch');
INSERT INTO ingredients (id, recipe_id, name, quantity, unit) VALUES ('a62a946b-f14b-4080-9723-d4a7f9a0aad9', 'accea427-1871-4126-ba78-a5061b3a4b59', 'Asparagus', 4, 'oz');
INSERT INTO ingredients (id, recipe_id, name, quantity, unit) VALUES ('5c96d506-5ed5-4385-a908-c083d5b63f44', 'accea427-1871-4126-ba78-a5061b3a4b59', 'Spinach', 4, 'clove');
INSERT INTO recipe_dietary_tags (recipe_id, tag_id) VALUES ('accea427-1871-4126-ba78-a5061b3a4b59', 3);
INSERT INTO recipe_dietary_tags (recipe_id, tag_id) VALUES ('accea427-1871-4126-ba78-a5061b3a4b59', 10);
INSERT INTO recipe_dietary_tags (recipe_id, tag_id) VALUES ('accea427-1871-4126-ba78-a5061b3a4b59', 2);

INSERT INTO recipes (id, user_id, title, description, instructions, image_url, servings, source_url, source_name, is_archived) VALUES ('ef247d70-cf5b-48db-bb2b-8fc16d6f7f8b', 'admin-user-id', 'Taco Seasoned Steamed Shrimp', 'A delicious and healthy Taco Seasoned Steamed Shrimp served with Bell Peppers and Mashed Cauliflower. Perfect for a quick weeknight dinner.', '1. Preheat oven to 400°F.
2. Season the Shrimp with Taco Seasoned spices.
3. Arrange Bell Peppers and Carrots on a baking sheet.
4. Steamed for 20-25 minutes until cooked through.
5. Serve hot over Mashed Cauliflower.', 'https://images.unsplash.com/photo-1500000000026?auto=format&fit=crop&w=800&q=60', 5, 'https://www.epicurious.com', 'Epicurious', 0);
INSERT INTO ingredients (id, recipe_id, name, quantity, unit) VALUES ('b465cd32-57a7-4c65-a10e-8a3dc7a855a4', 'ef247d70-cf5b-48db-bb2b-8fc16d6f7f8b', 'Shrimp', 2, 'lb');
INSERT INTO ingredients (id, recipe_id, name, quantity, unit) VALUES ('007eb588-75b6-4575-af7a-e236ba2b8ff5', 'ef247d70-cf5b-48db-bb2b-8fc16d6f7f8b', 'Bell Peppers', 2, 'head');
INSERT INTO ingredients (id, recipe_id, name, quantity, unit) VALUES ('ca050779-27ac-41d5-9f11-5a9790b80b9b', 'ef247d70-cf5b-48db-bb2b-8fc16d6f7f8b', 'Mashed Cauliflower', 3, 'cup');
INSERT INTO ingredients (id, recipe_id, name, quantity, unit) VALUES ('e6c06fbc-ed1e-487b-b645-9ba42658a99a', 'ef247d70-cf5b-48db-bb2b-8fc16d6f7f8b', 'Olive Oil', 1, 'tbsp');
INSERT INTO ingredients (id, recipe_id, name, quantity, unit) VALUES ('d4fd7b9b-4f51-4d77-bdc8-56757a8f579d', 'ef247d70-cf5b-48db-bb2b-8fc16d6f7f8b', 'Salt & Pepper', 1, 'pinch');
INSERT INTO ingredients (id, recipe_id, name, quantity, unit) VALUES ('4f835ee9-a622-4b4c-9dbc-d9e0daa18ae8', 'ef247d70-cf5b-48db-bb2b-8fc16d6f7f8b', 'Asparagus', 5, 'lb');
INSERT INTO ingredients (id, recipe_id, name, quantity, unit) VALUES ('405b8551-aacd-43b9-8661-af055b4f64f5', 'ef247d70-cf5b-48db-bb2b-8fc16d6f7f8b', 'Carrots', 1, 'lb');
INSERT INTO ingredients (id, recipe_id, name, quantity, unit) VALUES ('25f37b65-dae5-476d-a58c-466f7b6a1ec0', 'ef247d70-cf5b-48db-bb2b-8fc16d6f7f8b', 'Sweet Potatoes', 5, 'tbsp');
INSERT INTO ingredients (id, recipe_id, name, quantity, unit) VALUES ('9d80ed79-5c5c-49db-b4a5-91818bae2828', 'ef247d70-cf5b-48db-bb2b-8fc16d6f7f8b', 'Garlic', 4, 'oz');
INSERT INTO recipe_dietary_tags (recipe_id, tag_id) VALUES ('ef247d70-cf5b-48db-bb2b-8fc16d6f7f8b', 7);
INSERT INTO recipe_dietary_tags (recipe_id, tag_id) VALUES ('ef247d70-cf5b-48db-bb2b-8fc16d6f7f8b', 8);
INSERT INTO recipe_dietary_tags (recipe_id, tag_id) VALUES ('ef247d70-cf5b-48db-bb2b-8fc16d6f7f8b', 6);

INSERT INTO recipes (id, user_id, title, description, instructions, image_url, servings, source_url, source_name, is_archived) VALUES ('d9adcb1c-9115-40d4-b0d4-bd80ea2eee53', 'admin-user-id', 'Pesto Sautéed Chicken Breast', 'A delicious and healthy Pesto Sautéed Chicken Breast served with Zucchini and Zucchini Noodles. Perfect for a quick weeknight dinner.', '1. Preheat oven to 400°F.
2. Season the Chicken Breast with Pesto spices.
3. Arrange Zucchini and Green Beans on a baking sheet.
4. Sautéed for 20-25 minutes until cooked through.
5. Serve hot over Zucchini Noodles.', 'https://images.unsplash.com/photo-1500000000027?auto=format&fit=crop&w=800&q=60', 3, 'https://www.epicurious.com', 'Epicurious', 0);
INSERT INTO ingredients (id, recipe_id, name, quantity, unit) VALUES ('0647b6bb-86e3-4fbd-ad7f-322145147ab9', 'd9adcb1c-9115-40d4-b0d4-bd80ea2eee53', 'Chicken Breast', 2, 'oz');
INSERT INTO ingredients (id, recipe_id, name, quantity, unit) VALUES ('a8a2e29b-77f3-41a8-a257-e78672bdfa2e', 'd9adcb1c-9115-40d4-b0d4-bd80ea2eee53', 'Zucchini', 1, 'head');
INSERT INTO ingredients (id, recipe_id, name, quantity, unit) VALUES ('c9e2c567-4e1a-43c9-8b08-ce361487f5c6', 'd9adcb1c-9115-40d4-b0d4-bd80ea2eee53', 'Zucchini Noodles', 1, 'cup');
INSERT INTO ingredients (id, recipe_id, name, quantity, unit) VALUES ('9bc9ade8-afe1-428e-b2ca-1c20b58c1837', 'd9adcb1c-9115-40d4-b0d4-bd80ea2eee53', 'Olive Oil', 3, 'tbsp');
INSERT INTO ingredients (id, recipe_id, name, quantity, unit) VALUES ('e644f009-aacd-4815-a3ea-ff279b068140', 'd9adcb1c-9115-40d4-b0d4-bd80ea2eee53', 'Salt & Pepper', 1, 'pinch');
INSERT INTO ingredients (id, recipe_id, name, quantity, unit) VALUES ('30dd054e-3d95-4043-b9f5-fa5ff509204a', 'd9adcb1c-9115-40d4-b0d4-bd80ea2eee53', 'Bell Peppers', 1, 'oz');
INSERT INTO recipe_dietary_tags (recipe_id, tag_id) VALUES ('d9adcb1c-9115-40d4-b0d4-bd80ea2eee53', 4);
INSERT INTO recipe_dietary_tags (recipe_id, tag_id) VALUES ('d9adcb1c-9115-40d4-b0d4-bd80ea2eee53', 7);

INSERT INTO recipes (id, user_id, title, description, instructions, image_url, servings, source_url, source_name, is_archived) VALUES ('976253c5-7237-44d7-81aa-17dd47f53e99', 'admin-user-id', 'Honey Sriracha Air Fried Black Beans', 'A delicious and healthy Honey Sriracha Air Fried Black Beans served with Brussels Sprouts and Wild Rice. Perfect for a quick weeknight dinner.', '1. Preheat oven to 400°F.
2. Season the Black Beans with Honey Sriracha spices.
3. Arrange Brussels Sprouts and Asparagus on a baking sheet.
4. Air Fried for 20-25 minutes until cooked through.
5. Serve hot over Wild Rice.', 'https://images.unsplash.com/photo-1500000000028?auto=format&fit=crop&w=800&q=60', 7, 'https://www.bonappetit.com', 'Bon Appetit', 0);
INSERT INTO ingredients (id, recipe_id, name, quantity, unit) VALUES ('fb146370-1656-47b6-9f1c-f912cc0b1510', '976253c5-7237-44d7-81aa-17dd47f53e99', 'Black Beans', 2, 'oz');
INSERT INTO ingredients (id, recipe_id, name, quantity, unit) VALUES ('2f05991b-d8ad-4138-86b1-7a8b223f1993', '976253c5-7237-44d7-81aa-17dd47f53e99', 'Brussels Sprouts', 2, 'head');
INSERT INTO ingredients (id, recipe_id, name, quantity, unit) VALUES ('60887bb2-1f0e-46fc-9c61-dbae439f31f2', '976253c5-7237-44d7-81aa-17dd47f53e99', 'Wild Rice', 3, 'cup');
INSERT INTO ingredients (id, recipe_id, name, quantity, unit) VALUES ('638711e4-a994-40cb-9ce2-4cfe488bbf5a', '976253c5-7237-44d7-81aa-17dd47f53e99', 'Olive Oil', 3, 'tbsp');
INSERT INTO ingredients (id, recipe_id, name, quantity, unit) VALUES ('ba23f659-eae1-4319-8f75-a9868a8e3f43', '976253c5-7237-44d7-81aa-17dd47f53e99', 'Salt & Pepper', 1, 'pinch');
INSERT INTO ingredients (id, recipe_id, name, quantity, unit) VALUES ('e0ce801a-1d1a-497c-865e-1cafd5fcecd1', '976253c5-7237-44d7-81aa-17dd47f53e99', 'Broccoli', 3, 'bundle');
INSERT INTO ingredients (id, recipe_id, name, quantity, unit) VALUES ('b8724832-7fcc-4711-937b-58d9bdfd903f', '976253c5-7237-44d7-81aa-17dd47f53e99', 'Butter', 1, 'pinch');
INSERT INTO ingredients (id, recipe_id, name, quantity, unit) VALUES ('f5047f13-515a-4315-b4e8-5d105ae5539f', '976253c5-7237-44d7-81aa-17dd47f53e99', 'Brussels Sprouts', 2, 'g');
INSERT INTO ingredients (id, recipe_id, name, quantity, unit) VALUES ('5d82ef7e-448e-44b1-8909-9bf8b6addc32', '976253c5-7237-44d7-81aa-17dd47f53e99', 'Brussels Sprouts', 2, 'lb');
INSERT INTO ingredients (id, recipe_id, name, quantity, unit) VALUES ('6ed6d7d1-85a9-416f-bdba-4b4a327fda99', '976253c5-7237-44d7-81aa-17dd47f53e99', 'Butter', 5, 'bundle');
INSERT INTO ingredients (id, recipe_id, name, quantity, unit) VALUES ('14c12f9e-3e60-4860-bec0-3a37895173b7', '976253c5-7237-44d7-81aa-17dd47f53e99', 'Lemon', 1, 'bundle');
INSERT INTO recipe_dietary_tags (recipe_id, tag_id) VALUES ('976253c5-7237-44d7-81aa-17dd47f53e99', 6);

INSERT INTO recipes (id, user_id, title, description, instructions, image_url, servings, source_url, source_name, is_archived) VALUES ('2282e087-3fab-4c31-b47e-1007c65d1c43', 'admin-user-id', 'Cajun Baked Lamb Chops', 'A delicious and healthy Cajun Baked Lamb Chops served with Zucchini and Couscous. Perfect for a quick weeknight dinner.', '1. Preheat oven to 400°F.
2. Season the Lamb Chops with Cajun spices.
3. Arrange Zucchini and Zucchini on a baking sheet.
4. Baked for 20-25 minutes until cooked through.
5. Serve hot over Couscous.', 'https://images.unsplash.com/photo-1500000000029?auto=format&fit=crop&w=800&q=60', 2, 'https://www.epicurious.com', 'Epicurious', 0);
INSERT INTO ingredients (id, recipe_id, name, quantity, unit) VALUES ('c71d600b-1fe2-4c35-a322-8c37baa6d1d1', '2282e087-3fab-4c31-b47e-1007c65d1c43', 'Lamb Chops', 2, 'oz');
INSERT INTO ingredients (id, recipe_id, name, quantity, unit) VALUES ('1d7d6594-eb72-49ae-a8fc-19c77830e831', '2282e087-3fab-4c31-b47e-1007c65d1c43', 'Zucchini', 2, 'cup');
INSERT INTO ingredients (id, recipe_id, name, quantity, unit) VALUES ('c84fde95-29e3-431c-b121-d2ea5427b6b3', '2282e087-3fab-4c31-b47e-1007c65d1c43', 'Couscous', 2, 'cup');
INSERT INTO ingredients (id, recipe_id, name, quantity, unit) VALUES ('9b618cd5-f507-4108-aca1-3fe485eb98c0', '2282e087-3fab-4c31-b47e-1007c65d1c43', 'Olive Oil', 3, 'tbsp');
INSERT INTO ingredients (id, recipe_id, name, quantity, unit) VALUES ('38cd6fd4-b0fc-42f9-96c1-e7ec13c4744b', '2282e087-3fab-4c31-b47e-1007c65d1c43', 'Salt & Pepper', 1, 'pinch');
INSERT INTO ingredients (id, recipe_id, name, quantity, unit) VALUES ('1520315f-fe59-46f6-9375-ca800a978c8d', '2282e087-3fab-4c31-b47e-1007c65d1c43', 'Cauliflower', 1, 'bundle');
INSERT INTO recipe_dietary_tags (recipe_id, tag_id) VALUES ('2282e087-3fab-4c31-b47e-1007c65d1c43', 10);
INSERT INTO recipe_dietary_tags (recipe_id, tag_id) VALUES ('2282e087-3fab-4c31-b47e-1007c65d1c43', 1);
INSERT INTO recipe_dietary_tags (recipe_id, tag_id) VALUES ('2282e087-3fab-4c31-b47e-1007c65d1c43', 9);

INSERT INTO recipes (id, user_id, title, description, instructions, image_url, servings, source_url, source_name, is_archived) VALUES ('355451a4-83ce-4f8f-bb6b-6312545a4777', 'admin-user-id', 'Smoky BBQ Sautéed Steak', 'A delicious and healthy Smoky BBQ Sautéed Steak served with Carrots and Quinoa. Perfect for a quick weeknight dinner.', '1. Preheat oven to 400°F.
2. Season the Steak with Smoky BBQ spices.
3. Arrange Carrots and Carrots on a baking sheet.
4. Sautéed for 20-25 minutes until cooked through.
5. Serve hot over Quinoa.', 'https://images.unsplash.com/photo-1500000000030?auto=format&fit=crop&w=800&q=60', 3, 'https://www.tasteofhome.com', 'Taste of Home', 0);
INSERT INTO ingredients (id, recipe_id, name, quantity, unit) VALUES ('2c4c1039-9b86-4ebc-bd7b-6df377c9be6d', '355451a4-83ce-4f8f-bb6b-6312545a4777', 'Steak', 1, 'oz');
INSERT INTO ingredients (id, recipe_id, name, quantity, unit) VALUES ('df738d49-67a9-45ba-ac8d-3848ad93d1f6', '355451a4-83ce-4f8f-bb6b-6312545a4777', 'Carrots', 2, 'head');
INSERT INTO ingredients (id, recipe_id, name, quantity, unit) VALUES ('dc0e62e0-78fd-44ae-b72c-756d9e7a929c', '355451a4-83ce-4f8f-bb6b-6312545a4777', 'Quinoa', 3, 'cup');
INSERT INTO ingredients (id, recipe_id, name, quantity, unit) VALUES ('ffd9b2d6-443a-446d-b7a6-7a37f1733695', '355451a4-83ce-4f8f-bb6b-6312545a4777', 'Olive Oil', 2, 'tbsp');
INSERT INTO ingredients (id, recipe_id, name, quantity, unit) VALUES ('4967990a-b25d-4573-8e3c-8d0ce5e16cef', '355451a4-83ce-4f8f-bb6b-6312545a4777', 'Salt & Pepper', 1, 'pinch');
INSERT INTO ingredients (id, recipe_id, name, quantity, unit) VALUES ('cbb14c71-5f0d-4fce-8a7b-1af188b8027e', '355451a4-83ce-4f8f-bb6b-6312545a4777', 'Green Beans', 4, 'ml');
INSERT INTO ingredients (id, recipe_id, name, quantity, unit) VALUES ('d723df87-6995-4094-9390-0d789fe19a40', '355451a4-83ce-4f8f-bb6b-6312545a4777', 'Kale', 4, 'clove');
INSERT INTO ingredients (id, recipe_id, name, quantity, unit) VALUES ('74986b18-35a2-4626-93ae-19139e5e5763', '355451a4-83ce-4f8f-bb6b-6312545a4777', 'Spinach', 5, 'lb');
INSERT INTO ingredients (id, recipe_id, name, quantity, unit) VALUES ('09402c20-b960-4072-b14a-cf278bcd8964', '355451a4-83ce-4f8f-bb6b-6312545a4777', 'Sweet Potatoes', 2, 'ml');
INSERT INTO ingredients (id, recipe_id, name, quantity, unit) VALUES ('b606bde9-ca44-4c78-b40a-45397d025339', '355451a4-83ce-4f8f-bb6b-6312545a4777', 'Brussels Sprouts', 4, 'ml');
INSERT INTO ingredients (id, recipe_id, name, quantity, unit) VALUES ('de0ea231-2f6b-45f7-90b4-1f324162ea4e', '355451a4-83ce-4f8f-bb6b-6312545a4777', 'Onion', 4, 'pinch');
INSERT INTO recipe_dietary_tags (recipe_id, tag_id) VALUES ('355451a4-83ce-4f8f-bb6b-6312545a4777', 9);
INSERT INTO recipe_dietary_tags (recipe_id, tag_id) VALUES ('355451a4-83ce-4f8f-bb6b-6312545a4777', 8);

INSERT INTO recipes (id, user_id, title, description, instructions, image_url, servings, source_url, source_name, is_archived) VALUES ('1a502b12-2d54-40a4-a574-5e26a02f5adc', 'admin-user-id', 'Lemon Garlic Sautéed Tofu', 'A delicious and healthy Lemon Garlic Sautéed Tofu served with Bell Peppers and Roasted Potatoes. Perfect for a quick weeknight dinner.', '1. Preheat oven to 400°F.
2. Season the Tofu with Lemon Garlic spices.
3. Arrange Bell Peppers and Broccoli on a baking sheet.
4. Sautéed for 20-25 minutes until cooked through.
5. Serve hot over Roasted Potatoes.', 'https://images.unsplash.com/photo-1500000000031?auto=format&fit=crop&w=800&q=60', 4, 'https://www.epicurious.com', 'Epicurious', 0);
INSERT INTO ingredients (id, recipe_id, name, quantity, unit) VALUES ('9853e5da-6119-4f74-b199-51a1ca492964', '1a502b12-2d54-40a4-a574-5e26a02f5adc', 'Tofu', 2, 'oz');
INSERT INTO ingredients (id, recipe_id, name, quantity, unit) VALUES ('719d6a28-953d-409c-820c-bde4eac37c00', '1a502b12-2d54-40a4-a574-5e26a02f5adc', 'Bell Peppers', 2, 'cup');
INSERT INTO ingredients (id, recipe_id, name, quantity, unit) VALUES ('9b216498-75cb-4d0f-a7dd-fe88c8087fd0', '1a502b12-2d54-40a4-a574-5e26a02f5adc', 'Roasted Potatoes', 1, 'cup');
INSERT INTO ingredients (id, recipe_id, name, quantity, unit) VALUES ('3dce347f-ec31-4ed3-9e2d-c4b10265c2a9', '1a502b12-2d54-40a4-a574-5e26a02f5adc', 'Olive Oil', 1, 'tbsp');
INSERT INTO ingredients (id, recipe_id, name, quantity, unit) VALUES ('0e4c44d1-4b96-4af6-9934-85321316d6f0', '1a502b12-2d54-40a4-a574-5e26a02f5adc', 'Salt & Pepper', 1, 'pinch');
INSERT INTO ingredients (id, recipe_id, name, quantity, unit) VALUES ('7b24618d-b4b4-48c1-9c85-3bf9ef83f520', '1a502b12-2d54-40a4-a574-5e26a02f5adc', 'Zucchini', 1, 'cup');
INSERT INTO ingredients (id, recipe_id, name, quantity, unit) VALUES ('fddbac5c-8a6c-4743-8d5c-957cfae583b1', '1a502b12-2d54-40a4-a574-5e26a02f5adc', 'Garlic', 1, 'tbsp');
INSERT INTO ingredients (id, recipe_id, name, quantity, unit) VALUES ('40affac4-8b6e-420b-8cf1-09d28d9d8b80', '1a502b12-2d54-40a4-a574-5e26a02f5adc', 'Broccoli', 2, 'oz');
INSERT INTO ingredients (id, recipe_id, name, quantity, unit) VALUES ('fde846c8-4740-4faa-ae6c-78673c7bf0f8', '1a502b12-2d54-40a4-a574-5e26a02f5adc', 'Broccoli', 3, 'oz');
INSERT INTO ingredients (id, recipe_id, name, quantity, unit) VALUES ('b1d012ac-35de-4d0e-891b-344fda7e8d03', '1a502b12-2d54-40a4-a574-5e26a02f5adc', 'Bell Peppers', 3, 'pinch');
INSERT INTO recipe_dietary_tags (recipe_id, tag_id) VALUES ('1a502b12-2d54-40a4-a574-5e26a02f5adc', 5);

INSERT INTO recipes (id, user_id, title, description, instructions, image_url, servings, source_url, source_name, is_archived) VALUES ('d0e0404d-a8c7-472f-ad1e-4a92c38ce4d2', 'admin-user-id', 'Miso Ginger Slow Cooked Chicken Breast', 'A delicious and healthy Miso Ginger Slow Cooked Chicken Breast served with Zucchini and Roasted Potatoes. Perfect for a quick weeknight dinner.', '1. Preheat oven to 400°F.
2. Season the Chicken Breast with Miso Ginger spices.
3. Arrange Zucchini and Sweet Potatoes on a baking sheet.
4. Slow Cooked for 20-25 minutes until cooked through.
5. Serve hot over Roasted Potatoes.', 'https://images.unsplash.com/photo-1500000000032?auto=format&fit=crop&w=800&q=60', 3, 'https://www.tasteofhome.com', 'Taste of Home', 0);
INSERT INTO ingredients (id, recipe_id, name, quantity, unit) VALUES ('b9400a06-d432-4a65-a161-89c286247c97', 'd0e0404d-a8c7-472f-ad1e-4a92c38ce4d2', 'Chicken Breast', 1, 'oz');
INSERT INTO ingredients (id, recipe_id, name, quantity, unit) VALUES ('4000968e-015c-446a-835f-28009a49caef', 'd0e0404d-a8c7-472f-ad1e-4a92c38ce4d2', 'Zucchini', 3, 'head');
INSERT INTO ingredients (id, recipe_id, name, quantity, unit) VALUES ('14bb904d-c051-494d-bb3b-43eb36d791b7', 'd0e0404d-a8c7-472f-ad1e-4a92c38ce4d2', 'Roasted Potatoes', 3, 'cup');
INSERT INTO ingredients (id, recipe_id, name, quantity, unit) VALUES ('25034e12-2e8c-495b-84d1-43838246c375', 'd0e0404d-a8c7-472f-ad1e-4a92c38ce4d2', 'Olive Oil', 1, 'tbsp');
INSERT INTO ingredients (id, recipe_id, name, quantity, unit) VALUES ('d7e75fd5-9482-42fc-bfed-4a65902237ab', 'd0e0404d-a8c7-472f-ad1e-4a92c38ce4d2', 'Salt & Pepper', 1, 'pinch');
INSERT INTO ingredients (id, recipe_id, name, quantity, unit) VALUES ('680392af-4c6f-4c8d-86f5-3812ea84be02', 'd0e0404d-a8c7-472f-ad1e-4a92c38ce4d2', 'Kale', 3, 'ml');
INSERT INTO ingredients (id, recipe_id, name, quantity, unit) VALUES ('1b3b39c4-efb8-4314-a2d4-b0e6408c4192', 'd0e0404d-a8c7-472f-ad1e-4a92c38ce4d2', 'Brussels Sprouts', 1, 'pinch');
INSERT INTO ingredients (id, recipe_id, name, quantity, unit) VALUES ('711326f8-27f3-40fb-a504-5af452ecdcc6', 'd0e0404d-a8c7-472f-ad1e-4a92c38ce4d2', 'Carrots', 3, 'g');
INSERT INTO ingredients (id, recipe_id, name, quantity, unit) VALUES ('1cbc21e0-039b-420f-98f1-f28431f31474', 'd0e0404d-a8c7-472f-ad1e-4a92c38ce4d2', 'Spinach', 1, 'clove');
INSERT INTO recipe_dietary_tags (recipe_id, tag_id) VALUES ('d0e0404d-a8c7-472f-ad1e-4a92c38ce4d2', 10);
INSERT INTO recipe_dietary_tags (recipe_id, tag_id) VALUES ('d0e0404d-a8c7-472f-ad1e-4a92c38ce4d2', 2);

INSERT INTO recipes (id, user_id, title, description, instructions, image_url, servings, source_url, source_name, is_archived) VALUES ('8a0ce52b-c614-4940-a3e9-e346ac1c2a7f', 'admin-user-id', 'Curry Roasted Pork Loin', 'A delicious and healthy Curry Roasted Pork Loin served with Sweet Potatoes and Wild Rice. Perfect for a quick weeknight dinner.', '1. Preheat oven to 400°F.
2. Season the Pork Loin with Curry spices.
3. Arrange Sweet Potatoes and Green Beans on a baking sheet.
4. Roasted for 20-25 minutes until cooked through.
5. Serve hot over Wild Rice.', 'https://images.unsplash.com/photo-1500000000033?auto=format&fit=crop&w=800&q=60', 4, 'https://www.epicurious.com', 'Epicurious', 0);
INSERT INTO ingredients (id, recipe_id, name, quantity, unit) VALUES ('52a0b44d-b611-4fa5-933e-02646bc8336c', '8a0ce52b-c614-4940-a3e9-e346ac1c2a7f', 'Pork Loin', 1, 'oz');
INSERT INTO ingredients (id, recipe_id, name, quantity, unit) VALUES ('8f4750ce-98ba-4164-8efc-894bfc205a21', '8a0ce52b-c614-4940-a3e9-e346ac1c2a7f', 'Sweet Potatoes', 1, 'bundle');
INSERT INTO ingredients (id, recipe_id, name, quantity, unit) VALUES ('e5413758-7de7-4edd-bc6c-175bfc8070ac', '8a0ce52b-c614-4940-a3e9-e346ac1c2a7f', 'Wild Rice', 3, 'cup');
INSERT INTO ingredients (id, recipe_id, name, quantity, unit) VALUES ('71036e2f-e931-468e-b4f3-5688799e7afa', '8a0ce52b-c614-4940-a3e9-e346ac1c2a7f', 'Olive Oil', 2, 'tbsp');
INSERT INTO ingredients (id, recipe_id, name, quantity, unit) VALUES ('e7afdd62-03b1-48f6-875b-30dc4530e374', '8a0ce52b-c614-4940-a3e9-e346ac1c2a7f', 'Salt & Pepper', 1, 'pinch');
INSERT INTO ingredients (id, recipe_id, name, quantity, unit) VALUES ('13f9b523-8d2b-485a-9634-f0c547c0d7d6', '8a0ce52b-c614-4940-a3e9-e346ac1c2a7f', 'Onion', 3, 'g');
INSERT INTO ingredients (id, recipe_id, name, quantity, unit) VALUES ('f08aeac9-f02e-45ec-a317-74bbf60e1305', '8a0ce52b-c614-4940-a3e9-e346ac1c2a7f', 'Bell Peppers', 3, 'tsp');
INSERT INTO ingredients (id, recipe_id, name, quantity, unit) VALUES ('0ca26287-32e5-4f69-b262-79a57923eb3b', '8a0ce52b-c614-4940-a3e9-e346ac1c2a7f', 'Kale', 3, 'cup');
INSERT INTO ingredients (id, recipe_id, name, quantity, unit) VALUES ('3494f6b8-d4e6-406e-864b-8cdf2c2853f2', '8a0ce52b-c614-4940-a3e9-e346ac1c2a7f', 'Green Beans', 5, 'tsp');
INSERT INTO recipe_dietary_tags (recipe_id, tag_id) VALUES ('8a0ce52b-c614-4940-a3e9-e346ac1c2a7f', 4);
INSERT INTO recipe_dietary_tags (recipe_id, tag_id) VALUES ('8a0ce52b-c614-4940-a3e9-e346ac1c2a7f', 10);
INSERT INTO recipe_dietary_tags (recipe_id, tag_id) VALUES ('8a0ce52b-c614-4940-a3e9-e346ac1c2a7f', 2);

INSERT INTO recipes (id, user_id, title, description, instructions, image_url, servings, source_url, source_name, is_archived) VALUES ('2ea305c6-3c1c-4348-b0ad-23ae0981ea3e', 'admin-user-id', 'Teriyaki Sautéed Eggs', 'A delicious and healthy Teriyaki Sautéed Eggs served with Kale and Zucchini Noodles. Perfect for a quick weeknight dinner.', '1. Preheat oven to 400°F.
2. Season the Eggs with Teriyaki spices.
3. Arrange Kale and Asparagus on a baking sheet.
4. Sautéed for 20-25 minutes until cooked through.
5. Serve hot over Zucchini Noodles.', 'https://images.unsplash.com/photo-1500000000034?auto=format&fit=crop&w=800&q=60', 4, 'https://www.epicurious.com', 'Epicurious', 0);
INSERT INTO ingredients (id, recipe_id, name, quantity, unit) VALUES ('f76ff136-7dc9-4d02-b4c2-65d61d16603d', '2ea305c6-3c1c-4348-b0ad-23ae0981ea3e', 'Eggs', 2, 'lb');
INSERT INTO ingredients (id, recipe_id, name, quantity, unit) VALUES ('5596c35d-8869-4762-af0f-d04f470d5ade', '2ea305c6-3c1c-4348-b0ad-23ae0981ea3e', 'Kale', 4, 'head');
INSERT INTO ingredients (id, recipe_id, name, quantity, unit) VALUES ('3756bfa0-ed6e-4ddf-a521-fc60411e5db3', '2ea305c6-3c1c-4348-b0ad-23ae0981ea3e', 'Zucchini Noodles', 3, 'cup');
INSERT INTO ingredients (id, recipe_id, name, quantity, unit) VALUES ('98636ce8-14a6-4d5a-a003-9dc2b9b15ab7', '2ea305c6-3c1c-4348-b0ad-23ae0981ea3e', 'Olive Oil', 1, 'tbsp');
INSERT INTO ingredients (id, recipe_id, name, quantity, unit) VALUES ('bf7c2283-e013-47f3-8f0f-3c1704b86b7b', '2ea305c6-3c1c-4348-b0ad-23ae0981ea3e', 'Salt & Pepper', 1, 'pinch');
INSERT INTO ingredients (id, recipe_id, name, quantity, unit) VALUES ('4d3ba135-aa07-4d64-96f2-1d484231da26', '2ea305c6-3c1c-4348-b0ad-23ae0981ea3e', 'Lemon', 5, 'bundle');
INSERT INTO ingredients (id, recipe_id, name, quantity, unit) VALUES ('3600dcc0-c8d0-4c7a-a10e-7e95176fa0ec', '2ea305c6-3c1c-4348-b0ad-23ae0981ea3e', 'Bell Peppers', 3, 'clove');
INSERT INTO ingredients (id, recipe_id, name, quantity, unit) VALUES ('6caac4ee-982d-486c-a4ef-d612343434da', '2ea305c6-3c1c-4348-b0ad-23ae0981ea3e', 'Ginger', 5, 'head');
INSERT INTO recipe_dietary_tags (recipe_id, tag_id) VALUES ('2ea305c6-3c1c-4348-b0ad-23ae0981ea3e', 10);
INSERT INTO recipe_dietary_tags (recipe_id, tag_id) VALUES ('2ea305c6-3c1c-4348-b0ad-23ae0981ea3e', 2);

INSERT INTO recipes (id, user_id, title, description, instructions, image_url, servings, source_url, source_name, is_archived) VALUES ('05c433e4-270c-42ab-91db-9ad590f048b5', 'admin-user-id', 'Herbes de Provence Pan-Seared Salmon Fillet', 'A delicious and healthy Herbes de Provence Pan-Seared Salmon Fillet served with Zucchini and Brown Rice. Perfect for a quick weeknight dinner.', '1. Preheat oven to 400°F.
2. Season the Salmon Fillet with Herbes de Provence spices.
3. Arrange Zucchini and Kale on a baking sheet.
4. Pan-Seared for 20-25 minutes until cooked through.
5. Serve hot over Brown Rice.', 'https://images.unsplash.com/photo-1500000000035?auto=format&fit=crop&w=800&q=60', 4, 'https://www.foodnetwork.com', 'Food Network', 0);
INSERT INTO ingredients (id, recipe_id, name, quantity, unit) VALUES ('7eaaee96-9b9f-422b-a1be-1481ad049ba1', '05c433e4-270c-42ab-91db-9ad590f048b5', 'Salmon Fillet', 2, 'oz');
INSERT INTO ingredients (id, recipe_id, name, quantity, unit) VALUES ('b6858c58-f636-4db5-9f58-d930f56cbc2a', '05c433e4-270c-42ab-91db-9ad590f048b5', 'Zucchini', 2, 'cup');
INSERT INTO ingredients (id, recipe_id, name, quantity, unit) VALUES ('815d8eb8-47be-4b34-bccb-4c23ab8bf241', '05c433e4-270c-42ab-91db-9ad590f048b5', 'Brown Rice', 2, 'cup');
INSERT INTO ingredients (id, recipe_id, name, quantity, unit) VALUES ('6faaa979-ff6d-4016-844e-2a179a591cd9', '05c433e4-270c-42ab-91db-9ad590f048b5', 'Olive Oil', 3, 'tbsp');
INSERT INTO ingredients (id, recipe_id, name, quantity, unit) VALUES ('577002c0-8f8e-436e-a952-18d1a0cf82e9', '05c433e4-270c-42ab-91db-9ad590f048b5', 'Salt & Pepper', 1, 'pinch');
INSERT INTO ingredients (id, recipe_id, name, quantity, unit) VALUES ('6a0871da-b21f-4405-849a-bc49cc6d9eab', '05c433e4-270c-42ab-91db-9ad590f048b5', 'Brussels Sprouts', 2, 'bundle');
INSERT INTO recipe_dietary_tags (recipe_id, tag_id) VALUES ('05c433e4-270c-42ab-91db-9ad590f048b5', 9);

INSERT INTO recipes (id, user_id, title, description, instructions, image_url, servings, source_url, source_name, is_archived) VALUES ('a24bb52b-4336-4781-b355-885271306b0d', 'admin-user-id', 'Lemon Garlic Slow Cooked Tofu', 'A delicious and healthy Lemon Garlic Slow Cooked Tofu served with Spinach and Roasted Potatoes. Perfect for a quick weeknight dinner.', '1. Preheat oven to 400°F.
2. Season the Tofu with Lemon Garlic spices.
3. Arrange Spinach and Carrots on a baking sheet.
4. Slow Cooked for 20-25 minutes until cooked through.
5. Serve hot over Roasted Potatoes.', 'https://images.unsplash.com/photo-1500000000036?auto=format&fit=crop&w=800&q=60', 5, 'https://www.allrecipes.com', 'AllRecipes', 0);
INSERT INTO ingredients (id, recipe_id, name, quantity, unit) VALUES ('ef1589c9-67ee-4c0f-a814-da9d21b49ecd', 'a24bb52b-4336-4781-b355-885271306b0d', 'Tofu', 2, 'lb');
INSERT INTO ingredients (id, recipe_id, name, quantity, unit) VALUES ('5e900553-d9de-4e73-b406-9c0768343a61', 'a24bb52b-4336-4781-b355-885271306b0d', 'Spinach', 4, 'bundle');
INSERT INTO ingredients (id, recipe_id, name, quantity, unit) VALUES ('e97d8f13-5167-4c7a-b35e-b09d0d398f14', 'a24bb52b-4336-4781-b355-885271306b0d', 'Roasted Potatoes', 1, 'cup');
INSERT INTO ingredients (id, recipe_id, name, quantity, unit) VALUES ('52fa7bf3-9c06-4466-8e9c-6f397ef060fe', 'a24bb52b-4336-4781-b355-885271306b0d', 'Olive Oil', 2, 'tbsp');
INSERT INTO ingredients (id, recipe_id, name, quantity, unit) VALUES ('4af04406-0071-4d99-a62f-cbb5fc680cdb', 'a24bb52b-4336-4781-b355-885271306b0d', 'Salt & Pepper', 1, 'pinch');
INSERT INTO ingredients (id, recipe_id, name, quantity, unit) VALUES ('91d99b1a-54a1-416a-bcab-25048d2b43ee', 'a24bb52b-4336-4781-b355-885271306b0d', 'Butter', 2, 'bundle');
INSERT INTO ingredients (id, recipe_id, name, quantity, unit) VALUES ('cd514d52-d09f-4845-b30d-bbb67e1ef1c8', 'a24bb52b-4336-4781-b355-885271306b0d', 'Garlic', 5, 'cup');
INSERT INTO ingredients (id, recipe_id, name, quantity, unit) VALUES ('17732d56-0cd8-47d8-bc5e-5866bc94f429', 'a24bb52b-4336-4781-b355-885271306b0d', 'Cauliflower', 4, 'head');
INSERT INTO ingredients (id, recipe_id, name, quantity, unit) VALUES ('c2f549a2-9fc0-4164-8f5d-e11f5bbcc11e', 'a24bb52b-4336-4781-b355-885271306b0d', 'Bell Peppers', 4, 'oz');
INSERT INTO recipe_dietary_tags (recipe_id, tag_id) VALUES ('a24bb52b-4336-4781-b355-885271306b0d', 4);
INSERT INTO recipe_dietary_tags (recipe_id, tag_id) VALUES ('a24bb52b-4336-4781-b355-885271306b0d', 6);
INSERT INTO recipe_dietary_tags (recipe_id, tag_id) VALUES ('a24bb52b-4336-4781-b355-885271306b0d', 8);

INSERT INTO recipes (id, user_id, title, description, instructions, image_url, servings, source_url, source_name, is_archived) VALUES ('e569247e-cdfe-429e-9bd7-7ca5c58ba094', 'admin-user-id', 'Teriyaki Grilled Eggs', 'A delicious and healthy Teriyaki Grilled Eggs served with Carrots and Zucchini Noodles. Perfect for a quick weeknight dinner.', '1. Preheat oven to 400°F.
2. Season the Eggs with Teriyaki spices.
3. Arrange Carrots and Broccoli on a baking sheet.
4. Grilled for 20-25 minutes until cooked through.
5. Serve hot over Zucchini Noodles.', 'https://images.unsplash.com/photo-1500000000037?auto=format&fit=crop&w=800&q=60', 2, 'https://www.foodnetwork.com', 'Food Network', 0);
INSERT INTO ingredients (id, recipe_id, name, quantity, unit) VALUES ('5ecf07a3-c2cb-46dd-b0d5-22e5a1378656', 'e569247e-cdfe-429e-9bd7-7ca5c58ba094', 'Eggs', 1, 'lb');
INSERT INTO ingredients (id, recipe_id, name, quantity, unit) VALUES ('dc521dd8-77d7-4b51-bbf4-5fe75526b94b', 'e569247e-cdfe-429e-9bd7-7ca5c58ba094', 'Carrots', 1, 'head');
INSERT INTO ingredients (id, recipe_id, name, quantity, unit) VALUES ('312395d9-47b4-46c0-8815-318c2c34ea44', 'e569247e-cdfe-429e-9bd7-7ca5c58ba094', 'Zucchini Noodles', 2, 'cup');
INSERT INTO ingredients (id, recipe_id, name, quantity, unit) VALUES ('395948ff-ccbd-4612-9ad2-2e823cb43b12', 'e569247e-cdfe-429e-9bd7-7ca5c58ba094', 'Olive Oil', 1, 'tbsp');
INSERT INTO ingredients (id, recipe_id, name, quantity, unit) VALUES ('e7dfb034-c74d-4bf0-ad6f-4f57fbe9714e', 'e569247e-cdfe-429e-9bd7-7ca5c58ba094', 'Salt & Pepper', 1, 'pinch');
INSERT INTO ingredients (id, recipe_id, name, quantity, unit) VALUES ('222a4c4f-746c-4af8-8295-e5e8f9ba77d3', 'e569247e-cdfe-429e-9bd7-7ca5c58ba094', 'Green Beans', 4, 'clove');
INSERT INTO ingredients (id, recipe_id, name, quantity, unit) VALUES ('b7ca2c37-084d-4641-a27f-7756bdb918d8', 'e569247e-cdfe-429e-9bd7-7ca5c58ba094', 'Sweet Potatoes', 1, 'pinch');
INSERT INTO ingredients (id, recipe_id, name, quantity, unit) VALUES ('86a78091-a6ab-45ad-b457-d82f349918f7', 'e569247e-cdfe-429e-9bd7-7ca5c58ba094', 'Onion', 4, 'g');
INSERT INTO ingredients (id, recipe_id, name, quantity, unit) VALUES ('c176bcb6-9cf4-492f-ac4d-83c2d8ffcca0', 'e569247e-cdfe-429e-9bd7-7ca5c58ba094', 'Carrots', 4, 'oz');
INSERT INTO ingredients (id, recipe_id, name, quantity, unit) VALUES ('61bce808-9fa1-4190-919f-baf9c2e6a8a5', 'e569247e-cdfe-429e-9bd7-7ca5c58ba094', 'Ginger', 2, 'head');
INSERT INTO recipe_dietary_tags (recipe_id, tag_id) VALUES ('e569247e-cdfe-429e-9bd7-7ca5c58ba094', 1);
INSERT INTO recipe_dietary_tags (recipe_id, tag_id) VALUES ('e569247e-cdfe-429e-9bd7-7ca5c58ba094', 9);

INSERT INTO recipes (id, user_id, title, description, instructions, image_url, servings, source_url, source_name, is_archived) VALUES ('9dbc899a-8ed2-4845-8c62-a05409ec7584', 'admin-user-id', 'Balsamic Glaze Steamed Black Beans', 'A delicious and healthy Balsamic Glaze Steamed Black Beans served with Asparagus and Zucchini Noodles. Perfect for a quick weeknight dinner.', '1. Preheat oven to 400°F.
2. Season the Black Beans with Balsamic Glaze spices.
3. Arrange Asparagus and Asparagus on a baking sheet.
4. Steamed for 20-25 minutes until cooked through.
5. Serve hot over Zucchini Noodles.', 'https://images.unsplash.com/photo-1500000000038?auto=format&fit=crop&w=800&q=60', 7, 'https://www.tasteofhome.com', 'Taste of Home', 0);
INSERT INTO ingredients (id, recipe_id, name, quantity, unit) VALUES ('e4ea723d-450d-4b2c-99a8-ec5909566630', '9dbc899a-8ed2-4845-8c62-a05409ec7584', 'Black Beans', 1, 'oz');
INSERT INTO ingredients (id, recipe_id, name, quantity, unit) VALUES ('47ece8e9-2961-471d-9e1e-6de6ea3555d5', '9dbc899a-8ed2-4845-8c62-a05409ec7584', 'Asparagus', 3, 'cup');
INSERT INTO ingredients (id, recipe_id, name, quantity, unit) VALUES ('5cabc0a0-8054-4237-924a-9448c7ba78a8', '9dbc899a-8ed2-4845-8c62-a05409ec7584', 'Zucchini Noodles', 3, 'cup');
INSERT INTO ingredients (id, recipe_id, name, quantity, unit) VALUES ('dfae445f-7d0b-4ac5-a35d-ac31fa388a67', '9dbc899a-8ed2-4845-8c62-a05409ec7584', 'Olive Oil', 3, 'tbsp');
INSERT INTO ingredients (id, recipe_id, name, quantity, unit) VALUES ('cf77d7b7-b5ab-4e82-8c8d-2354738b59db', '9dbc899a-8ed2-4845-8c62-a05409ec7584', 'Salt & Pepper', 1, 'pinch');
INSERT INTO ingredients (id, recipe_id, name, quantity, unit) VALUES ('6d7a80c7-066d-46f7-936c-059a41f5fd5a', '9dbc899a-8ed2-4845-8c62-a05409ec7584', 'Spinach', 3, 'lb');
INSERT INTO recipe_dietary_tags (recipe_id, tag_id) VALUES ('9dbc899a-8ed2-4845-8c62-a05409ec7584', 8);
INSERT INTO recipe_dietary_tags (recipe_id, tag_id) VALUES ('9dbc899a-8ed2-4845-8c62-a05409ec7584', 3);
INSERT INTO recipe_dietary_tags (recipe_id, tag_id) VALUES ('9dbc899a-8ed2-4845-8c62-a05409ec7584', 7);

INSERT INTO recipes (id, user_id, title, description, instructions, image_url, servings, source_url, source_name, is_archived) VALUES ('d010833d-a230-4360-8e4d-b215c0a4ddd0', 'admin-user-id', 'Honey Sriracha Grilled Tofu', 'A delicious and healthy Honey Sriracha Grilled Tofu served with Brussels Sprouts and Roasted Potatoes. Perfect for a quick weeknight dinner.', '1. Preheat oven to 400°F.
2. Season the Tofu with Honey Sriracha spices.
3. Arrange Brussels Sprouts and Green Beans on a baking sheet.
4. Grilled for 20-25 minutes until cooked through.
5. Serve hot over Roasted Potatoes.', 'https://images.unsplash.com/photo-1500000000039?auto=format&fit=crop&w=800&q=60', 2, 'https://www.allrecipes.com', 'AllRecipes', 0);
INSERT INTO ingredients (id, recipe_id, name, quantity, unit) VALUES ('074d8aaa-e97b-4d9b-a4cc-d6a1340c8620', 'd010833d-a230-4360-8e4d-b215c0a4ddd0', 'Tofu', 2, 'oz');
INSERT INTO ingredients (id, recipe_id, name, quantity, unit) VALUES ('f84b16ae-7e60-4b7f-8db1-3a06908cf2fc', 'd010833d-a230-4360-8e4d-b215c0a4ddd0', 'Brussels Sprouts', 2, 'bundle');
INSERT INTO ingredients (id, recipe_id, name, quantity, unit) VALUES ('4fa2604d-773e-4033-bfa9-896ea672a222', 'd010833d-a230-4360-8e4d-b215c0a4ddd0', 'Roasted Potatoes', 2, 'cup');
INSERT INTO ingredients (id, recipe_id, name, quantity, unit) VALUES ('401ea838-4c07-414e-8250-0d3c2359f5d0', 'd010833d-a230-4360-8e4d-b215c0a4ddd0', 'Olive Oil', 1, 'tbsp');
INSERT INTO ingredients (id, recipe_id, name, quantity, unit) VALUES ('3c50ea62-149a-40e5-94bf-6d3fb74bf0e8', 'd010833d-a230-4360-8e4d-b215c0a4ddd0', 'Salt & Pepper', 1, 'pinch');
INSERT INTO ingredients (id, recipe_id, name, quantity, unit) VALUES ('077ee78f-4589-43e0-9a50-71a04bffafc1', 'd010833d-a230-4360-8e4d-b215c0a4ddd0', 'Ginger', 3, 'head');
INSERT INTO recipe_dietary_tags (recipe_id, tag_id) VALUES ('d010833d-a230-4360-8e4d-b215c0a4ddd0', 7);
INSERT INTO recipe_dietary_tags (recipe_id, tag_id) VALUES ('d010833d-a230-4360-8e4d-b215c0a4ddd0', 8);
INSERT INTO recipe_dietary_tags (recipe_id, tag_id) VALUES ('d010833d-a230-4360-8e4d-b215c0a4ddd0', 9);

INSERT INTO recipes (id, user_id, title, description, instructions, image_url, servings, source_url, source_name, is_archived) VALUES ('beeb9dd9-a843-47d4-ad6d-3617d97b46e2', 'admin-user-id', 'Lemon Garlic Grilled Eggs', 'A delicious and healthy Lemon Garlic Grilled Eggs served with Green Beans and Wild Rice. Perfect for a quick weeknight dinner.', '1. Preheat oven to 400°F.
2. Season the Eggs with Lemon Garlic spices.
3. Arrange Green Beans and Zucchini on a baking sheet.
4. Grilled for 20-25 minutes until cooked through.
5. Serve hot over Wild Rice.', 'https://images.unsplash.com/photo-1500000000040?auto=format&fit=crop&w=800&q=60', 6, 'https://www.epicurious.com', 'Epicurious', 0);
INSERT INTO ingredients (id, recipe_id, name, quantity, unit) VALUES ('52c55e87-60ed-4e5e-be14-75fb01defac2', 'beeb9dd9-a843-47d4-ad6d-3617d97b46e2', 'Eggs', 2, 'oz');
INSERT INTO ingredients (id, recipe_id, name, quantity, unit) VALUES ('5b72b73f-71ac-4382-83f6-9c4ffbf178b4', 'beeb9dd9-a843-47d4-ad6d-3617d97b46e2', 'Green Beans', 2, 'bundle');
INSERT INTO ingredients (id, recipe_id, name, quantity, unit) VALUES ('a608829d-4e39-4b0c-94fb-d0ebc00228d7', 'beeb9dd9-a843-47d4-ad6d-3617d97b46e2', 'Wild Rice', 2, 'cup');
INSERT INTO ingredients (id, recipe_id, name, quantity, unit) VALUES ('6ff8debe-ad59-4a00-8d3f-6601dc61f2bf', 'beeb9dd9-a843-47d4-ad6d-3617d97b46e2', 'Olive Oil', 3, 'tbsp');
INSERT INTO ingredients (id, recipe_id, name, quantity, unit) VALUES ('a6a96db9-39cd-40bc-bab2-c1ed6acc3f13', 'beeb9dd9-a843-47d4-ad6d-3617d97b46e2', 'Salt & Pepper', 1, 'pinch');
INSERT INTO ingredients (id, recipe_id, name, quantity, unit) VALUES ('e6c7ab86-cb35-4c2c-9369-fb4b190d4608', 'beeb9dd9-a843-47d4-ad6d-3617d97b46e2', 'Zucchini', 3, 'tsp');
INSERT INTO ingredients (id, recipe_id, name, quantity, unit) VALUES ('29536a7d-f959-46cb-b601-7e7dbb916899', 'beeb9dd9-a843-47d4-ad6d-3617d97b46e2', 'Sweet Potatoes', 1, 'lb');
INSERT INTO ingredients (id, recipe_id, name, quantity, unit) VALUES ('f457c184-30b8-45d5-b636-a2c66912c749', 'beeb9dd9-a843-47d4-ad6d-3617d97b46e2', 'Broccoli', 5, 'bundle');
INSERT INTO ingredients (id, recipe_id, name, quantity, unit) VALUES ('cfc11604-47b2-47de-ae83-927aa4204a22', 'beeb9dd9-a843-47d4-ad6d-3617d97b46e2', 'Carrots', 3, 'tsp');
INSERT INTO ingredients (id, recipe_id, name, quantity, unit) VALUES ('a9aa919c-1064-4c7b-bd46-1b9e12b8895b', 'beeb9dd9-a843-47d4-ad6d-3617d97b46e2', 'Onion', 3, 'g');
INSERT INTO recipe_dietary_tags (recipe_id, tag_id) VALUES ('beeb9dd9-a843-47d4-ad6d-3617d97b46e2', 7);
INSERT INTO recipe_dietary_tags (recipe_id, tag_id) VALUES ('beeb9dd9-a843-47d4-ad6d-3617d97b46e2', 9);

INSERT INTO recipes (id, user_id, title, description, instructions, image_url, servings, source_url, source_name, is_archived) VALUES ('6fc32e39-0dee-4add-a755-c4a0dec9c756', 'admin-user-id', 'Pesto Baked Tofu', 'A delicious and healthy Pesto Baked Tofu served with Green Beans and Zucchini Noodles. Perfect for a quick weeknight dinner.', '1. Preheat oven to 400°F.
2. Season the Tofu with Pesto spices.
3. Arrange Green Beans and Zucchini on a baking sheet.
4. Baked for 20-25 minutes until cooked through.
5. Serve hot over Zucchini Noodles.', 'https://images.unsplash.com/photo-1500000000041?auto=format&fit=crop&w=800&q=60', 6, 'https://www.epicurious.com', 'Epicurious', 0);
INSERT INTO ingredients (id, recipe_id, name, quantity, unit) VALUES ('c87467ad-c4f7-4b5c-80e5-6e288024b9b9', '6fc32e39-0dee-4add-a755-c4a0dec9c756', 'Tofu', 1, 'lb');
INSERT INTO ingredients (id, recipe_id, name, quantity, unit) VALUES ('ae60e287-6664-4326-8e3e-15afed5ae3b4', '6fc32e39-0dee-4add-a755-c4a0dec9c756', 'Green Beans', 3, 'head');
INSERT INTO ingredients (id, recipe_id, name, quantity, unit) VALUES ('542ca009-2620-443e-9f04-b7288c3dfc10', '6fc32e39-0dee-4add-a755-c4a0dec9c756', 'Zucchini Noodles', 1, 'cup');
INSERT INTO ingredients (id, recipe_id, name, quantity, unit) VALUES ('fc683836-4bc4-40b7-946b-937e79b1eea3', '6fc32e39-0dee-4add-a755-c4a0dec9c756', 'Olive Oil', 2, 'tbsp');
INSERT INTO ingredients (id, recipe_id, name, quantity, unit) VALUES ('6641f5c4-efaf-4d08-bd0e-9a813e27c7da', '6fc32e39-0dee-4add-a755-c4a0dec9c756', 'Salt & Pepper', 1, 'pinch');
INSERT INTO ingredients (id, recipe_id, name, quantity, unit) VALUES ('bc2e5131-e1eb-4576-942a-94d28d4c1df9', '6fc32e39-0dee-4add-a755-c4a0dec9c756', 'Brussels Sprouts', 4, 'head');
INSERT INTO ingredients (id, recipe_id, name, quantity, unit) VALUES ('e97e17d5-cd82-406a-b648-9df49c209e01', '6fc32e39-0dee-4add-a755-c4a0dec9c756', 'Ginger', 3, 'head');
INSERT INTO ingredients (id, recipe_id, name, quantity, unit) VALUES ('da4a2a30-0ce5-4abc-ba34-e4898c094dfe', '6fc32e39-0dee-4add-a755-c4a0dec9c756', 'Butter', 4, 'g');
INSERT INTO ingredients (id, recipe_id, name, quantity, unit) VALUES ('fb3f9e94-64e7-4f40-b662-604807b48bac', '6fc32e39-0dee-4add-a755-c4a0dec9c756', 'Kale', 4, 'ml');
INSERT INTO ingredients (id, recipe_id, name, quantity, unit) VALUES ('a00a81bc-160a-4676-ab50-0f48a767acae', '6fc32e39-0dee-4add-a755-c4a0dec9c756', 'Broccoli', 3, 'cup');
INSERT INTO ingredients (id, recipe_id, name, quantity, unit) VALUES ('d02656de-ee3a-499e-98e8-6ebdcd45e18a', '6fc32e39-0dee-4add-a755-c4a0dec9c756', 'Butter', 5, 'head');
INSERT INTO recipe_dietary_tags (recipe_id, tag_id) VALUES ('6fc32e39-0dee-4add-a755-c4a0dec9c756', 1);
INSERT INTO recipe_dietary_tags (recipe_id, tag_id) VALUES ('6fc32e39-0dee-4add-a755-c4a0dec9c756', 7);
INSERT INTO recipe_dietary_tags (recipe_id, tag_id) VALUES ('6fc32e39-0dee-4add-a755-c4a0dec9c756', 8);

INSERT INTO recipes (id, user_id, title, description, instructions, image_url, servings, source_url, source_name, is_archived) VALUES ('839da29d-7166-412a-b3fb-2d794c18722a', 'admin-user-id', 'Lemon Garlic Roasted Shrimp', 'A delicious and healthy Lemon Garlic Roasted Shrimp served with Spinach and Quinoa. Perfect for a quick weeknight dinner.', '1. Preheat oven to 400°F.
2. Season the Shrimp with Lemon Garlic spices.
3. Arrange Spinach and Zucchini on a baking sheet.
4. Roasted for 20-25 minutes until cooked through.
5. Serve hot over Quinoa.', 'https://images.unsplash.com/photo-1500000000042?auto=format&fit=crop&w=800&q=60', 8, 'https://www.tasteofhome.com', 'Taste of Home', 0);
INSERT INTO ingredients (id, recipe_id, name, quantity, unit) VALUES ('928aabae-a438-4926-8dca-f9aa9c4ce621', '839da29d-7166-412a-b3fb-2d794c18722a', 'Shrimp', 1, 'oz');
INSERT INTO ingredients (id, recipe_id, name, quantity, unit) VALUES ('efcd7189-216a-4c3d-bd26-c67fdae56e3a', '839da29d-7166-412a-b3fb-2d794c18722a', 'Spinach', 3, 'head');
INSERT INTO ingredients (id, recipe_id, name, quantity, unit) VALUES ('071b29d2-b774-4256-ad95-a4977194ebbc', '839da29d-7166-412a-b3fb-2d794c18722a', 'Quinoa', 3, 'cup');
INSERT INTO ingredients (id, recipe_id, name, quantity, unit) VALUES ('17da99a8-f589-47ba-be8e-b1536b00c837', '839da29d-7166-412a-b3fb-2d794c18722a', 'Olive Oil', 2, 'tbsp');
INSERT INTO ingredients (id, recipe_id, name, quantity, unit) VALUES ('6f18c50a-4a8d-417d-88d1-4b27585c7dda', '839da29d-7166-412a-b3fb-2d794c18722a', 'Salt & Pepper', 1, 'pinch');
INSERT INTO ingredients (id, recipe_id, name, quantity, unit) VALUES ('139b6ec9-b40c-4ca1-9d94-0fe13f17b0c4', '839da29d-7166-412a-b3fb-2d794c18722a', 'Carrots', 5, 'oz');
INSERT INTO ingredients (id, recipe_id, name, quantity, unit) VALUES ('4f42cf52-23ab-418c-94c2-975481713c44', '839da29d-7166-412a-b3fb-2d794c18722a', 'Sweet Potatoes', 3, 'ml');
INSERT INTO ingredients (id, recipe_id, name, quantity, unit) VALUES ('05cd5f87-d2bd-41b6-b957-7bf740d2e874', '839da29d-7166-412a-b3fb-2d794c18722a', 'Butter', 2, 'tbsp');
INSERT INTO ingredients (id, recipe_id, name, quantity, unit) VALUES ('f78975bd-f844-40f8-ab15-917c79336c55', '839da29d-7166-412a-b3fb-2d794c18722a', 'Brussels Sprouts', 4, 'bundle');
INSERT INTO ingredients (id, recipe_id, name, quantity, unit) VALUES ('46d81fba-1a1b-455b-abbf-7c9f7f43a545', '839da29d-7166-412a-b3fb-2d794c18722a', 'Green Beans', 5, 'clove');
INSERT INTO recipe_dietary_tags (recipe_id, tag_id) VALUES ('839da29d-7166-412a-b3fb-2d794c18722a', 2);
INSERT INTO recipe_dietary_tags (recipe_id, tag_id) VALUES ('839da29d-7166-412a-b3fb-2d794c18722a', 5);

INSERT INTO recipes (id, user_id, title, description, instructions, image_url, servings, source_url, source_name, is_archived) VALUES ('e92d7590-8c9d-4c60-8ddd-4eefad982dbc', 'admin-user-id', 'Smoky BBQ Baked Lentils', 'A delicious and healthy Smoky BBQ Baked Lentils served with Zucchini and Zucchini Noodles. Perfect for a quick weeknight dinner.', '1. Preheat oven to 400°F.
2. Season the Lentils with Smoky BBQ spices.
3. Arrange Zucchini and Broccoli on a baking sheet.
4. Baked for 20-25 minutes until cooked through.
5. Serve hot over Zucchini Noodles.', 'https://images.unsplash.com/photo-1500000000043?auto=format&fit=crop&w=800&q=60', 5, 'https://www.tasteofhome.com', 'Taste of Home', 0);
INSERT INTO ingredients (id, recipe_id, name, quantity, unit) VALUES ('08b60563-ec62-4d85-a858-9a9a15691a1d', 'e92d7590-8c9d-4c60-8ddd-4eefad982dbc', 'Lentils', 1, 'lb');
INSERT INTO ingredients (id, recipe_id, name, quantity, unit) VALUES ('f2d60b42-2f29-4f80-baa3-951d3cd3b7c0', 'e92d7590-8c9d-4c60-8ddd-4eefad982dbc', 'Zucchini', 2, 'bundle');
INSERT INTO ingredients (id, recipe_id, name, quantity, unit) VALUES ('9358b147-6816-454e-a2bb-98c76b240dc7', 'e92d7590-8c9d-4c60-8ddd-4eefad982dbc', 'Zucchini Noodles', 1, 'cup');
INSERT INTO ingredients (id, recipe_id, name, quantity, unit) VALUES ('7c315edc-614c-4ed6-b812-14cfa72da94d', 'e92d7590-8c9d-4c60-8ddd-4eefad982dbc', 'Olive Oil', 2, 'tbsp');
INSERT INTO ingredients (id, recipe_id, name, quantity, unit) VALUES ('5062490c-7ac6-4da1-9e83-9d245fb8ff81', 'e92d7590-8c9d-4c60-8ddd-4eefad982dbc', 'Salt & Pepper', 1, 'pinch');
INSERT INTO ingredients (id, recipe_id, name, quantity, unit) VALUES ('f7af7cde-22be-4933-99cf-c11c080868cb', 'e92d7590-8c9d-4c60-8ddd-4eefad982dbc', 'Green Beans', 4, 'head');
INSERT INTO ingredients (id, recipe_id, name, quantity, unit) VALUES ('45abba6b-0c2d-4944-b9d2-95dfae8339e6', 'e92d7590-8c9d-4c60-8ddd-4eefad982dbc', 'Ginger', 5, 'oz');
INSERT INTO ingredients (id, recipe_id, name, quantity, unit) VALUES ('5acd9486-4347-4b07-8660-c0aece2578fb', 'e92d7590-8c9d-4c60-8ddd-4eefad982dbc', 'Ginger', 5, 'pinch');
INSERT INTO ingredients (id, recipe_id, name, quantity, unit) VALUES ('c3c8f065-8f51-445a-ae7e-eea7baf6bef3', 'e92d7590-8c9d-4c60-8ddd-4eefad982dbc', 'Broccoli', 3, 'cup');
INSERT INTO ingredients (id, recipe_id, name, quantity, unit) VALUES ('721ae0be-d3de-4f45-8226-acb1b455d6e9', 'e92d7590-8c9d-4c60-8ddd-4eefad982dbc', 'Green Beans', 2, 'cup');
INSERT INTO ingredients (id, recipe_id, name, quantity, unit) VALUES ('378d51ec-36fe-4be4-9a7b-f0f9571ee814', 'e92d7590-8c9d-4c60-8ddd-4eefad982dbc', 'Bell Peppers', 5, 'oz');
INSERT INTO ingredients (id, recipe_id, name, quantity, unit) VALUES ('aaa7d9dd-2c36-439a-a555-10e0c46d4e44', 'e92d7590-8c9d-4c60-8ddd-4eefad982dbc', 'Broccoli', 3, 'ml');
INSERT INTO recipe_dietary_tags (recipe_id, tag_id) VALUES ('e92d7590-8c9d-4c60-8ddd-4eefad982dbc', 5);
INSERT INTO recipe_dietary_tags (recipe_id, tag_id) VALUES ('e92d7590-8c9d-4c60-8ddd-4eefad982dbc', 2);

INSERT INTO recipes (id, user_id, title, description, instructions, image_url, servings, source_url, source_name, is_archived) VALUES ('45344cd4-e04d-465e-bf89-74ea14dba07a', 'admin-user-id', 'Taco Seasoned Grilled Pork Loin', 'A delicious and healthy Taco Seasoned Grilled Pork Loin served with Green Beans and Brown Rice. Perfect for a quick weeknight dinner.', '1. Preheat oven to 400°F.
2. Season the Pork Loin with Taco Seasoned spices.
3. Arrange Green Beans and Asparagus on a baking sheet.
4. Grilled for 20-25 minutes until cooked through.
5. Serve hot over Brown Rice.', 'https://images.unsplash.com/photo-1500000000044?auto=format&fit=crop&w=800&q=60', 8, 'https://www.bonappetit.com', 'Bon Appetit', 0);
INSERT INTO ingredients (id, recipe_id, name, quantity, unit) VALUES ('3e950317-824b-412f-a711-7d878363c961', '45344cd4-e04d-465e-bf89-74ea14dba07a', 'Pork Loin', 2, 'oz');
INSERT INTO ingredients (id, recipe_id, name, quantity, unit) VALUES ('6e2da986-0586-4b7a-9f4e-e0dc9a45a141', '45344cd4-e04d-465e-bf89-74ea14dba07a', 'Green Beans', 4, 'bundle');
INSERT INTO ingredients (id, recipe_id, name, quantity, unit) VALUES ('25cced20-38ca-4706-b972-f0eb062c993a', '45344cd4-e04d-465e-bf89-74ea14dba07a', 'Brown Rice', 3, 'cup');
INSERT INTO ingredients (id, recipe_id, name, quantity, unit) VALUES ('c4c3e4a9-d029-4dcc-979a-9f85a83a04c7', '45344cd4-e04d-465e-bf89-74ea14dba07a', 'Olive Oil', 3, 'tbsp');
INSERT INTO ingredients (id, recipe_id, name, quantity, unit) VALUES ('fadb4cfe-11b2-4165-80c2-9579f4752d74', '45344cd4-e04d-465e-bf89-74ea14dba07a', 'Salt & Pepper', 1, 'pinch');
INSERT INTO recipe_dietary_tags (recipe_id, tag_id) VALUES ('45344cd4-e04d-465e-bf89-74ea14dba07a', 8);
INSERT INTO recipe_dietary_tags (recipe_id, tag_id) VALUES ('45344cd4-e04d-465e-bf89-74ea14dba07a', 10);

INSERT INTO recipes (id, user_id, title, description, instructions, image_url, servings, source_url, source_name, is_archived) VALUES ('fc2e06fb-8d3f-4375-a147-e7aa7a51e7d8', 'admin-user-id', 'Miso Ginger Sautéed Ground Beef', 'A delicious and healthy Miso Ginger Sautéed Ground Beef served with Bell Peppers and Mashed Cauliflower. Perfect for a quick weeknight dinner.', '1. Preheat oven to 400°F.
2. Season the Ground Beef with Miso Ginger spices.
3. Arrange Bell Peppers and Green Beans on a baking sheet.
4. Sautéed for 20-25 minutes until cooked through.
5. Serve hot over Mashed Cauliflower.', 'https://images.unsplash.com/photo-1500000000045?auto=format&fit=crop&w=800&q=60', 4, 'https://www.tasteofhome.com', 'Taste of Home', 0);
INSERT INTO ingredients (id, recipe_id, name, quantity, unit) VALUES ('db1dd030-3c8d-4864-930b-8120d9f5e0ee', 'fc2e06fb-8d3f-4375-a147-e7aa7a51e7d8', 'Ground Beef', 1, 'lb');
INSERT INTO ingredients (id, recipe_id, name, quantity, unit) VALUES ('f5b3b182-7b3c-4501-a24d-2f3eb91ecc26', 'fc2e06fb-8d3f-4375-a147-e7aa7a51e7d8', 'Bell Peppers', 1, 'bundle');
INSERT INTO ingredients (id, recipe_id, name, quantity, unit) VALUES ('afccd881-df45-47dd-a85b-44029e6a9a53', 'fc2e06fb-8d3f-4375-a147-e7aa7a51e7d8', 'Mashed Cauliflower', 2, 'cup');
INSERT INTO ingredients (id, recipe_id, name, quantity, unit) VALUES ('66a51ab0-3c3f-4067-abcd-4e8012cece56', 'fc2e06fb-8d3f-4375-a147-e7aa7a51e7d8', 'Olive Oil', 1, 'tbsp');
INSERT INTO ingredients (id, recipe_id, name, quantity, unit) VALUES ('ea531cdc-1d26-45f3-9fe4-67c6ad7377f9', 'fc2e06fb-8d3f-4375-a147-e7aa7a51e7d8', 'Salt & Pepper', 1, 'pinch');
INSERT INTO ingredients (id, recipe_id, name, quantity, unit) VALUES ('fcdb4d0d-c46f-456a-bfca-090c3f065abe', 'fc2e06fb-8d3f-4375-a147-e7aa7a51e7d8', 'Cauliflower', 3, 'clove');
INSERT INTO ingredients (id, recipe_id, name, quantity, unit) VALUES ('28142035-93c7-409f-b559-1742bb98e6cf', 'fc2e06fb-8d3f-4375-a147-e7aa7a51e7d8', 'Butter', 3, 'ml');
INSERT INTO ingredients (id, recipe_id, name, quantity, unit) VALUES ('4ddd63f1-8840-4f45-ac41-8905eb77e78f', 'fc2e06fb-8d3f-4375-a147-e7aa7a51e7d8', 'Carrots', 3, 'tbsp');
INSERT INTO ingredients (id, recipe_id, name, quantity, unit) VALUES ('6f15c595-c4d1-4f87-968a-4c31e509fe2b', 'fc2e06fb-8d3f-4375-a147-e7aa7a51e7d8', 'Green Beans', 3, 'tbsp');
INSERT INTO ingredients (id, recipe_id, name, quantity, unit) VALUES ('4e13d182-a07f-4d76-868e-baacf63d9e18', 'fc2e06fb-8d3f-4375-a147-e7aa7a51e7d8', 'Carrots', 3, 'lb');
INSERT INTO ingredients (id, recipe_id, name, quantity, unit) VALUES ('88e4a3b8-c09e-4ee9-a8b9-67009de4823b', 'fc2e06fb-8d3f-4375-a147-e7aa7a51e7d8', 'Bell Peppers', 5, 'oz');
INSERT INTO ingredients (id, recipe_id, name, quantity, unit) VALUES ('dcbc3a37-e668-47fc-9144-f786c5bbb4ad', 'fc2e06fb-8d3f-4375-a147-e7aa7a51e7d8', 'Onion', 3, 'oz');
INSERT INTO recipe_dietary_tags (recipe_id, tag_id) VALUES ('fc2e06fb-8d3f-4375-a147-e7aa7a51e7d8', 5);

INSERT INTO recipes (id, user_id, title, description, instructions, image_url, servings, source_url, source_name, is_archived) VALUES ('9daf2766-9d45-48db-957a-2ff1cc935485', 'admin-user-id', 'Balsamic Glaze Pan-Seared Tofu', 'A delicious and healthy Balsamic Glaze Pan-Seared Tofu served with Sweet Potatoes and Lentil Pasta. Perfect for a quick weeknight dinner.', '1. Preheat oven to 400°F.
2. Season the Tofu with Balsamic Glaze spices.
3. Arrange Sweet Potatoes and Cauliflower on a baking sheet.
4. Pan-Seared for 20-25 minutes until cooked through.
5. Serve hot over Lentil Pasta.', 'https://images.unsplash.com/photo-1500000000046?auto=format&fit=crop&w=800&q=60', 3, 'https://www.bonappetit.com', 'Bon Appetit', 0);
INSERT INTO ingredients (id, recipe_id, name, quantity, unit) VALUES ('a7b308b4-e127-41cb-bcd0-9b91e0512a7a', '9daf2766-9d45-48db-957a-2ff1cc935485', 'Tofu', 1, 'oz');
INSERT INTO ingredients (id, recipe_id, name, quantity, unit) VALUES ('0d4a13d5-26de-4879-8905-a690d0aa03a3', '9daf2766-9d45-48db-957a-2ff1cc935485', 'Sweet Potatoes', 3, 'bundle');
INSERT INTO ingredients (id, recipe_id, name, quantity, unit) VALUES ('d1166777-2565-4534-be8c-6fe81b49f330', '9daf2766-9d45-48db-957a-2ff1cc935485', 'Lentil Pasta', 3, 'cup');
INSERT INTO ingredients (id, recipe_id, name, quantity, unit) VALUES ('11626323-810d-4060-a2e1-954dea39db13', '9daf2766-9d45-48db-957a-2ff1cc935485', 'Olive Oil', 1, 'tbsp');
INSERT INTO ingredients (id, recipe_id, name, quantity, unit) VALUES ('ec56961d-d051-4ffd-b367-77b68b9f9e3e', '9daf2766-9d45-48db-957a-2ff1cc935485', 'Salt & Pepper', 1, 'pinch');
INSERT INTO ingredients (id, recipe_id, name, quantity, unit) VALUES ('9da75db0-e5a7-40ad-a9a8-fc2a13e11144', '9daf2766-9d45-48db-957a-2ff1cc935485', 'Sweet Potatoes', 1, 'lb');
INSERT INTO ingredients (id, recipe_id, name, quantity, unit) VALUES ('f5a16d5e-5684-45b8-9656-ab175fa8f2c4', '9daf2766-9d45-48db-957a-2ff1cc935485', 'Cauliflower', 5, 'tsp');
INSERT INTO recipe_dietary_tags (recipe_id, tag_id) VALUES ('9daf2766-9d45-48db-957a-2ff1cc935485', 8);
INSERT INTO recipe_dietary_tags (recipe_id, tag_id) VALUES ('9daf2766-9d45-48db-957a-2ff1cc935485', 9);

INSERT INTO recipes (id, user_id, title, description, instructions, image_url, servings, source_url, source_name, is_archived) VALUES ('f345c225-7449-481f-87de-ec242d6a64b4', 'admin-user-id', 'Smoky BBQ Pan-Seared Lentils', 'A delicious and healthy Smoky BBQ Pan-Seared Lentils served with Green Beans and Zucchini Noodles. Perfect for a quick weeknight dinner.', '1. Preheat oven to 400°F.
2. Season the Lentils with Smoky BBQ spices.
3. Arrange Green Beans and Bell Peppers on a baking sheet.
4. Pan-Seared for 20-25 minutes until cooked through.
5. Serve hot over Zucchini Noodles.', 'https://images.unsplash.com/photo-1500000000047?auto=format&fit=crop&w=800&q=60', 3, 'https://www.epicurious.com', 'Epicurious', 0);
INSERT INTO ingredients (id, recipe_id, name, quantity, unit) VALUES ('689056f1-b543-43ae-8243-32ddfdc8cb90', 'f345c225-7449-481f-87de-ec242d6a64b4', 'Lentils', 1, 'oz');
INSERT INTO ingredients (id, recipe_id, name, quantity, unit) VALUES ('c759c5e8-9c16-4839-84de-09d8fa4dabef', 'f345c225-7449-481f-87de-ec242d6a64b4', 'Green Beans', 4, 'bundle');
INSERT INTO ingredients (id, recipe_id, name, quantity, unit) VALUES ('b5df3141-8850-4283-adc2-b7e67de706ce', 'f345c225-7449-481f-87de-ec242d6a64b4', 'Zucchini Noodles', 1, 'cup');
INSERT INTO ingredients (id, recipe_id, name, quantity, unit) VALUES ('e16e744e-95e5-4d69-bf28-ec3292299497', 'f345c225-7449-481f-87de-ec242d6a64b4', 'Olive Oil', 3, 'tbsp');
INSERT INTO ingredients (id, recipe_id, name, quantity, unit) VALUES ('1623fb1a-aac2-4dfc-89af-f02e3db71c48', 'f345c225-7449-481f-87de-ec242d6a64b4', 'Salt & Pepper', 1, 'pinch');
INSERT INTO ingredients (id, recipe_id, name, quantity, unit) VALUES ('198be9b9-9143-4779-9979-48292b057973', 'f345c225-7449-481f-87de-ec242d6a64b4', 'Spinach', 2, 'clove');
INSERT INTO ingredients (id, recipe_id, name, quantity, unit) VALUES ('60275ae0-7001-402a-afef-f8bdf12dd38f', 'f345c225-7449-481f-87de-ec242d6a64b4', 'Ginger', 5, 'tsp');
INSERT INTO ingredients (id, recipe_id, name, quantity, unit) VALUES ('c5920231-52b4-4b1e-a9f8-5423fd11f24b', 'f345c225-7449-481f-87de-ec242d6a64b4', 'Green Beans', 1, 'ml');
INSERT INTO ingredients (id, recipe_id, name, quantity, unit) VALUES ('c7d85487-2303-4fdf-ab3f-cc319b88b76c', 'f345c225-7449-481f-87de-ec242d6a64b4', 'Asparagus', 5, 'ml');
INSERT INTO recipe_dietary_tags (recipe_id, tag_id) VALUES ('f345c225-7449-481f-87de-ec242d6a64b4', 8);
INSERT INTO recipe_dietary_tags (recipe_id, tag_id) VALUES ('f345c225-7449-481f-87de-ec242d6a64b4', 2);
INSERT INTO recipe_dietary_tags (recipe_id, tag_id) VALUES ('f345c225-7449-481f-87de-ec242d6a64b4', 3);

INSERT INTO recipes (id, user_id, title, description, instructions, image_url, servings, source_url, source_name, is_archived) VALUES ('40b1767d-4169-427a-9120-969dabf5f129', 'admin-user-id', 'Lemon Garlic Sautéed Steak', 'A delicious and healthy Lemon Garlic Sautéed Steak served with Green Beans and Lentil Pasta. Perfect for a quick weeknight dinner.', '1. Preheat oven to 400°F.
2. Season the Steak with Lemon Garlic spices.
3. Arrange Green Beans and Bell Peppers on a baking sheet.
4. Sautéed for 20-25 minutes until cooked through.
5. Serve hot over Lentil Pasta.', 'https://images.unsplash.com/photo-1500000000048?auto=format&fit=crop&w=800&q=60', 7, 'https://www.allrecipes.com', 'AllRecipes', 0);
INSERT INTO ingredients (id, recipe_id, name, quantity, unit) VALUES ('609decae-851e-4988-81a9-935b7a0193a1', '40b1767d-4169-427a-9120-969dabf5f129', 'Steak', 1, 'lb');
INSERT INTO ingredients (id, recipe_id, name, quantity, unit) VALUES ('34bfd94b-102d-414d-8f50-6d7e668c43cb', '40b1767d-4169-427a-9120-969dabf5f129', 'Green Beans', 3, 'cup');
INSERT INTO ingredients (id, recipe_id, name, quantity, unit) VALUES ('1a438964-82aa-4e28-9652-66e08d4d9514', '40b1767d-4169-427a-9120-969dabf5f129', 'Lentil Pasta', 3, 'cup');
INSERT INTO ingredients (id, recipe_id, name, quantity, unit) VALUES ('59b03407-649e-47fc-bc68-a10181f498bd', '40b1767d-4169-427a-9120-969dabf5f129', 'Olive Oil', 3, 'tbsp');
INSERT INTO ingredients (id, recipe_id, name, quantity, unit) VALUES ('97f8b637-3a1d-4b1f-aafe-424dccc21bd7', '40b1767d-4169-427a-9120-969dabf5f129', 'Salt & Pepper', 1, 'pinch');
INSERT INTO ingredients (id, recipe_id, name, quantity, unit) VALUES ('db4ce046-77c2-4319-8eaf-0246a3574b37', '40b1767d-4169-427a-9120-969dabf5f129', 'Ginger', 4, 'cup');
INSERT INTO ingredients (id, recipe_id, name, quantity, unit) VALUES ('51a41883-4d01-4abe-b7f2-40339d8985a8', '40b1767d-4169-427a-9120-969dabf5f129', 'Carrots', 3, 'head');
INSERT INTO ingredients (id, recipe_id, name, quantity, unit) VALUES ('99311768-5489-46d7-ab8f-bac0f2a0a00b', '40b1767d-4169-427a-9120-969dabf5f129', 'Butter', 2, 'ml');
INSERT INTO ingredients (id, recipe_id, name, quantity, unit) VALUES ('c99e14b5-4bfd-486f-bae0-35e545c532a1', '40b1767d-4169-427a-9120-969dabf5f129', 'Brussels Sprouts', 4, 'head');
INSERT INTO ingredients (id, recipe_id, name, quantity, unit) VALUES ('42f0699d-8ccb-4fb8-87af-80d85acf7fc8', '40b1767d-4169-427a-9120-969dabf5f129', 'Onion', 5, 'tsp');
INSERT INTO ingredients (id, recipe_id, name, quantity, unit) VALUES ('6849c6d2-34f6-497a-91ed-e88abd59f058', '40b1767d-4169-427a-9120-969dabf5f129', 'Brussels Sprouts', 3, 'ml');
INSERT INTO ingredients (id, recipe_id, name, quantity, unit) VALUES ('8c61d2ff-e013-43a7-9396-b56180294883', '40b1767d-4169-427a-9120-969dabf5f129', 'Asparagus', 1, 'g');
INSERT INTO recipe_dietary_tags (recipe_id, tag_id) VALUES ('40b1767d-4169-427a-9120-969dabf5f129', 5);
INSERT INTO recipe_dietary_tags (recipe_id, tag_id) VALUES ('40b1767d-4169-427a-9120-969dabf5f129', 10);

INSERT INTO recipes (id, user_id, title, description, instructions, image_url, servings, source_url, source_name, is_archived) VALUES ('5bdbfa6b-45f9-4884-90ad-d8c09d6cb542', 'admin-user-id', 'Curry Sautéed Shrimp', 'A delicious and healthy Curry Sautéed Shrimp served with Kale and Brown Rice. Perfect for a quick weeknight dinner.', '1. Preheat oven to 400°F.
2. Season the Shrimp with Curry spices.
3. Arrange Kale and Asparagus on a baking sheet.
4. Sautéed for 20-25 minutes until cooked through.
5. Serve hot over Brown Rice.', 'https://images.unsplash.com/photo-1500000000049?auto=format&fit=crop&w=800&q=60', 3, 'https://www.bonappetit.com', 'Bon Appetit', 0);
INSERT INTO ingredients (id, recipe_id, name, quantity, unit) VALUES ('58076731-95b9-4a8c-9353-d51980a75519', '5bdbfa6b-45f9-4884-90ad-d8c09d6cb542', 'Shrimp', 1, 'lb');
INSERT INTO ingredients (id, recipe_id, name, quantity, unit) VALUES ('fe21b1c8-6ef1-4704-a187-2c9ed45e2348', '5bdbfa6b-45f9-4884-90ad-d8c09d6cb542', 'Kale', 3, 'bundle');
INSERT INTO ingredients (id, recipe_id, name, quantity, unit) VALUES ('467079f4-59e1-4827-9fb2-9499a2239fc4', '5bdbfa6b-45f9-4884-90ad-d8c09d6cb542', 'Brown Rice', 2, 'cup');
INSERT INTO ingredients (id, recipe_id, name, quantity, unit) VALUES ('fb9aa7a3-073c-447a-9edc-69afd8291159', '5bdbfa6b-45f9-4884-90ad-d8c09d6cb542', 'Olive Oil', 1, 'tbsp');
INSERT INTO ingredients (id, recipe_id, name, quantity, unit) VALUES ('b19df451-19d6-4609-ac47-63027522878f', '5bdbfa6b-45f9-4884-90ad-d8c09d6cb542', 'Salt & Pepper', 1, 'pinch');
INSERT INTO ingredients (id, recipe_id, name, quantity, unit) VALUES ('965eb5f1-667d-4dfc-97d9-def0db7a3964', '5bdbfa6b-45f9-4884-90ad-d8c09d6cb542', 'Bell Peppers', 5, 'ml');
INSERT INTO ingredients (id, recipe_id, name, quantity, unit) VALUES ('68112682-345a-434d-9ef9-573255b8cf36', '5bdbfa6b-45f9-4884-90ad-d8c09d6cb542', 'Brussels Sprouts', 5, 'cup');
INSERT INTO ingredients (id, recipe_id, name, quantity, unit) VALUES ('a54eeead-c816-4543-9791-0e27ffe2815b', '5bdbfa6b-45f9-4884-90ad-d8c09d6cb542', 'Carrots', 2, 'lb');
INSERT INTO ingredients (id, recipe_id, name, quantity, unit) VALUES ('a6bdc621-472f-4bb7-b9a3-38c993431736', '5bdbfa6b-45f9-4884-90ad-d8c09d6cb542', 'Asparagus', 5, 'oz');
INSERT INTO ingredients (id, recipe_id, name, quantity, unit) VALUES ('4c35c26e-b984-4466-9557-fb22c7de109f', '5bdbfa6b-45f9-4884-90ad-d8c09d6cb542', 'Lemon', 1, 'pinch');
INSERT INTO ingredients (id, recipe_id, name, quantity, unit) VALUES ('06f3aa44-8f89-4809-b71e-2acc5d4e9553', '5bdbfa6b-45f9-4884-90ad-d8c09d6cb542', 'Spinach', 4, 'cup');
INSERT INTO ingredients (id, recipe_id, name, quantity, unit) VALUES ('3b862e52-8f1f-4fe9-9281-7888d07a0c51', '5bdbfa6b-45f9-4884-90ad-d8c09d6cb542', 'Cauliflower', 5, 'lb');
INSERT INTO recipe_dietary_tags (recipe_id, tag_id) VALUES ('5bdbfa6b-45f9-4884-90ad-d8c09d6cb542', 8);

INSERT INTO recipes (id, user_id, title, description, instructions, image_url, servings, source_url, source_name, is_archived) VALUES ('98bb5954-0359-40b6-863e-84436f19b55d', 'admin-user-id', 'Curry Roasted Turkey Breast', 'A delicious and healthy Curry Roasted Turkey Breast served with Broccoli and Roasted Potatoes. Perfect for a quick weeknight dinner.', '1. Preheat oven to 400°F.
2. Season the Turkey Breast with Curry spices.
3. Arrange Broccoli and Carrots on a baking sheet.
4. Roasted for 20-25 minutes until cooked through.
5. Serve hot over Roasted Potatoes.', 'https://images.unsplash.com/photo-1500000000050?auto=format&fit=crop&w=800&q=60', 3, 'https://www.tasteofhome.com', 'Taste of Home', 0);
INSERT INTO ingredients (id, recipe_id, name, quantity, unit) VALUES ('3ae20c62-707d-4479-8be7-4dcf7fd1bf6f', '98bb5954-0359-40b6-863e-84436f19b55d', 'Turkey Breast', 1, 'oz');
INSERT INTO ingredients (id, recipe_id, name, quantity, unit) VALUES ('b9e916cb-9b3c-40ba-aa1e-305718692073', '98bb5954-0359-40b6-863e-84436f19b55d', 'Broccoli', 3, 'cup');
INSERT INTO ingredients (id, recipe_id, name, quantity, unit) VALUES ('3b2efc12-14d5-4b47-8780-70c64dfe85bc', '98bb5954-0359-40b6-863e-84436f19b55d', 'Roasted Potatoes', 1, 'cup');
INSERT INTO ingredients (id, recipe_id, name, quantity, unit) VALUES ('f7433430-db97-4ee4-8947-4df122e973f4', '98bb5954-0359-40b6-863e-84436f19b55d', 'Olive Oil', 1, 'tbsp');
INSERT INTO ingredients (id, recipe_id, name, quantity, unit) VALUES ('6d185d65-3819-4fa5-bb8f-fec645046081', '98bb5954-0359-40b6-863e-84436f19b55d', 'Salt & Pepper', 1, 'pinch');
INSERT INTO ingredients (id, recipe_id, name, quantity, unit) VALUES ('e76d69b2-5e0b-4681-a88d-412306158e1e', '98bb5954-0359-40b6-863e-84436f19b55d', 'Butter', 3, 'cup');
INSERT INTO ingredients (id, recipe_id, name, quantity, unit) VALUES ('79d193b1-9c8d-44f5-98dc-7561743037b9', '98bb5954-0359-40b6-863e-84436f19b55d', 'Brussels Sprouts', 4, 'cup');
INSERT INTO ingredients (id, recipe_id, name, quantity, unit) VALUES ('a7b7d734-8794-4291-8dff-0e05254bb8e4', '98bb5954-0359-40b6-863e-84436f19b55d', 'Butter', 4, 'pinch');
INSERT INTO ingredients (id, recipe_id, name, quantity, unit) VALUES ('965d14f4-ccb3-4804-8b27-f3b65090ddce', '98bb5954-0359-40b6-863e-84436f19b55d', 'Bell Peppers', 5, 'g');
INSERT INTO ingredients (id, recipe_id, name, quantity, unit) VALUES ('d06f209f-09ce-4eee-afbd-3a5ae9f6aaf0', '98bb5954-0359-40b6-863e-84436f19b55d', 'Carrots', 1, 'pinch');
INSERT INTO ingredients (id, recipe_id, name, quantity, unit) VALUES ('b59f1ffa-8e2a-4676-8fe8-b4e8c3f1f221', '98bb5954-0359-40b6-863e-84436f19b55d', 'Spinach', 1, 'oz');
INSERT INTO ingredients (id, recipe_id, name, quantity, unit) VALUES ('94b6eacc-394f-4647-b4c1-36362f22fc4b', '98bb5954-0359-40b6-863e-84436f19b55d', 'Ginger', 5, 'lb');
INSERT INTO recipe_dietary_tags (recipe_id, tag_id) VALUES ('98bb5954-0359-40b6-863e-84436f19b55d', 6);
INSERT INTO recipe_dietary_tags (recipe_id, tag_id) VALUES ('98bb5954-0359-40b6-863e-84436f19b55d', 4);
INSERT INTO recipe_dietary_tags (recipe_id, tag_id) VALUES ('98bb5954-0359-40b6-863e-84436f19b55d', 1);

INSERT INTO recipes (id, user_id, title, description, instructions, image_url, servings, source_url, source_name, is_archived) VALUES ('40a16da8-e5f1-4fa2-b0d5-5ce78cd8e1d9', 'admin-user-id', 'Herbes de Provence Steamed Pork Loin', 'A delicious and healthy Herbes de Provence Steamed Pork Loin served with Cauliflower and Zucchini Noodles. Perfect for a quick weeknight dinner.', '1. Preheat oven to 400°F.
2. Season the Pork Loin with Herbes de Provence spices.
3. Arrange Cauliflower and Bell Peppers on a baking sheet.
4. Steamed for 20-25 minutes until cooked through.
5. Serve hot over Zucchini Noodles.', 'https://images.unsplash.com/photo-1500000000051?auto=format&fit=crop&w=800&q=60', 2, 'https://www.epicurious.com', 'Epicurious', 0);
INSERT INTO ingredients (id, recipe_id, name, quantity, unit) VALUES ('48543211-6316-420b-8185-5da6d5edbf86', '40a16da8-e5f1-4fa2-b0d5-5ce78cd8e1d9', 'Pork Loin', 2, 'lb');
INSERT INTO ingredients (id, recipe_id, name, quantity, unit) VALUES ('e9d710ec-fab6-4cad-86bc-15ffe1f91e21', '40a16da8-e5f1-4fa2-b0d5-5ce78cd8e1d9', 'Cauliflower', 4, 'bundle');
INSERT INTO ingredients (id, recipe_id, name, quantity, unit) VALUES ('a0d73133-961d-4c09-88a9-99be5aadb678', '40a16da8-e5f1-4fa2-b0d5-5ce78cd8e1d9', 'Zucchini Noodles', 1, 'cup');
INSERT INTO ingredients (id, recipe_id, name, quantity, unit) VALUES ('2afdff51-4b33-443f-a800-b61431f0ed31', '40a16da8-e5f1-4fa2-b0d5-5ce78cd8e1d9', 'Olive Oil', 3, 'tbsp');
INSERT INTO ingredients (id, recipe_id, name, quantity, unit) VALUES ('1ae0d29b-6a57-478a-b5e5-416dd357731b', '40a16da8-e5f1-4fa2-b0d5-5ce78cd8e1d9', 'Salt & Pepper', 1, 'pinch');
INSERT INTO ingredients (id, recipe_id, name, quantity, unit) VALUES ('ee132402-b775-43a4-ba0d-33ba0bfe029c', '40a16da8-e5f1-4fa2-b0d5-5ce78cd8e1d9', 'Sweet Potatoes', 4, 'lb');
INSERT INTO ingredients (id, recipe_id, name, quantity, unit) VALUES ('11230362-f0b5-495e-a7d4-c94a7302ca73', '40a16da8-e5f1-4fa2-b0d5-5ce78cd8e1d9', 'Kale', 3, 'bundle');
INSERT INTO ingredients (id, recipe_id, name, quantity, unit) VALUES ('9597e4ca-2127-4e06-aa12-d4530642f5c2', '40a16da8-e5f1-4fa2-b0d5-5ce78cd8e1d9', 'Onion', 3, 'g');
INSERT INTO ingredients (id, recipe_id, name, quantity, unit) VALUES ('d990a882-888b-4bc2-8fef-6fc339859b36', '40a16da8-e5f1-4fa2-b0d5-5ce78cd8e1d9', 'Ginger', 5, 'lb');
INSERT INTO ingredients (id, recipe_id, name, quantity, unit) VALUES ('666bb259-3fab-405b-b35e-1b4b09fc3e11', '40a16da8-e5f1-4fa2-b0d5-5ce78cd8e1d9', 'Zucchini', 5, 'head');
INSERT INTO ingredients (id, recipe_id, name, quantity, unit) VALUES ('ecbf95d5-130e-4a70-b20d-a4aa428d1372', '40a16da8-e5f1-4fa2-b0d5-5ce78cd8e1d9', 'Kale', 2, 'bundle');
INSERT INTO ingredients (id, recipe_id, name, quantity, unit) VALUES ('1cd9bbec-4c1d-4839-8533-e19db3596db5', '40a16da8-e5f1-4fa2-b0d5-5ce78cd8e1d9', 'Spinach', 5, 'oz');
INSERT INTO recipe_dietary_tags (recipe_id, tag_id) VALUES ('40a16da8-e5f1-4fa2-b0d5-5ce78cd8e1d9', 10);
INSERT INTO recipe_dietary_tags (recipe_id, tag_id) VALUES ('40a16da8-e5f1-4fa2-b0d5-5ce78cd8e1d9', 2);
INSERT INTO recipe_dietary_tags (recipe_id, tag_id) VALUES ('40a16da8-e5f1-4fa2-b0d5-5ce78cd8e1d9', 3);

INSERT INTO recipes (id, user_id, title, description, instructions, image_url, servings, source_url, source_name, is_archived) VALUES ('77993a51-b8f7-4613-bf4a-dff7b7268945', 'admin-user-id', 'Balsamic Glaze Pan-Seared Steak', 'A delicious and healthy Balsamic Glaze Pan-Seared Steak served with Cauliflower and Mashed Cauliflower. Perfect for a quick weeknight dinner.', '1. Preheat oven to 400°F.
2. Season the Steak with Balsamic Glaze spices.
3. Arrange Cauliflower and Green Beans on a baking sheet.
4. Pan-Seared for 20-25 minutes until cooked through.
5. Serve hot over Mashed Cauliflower.', 'https://images.unsplash.com/photo-1500000000052?auto=format&fit=crop&w=800&q=60', 3, 'https://www.tasteofhome.com', 'Taste of Home', 0);
INSERT INTO ingredients (id, recipe_id, name, quantity, unit) VALUES ('45b38966-649e-4aa6-9186-144542fb6cac', '77993a51-b8f7-4613-bf4a-dff7b7268945', 'Steak', 1, 'lb');
INSERT INTO ingredients (id, recipe_id, name, quantity, unit) VALUES ('ffe8af8c-b571-461d-8126-4923cef109bd', '77993a51-b8f7-4613-bf4a-dff7b7268945', 'Cauliflower', 1, 'cup');
INSERT INTO ingredients (id, recipe_id, name, quantity, unit) VALUES ('e63b2a4b-fbd2-43e1-8761-e8c09f3bbc60', '77993a51-b8f7-4613-bf4a-dff7b7268945', 'Mashed Cauliflower', 3, 'cup');
INSERT INTO ingredients (id, recipe_id, name, quantity, unit) VALUES ('c133e114-65d0-4743-a9b1-3d3e55f43611', '77993a51-b8f7-4613-bf4a-dff7b7268945', 'Olive Oil', 2, 'tbsp');
INSERT INTO ingredients (id, recipe_id, name, quantity, unit) VALUES ('3fd7ccb5-37dd-463b-8483-e4ff55f2c95a', '77993a51-b8f7-4613-bf4a-dff7b7268945', 'Salt & Pepper', 1, 'pinch');
INSERT INTO ingredients (id, recipe_id, name, quantity, unit) VALUES ('1c512f28-cefe-4fec-994d-c11c9f1897d6', '77993a51-b8f7-4613-bf4a-dff7b7268945', 'Zucchini', 4, 'ml');
INSERT INTO ingredients (id, recipe_id, name, quantity, unit) VALUES ('7e8be373-fa32-43f8-a9aa-441444e541f0', '77993a51-b8f7-4613-bf4a-dff7b7268945', 'Zucchini', 3, 'clove');
INSERT INTO ingredients (id, recipe_id, name, quantity, unit) VALUES ('ecb19622-be4d-49e3-bf8b-de68c2fb6e0f', '77993a51-b8f7-4613-bf4a-dff7b7268945', 'Zucchini', 1, 'oz');
INSERT INTO ingredients (id, recipe_id, name, quantity, unit) VALUES ('30f240e4-969b-4682-888d-e40d84002159', '77993a51-b8f7-4613-bf4a-dff7b7268945', 'Asparagus', 1, 'clove');
INSERT INTO ingredients (id, recipe_id, name, quantity, unit) VALUES ('ac76695e-8f4a-48a5-a0ea-155dbec7455c', '77993a51-b8f7-4613-bf4a-dff7b7268945', 'Cauliflower', 1, 'bundle');
INSERT INTO ingredients (id, recipe_id, name, quantity, unit) VALUES ('ead83518-bae7-4e77-b688-c8b22f24651d', '77993a51-b8f7-4613-bf4a-dff7b7268945', 'Broccoli', 4, 'ml');
INSERT INTO recipe_dietary_tags (recipe_id, tag_id) VALUES ('77993a51-b8f7-4613-bf4a-dff7b7268945', 2);
INSERT INTO recipe_dietary_tags (recipe_id, tag_id) VALUES ('77993a51-b8f7-4613-bf4a-dff7b7268945', 6);
INSERT INTO recipe_dietary_tags (recipe_id, tag_id) VALUES ('77993a51-b8f7-4613-bf4a-dff7b7268945', 5);

INSERT INTO recipes (id, user_id, title, description, instructions, image_url, servings, source_url, source_name, is_archived) VALUES ('0d522dbb-4c44-42fe-b1c6-b25319618888', 'admin-user-id', 'Honey Sriracha Air Fried Lentils', 'A delicious and healthy Honey Sriracha Air Fried Lentils served with Broccoli and Zucchini Noodles. Perfect for a quick weeknight dinner.', '1. Preheat oven to 400°F.
2. Season the Lentils with Honey Sriracha spices.
3. Arrange Broccoli and Carrots on a baking sheet.
4. Air Fried for 20-25 minutes until cooked through.
5. Serve hot over Zucchini Noodles.', 'https://images.unsplash.com/photo-1500000000053?auto=format&fit=crop&w=800&q=60', 5, 'https://www.tasteofhome.com', 'Taste of Home', 0);
INSERT INTO ingredients (id, recipe_id, name, quantity, unit) VALUES ('f61c3505-8fe7-41de-9801-0cd1a9354406', '0d522dbb-4c44-42fe-b1c6-b25319618888', 'Lentils', 1, 'oz');
INSERT INTO ingredients (id, recipe_id, name, quantity, unit) VALUES ('18fa5679-f563-4c49-a2ac-0fc3fc867c54', '0d522dbb-4c44-42fe-b1c6-b25319618888', 'Broccoli', 4, 'head');
INSERT INTO ingredients (id, recipe_id, name, quantity, unit) VALUES ('15ed64ec-b5e6-4b6d-a558-3ab126f1f027', '0d522dbb-4c44-42fe-b1c6-b25319618888', 'Zucchini Noodles', 2, 'cup');
INSERT INTO ingredients (id, recipe_id, name, quantity, unit) VALUES ('c10c667d-c846-45fd-82fa-b107e5eb978c', '0d522dbb-4c44-42fe-b1c6-b25319618888', 'Olive Oil', 1, 'tbsp');
INSERT INTO ingredients (id, recipe_id, name, quantity, unit) VALUES ('40a1f394-ad39-466e-966e-589ae21853b9', '0d522dbb-4c44-42fe-b1c6-b25319618888', 'Salt & Pepper', 1, 'pinch');
INSERT INTO ingredients (id, recipe_id, name, quantity, unit) VALUES ('0e70ea11-acb8-4e17-869f-b772289084ff', '0d522dbb-4c44-42fe-b1c6-b25319618888', 'Carrots', 3, 'bundle');
INSERT INTO ingredients (id, recipe_id, name, quantity, unit) VALUES ('f89786a8-8702-4ec1-b7f7-b6ad3fd164fe', '0d522dbb-4c44-42fe-b1c6-b25319618888', 'Butter', 4, 'cup');
INSERT INTO ingredients (id, recipe_id, name, quantity, unit) VALUES ('2a83d2b4-726f-49fd-adbe-9422ec0180ce', '0d522dbb-4c44-42fe-b1c6-b25319618888', 'Kale', 1, 'tsp');
INSERT INTO ingredients (id, recipe_id, name, quantity, unit) VALUES ('1b97f4ad-8aec-4593-8b6c-a267288a8e02', '0d522dbb-4c44-42fe-b1c6-b25319618888', 'Onion', 1, 'tsp');
INSERT INTO recipe_dietary_tags (recipe_id, tag_id) VALUES ('0d522dbb-4c44-42fe-b1c6-b25319618888', 9);
INSERT INTO recipe_dietary_tags (recipe_id, tag_id) VALUES ('0d522dbb-4c44-42fe-b1c6-b25319618888', 4);
INSERT INTO recipe_dietary_tags (recipe_id, tag_id) VALUES ('0d522dbb-4c44-42fe-b1c6-b25319618888', 2);

INSERT INTO recipes (id, user_id, title, description, instructions, image_url, servings, source_url, source_name, is_archived) VALUES ('d279da10-4684-4885-822c-dd657c2f9dde', 'admin-user-id', 'Lemon Garlic Baked Lentils', 'A delicious and healthy Lemon Garlic Baked Lentils served with Spinach and Lentil Pasta. Perfect for a quick weeknight dinner.', '1. Preheat oven to 400°F.
2. Season the Lentils with Lemon Garlic spices.
3. Arrange Spinach and Asparagus on a baking sheet.
4. Baked for 20-25 minutes until cooked through.
5. Serve hot over Lentil Pasta.', 'https://images.unsplash.com/photo-1500000000054?auto=format&fit=crop&w=800&q=60', 6, 'https://www.tasteofhome.com', 'Taste of Home', 0);
INSERT INTO ingredients (id, recipe_id, name, quantity, unit) VALUES ('76a31dbd-4afc-4b2e-982b-31d45134fd92', 'd279da10-4684-4885-822c-dd657c2f9dde', 'Lentils', 1, 'lb');
INSERT INTO ingredients (id, recipe_id, name, quantity, unit) VALUES ('db9e7c24-9165-4133-b8db-57048658c2a5', 'd279da10-4684-4885-822c-dd657c2f9dde', 'Spinach', 2, 'head');
INSERT INTO ingredients (id, recipe_id, name, quantity, unit) VALUES ('e6c1c0f5-c413-4f7e-967b-213a1f0db94c', 'd279da10-4684-4885-822c-dd657c2f9dde', 'Lentil Pasta', 3, 'cup');
INSERT INTO ingredients (id, recipe_id, name, quantity, unit) VALUES ('b9a455cc-3eeb-45bb-99dd-b114718d9e4c', 'd279da10-4684-4885-822c-dd657c2f9dde', 'Olive Oil', 1, 'tbsp');
INSERT INTO ingredients (id, recipe_id, name, quantity, unit) VALUES ('8d31ac21-cf10-425a-b9ba-d1fd2a55a725', 'd279da10-4684-4885-822c-dd657c2f9dde', 'Salt & Pepper', 1, 'pinch');
INSERT INTO ingredients (id, recipe_id, name, quantity, unit) VALUES ('c2b901bd-400c-4f45-82a8-fdffa6766893', 'd279da10-4684-4885-822c-dd657c2f9dde', 'Zucchini', 4, 'head');
INSERT INTO ingredients (id, recipe_id, name, quantity, unit) VALUES ('44a583c8-0316-4d53-ae32-c7714133b8a6', 'd279da10-4684-4885-822c-dd657c2f9dde', 'Garlic', 5, 'oz');
INSERT INTO ingredients (id, recipe_id, name, quantity, unit) VALUES ('e4378ef2-f422-4680-9c59-e9ee9ed965c3', 'd279da10-4684-4885-822c-dd657c2f9dde', 'Zucchini', 4, 'bundle');
INSERT INTO ingredients (id, recipe_id, name, quantity, unit) VALUES ('9e816cc1-3fce-4bc5-918e-335317d981ed', 'd279da10-4684-4885-822c-dd657c2f9dde', 'Green Beans', 5, 'oz');
INSERT INTO ingredients (id, recipe_id, name, quantity, unit) VALUES ('e3716fd9-e49f-4732-9833-a14cc1d0dada', 'd279da10-4684-4885-822c-dd657c2f9dde', 'Zucchini', 5, 'tsp');
INSERT INTO ingredients (id, recipe_id, name, quantity, unit) VALUES ('9214177c-b2a4-4785-aae7-f8d7e4b85311', 'd279da10-4684-4885-822c-dd657c2f9dde', 'Garlic', 3, 'ml');
INSERT INTO ingredients (id, recipe_id, name, quantity, unit) VALUES ('38121edd-f8dd-401e-a1dd-9acedcc6a024', 'd279da10-4684-4885-822c-dd657c2f9dde', 'Onion', 3, 'lb');
INSERT INTO recipe_dietary_tags (recipe_id, tag_id) VALUES ('d279da10-4684-4885-822c-dd657c2f9dde', 2);

INSERT INTO recipes (id, user_id, title, description, instructions, image_url, servings, source_url, source_name, is_archived) VALUES ('a10f68e0-07cc-41ce-bb70-66ab1d2f528f', 'admin-user-id', 'Herbes de Provence Pan-Seared Black Beans', 'A delicious and healthy Herbes de Provence Pan-Seared Black Beans served with Brussels Sprouts and Wild Rice. Perfect for a quick weeknight dinner.', '1. Preheat oven to 400°F.
2. Season the Black Beans with Herbes de Provence spices.
3. Arrange Brussels Sprouts and Cauliflower on a baking sheet.
4. Pan-Seared for 20-25 minutes until cooked through.
5. Serve hot over Wild Rice.', 'https://images.unsplash.com/photo-1500000000055?auto=format&fit=crop&w=800&q=60', 5, 'https://www.foodnetwork.com', 'Food Network', 0);
INSERT INTO ingredients (id, recipe_id, name, quantity, unit) VALUES ('0fdeb4ff-6a1d-4d17-abd2-d17953fb59d5', 'a10f68e0-07cc-41ce-bb70-66ab1d2f528f', 'Black Beans', 2, 'lb');
INSERT INTO ingredients (id, recipe_id, name, quantity, unit) VALUES ('ec947037-ee76-4d3a-a9a9-859d1040a11b', 'a10f68e0-07cc-41ce-bb70-66ab1d2f528f', 'Brussels Sprouts', 3, 'cup');
INSERT INTO ingredients (id, recipe_id, name, quantity, unit) VALUES ('9a8f8c70-c637-4afb-9251-e3197c6fefbb', 'a10f68e0-07cc-41ce-bb70-66ab1d2f528f', 'Wild Rice', 3, 'cup');
INSERT INTO ingredients (id, recipe_id, name, quantity, unit) VALUES ('b54c55cd-a092-42e8-a990-67cd8b1fca9c', 'a10f68e0-07cc-41ce-bb70-66ab1d2f528f', 'Olive Oil', 3, 'tbsp');
INSERT INTO ingredients (id, recipe_id, name, quantity, unit) VALUES ('de0abe0f-ce01-4994-8f9c-3160a4b31f7e', 'a10f68e0-07cc-41ce-bb70-66ab1d2f528f', 'Salt & Pepper', 1, 'pinch');
INSERT INTO recipe_dietary_tags (recipe_id, tag_id) VALUES ('a10f68e0-07cc-41ce-bb70-66ab1d2f528f', 1);

INSERT INTO recipes (id, user_id, title, description, instructions, image_url, servings, source_url, source_name, is_archived) VALUES ('f53bce02-f21f-46b9-b22c-3056a243a9c0', 'admin-user-id', 'Balsamic Glaze Steamed Chickpeas', 'A delicious and healthy Balsamic Glaze Steamed Chickpeas served with Bell Peppers and Mashed Cauliflower. Perfect for a quick weeknight dinner.', '1. Preheat oven to 400°F.
2. Season the Chickpeas with Balsamic Glaze spices.
3. Arrange Bell Peppers and Spinach on a baking sheet.
4. Steamed for 20-25 minutes until cooked through.
5. Serve hot over Mashed Cauliflower.', 'https://images.unsplash.com/photo-1500000000056?auto=format&fit=crop&w=800&q=60', 3, 'https://www.tasteofhome.com', 'Taste of Home', 0);
INSERT INTO ingredients (id, recipe_id, name, quantity, unit) VALUES ('5a7c7648-bacb-4291-ae4c-ce6be8094c84', 'f53bce02-f21f-46b9-b22c-3056a243a9c0', 'Chickpeas', 1, 'lb');
INSERT INTO ingredients (id, recipe_id, name, quantity, unit) VALUES ('9ba7c4a2-0135-4b90-8d94-5e2c3407682b', 'f53bce02-f21f-46b9-b22c-3056a243a9c0', 'Bell Peppers', 4, 'head');
INSERT INTO ingredients (id, recipe_id, name, quantity, unit) VALUES ('fd3ba6aa-21be-4fa7-8abe-8a33e0385ff9', 'f53bce02-f21f-46b9-b22c-3056a243a9c0', 'Mashed Cauliflower', 3, 'cup');
INSERT INTO ingredients (id, recipe_id, name, quantity, unit) VALUES ('b5abe07b-7df0-4caf-b02e-fd7bffdd99b9', 'f53bce02-f21f-46b9-b22c-3056a243a9c0', 'Olive Oil', 3, 'tbsp');
INSERT INTO ingredients (id, recipe_id, name, quantity, unit) VALUES ('69db5c93-bf56-4b3c-ae93-4ce12eb15aca', 'f53bce02-f21f-46b9-b22c-3056a243a9c0', 'Salt & Pepper', 1, 'pinch');
INSERT INTO ingredients (id, recipe_id, name, quantity, unit) VALUES ('01875f73-8081-4d95-8bba-ae9ab8ef9ea3', 'f53bce02-f21f-46b9-b22c-3056a243a9c0', 'Carrots', 4, 'tsp');
INSERT INTO ingredients (id, recipe_id, name, quantity, unit) VALUES ('844385a6-fb20-4386-904f-f6c1e59ce174', 'f53bce02-f21f-46b9-b22c-3056a243a9c0', 'Onion', 2, 'ml');
INSERT INTO recipe_dietary_tags (recipe_id, tag_id) VALUES ('f53bce02-f21f-46b9-b22c-3056a243a9c0', 10);
INSERT INTO recipe_dietary_tags (recipe_id, tag_id) VALUES ('f53bce02-f21f-46b9-b22c-3056a243a9c0', 7);

INSERT INTO recipes (id, user_id, title, description, instructions, image_url, servings, source_url, source_name, is_archived) VALUES ('5ab77285-fd88-49e2-a68f-ccd4b61ab73c', 'admin-user-id', 'Taco Seasoned Sautéed Pork Loin', 'A delicious and healthy Taco Seasoned Sautéed Pork Loin served with Zucchini and Couscous. Perfect for a quick weeknight dinner.', '1. Preheat oven to 400°F.
2. Season the Pork Loin with Taco Seasoned spices.
3. Arrange Zucchini and Kale on a baking sheet.
4. Sautéed for 20-25 minutes until cooked through.
5. Serve hot over Couscous.', 'https://images.unsplash.com/photo-1500000000057?auto=format&fit=crop&w=800&q=60', 5, 'https://www.epicurious.com', 'Epicurious', 0);
INSERT INTO ingredients (id, recipe_id, name, quantity, unit) VALUES ('28acb744-c2ab-497f-8aeb-d459941ef405', '5ab77285-fd88-49e2-a68f-ccd4b61ab73c', 'Pork Loin', 2, 'oz');
INSERT INTO ingredients (id, recipe_id, name, quantity, unit) VALUES ('ca310c19-ade9-4bbf-a2bd-556f8ea7e6a9', '5ab77285-fd88-49e2-a68f-ccd4b61ab73c', 'Zucchini', 2, 'bundle');
INSERT INTO ingredients (id, recipe_id, name, quantity, unit) VALUES ('f6b5ce21-ffa8-4ee9-9b80-ff889b3ef197', '5ab77285-fd88-49e2-a68f-ccd4b61ab73c', 'Couscous', 3, 'cup');
INSERT INTO ingredients (id, recipe_id, name, quantity, unit) VALUES ('1b7974ef-04fb-423e-acff-7a57fd22037a', '5ab77285-fd88-49e2-a68f-ccd4b61ab73c', 'Olive Oil', 1, 'tbsp');
INSERT INTO ingredients (id, recipe_id, name, quantity, unit) VALUES ('08f3d38c-6aed-456f-bf71-2a58875a583f', '5ab77285-fd88-49e2-a68f-ccd4b61ab73c', 'Salt & Pepper', 1, 'pinch');
INSERT INTO ingredients (id, recipe_id, name, quantity, unit) VALUES ('a891678e-27fa-43ab-aef2-ee8f33a8c0f6', '5ab77285-fd88-49e2-a68f-ccd4b61ab73c', 'Zucchini', 1, 'g');
INSERT INTO recipe_dietary_tags (recipe_id, tag_id) VALUES ('5ab77285-fd88-49e2-a68f-ccd4b61ab73c', 5);
INSERT INTO recipe_dietary_tags (recipe_id, tag_id) VALUES ('5ab77285-fd88-49e2-a68f-ccd4b61ab73c', 6);
INSERT INTO recipe_dietary_tags (recipe_id, tag_id) VALUES ('5ab77285-fd88-49e2-a68f-ccd4b61ab73c', 9);

INSERT INTO recipes (id, user_id, title, description, instructions, image_url, servings, source_url, source_name, is_archived) VALUES ('67f38efe-5ef4-48df-a5e6-84f71a26096d', 'admin-user-id', 'Miso Ginger Steamed Lentils', 'A delicious and healthy Miso Ginger Steamed Lentils served with Cauliflower and Quinoa. Perfect for a quick weeknight dinner.', '1. Preheat oven to 400°F.
2. Season the Lentils with Miso Ginger spices.
3. Arrange Cauliflower and Brussels Sprouts on a baking sheet.
4. Steamed for 20-25 minutes until cooked through.
5. Serve hot over Quinoa.', 'https://images.unsplash.com/photo-1500000000058?auto=format&fit=crop&w=800&q=60', 2, 'https://www.epicurious.com', 'Epicurious', 0);
INSERT INTO ingredients (id, recipe_id, name, quantity, unit) VALUES ('a0420d48-f4d0-4a8c-af35-bf62dca3d808', '67f38efe-5ef4-48df-a5e6-84f71a26096d', 'Lentils', 1, 'lb');
INSERT INTO ingredients (id, recipe_id, name, quantity, unit) VALUES ('0d2d3df7-8670-424a-868c-061f878fd226', '67f38efe-5ef4-48df-a5e6-84f71a26096d', 'Cauliflower', 4, 'bundle');
INSERT INTO ingredients (id, recipe_id, name, quantity, unit) VALUES ('27784e19-e735-464d-b425-cd1933113b6c', '67f38efe-5ef4-48df-a5e6-84f71a26096d', 'Quinoa', 3, 'cup');
INSERT INTO ingredients (id, recipe_id, name, quantity, unit) VALUES ('580876b3-a2d7-4a7a-a781-981f9a3d18ca', '67f38efe-5ef4-48df-a5e6-84f71a26096d', 'Olive Oil', 3, 'tbsp');
INSERT INTO ingredients (id, recipe_id, name, quantity, unit) VALUES ('0e86152e-78a5-4cc2-85e9-b5a63b1bd91a', '67f38efe-5ef4-48df-a5e6-84f71a26096d', 'Salt & Pepper', 1, 'pinch');
INSERT INTO ingredients (id, recipe_id, name, quantity, unit) VALUES ('98c1977d-51e0-4bd7-91cf-4130415d1441', '67f38efe-5ef4-48df-a5e6-84f71a26096d', 'Ginger', 1, 'head');
INSERT INTO recipe_dietary_tags (recipe_id, tag_id) VALUES ('67f38efe-5ef4-48df-a5e6-84f71a26096d', 1);
INSERT INTO recipe_dietary_tags (recipe_id, tag_id) VALUES ('67f38efe-5ef4-48df-a5e6-84f71a26096d', 8);
INSERT INTO recipe_dietary_tags (recipe_id, tag_id) VALUES ('67f38efe-5ef4-48df-a5e6-84f71a26096d', 2);

INSERT INTO recipes (id, user_id, title, description, instructions, image_url, servings, source_url, source_name, is_archived) VALUES ('0a1e3bbd-f83f-4f23-8016-66cf392e6b8f', 'admin-user-id', 'Miso Ginger Roasted Black Beans', 'A delicious and healthy Miso Ginger Roasted Black Beans served with Carrots and Roasted Potatoes. Perfect for a quick weeknight dinner.', '1. Preheat oven to 400°F.
2. Season the Black Beans with Miso Ginger spices.
3. Arrange Carrots and Green Beans on a baking sheet.
4. Roasted for 20-25 minutes until cooked through.
5. Serve hot over Roasted Potatoes.', 'https://images.unsplash.com/photo-1500000000059?auto=format&fit=crop&w=800&q=60', 5, 'https://www.allrecipes.com', 'AllRecipes', 0);
INSERT INTO ingredients (id, recipe_id, name, quantity, unit) VALUES ('c25ebe8b-3951-4823-bf3c-a27d81b7434d', '0a1e3bbd-f83f-4f23-8016-66cf392e6b8f', 'Black Beans', 2, 'oz');
INSERT INTO ingredients (id, recipe_id, name, quantity, unit) VALUES ('a4a55e81-69dd-437d-810b-8cdc166ae548', '0a1e3bbd-f83f-4f23-8016-66cf392e6b8f', 'Carrots', 2, 'head');
INSERT INTO ingredients (id, recipe_id, name, quantity, unit) VALUES ('51a41c15-d721-45c7-94c5-4731806efcae', '0a1e3bbd-f83f-4f23-8016-66cf392e6b8f', 'Roasted Potatoes', 1, 'cup');
INSERT INTO ingredients (id, recipe_id, name, quantity, unit) VALUES ('ca7082ee-8e77-4171-8a17-56ef828a9834', '0a1e3bbd-f83f-4f23-8016-66cf392e6b8f', 'Olive Oil', 2, 'tbsp');
INSERT INTO ingredients (id, recipe_id, name, quantity, unit) VALUES ('1c37a2fa-1a88-4a8c-a5f1-246efe280168', '0a1e3bbd-f83f-4f23-8016-66cf392e6b8f', 'Salt & Pepper', 1, 'pinch');
INSERT INTO ingredients (id, recipe_id, name, quantity, unit) VALUES ('721f06a8-84d1-42f8-bb7d-8ac2262acbb4', '0a1e3bbd-f83f-4f23-8016-66cf392e6b8f', 'Brussels Sprouts', 4, 'tsp');
INSERT INTO recipe_dietary_tags (recipe_id, tag_id) VALUES ('0a1e3bbd-f83f-4f23-8016-66cf392e6b8f', 9);
INSERT INTO recipe_dietary_tags (recipe_id, tag_id) VALUES ('0a1e3bbd-f83f-4f23-8016-66cf392e6b8f', 3);

INSERT INTO recipes (id, user_id, title, description, instructions, image_url, servings, source_url, source_name, is_archived) VALUES ('a73c0e00-88ea-4ac3-9c4a-68133e45640c', 'admin-user-id', 'Cajun Steamed Black Beans', 'A delicious and healthy Cajun Steamed Black Beans served with Kale and Cauliflower Rice. Perfect for a quick weeknight dinner.', '1. Preheat oven to 400°F.
2. Season the Black Beans with Cajun spices.
3. Arrange Kale and Asparagus on a baking sheet.
4. Steamed for 20-25 minutes until cooked through.
5. Serve hot over Cauliflower Rice.', 'https://images.unsplash.com/photo-1500000000060?auto=format&fit=crop&w=800&q=60', 5, 'https://www.allrecipes.com', 'AllRecipes', 0);
INSERT INTO ingredients (id, recipe_id, name, quantity, unit) VALUES ('4fbd3776-7a87-4d98-b8ae-74b9e9980deb', 'a73c0e00-88ea-4ac3-9c4a-68133e45640c', 'Black Beans', 2, 'lb');
INSERT INTO ingredients (id, recipe_id, name, quantity, unit) VALUES ('b8098c90-6ca1-4ce7-8c71-4e0f2edadd36', 'a73c0e00-88ea-4ac3-9c4a-68133e45640c', 'Kale', 2, 'head');
INSERT INTO ingredients (id, recipe_id, name, quantity, unit) VALUES ('05997fc6-bd4e-4702-8779-2a6ea0c5f887', 'a73c0e00-88ea-4ac3-9c4a-68133e45640c', 'Cauliflower Rice', 1, 'cup');
INSERT INTO ingredients (id, recipe_id, name, quantity, unit) VALUES ('8d7b4f69-0f8e-4174-976a-afc3c50fba0b', 'a73c0e00-88ea-4ac3-9c4a-68133e45640c', 'Olive Oil', 1, 'tbsp');
INSERT INTO ingredients (id, recipe_id, name, quantity, unit) VALUES ('1572bf9b-2b91-4d9c-9bc5-643bc5906856', 'a73c0e00-88ea-4ac3-9c4a-68133e45640c', 'Salt & Pepper', 1, 'pinch');
INSERT INTO ingredients (id, recipe_id, name, quantity, unit) VALUES ('6bb907a7-cc45-48da-ba9c-995381574a56', 'a73c0e00-88ea-4ac3-9c4a-68133e45640c', 'Butter', 2, 'g');
INSERT INTO ingredients (id, recipe_id, name, quantity, unit) VALUES ('44a4f46e-fe96-422f-98db-8311de7c0db2', 'a73c0e00-88ea-4ac3-9c4a-68133e45640c', 'Carrots', 4, 'pinch');
INSERT INTO ingredients (id, recipe_id, name, quantity, unit) VALUES ('5d2ecdd7-ddfe-4542-9a67-f8e849d79b85', 'a73c0e00-88ea-4ac3-9c4a-68133e45640c', 'Bell Peppers', 1, 'clove');
INSERT INTO ingredients (id, recipe_id, name, quantity, unit) VALUES ('85f741fa-f112-4aac-9b3f-cfcbba2f56fc', 'a73c0e00-88ea-4ac3-9c4a-68133e45640c', 'Broccoli', 3, 'tbsp');
INSERT INTO ingredients (id, recipe_id, name, quantity, unit) VALUES ('73c02cd3-5fbc-4417-9483-a29c4d386ba2', 'a73c0e00-88ea-4ac3-9c4a-68133e45640c', 'Garlic', 3, 'lb');
INSERT INTO ingredients (id, recipe_id, name, quantity, unit) VALUES ('2867fa35-a35f-4356-b0aa-495a6d519f5c', 'a73c0e00-88ea-4ac3-9c4a-68133e45640c', 'Spinach', 4, 'ml');
INSERT INTO ingredients (id, recipe_id, name, quantity, unit) VALUES ('9beb46e4-0202-4400-b68f-0a3ac708873a', 'a73c0e00-88ea-4ac3-9c4a-68133e45640c', 'Green Beans', 3, 'g');
INSERT INTO recipe_dietary_tags (recipe_id, tag_id) VALUES ('a73c0e00-88ea-4ac3-9c4a-68133e45640c', 5);
INSERT INTO recipe_dietary_tags (recipe_id, tag_id) VALUES ('a73c0e00-88ea-4ac3-9c4a-68133e45640c', 4);

INSERT INTO recipes (id, user_id, title, description, instructions, image_url, servings, source_url, source_name, is_archived) VALUES ('22dbe4c2-b06a-4c50-b7c7-2bb695bbb434', 'admin-user-id', 'Lemon Garlic Sautéed Salmon Fillet', 'A delicious and healthy Lemon Garlic Sautéed Salmon Fillet served with Zucchini and Quinoa. Perfect for a quick weeknight dinner.', '1. Preheat oven to 400°F.
2. Season the Salmon Fillet with Lemon Garlic spices.
3. Arrange Zucchini and Sweet Potatoes on a baking sheet.
4. Sautéed for 20-25 minutes until cooked through.
5. Serve hot over Quinoa.', 'https://images.unsplash.com/photo-1500000000061?auto=format&fit=crop&w=800&q=60', 6, 'https://www.bonappetit.com', 'Bon Appetit', 0);
INSERT INTO ingredients (id, recipe_id, name, quantity, unit) VALUES ('244d8860-1289-4af7-8bf6-06c033c089c3', '22dbe4c2-b06a-4c50-b7c7-2bb695bbb434', 'Salmon Fillet', 1, 'lb');
INSERT INTO ingredients (id, recipe_id, name, quantity, unit) VALUES ('66de647b-6cc1-457c-8d78-aa0764336e7f', '22dbe4c2-b06a-4c50-b7c7-2bb695bbb434', 'Zucchini', 2, 'cup');
INSERT INTO ingredients (id, recipe_id, name, quantity, unit) VALUES ('bde90370-5a37-4135-b337-53716ba82b85', '22dbe4c2-b06a-4c50-b7c7-2bb695bbb434', 'Quinoa', 3, 'cup');
INSERT INTO ingredients (id, recipe_id, name, quantity, unit) VALUES ('68e155e6-3f8f-4a98-bdca-691eda3447f7', '22dbe4c2-b06a-4c50-b7c7-2bb695bbb434', 'Olive Oil', 3, 'tbsp');
INSERT INTO ingredients (id, recipe_id, name, quantity, unit) VALUES ('aeedc35c-f29c-4460-aef5-e795e8c543fe', '22dbe4c2-b06a-4c50-b7c7-2bb695bbb434', 'Salt & Pepper', 1, 'pinch');
INSERT INTO ingredients (id, recipe_id, name, quantity, unit) VALUES ('6d6db802-ea87-4277-8913-628f24e4f66e', '22dbe4c2-b06a-4c50-b7c7-2bb695bbb434', 'Green Beans', 1, 'bundle');
INSERT INTO ingredients (id, recipe_id, name, quantity, unit) VALUES ('d5f9e9ef-d0ef-4f8f-9ce2-223c01842d42', '22dbe4c2-b06a-4c50-b7c7-2bb695bbb434', 'Broccoli', 4, 'tsp');
INSERT INTO ingredients (id, recipe_id, name, quantity, unit) VALUES ('bfd577be-d272-4f56-9b53-60b28751715c', '22dbe4c2-b06a-4c50-b7c7-2bb695bbb434', 'Ginger', 4, 'g');
INSERT INTO ingredients (id, recipe_id, name, quantity, unit) VALUES ('3fb35209-32fd-4912-831f-a9c937fe2fc7', '22dbe4c2-b06a-4c50-b7c7-2bb695bbb434', 'Garlic', 3, 'ml');
INSERT INTO recipe_dietary_tags (recipe_id, tag_id) VALUES ('22dbe4c2-b06a-4c50-b7c7-2bb695bbb434', 6);
INSERT INTO recipe_dietary_tags (recipe_id, tag_id) VALUES ('22dbe4c2-b06a-4c50-b7c7-2bb695bbb434', 5);
INSERT INTO recipe_dietary_tags (recipe_id, tag_id) VALUES ('22dbe4c2-b06a-4c50-b7c7-2bb695bbb434', 1);

INSERT INTO recipes (id, user_id, title, description, instructions, image_url, servings, source_url, source_name, is_archived) VALUES ('a1710413-ee87-4972-8220-4cde18a69077', 'admin-user-id', 'Taco Seasoned Pan-Seared Tofu', 'A delicious and healthy Taco Seasoned Pan-Seared Tofu served with Spinach and Mashed Cauliflower. Perfect for a quick weeknight dinner.', '1. Preheat oven to 400°F.
2. Season the Tofu with Taco Seasoned spices.
3. Arrange Spinach and Bell Peppers on a baking sheet.
4. Pan-Seared for 20-25 minutes until cooked through.
5. Serve hot over Mashed Cauliflower.', 'https://images.unsplash.com/photo-1500000000062?auto=format&fit=crop&w=800&q=60', 7, 'https://www.epicurious.com', 'Epicurious', 0);
INSERT INTO ingredients (id, recipe_id, name, quantity, unit) VALUES ('60827c2a-b43d-46d9-b59f-394abd61cbde', 'a1710413-ee87-4972-8220-4cde18a69077', 'Tofu', 2, 'oz');
INSERT INTO ingredients (id, recipe_id, name, quantity, unit) VALUES ('dce1a07a-1085-4378-8296-4fbef9b76357', 'a1710413-ee87-4972-8220-4cde18a69077', 'Spinach', 1, 'cup');
INSERT INTO ingredients (id, recipe_id, name, quantity, unit) VALUES ('532641c7-35ff-4970-b626-4a983063d7dc', 'a1710413-ee87-4972-8220-4cde18a69077', 'Mashed Cauliflower', 2, 'cup');
INSERT INTO ingredients (id, recipe_id, name, quantity, unit) VALUES ('2b9e70c6-e5c3-4d5e-9457-4f2b8c8fa631', 'a1710413-ee87-4972-8220-4cde18a69077', 'Olive Oil', 1, 'tbsp');
INSERT INTO ingredients (id, recipe_id, name, quantity, unit) VALUES ('55abb283-fef4-4b0d-a9f3-3acd2ce84cb5', 'a1710413-ee87-4972-8220-4cde18a69077', 'Salt & Pepper', 1, 'pinch');
INSERT INTO ingredients (id, recipe_id, name, quantity, unit) VALUES ('3a7dec4f-c9cf-4e4e-8b93-110354b6e113', 'a1710413-ee87-4972-8220-4cde18a69077', 'Broccoli', 1, 'head');
INSERT INTO ingredients (id, recipe_id, name, quantity, unit) VALUES ('8bf062de-16ee-497e-8af8-30dd24060792', 'a1710413-ee87-4972-8220-4cde18a69077', 'Spinach', 2, 'oz');
INSERT INTO ingredients (id, recipe_id, name, quantity, unit) VALUES ('de055d3a-2ac1-41ff-9acd-575ac4d62e24', 'a1710413-ee87-4972-8220-4cde18a69077', 'Broccoli', 5, 'head');
INSERT INTO ingredients (id, recipe_id, name, quantity, unit) VALUES ('2b0ad508-fa20-45b3-b381-0aa91adaff9b', 'a1710413-ee87-4972-8220-4cde18a69077', 'Carrots', 4, 'pinch');
INSERT INTO ingredients (id, recipe_id, name, quantity, unit) VALUES ('1351cc94-20af-4c3c-a090-54c0257ae924', 'a1710413-ee87-4972-8220-4cde18a69077', 'Kale', 2, 'tbsp');
INSERT INTO ingredients (id, recipe_id, name, quantity, unit) VALUES ('b5a54af2-5c54-4d95-93fd-8ed0b9477f78', 'a1710413-ee87-4972-8220-4cde18a69077', 'Butter', 4, 'pinch');
INSERT INTO ingredients (id, recipe_id, name, quantity, unit) VALUES ('1d7b8a4b-5be5-43c1-9d59-08763857c0d4', 'a1710413-ee87-4972-8220-4cde18a69077', 'Carrots', 4, 'bundle');
INSERT INTO recipe_dietary_tags (recipe_id, tag_id) VALUES ('a1710413-ee87-4972-8220-4cde18a69077', 8);

INSERT INTO recipes (id, user_id, title, description, instructions, image_url, servings, source_url, source_name, is_archived) VALUES ('4a1e3ba5-af21-40d3-9cd7-371846e28c0b', 'admin-user-id', 'Taco Seasoned Sautéed Salmon Fillet', 'A delicious and healthy Taco Seasoned Sautéed Salmon Fillet served with Zucchini and Cauliflower Rice. Perfect for a quick weeknight dinner.', '1. Preheat oven to 400°F.
2. Season the Salmon Fillet with Taco Seasoned spices.
3. Arrange Zucchini and Asparagus on a baking sheet.
4. Sautéed for 20-25 minutes until cooked through.
5. Serve hot over Cauliflower Rice.', 'https://images.unsplash.com/photo-1500000000063?auto=format&fit=crop&w=800&q=60', 3, 'https://www.epicurious.com', 'Epicurious', 0);
INSERT INTO ingredients (id, recipe_id, name, quantity, unit) VALUES ('ee4c95b0-0a54-41b7-9282-bae5dcb5d81a', '4a1e3ba5-af21-40d3-9cd7-371846e28c0b', 'Salmon Fillet', 2, 'lb');
INSERT INTO ingredients (id, recipe_id, name, quantity, unit) VALUES ('62f047cd-395a-4202-8ad8-f5b4dcce6dd6', '4a1e3ba5-af21-40d3-9cd7-371846e28c0b', 'Zucchini', 1, 'head');
INSERT INTO ingredients (id, recipe_id, name, quantity, unit) VALUES ('39a961e1-d4c3-41a4-8f78-150b71d0429a', '4a1e3ba5-af21-40d3-9cd7-371846e28c0b', 'Cauliflower Rice', 1, 'cup');
INSERT INTO ingredients (id, recipe_id, name, quantity, unit) VALUES ('af2a3324-1700-496f-94c7-d29f184784e0', '4a1e3ba5-af21-40d3-9cd7-371846e28c0b', 'Olive Oil', 2, 'tbsp');
INSERT INTO ingredients (id, recipe_id, name, quantity, unit) VALUES ('d5795717-451a-419a-bd3d-5862a96bff29', '4a1e3ba5-af21-40d3-9cd7-371846e28c0b', 'Salt & Pepper', 1, 'pinch');
INSERT INTO ingredients (id, recipe_id, name, quantity, unit) VALUES ('0efe4d5a-236e-4474-9156-52cf2092c1ec', '4a1e3ba5-af21-40d3-9cd7-371846e28c0b', 'Asparagus', 3, 'bundle');
INSERT INTO recipe_dietary_tags (recipe_id, tag_id) VALUES ('4a1e3ba5-af21-40d3-9cd7-371846e28c0b', 9);
INSERT INTO recipe_dietary_tags (recipe_id, tag_id) VALUES ('4a1e3ba5-af21-40d3-9cd7-371846e28c0b', 5);
INSERT INTO recipe_dietary_tags (recipe_id, tag_id) VALUES ('4a1e3ba5-af21-40d3-9cd7-371846e28c0b', 6);

INSERT INTO recipes (id, user_id, title, description, instructions, image_url, servings, source_url, source_name, is_archived) VALUES ('bf87b789-f4de-4502-98c1-520c4c8bf7bb', 'admin-user-id', 'Smoky BBQ Steamed Ground Beef', 'A delicious and healthy Smoky BBQ Steamed Ground Beef served with Green Beans and Mashed Cauliflower. Perfect for a quick weeknight dinner.', '1. Preheat oven to 400°F.
2. Season the Ground Beef with Smoky BBQ spices.
3. Arrange Green Beans and Brussels Sprouts on a baking sheet.
4. Steamed for 20-25 minutes until cooked through.
5. Serve hot over Mashed Cauliflower.', 'https://images.unsplash.com/photo-1500000000064?auto=format&fit=crop&w=800&q=60', 7, 'https://www.tasteofhome.com', 'Taste of Home', 0);
INSERT INTO ingredients (id, recipe_id, name, quantity, unit) VALUES ('a3f4b2eb-0dcb-443d-a74e-9a7818d486b8', 'bf87b789-f4de-4502-98c1-520c4c8bf7bb', 'Ground Beef', 2, 'oz');
INSERT INTO ingredients (id, recipe_id, name, quantity, unit) VALUES ('3fdbc626-b38b-45ef-8b29-1e8b9ad13287', 'bf87b789-f4de-4502-98c1-520c4c8bf7bb', 'Green Beans', 4, 'bundle');
INSERT INTO ingredients (id, recipe_id, name, quantity, unit) VALUES ('0b32db1e-04ce-4ec1-bb95-9306921216c4', 'bf87b789-f4de-4502-98c1-520c4c8bf7bb', 'Mashed Cauliflower', 3, 'cup');
INSERT INTO ingredients (id, recipe_id, name, quantity, unit) VALUES ('e4a4a0dd-0cb6-49fd-b93a-15679dc729be', 'bf87b789-f4de-4502-98c1-520c4c8bf7bb', 'Olive Oil', 1, 'tbsp');
INSERT INTO ingredients (id, recipe_id, name, quantity, unit) VALUES ('c857cf18-6db3-472d-9394-cf5eb285f429', 'bf87b789-f4de-4502-98c1-520c4c8bf7bb', 'Salt & Pepper', 1, 'pinch');
INSERT INTO ingredients (id, recipe_id, name, quantity, unit) VALUES ('0dcd5124-35ef-4ef1-a86f-787aa71a0fe3', 'bf87b789-f4de-4502-98c1-520c4c8bf7bb', 'Sweet Potatoes', 3, 'tsp');
INSERT INTO recipe_dietary_tags (recipe_id, tag_id) VALUES ('bf87b789-f4de-4502-98c1-520c4c8bf7bb', 6);

INSERT INTO recipes (id, user_id, title, description, instructions, image_url, servings, source_url, source_name, is_archived) VALUES ('64fdb50d-9aa1-4556-ba65-c9f5abc90167', 'admin-user-id', 'Balsamic Glaze Roasted Shrimp', 'A delicious and healthy Balsamic Glaze Roasted Shrimp served with Bell Peppers and Wild Rice. Perfect for a quick weeknight dinner.', '1. Preheat oven to 400°F.
2. Season the Shrimp with Balsamic Glaze spices.
3. Arrange Bell Peppers and Zucchini on a baking sheet.
4. Roasted for 20-25 minutes until cooked through.
5. Serve hot over Wild Rice.', 'https://images.unsplash.com/photo-1500000000065?auto=format&fit=crop&w=800&q=60', 8, 'https://www.foodnetwork.com', 'Food Network', 0);
INSERT INTO ingredients (id, recipe_id, name, quantity, unit) VALUES ('bf483372-fb24-48e9-8458-53b6eb9064e5', '64fdb50d-9aa1-4556-ba65-c9f5abc90167', 'Shrimp', 1, 'lb');
INSERT INTO ingredients (id, recipe_id, name, quantity, unit) VALUES ('1a649d4e-ce15-4546-97e9-0b1b5687f69d', '64fdb50d-9aa1-4556-ba65-c9f5abc90167', 'Bell Peppers', 3, 'head');
INSERT INTO ingredients (id, recipe_id, name, quantity, unit) VALUES ('c94adbf6-8481-479a-9ec5-81b6fabf2b9c', '64fdb50d-9aa1-4556-ba65-c9f5abc90167', 'Wild Rice', 1, 'cup');
INSERT INTO ingredients (id, recipe_id, name, quantity, unit) VALUES ('8e477ba4-81af-4d48-8a80-ab5677c3f9cf', '64fdb50d-9aa1-4556-ba65-c9f5abc90167', 'Olive Oil', 1, 'tbsp');
INSERT INTO ingredients (id, recipe_id, name, quantity, unit) VALUES ('9458a6d1-49ac-4c50-817f-60044e08f587', '64fdb50d-9aa1-4556-ba65-c9f5abc90167', 'Salt & Pepper', 1, 'pinch');
INSERT INTO ingredients (id, recipe_id, name, quantity, unit) VALUES ('a9b0c181-dcfc-44a9-be4b-f4ba45f2a5ba', '64fdb50d-9aa1-4556-ba65-c9f5abc90167', 'Carrots', 3, 'lb');
INSERT INTO ingredients (id, recipe_id, name, quantity, unit) VALUES ('1ca39743-be9e-4a37-a8d8-46b22a4157ff', '64fdb50d-9aa1-4556-ba65-c9f5abc90167', 'Ginger', 1, 'tsp');
INSERT INTO ingredients (id, recipe_id, name, quantity, unit) VALUES ('e4a56457-f868-4edf-abf2-ae714ecc230f', '64fdb50d-9aa1-4556-ba65-c9f5abc90167', 'Garlic', 5, 'cup');
INSERT INTO ingredients (id, recipe_id, name, quantity, unit) VALUES ('c40fce1e-d50d-4fbf-a044-9b15c9ca5fe0', '64fdb50d-9aa1-4556-ba65-c9f5abc90167', 'Sweet Potatoes', 4, 'oz');
INSERT INTO ingredients (id, recipe_id, name, quantity, unit) VALUES ('eddc8993-f3e3-4454-8a75-157f16ad3db8', '64fdb50d-9aa1-4556-ba65-c9f5abc90167', 'Cauliflower', 3, 'bundle');
INSERT INTO recipe_dietary_tags (recipe_id, tag_id) VALUES ('64fdb50d-9aa1-4556-ba65-c9f5abc90167', 4);

INSERT INTO recipes (id, user_id, title, description, instructions, image_url, servings, source_url, source_name, is_archived) VALUES ('b8001a59-95a0-42e1-884d-e6d7a6d4104b', 'admin-user-id', 'Balsamic Glaze Slow Cooked Lamb Chops', 'A delicious and healthy Balsamic Glaze Slow Cooked Lamb Chops served with Green Beans and Cauliflower Rice. Perfect for a quick weeknight dinner.', '1. Preheat oven to 400°F.
2. Season the Lamb Chops with Balsamic Glaze spices.
3. Arrange Green Beans and Green Beans on a baking sheet.
4. Slow Cooked for 20-25 minutes until cooked through.
5. Serve hot over Cauliflower Rice.', 'https://images.unsplash.com/photo-1500000000066?auto=format&fit=crop&w=800&q=60', 4, 'https://www.tasteofhome.com', 'Taste of Home', 0);
INSERT INTO ingredients (id, recipe_id, name, quantity, unit) VALUES ('3bea68ba-28b6-490d-92cb-eea0c1ab14f5', 'b8001a59-95a0-42e1-884d-e6d7a6d4104b', 'Lamb Chops', 2, 'oz');
INSERT INTO ingredients (id, recipe_id, name, quantity, unit) VALUES ('4714c9cf-bf25-4a73-b381-24048aace88f', 'b8001a59-95a0-42e1-884d-e6d7a6d4104b', 'Green Beans', 2, 'head');
INSERT INTO ingredients (id, recipe_id, name, quantity, unit) VALUES ('e4134f81-d5f5-486c-907a-438c4f80163d', 'b8001a59-95a0-42e1-884d-e6d7a6d4104b', 'Cauliflower Rice', 2, 'cup');
INSERT INTO ingredients (id, recipe_id, name, quantity, unit) VALUES ('7ab00b2c-cb7a-43d2-822a-473424ecb8e7', 'b8001a59-95a0-42e1-884d-e6d7a6d4104b', 'Olive Oil', 3, 'tbsp');
INSERT INTO ingredients (id, recipe_id, name, quantity, unit) VALUES ('0694af58-8a83-43c2-b9c9-93fb7399cc7e', 'b8001a59-95a0-42e1-884d-e6d7a6d4104b', 'Salt & Pepper', 1, 'pinch');
INSERT INTO ingredients (id, recipe_id, name, quantity, unit) VALUES ('7f03a151-bb1b-4902-aafc-3918cc4c8ce0', 'b8001a59-95a0-42e1-884d-e6d7a6d4104b', 'Onion', 5, 'bundle');
INSERT INTO ingredients (id, recipe_id, name, quantity, unit) VALUES ('fca10c1b-81b1-4112-903b-75c719979e6b', 'b8001a59-95a0-42e1-884d-e6d7a6d4104b', 'Spinach', 4, 'ml');
INSERT INTO recipe_dietary_tags (recipe_id, tag_id) VALUES ('b8001a59-95a0-42e1-884d-e6d7a6d4104b', 8);
INSERT INTO recipe_dietary_tags (recipe_id, tag_id) VALUES ('b8001a59-95a0-42e1-884d-e6d7a6d4104b', 1);
INSERT INTO recipe_dietary_tags (recipe_id, tag_id) VALUES ('b8001a59-95a0-42e1-884d-e6d7a6d4104b', 3);

INSERT INTO recipes (id, user_id, title, description, instructions, image_url, servings, source_url, source_name, is_archived) VALUES ('d543a94a-2664-4e42-ae52-304fda941eaa', 'admin-user-id', 'Balsamic Glaze Baked Eggs', 'A delicious and healthy Balsamic Glaze Baked Eggs served with Kale and Brown Rice. Perfect for a quick weeknight dinner.', '1. Preheat oven to 400°F.
2. Season the Eggs with Balsamic Glaze spices.
3. Arrange Kale and Asparagus on a baking sheet.
4. Baked for 20-25 minutes until cooked through.
5. Serve hot over Brown Rice.', 'https://images.unsplash.com/photo-1500000000067?auto=format&fit=crop&w=800&q=60', 7, 'https://www.epicurious.com', 'Epicurious', 0);
INSERT INTO ingredients (id, recipe_id, name, quantity, unit) VALUES ('21d4e82f-ad1d-4592-a22f-bf3ce96965f9', 'd543a94a-2664-4e42-ae52-304fda941eaa', 'Eggs', 1, 'oz');
INSERT INTO ingredients (id, recipe_id, name, quantity, unit) VALUES ('71c07289-1a99-47dc-b47a-000d5d0a890e', 'd543a94a-2664-4e42-ae52-304fda941eaa', 'Kale', 1, 'head');
INSERT INTO ingredients (id, recipe_id, name, quantity, unit) VALUES ('a18613e2-e4d8-4974-90bb-553912bfb911', 'd543a94a-2664-4e42-ae52-304fda941eaa', 'Brown Rice', 1, 'cup');
INSERT INTO ingredients (id, recipe_id, name, quantity, unit) VALUES ('bf2fbe27-eb4c-4d35-bd03-623dd0af3fe3', 'd543a94a-2664-4e42-ae52-304fda941eaa', 'Olive Oil', 3, 'tbsp');
INSERT INTO ingredients (id, recipe_id, name, quantity, unit) VALUES ('f114b09c-a954-46fa-8f77-1d5e4c814aec', 'd543a94a-2664-4e42-ae52-304fda941eaa', 'Salt & Pepper', 1, 'pinch');
INSERT INTO ingredients (id, recipe_id, name, quantity, unit) VALUES ('992f9e97-cd70-4071-af36-acb48a78ddd8', 'd543a94a-2664-4e42-ae52-304fda941eaa', 'Sweet Potatoes', 4, 'cup');
INSERT INTO ingredients (id, recipe_id, name, quantity, unit) VALUES ('39d92374-33f0-4226-8ee1-1df8b065f127', 'd543a94a-2664-4e42-ae52-304fda941eaa', 'Onion', 2, 'cup');
INSERT INTO recipe_dietary_tags (recipe_id, tag_id) VALUES ('d543a94a-2664-4e42-ae52-304fda941eaa', 6);

INSERT INTO recipes (id, user_id, title, description, instructions, image_url, servings, source_url, source_name, is_archived) VALUES ('055bb2f2-13f6-4264-9ad9-b84d3d0fa8c4', 'admin-user-id', 'Honey Sriracha Steamed Cod', 'A delicious and healthy Honey Sriracha Steamed Cod served with Brussels Sprouts and Mashed Cauliflower. Perfect for a quick weeknight dinner.', '1. Preheat oven to 400°F.
2. Season the Cod with Honey Sriracha spices.
3. Arrange Brussels Sprouts and Cauliflower on a baking sheet.
4. Steamed for 20-25 minutes until cooked through.
5. Serve hot over Mashed Cauliflower.', 'https://images.unsplash.com/photo-1500000000068?auto=format&fit=crop&w=800&q=60', 6, 'https://www.foodnetwork.com', 'Food Network', 0);
INSERT INTO ingredients (id, recipe_id, name, quantity, unit) VALUES ('e9fe21e8-3b4c-4be5-89db-c486134ea29e', '055bb2f2-13f6-4264-9ad9-b84d3d0fa8c4', 'Cod', 2, 'lb');
INSERT INTO ingredients (id, recipe_id, name, quantity, unit) VALUES ('efe330b0-4ae0-4e74-984b-61f33df2fb8a', '055bb2f2-13f6-4264-9ad9-b84d3d0fa8c4', 'Brussels Sprouts', 3, 'bundle');
INSERT INTO ingredients (id, recipe_id, name, quantity, unit) VALUES ('3c13ba0d-7e7b-4e67-bfe9-7426ae462533', '055bb2f2-13f6-4264-9ad9-b84d3d0fa8c4', 'Mashed Cauliflower', 1, 'cup');
INSERT INTO ingredients (id, recipe_id, name, quantity, unit) VALUES ('bd6d017b-9f68-4848-9e56-8150d939c14c', '055bb2f2-13f6-4264-9ad9-b84d3d0fa8c4', 'Olive Oil', 2, 'tbsp');
INSERT INTO ingredients (id, recipe_id, name, quantity, unit) VALUES ('5d7aad3c-7988-4df6-a926-971cbdd0c184', '055bb2f2-13f6-4264-9ad9-b84d3d0fa8c4', 'Salt & Pepper', 1, 'pinch');
INSERT INTO ingredients (id, recipe_id, name, quantity, unit) VALUES ('2a803762-f52f-49fd-b1ac-36293074b230', '055bb2f2-13f6-4264-9ad9-b84d3d0fa8c4', 'Green Beans', 1, 'pinch');
INSERT INTO ingredients (id, recipe_id, name, quantity, unit) VALUES ('b9feb5e5-8d5d-413f-bad7-6557fdb540e8', '055bb2f2-13f6-4264-9ad9-b84d3d0fa8c4', 'Garlic', 1, 'tsp');
INSERT INTO ingredients (id, recipe_id, name, quantity, unit) VALUES ('df484a7f-7d43-46be-8f76-8d1dd95615e5', '055bb2f2-13f6-4264-9ad9-b84d3d0fa8c4', 'Butter', 4, 'g');
INSERT INTO ingredients (id, recipe_id, name, quantity, unit) VALUES ('60eed9a7-8caa-4fa2-a37d-76854a694326', '055bb2f2-13f6-4264-9ad9-b84d3d0fa8c4', 'Bell Peppers', 3, 'ml');
INSERT INTO recipe_dietary_tags (recipe_id, tag_id) VALUES ('055bb2f2-13f6-4264-9ad9-b84d3d0fa8c4', 3);
INSERT INTO recipe_dietary_tags (recipe_id, tag_id) VALUES ('055bb2f2-13f6-4264-9ad9-b84d3d0fa8c4', 1);
INSERT INTO recipe_dietary_tags (recipe_id, tag_id) VALUES ('055bb2f2-13f6-4264-9ad9-b84d3d0fa8c4', 7);

INSERT INTO recipes (id, user_id, title, description, instructions, image_url, servings, source_url, source_name, is_archived) VALUES ('dd30bc08-dff7-406b-ad47-20b7f1a7ab17', 'admin-user-id', 'Balsamic Glaze Baked Lentils', 'A delicious and healthy Balsamic Glaze Baked Lentils served with Kale and Cauliflower Rice. Perfect for a quick weeknight dinner.', '1. Preheat oven to 400°F.
2. Season the Lentils with Balsamic Glaze spices.
3. Arrange Kale and Zucchini on a baking sheet.
4. Baked for 20-25 minutes until cooked through.
5. Serve hot over Cauliflower Rice.', 'https://images.unsplash.com/photo-1500000000069?auto=format&fit=crop&w=800&q=60', 2, 'https://www.allrecipes.com', 'AllRecipes', 0);
INSERT INTO ingredients (id, recipe_id, name, quantity, unit) VALUES ('4ebe1e2b-bf09-45d3-8f96-68ad5a29b547', 'dd30bc08-dff7-406b-ad47-20b7f1a7ab17', 'Lentils', 2, 'lb');
INSERT INTO ingredients (id, recipe_id, name, quantity, unit) VALUES ('87ee26de-baac-4eab-9d57-080d9e377a8e', 'dd30bc08-dff7-406b-ad47-20b7f1a7ab17', 'Kale', 2, 'cup');
INSERT INTO ingredients (id, recipe_id, name, quantity, unit) VALUES ('423c39e7-efaa-4671-a95a-c442da2eacbe', 'dd30bc08-dff7-406b-ad47-20b7f1a7ab17', 'Cauliflower Rice', 2, 'cup');
INSERT INTO ingredients (id, recipe_id, name, quantity, unit) VALUES ('fe0dfbed-6e66-40a4-bc81-ef730a5dcdda', 'dd30bc08-dff7-406b-ad47-20b7f1a7ab17', 'Olive Oil', 1, 'tbsp');
INSERT INTO ingredients (id, recipe_id, name, quantity, unit) VALUES ('11085517-fad1-44c0-a65f-5844d637c4df', 'dd30bc08-dff7-406b-ad47-20b7f1a7ab17', 'Salt & Pepper', 1, 'pinch');
INSERT INTO recipe_dietary_tags (recipe_id, tag_id) VALUES ('dd30bc08-dff7-406b-ad47-20b7f1a7ab17', 10);
INSERT INTO recipe_dietary_tags (recipe_id, tag_id) VALUES ('dd30bc08-dff7-406b-ad47-20b7f1a7ab17', 6);

INSERT INTO recipes (id, user_id, title, description, instructions, image_url, servings, source_url, source_name, is_archived) VALUES ('b716696c-26e1-41da-8b16-3e47264bd25d', 'admin-user-id', 'Cajun Air Fried Eggs', 'A delicious and healthy Cajun Air Fried Eggs served with Kale and Lentil Pasta. Perfect for a quick weeknight dinner.', '1. Preheat oven to 400°F.
2. Season the Eggs with Cajun spices.
3. Arrange Kale and Asparagus on a baking sheet.
4. Air Fried for 20-25 minutes until cooked through.
5. Serve hot over Lentil Pasta.', 'https://images.unsplash.com/photo-1500000000070?auto=format&fit=crop&w=800&q=60', 8, 'https://www.allrecipes.com', 'AllRecipes', 0);
INSERT INTO ingredients (id, recipe_id, name, quantity, unit) VALUES ('7c9c6cbf-7965-4909-8814-11c4826820ce', 'b716696c-26e1-41da-8b16-3e47264bd25d', 'Eggs', 2, 'lb');
INSERT INTO ingredients (id, recipe_id, name, quantity, unit) VALUES ('d0d9d015-8dfe-454d-8e77-5abeac1446f9', 'b716696c-26e1-41da-8b16-3e47264bd25d', 'Kale', 2, 'cup');
INSERT INTO ingredients (id, recipe_id, name, quantity, unit) VALUES ('ec9a7b4b-f1de-49c9-8e3b-64d21392aafc', 'b716696c-26e1-41da-8b16-3e47264bd25d', 'Lentil Pasta', 3, 'cup');
INSERT INTO ingredients (id, recipe_id, name, quantity, unit) VALUES ('623e512f-2209-4803-b41d-05794fc3ffec', 'b716696c-26e1-41da-8b16-3e47264bd25d', 'Olive Oil', 2, 'tbsp');
INSERT INTO ingredients (id, recipe_id, name, quantity, unit) VALUES ('cbac7403-6160-4e01-b21d-e9b42a34656b', 'b716696c-26e1-41da-8b16-3e47264bd25d', 'Salt & Pepper', 1, 'pinch');
INSERT INTO ingredients (id, recipe_id, name, quantity, unit) VALUES ('b2f45c2c-c2a3-48d9-a671-45ce38d2bfcd', 'b716696c-26e1-41da-8b16-3e47264bd25d', 'Lemon', 5, 'pinch');
INSERT INTO ingredients (id, recipe_id, name, quantity, unit) VALUES ('194023af-95f0-41ba-9712-e09fdd81d3e0', 'b716696c-26e1-41da-8b16-3e47264bd25d', 'Cauliflower', 2, 'cup');
INSERT INTO ingredients (id, recipe_id, name, quantity, unit) VALUES ('ae4e4e0d-c891-4442-a8c7-a60d3b53b226', 'b716696c-26e1-41da-8b16-3e47264bd25d', 'Brussels Sprouts', 4, 'g');
INSERT INTO ingredients (id, recipe_id, name, quantity, unit) VALUES ('132ab6a4-1a72-4f12-bff5-a5abafcb0503', 'b716696c-26e1-41da-8b16-3e47264bd25d', 'Zucchini', 3, 'oz');
INSERT INTO ingredients (id, recipe_id, name, quantity, unit) VALUES ('78f57336-989a-4de4-a21f-204cccd5c801', 'b716696c-26e1-41da-8b16-3e47264bd25d', 'Ginger', 2, 'oz');
INSERT INTO ingredients (id, recipe_id, name, quantity, unit) VALUES ('9ad0b355-30ad-4bda-8851-7615f2bbc776', 'b716696c-26e1-41da-8b16-3e47264bd25d', 'Ginger', 4, 'tbsp');
INSERT INTO ingredients (id, recipe_id, name, quantity, unit) VALUES ('583c9f22-1fb6-402e-bbe0-99d60ea490cd', 'b716696c-26e1-41da-8b16-3e47264bd25d', 'Broccoli', 5, 'clove');
INSERT INTO recipe_dietary_tags (recipe_id, tag_id) VALUES ('b716696c-26e1-41da-8b16-3e47264bd25d', 10);
INSERT INTO recipe_dietary_tags (recipe_id, tag_id) VALUES ('b716696c-26e1-41da-8b16-3e47264bd25d', 6);

INSERT INTO recipes (id, user_id, title, description, instructions, image_url, servings, source_url, source_name, is_archived) VALUES ('5571065e-f238-4e11-9998-f339a10552b3', 'admin-user-id', 'Honey Sriracha Steamed Cod', 'A delicious and healthy Honey Sriracha Steamed Cod served with Sweet Potatoes and Quinoa. Perfect for a quick weeknight dinner.', '1. Preheat oven to 400°F.
2. Season the Cod with Honey Sriracha spices.
3. Arrange Sweet Potatoes and Cauliflower on a baking sheet.
4. Steamed for 20-25 minutes until cooked through.
5. Serve hot over Quinoa.', 'https://images.unsplash.com/photo-1500000000071?auto=format&fit=crop&w=800&q=60', 7, 'https://www.tasteofhome.com', 'Taste of Home', 0);
INSERT INTO ingredients (id, recipe_id, name, quantity, unit) VALUES ('f3ceb9fd-49b3-49cf-924d-a1ad975e48f5', '5571065e-f238-4e11-9998-f339a10552b3', 'Cod', 1, 'lb');
INSERT INTO ingredients (id, recipe_id, name, quantity, unit) VALUES ('2bb27c93-ea95-4c47-a672-c7ca6123ed31', '5571065e-f238-4e11-9998-f339a10552b3', 'Sweet Potatoes', 3, 'head');
INSERT INTO ingredients (id, recipe_id, name, quantity, unit) VALUES ('5e7e55d3-c773-47cc-99c5-c55995812d9e', '5571065e-f238-4e11-9998-f339a10552b3', 'Quinoa', 1, 'cup');
INSERT INTO ingredients (id, recipe_id, name, quantity, unit) VALUES ('5198f00c-182c-4c1a-ba47-d037d942b702', '5571065e-f238-4e11-9998-f339a10552b3', 'Olive Oil', 1, 'tbsp');
INSERT INTO ingredients (id, recipe_id, name, quantity, unit) VALUES ('8d2db792-6756-4ca0-a0cc-f33fb59600b3', '5571065e-f238-4e11-9998-f339a10552b3', 'Salt & Pepper', 1, 'pinch');
INSERT INTO ingredients (id, recipe_id, name, quantity, unit) VALUES ('4ff3f31b-77d6-4bf7-9229-2bddedc73bf5', '5571065e-f238-4e11-9998-f339a10552b3', 'Asparagus', 5, 'clove');
INSERT INTO ingredients (id, recipe_id, name, quantity, unit) VALUES ('53305f47-e65d-45f3-8918-088806088683', '5571065e-f238-4e11-9998-f339a10552b3', 'Asparagus', 2, 'head');
INSERT INTO ingredients (id, recipe_id, name, quantity, unit) VALUES ('7f34f54f-de57-436d-8f53-ee41bffc37d0', '5571065e-f238-4e11-9998-f339a10552b3', 'Butter', 4, 'clove');
INSERT INTO recipe_dietary_tags (recipe_id, tag_id) VALUES ('5571065e-f238-4e11-9998-f339a10552b3', 8);
INSERT INTO recipe_dietary_tags (recipe_id, tag_id) VALUES ('5571065e-f238-4e11-9998-f339a10552b3', 3);

INSERT INTO recipes (id, user_id, title, description, instructions, image_url, servings, source_url, source_name, is_archived) VALUES ('40f81183-3005-4530-9eb6-5623c3e5d96f', 'admin-user-id', 'Smoky BBQ Grilled Chicken Breast', 'A delicious and healthy Smoky BBQ Grilled Chicken Breast served with Green Beans and Couscous. Perfect for a quick weeknight dinner.', '1. Preheat oven to 400°F.
2. Season the Chicken Breast with Smoky BBQ spices.
3. Arrange Green Beans and Kale on a baking sheet.
4. Grilled for 20-25 minutes until cooked through.
5. Serve hot over Couscous.', 'https://images.unsplash.com/photo-1500000000072?auto=format&fit=crop&w=800&q=60', 4, 'https://www.foodnetwork.com', 'Food Network', 0);
INSERT INTO ingredients (id, recipe_id, name, quantity, unit) VALUES ('67804dba-0ba5-4c98-8ad2-65b1eaa44a08', '40f81183-3005-4530-9eb6-5623c3e5d96f', 'Chicken Breast', 2, 'oz');
INSERT INTO ingredients (id, recipe_id, name, quantity, unit) VALUES ('c0b60289-6737-4943-b390-607d77c492dc', '40f81183-3005-4530-9eb6-5623c3e5d96f', 'Green Beans', 1, 'cup');
INSERT INTO ingredients (id, recipe_id, name, quantity, unit) VALUES ('d7679d3f-5176-4686-b585-207d8d842050', '40f81183-3005-4530-9eb6-5623c3e5d96f', 'Couscous', 1, 'cup');
INSERT INTO ingredients (id, recipe_id, name, quantity, unit) VALUES ('18740226-c96e-48b3-92eb-123af3bf153e', '40f81183-3005-4530-9eb6-5623c3e5d96f', 'Olive Oil', 1, 'tbsp');
INSERT INTO ingredients (id, recipe_id, name, quantity, unit) VALUES ('9d6d3d0d-e1fc-44fb-b6fd-85f6aa55d513', '40f81183-3005-4530-9eb6-5623c3e5d96f', 'Salt & Pepper', 1, 'pinch');
INSERT INTO ingredients (id, recipe_id, name, quantity, unit) VALUES ('eb100463-745f-45c5-a75d-318313a51f75', '40f81183-3005-4530-9eb6-5623c3e5d96f', 'Spinach', 2, 'lb');
INSERT INTO ingredients (id, recipe_id, name, quantity, unit) VALUES ('77c61542-f297-4eab-bda2-4492d522be6c', '40f81183-3005-4530-9eb6-5623c3e5d96f', 'Kale', 2, 'bundle');
INSERT INTO ingredients (id, recipe_id, name, quantity, unit) VALUES ('503c56db-f1f4-461e-bdb5-77fede4d4b8f', '40f81183-3005-4530-9eb6-5623c3e5d96f', 'Garlic', 3, 'ml');
INSERT INTO ingredients (id, recipe_id, name, quantity, unit) VALUES ('f2e360e6-3415-4f8d-ad59-5c7f8ffcb968', '40f81183-3005-4530-9eb6-5623c3e5d96f', 'Carrots', 2, 'tbsp');
INSERT INTO recipe_dietary_tags (recipe_id, tag_id) VALUES ('40f81183-3005-4530-9eb6-5623c3e5d96f', 4);
INSERT INTO recipe_dietary_tags (recipe_id, tag_id) VALUES ('40f81183-3005-4530-9eb6-5623c3e5d96f', 10);

INSERT INTO recipes (id, user_id, title, description, instructions, image_url, servings, source_url, source_name, is_archived) VALUES ('830013be-9a85-47c8-a057-f47e961fd922', 'admin-user-id', 'Honey Sriracha Air Fried Tofu', 'A delicious and healthy Honey Sriracha Air Fried Tofu served with Kale and Couscous. Perfect for a quick weeknight dinner.', '1. Preheat oven to 400°F.
2. Season the Tofu with Honey Sriracha spices.
3. Arrange Kale and Kale on a baking sheet.
4. Air Fried for 20-25 minutes until cooked through.
5. Serve hot over Couscous.', 'https://images.unsplash.com/photo-1500000000073?auto=format&fit=crop&w=800&q=60', 4, 'https://www.tasteofhome.com', 'Taste of Home', 0);
INSERT INTO ingredients (id, recipe_id, name, quantity, unit) VALUES ('bd3623c4-133a-45ef-a71f-74b8a52cec01', '830013be-9a85-47c8-a057-f47e961fd922', 'Tofu', 2, 'oz');
INSERT INTO ingredients (id, recipe_id, name, quantity, unit) VALUES ('d7020f97-e4b9-41fb-b335-e37d0ab72213', '830013be-9a85-47c8-a057-f47e961fd922', 'Kale', 4, 'bundle');
INSERT INTO ingredients (id, recipe_id, name, quantity, unit) VALUES ('e0ef676a-90c1-4ac5-af1b-6cec8a618bdf', '830013be-9a85-47c8-a057-f47e961fd922', 'Couscous', 3, 'cup');
INSERT INTO ingredients (id, recipe_id, name, quantity, unit) VALUES ('7c6dd186-e19d-4f45-a081-67406d0c0fd6', '830013be-9a85-47c8-a057-f47e961fd922', 'Olive Oil', 3, 'tbsp');
INSERT INTO ingredients (id, recipe_id, name, quantity, unit) VALUES ('f15faf03-8776-46b6-b806-9e5e3c8b5afe', '830013be-9a85-47c8-a057-f47e961fd922', 'Salt & Pepper', 1, 'pinch');
INSERT INTO ingredients (id, recipe_id, name, quantity, unit) VALUES ('1df33b7e-d963-4028-aa2c-378db04d5aa5', '830013be-9a85-47c8-a057-f47e961fd922', 'Butter', 3, 'head');
INSERT INTO ingredients (id, recipe_id, name, quantity, unit) VALUES ('11acb2c5-4fb1-4ecd-a274-6b10e1cb9cca', '830013be-9a85-47c8-a057-f47e961fd922', 'Butter', 2, 'g');
INSERT INTO ingredients (id, recipe_id, name, quantity, unit) VALUES ('427260db-9b4f-4a14-9e8c-c9ca67d0ab0b', '830013be-9a85-47c8-a057-f47e961fd922', 'Carrots', 4, 'cup');
INSERT INTO ingredients (id, recipe_id, name, quantity, unit) VALUES ('c3c1293c-e069-4c45-8f12-318d3e8dbe2f', '830013be-9a85-47c8-a057-f47e961fd922', 'Spinach', 4, 'pinch');
INSERT INTO recipe_dietary_tags (recipe_id, tag_id) VALUES ('830013be-9a85-47c8-a057-f47e961fd922', 8);
INSERT INTO recipe_dietary_tags (recipe_id, tag_id) VALUES ('830013be-9a85-47c8-a057-f47e961fd922', 5);
INSERT INTO recipe_dietary_tags (recipe_id, tag_id) VALUES ('830013be-9a85-47c8-a057-f47e961fd922', 10);

INSERT INTO recipes (id, user_id, title, description, instructions, image_url, servings, source_url, source_name, is_archived) VALUES ('3c6234bb-33c4-43f0-9d50-60ec63ba1b16', 'admin-user-id', 'Smoky BBQ Sautéed Shrimp', 'A delicious and healthy Smoky BBQ Sautéed Shrimp served with Green Beans and Cauliflower Rice. Perfect for a quick weeknight dinner.', '1. Preheat oven to 400°F.
2. Season the Shrimp with Smoky BBQ spices.
3. Arrange Green Beans and Asparagus on a baking sheet.
4. Sautéed for 20-25 minutes until cooked through.
5. Serve hot over Cauliflower Rice.', 'https://images.unsplash.com/photo-1500000000074?auto=format&fit=crop&w=800&q=60', 4, 'https://www.bonappetit.com', 'Bon Appetit', 0);
INSERT INTO ingredients (id, recipe_id, name, quantity, unit) VALUES ('64f3150f-c802-48c1-b4fb-d600890a60f3', '3c6234bb-33c4-43f0-9d50-60ec63ba1b16', 'Shrimp', 1, 'lb');
INSERT INTO ingredients (id, recipe_id, name, quantity, unit) VALUES ('59aebef5-f8d7-4298-bd72-db4fc88d7014', '3c6234bb-33c4-43f0-9d50-60ec63ba1b16', 'Green Beans', 2, 'bundle');
INSERT INTO ingredients (id, recipe_id, name, quantity, unit) VALUES ('dbf0d528-6b02-41d1-9d7c-38f6b0605bfe', '3c6234bb-33c4-43f0-9d50-60ec63ba1b16', 'Cauliflower Rice', 1, 'cup');
INSERT INTO ingredients (id, recipe_id, name, quantity, unit) VALUES ('9a45db2b-1c24-4379-93e2-6d6d6ec760dd', '3c6234bb-33c4-43f0-9d50-60ec63ba1b16', 'Olive Oil', 3, 'tbsp');
INSERT INTO ingredients (id, recipe_id, name, quantity, unit) VALUES ('2984a7d8-3b0a-4e2b-bdfa-0038734f9536', '3c6234bb-33c4-43f0-9d50-60ec63ba1b16', 'Salt & Pepper', 1, 'pinch');
INSERT INTO ingredients (id, recipe_id, name, quantity, unit) VALUES ('5598fbe3-8dfb-4411-80fc-93c886a6e46c', '3c6234bb-33c4-43f0-9d50-60ec63ba1b16', 'Green Beans', 5, 'lb');
INSERT INTO ingredients (id, recipe_id, name, quantity, unit) VALUES ('ef80bafc-aef1-43c5-9773-73b9e3f75dd0', '3c6234bb-33c4-43f0-9d50-60ec63ba1b16', 'Carrots', 4, 'clove');
INSERT INTO ingredients (id, recipe_id, name, quantity, unit) VALUES ('871cedd6-e527-47bc-bc92-fd7b70930e52', '3c6234bb-33c4-43f0-9d50-60ec63ba1b16', 'Ginger', 5, 'cup');
INSERT INTO ingredients (id, recipe_id, name, quantity, unit) VALUES ('670f2096-3e30-4e4d-a62a-d7cf48187a50', '3c6234bb-33c4-43f0-9d50-60ec63ba1b16', 'Asparagus', 2, 'tsp');
INSERT INTO ingredients (id, recipe_id, name, quantity, unit) VALUES ('e3ff52a2-1783-4a33-a847-119f74ebe92b', '3c6234bb-33c4-43f0-9d50-60ec63ba1b16', 'Spinach', 5, 'tbsp');
INSERT INTO ingredients (id, recipe_id, name, quantity, unit) VALUES ('e1585adf-c1fb-4225-ad6e-86c8afdd8373', '3c6234bb-33c4-43f0-9d50-60ec63ba1b16', 'Spinach', 1, 'head');
INSERT INTO ingredients (id, recipe_id, name, quantity, unit) VALUES ('34c1157d-28c3-4cf3-a051-6bf10ace2b68', '3c6234bb-33c4-43f0-9d50-60ec63ba1b16', 'Lemon', 4, 'lb');
INSERT INTO recipe_dietary_tags (recipe_id, tag_id) VALUES ('3c6234bb-33c4-43f0-9d50-60ec63ba1b16', 9);
INSERT INTO recipe_dietary_tags (recipe_id, tag_id) VALUES ('3c6234bb-33c4-43f0-9d50-60ec63ba1b16', 6);
INSERT INTO recipe_dietary_tags (recipe_id, tag_id) VALUES ('3c6234bb-33c4-43f0-9d50-60ec63ba1b16', 3);

INSERT INTO recipes (id, user_id, title, description, instructions, image_url, servings, source_url, source_name, is_archived) VALUES ('c203f92a-3a68-463a-b457-9c5802efc0af', 'admin-user-id', 'Miso Ginger Baked Pork Loin', 'A delicious and healthy Miso Ginger Baked Pork Loin served with Carrots and Wild Rice. Perfect for a quick weeknight dinner.', '1. Preheat oven to 400°F.
2. Season the Pork Loin with Miso Ginger spices.
3. Arrange Carrots and Sweet Potatoes on a baking sheet.
4. Baked for 20-25 minutes until cooked through.
5. Serve hot over Wild Rice.', 'https://images.unsplash.com/photo-1500000000075?auto=format&fit=crop&w=800&q=60', 8, 'https://www.tasteofhome.com', 'Taste of Home', 0);
INSERT INTO ingredients (id, recipe_id, name, quantity, unit) VALUES ('f3df7c4e-fd7c-4cc8-9d4c-10b6a817ce7e', 'c203f92a-3a68-463a-b457-9c5802efc0af', 'Pork Loin', 2, 'lb');
INSERT INTO ingredients (id, recipe_id, name, quantity, unit) VALUES ('b486b7db-9585-4e72-bf0b-651bb5d4f790', 'c203f92a-3a68-463a-b457-9c5802efc0af', 'Carrots', 4, 'bundle');
INSERT INTO ingredients (id, recipe_id, name, quantity, unit) VALUES ('80a72a3a-b6e0-49fb-a9c9-a3657f48fe50', 'c203f92a-3a68-463a-b457-9c5802efc0af', 'Wild Rice', 3, 'cup');
INSERT INTO ingredients (id, recipe_id, name, quantity, unit) VALUES ('1e9a7520-c246-4cb2-b2c2-1e6d99b0bb4f', 'c203f92a-3a68-463a-b457-9c5802efc0af', 'Olive Oil', 3, 'tbsp');
INSERT INTO ingredients (id, recipe_id, name, quantity, unit) VALUES ('fbfaa3ab-0d08-42ec-8a6a-b90a2a6a828f', 'c203f92a-3a68-463a-b457-9c5802efc0af', 'Salt & Pepper', 1, 'pinch');
INSERT INTO ingredients (id, recipe_id, name, quantity, unit) VALUES ('ddfb3d29-4916-4739-89db-d8a5613bc908', 'c203f92a-3a68-463a-b457-9c5802efc0af', 'Cauliflower', 3, 'head');
INSERT INTO ingredients (id, recipe_id, name, quantity, unit) VALUES ('695127a9-4c98-4c57-9b97-16172f47ec92', 'c203f92a-3a68-463a-b457-9c5802efc0af', 'Broccoli', 4, 'lb');
INSERT INTO recipe_dietary_tags (recipe_id, tag_id) VALUES ('c203f92a-3a68-463a-b457-9c5802efc0af', 5);
INSERT INTO recipe_dietary_tags (recipe_id, tag_id) VALUES ('c203f92a-3a68-463a-b457-9c5802efc0af', 3);

INSERT INTO recipes (id, user_id, title, description, instructions, image_url, servings, source_url, source_name, is_archived) VALUES ('301ba5c6-3137-4d35-a3ea-6b373460bae8', 'admin-user-id', 'Cajun Grilled Shrimp', 'A delicious and healthy Cajun Grilled Shrimp served with Broccoli and Wild Rice. Perfect for a quick weeknight dinner.', '1. Preheat oven to 400°F.
2. Season the Shrimp with Cajun spices.
3. Arrange Broccoli and Sweet Potatoes on a baking sheet.
4. Grilled for 20-25 minutes until cooked through.
5. Serve hot over Wild Rice.', 'https://images.unsplash.com/photo-1500000000076?auto=format&fit=crop&w=800&q=60', 5, 'https://www.allrecipes.com', 'AllRecipes', 0);
INSERT INTO ingredients (id, recipe_id, name, quantity, unit) VALUES ('cefa375b-2d73-4676-8c71-ef2172901c0b', '301ba5c6-3137-4d35-a3ea-6b373460bae8', 'Shrimp', 2, 'lb');
INSERT INTO ingredients (id, recipe_id, name, quantity, unit) VALUES ('40081e5e-7ee3-4b21-a2ed-88e17109fa6c', '301ba5c6-3137-4d35-a3ea-6b373460bae8', 'Broccoli', 4, 'cup');
INSERT INTO ingredients (id, recipe_id, name, quantity, unit) VALUES ('c62e409e-0ba7-4cf7-a534-6c98e2bfeab8', '301ba5c6-3137-4d35-a3ea-6b373460bae8', 'Wild Rice', 2, 'cup');
INSERT INTO ingredients (id, recipe_id, name, quantity, unit) VALUES ('74b8dd7e-b769-4bb2-a7c3-e04ce27c54c3', '301ba5c6-3137-4d35-a3ea-6b373460bae8', 'Olive Oil', 2, 'tbsp');
INSERT INTO ingredients (id, recipe_id, name, quantity, unit) VALUES ('015c5b07-ba90-41b7-ac53-4a151cd3d9ba', '301ba5c6-3137-4d35-a3ea-6b373460bae8', 'Salt & Pepper', 1, 'pinch');
INSERT INTO ingredients (id, recipe_id, name, quantity, unit) VALUES ('b56cf25f-9056-439d-9f63-fa22c04f6d4c', '301ba5c6-3137-4d35-a3ea-6b373460bae8', 'Onion', 1, 'pinch');
INSERT INTO ingredients (id, recipe_id, name, quantity, unit) VALUES ('58c9a8e7-f420-418c-9410-dc2136a3cd85', '301ba5c6-3137-4d35-a3ea-6b373460bae8', 'Garlic', 3, 'tbsp');
INSERT INTO ingredients (id, recipe_id, name, quantity, unit) VALUES ('4a3cf629-1647-4885-bfbc-3ed6db43c767', '301ba5c6-3137-4d35-a3ea-6b373460bae8', 'Broccoli', 4, 'cup');
INSERT INTO ingredients (id, recipe_id, name, quantity, unit) VALUES ('23cb7f7a-d47b-4e72-b719-181c16c64c54', '301ba5c6-3137-4d35-a3ea-6b373460bae8', 'Kale', 4, 'cup');
INSERT INTO recipe_dietary_tags (recipe_id, tag_id) VALUES ('301ba5c6-3137-4d35-a3ea-6b373460bae8', 8);

INSERT INTO recipes (id, user_id, title, description, instructions, image_url, servings, source_url, source_name, is_archived) VALUES ('5b298ced-d0a9-4be4-a2a2-9cd0a28ad97b', 'admin-user-id', 'Taco Seasoned Air Fried Lamb Chops', 'A delicious and healthy Taco Seasoned Air Fried Lamb Chops served with Green Beans and Wild Rice. Perfect for a quick weeknight dinner.', '1. Preheat oven to 400°F.
2. Season the Lamb Chops with Taco Seasoned spices.
3. Arrange Green Beans and Green Beans on a baking sheet.
4. Air Fried for 20-25 minutes until cooked through.
5. Serve hot over Wild Rice.', 'https://images.unsplash.com/photo-1500000000077?auto=format&fit=crop&w=800&q=60', 5, 'https://www.allrecipes.com', 'AllRecipes', 0);
INSERT INTO ingredients (id, recipe_id, name, quantity, unit) VALUES ('96517a5a-e038-4feb-a182-b048f3b91fea', '5b298ced-d0a9-4be4-a2a2-9cd0a28ad97b', 'Lamb Chops', 1, 'lb');
INSERT INTO ingredients (id, recipe_id, name, quantity, unit) VALUES ('4a6802c2-c34c-4609-9046-0e3810012af2', '5b298ced-d0a9-4be4-a2a2-9cd0a28ad97b', 'Green Beans', 1, 'head');
INSERT INTO ingredients (id, recipe_id, name, quantity, unit) VALUES ('7fcea332-2c16-4946-989a-fa3012031801', '5b298ced-d0a9-4be4-a2a2-9cd0a28ad97b', 'Wild Rice', 1, 'cup');
INSERT INTO ingredients (id, recipe_id, name, quantity, unit) VALUES ('686db1f8-6f3f-47b5-89f3-6f95a20c2e23', '5b298ced-d0a9-4be4-a2a2-9cd0a28ad97b', 'Olive Oil', 1, 'tbsp');
INSERT INTO ingredients (id, recipe_id, name, quantity, unit) VALUES ('9bb22203-8791-48dc-a62b-37c47011da61', '5b298ced-d0a9-4be4-a2a2-9cd0a28ad97b', 'Salt & Pepper', 1, 'pinch');
INSERT INTO ingredients (id, recipe_id, name, quantity, unit) VALUES ('9a3bf7c4-67f4-4c3c-bc99-e1c0fabaeed7', '5b298ced-d0a9-4be4-a2a2-9cd0a28ad97b', 'Onion', 2, 'ml');
INSERT INTO ingredients (id, recipe_id, name, quantity, unit) VALUES ('6ceb4e7f-9ecf-41d2-b2cd-a5a998acf7a5', '5b298ced-d0a9-4be4-a2a2-9cd0a28ad97b', 'Green Beans', 3, 'clove');
INSERT INTO ingredients (id, recipe_id, name, quantity, unit) VALUES ('2223b625-bf61-4574-bf81-2ed7a391797a', '5b298ced-d0a9-4be4-a2a2-9cd0a28ad97b', 'Sweet Potatoes', 1, 'tsp');
INSERT INTO ingredients (id, recipe_id, name, quantity, unit) VALUES ('4f671fe3-ca79-4396-932e-7c9a6361cec1', '5b298ced-d0a9-4be4-a2a2-9cd0a28ad97b', 'Butter', 1, 'g');
INSERT INTO ingredients (id, recipe_id, name, quantity, unit) VALUES ('c104466e-2441-437e-b2ac-31f2ef01c97a', '5b298ced-d0a9-4be4-a2a2-9cd0a28ad97b', 'Butter', 2, 'tsp');
INSERT INTO ingredients (id, recipe_id, name, quantity, unit) VALUES ('5f3e8c48-958f-4094-b379-7e9433d2632d', '5b298ced-d0a9-4be4-a2a2-9cd0a28ad97b', 'Broccoli', 4, 'cup');
INSERT INTO recipe_dietary_tags (recipe_id, tag_id) VALUES ('5b298ced-d0a9-4be4-a2a2-9cd0a28ad97b', 6);
INSERT INTO recipe_dietary_tags (recipe_id, tag_id) VALUES ('5b298ced-d0a9-4be4-a2a2-9cd0a28ad97b', 5);
INSERT INTO recipe_dietary_tags (recipe_id, tag_id) VALUES ('5b298ced-d0a9-4be4-a2a2-9cd0a28ad97b', 7);

INSERT INTO recipes (id, user_id, title, description, instructions, image_url, servings, source_url, source_name, is_archived) VALUES ('d2727922-ac9b-4174-9c7c-088a198ab009', 'admin-user-id', 'Cajun Air Fried Chicken Breast', 'A delicious and healthy Cajun Air Fried Chicken Breast served with Green Beans and Lentil Pasta. Perfect for a quick weeknight dinner.', '1. Preheat oven to 400°F.
2. Season the Chicken Breast with Cajun spices.
3. Arrange Green Beans and Green Beans on a baking sheet.
4. Air Fried for 20-25 minutes until cooked through.
5. Serve hot over Lentil Pasta.', 'https://images.unsplash.com/photo-1500000000078?auto=format&fit=crop&w=800&q=60', 8, 'https://www.foodnetwork.com', 'Food Network', 0);
INSERT INTO ingredients (id, recipe_id, name, quantity, unit) VALUES ('71a4e8f3-9b46-4ea5-94c2-495e55789fdf', 'd2727922-ac9b-4174-9c7c-088a198ab009', 'Chicken Breast', 2, 'oz');
INSERT INTO ingredients (id, recipe_id, name, quantity, unit) VALUES ('30d8525c-46b3-4b15-b283-d4b75692fd27', 'd2727922-ac9b-4174-9c7c-088a198ab009', 'Green Beans', 4, 'head');
INSERT INTO ingredients (id, recipe_id, name, quantity, unit) VALUES ('6d37094b-6637-4996-a079-fc9d15425e52', 'd2727922-ac9b-4174-9c7c-088a198ab009', 'Lentil Pasta', 1, 'cup');
INSERT INTO ingredients (id, recipe_id, name, quantity, unit) VALUES ('32320d4e-512f-4418-917f-7ef995afc457', 'd2727922-ac9b-4174-9c7c-088a198ab009', 'Olive Oil', 3, 'tbsp');
INSERT INTO ingredients (id, recipe_id, name, quantity, unit) VALUES ('66e5afcf-9130-4e5b-bbcf-8eed8ec8ec48', 'd2727922-ac9b-4174-9c7c-088a198ab009', 'Salt & Pepper', 1, 'pinch');
INSERT INTO ingredients (id, recipe_id, name, quantity, unit) VALUES ('15432be7-f520-4a44-9dbc-d956977e187a', 'd2727922-ac9b-4174-9c7c-088a198ab009', 'Spinach', 1, 'pinch');
INSERT INTO ingredients (id, recipe_id, name, quantity, unit) VALUES ('54b11da6-2cab-4951-b19f-6df703421c60', 'd2727922-ac9b-4174-9c7c-088a198ab009', 'Cauliflower', 1, 'bundle');
INSERT INTO ingredients (id, recipe_id, name, quantity, unit) VALUES ('508bdf8d-7d4c-4bfd-aa77-ad54698344ec', 'd2727922-ac9b-4174-9c7c-088a198ab009', 'Spinach', 3, 'oz');
INSERT INTO ingredients (id, recipe_id, name, quantity, unit) VALUES ('ea7585bf-437e-4194-acd7-c68f142e2859', 'd2727922-ac9b-4174-9c7c-088a198ab009', 'Brussels Sprouts', 3, 'pinch');
INSERT INTO recipe_dietary_tags (recipe_id, tag_id) VALUES ('d2727922-ac9b-4174-9c7c-088a198ab009', 2);

INSERT INTO recipes (id, user_id, title, description, instructions, image_url, servings, source_url, source_name, is_archived) VALUES ('0ac41c20-eb0d-497d-aadb-7ecd152f6bee', 'admin-user-id', 'Smoky BBQ Sautéed Lamb Chops', 'A delicious and healthy Smoky BBQ Sautéed Lamb Chops served with Asparagus and Cauliflower Rice. Perfect for a quick weeknight dinner.', '1. Preheat oven to 400°F.
2. Season the Lamb Chops with Smoky BBQ spices.
3. Arrange Asparagus and Zucchini on a baking sheet.
4. Sautéed for 20-25 minutes until cooked through.
5. Serve hot over Cauliflower Rice.', 'https://images.unsplash.com/photo-1500000000079?auto=format&fit=crop&w=800&q=60', 4, 'https://www.epicurious.com', 'Epicurious', 0);
INSERT INTO ingredients (id, recipe_id, name, quantity, unit) VALUES ('b2d7492a-0007-4a28-82c6-41eb4627f953', '0ac41c20-eb0d-497d-aadb-7ecd152f6bee', 'Lamb Chops', 2, 'oz');
INSERT INTO ingredients (id, recipe_id, name, quantity, unit) VALUES ('c51678c0-2e2d-4633-865f-d579e27055aa', '0ac41c20-eb0d-497d-aadb-7ecd152f6bee', 'Asparagus', 4, 'cup');
INSERT INTO ingredients (id, recipe_id, name, quantity, unit) VALUES ('007ac519-c396-4a38-b1bb-74b516dee3be', '0ac41c20-eb0d-497d-aadb-7ecd152f6bee', 'Cauliflower Rice', 1, 'cup');
INSERT INTO ingredients (id, recipe_id, name, quantity, unit) VALUES ('76035100-9b1e-4f2a-b35e-c4e9c8eef6b6', '0ac41c20-eb0d-497d-aadb-7ecd152f6bee', 'Olive Oil', 1, 'tbsp');
INSERT INTO ingredients (id, recipe_id, name, quantity, unit) VALUES ('a78d4c51-e392-4b1d-966c-863534ba90e3', '0ac41c20-eb0d-497d-aadb-7ecd152f6bee', 'Salt & Pepper', 1, 'pinch');
INSERT INTO recipe_dietary_tags (recipe_id, tag_id) VALUES ('0ac41c20-eb0d-497d-aadb-7ecd152f6bee', 10);

INSERT INTO recipes (id, user_id, title, description, instructions, image_url, servings, source_url, source_name, is_archived) VALUES ('34ef9d9d-8bf9-46e7-a4c7-8c46b9be5b48', 'admin-user-id', 'Lemon Garlic Grilled Shrimp', 'A delicious and healthy Lemon Garlic Grilled Shrimp served with Cauliflower and Wild Rice. Perfect for a quick weeknight dinner.', '1. Preheat oven to 400°F.
2. Season the Shrimp with Lemon Garlic spices.
3. Arrange Cauliflower and Carrots on a baking sheet.
4. Grilled for 20-25 minutes until cooked through.
5. Serve hot over Wild Rice.', 'https://images.unsplash.com/photo-1500000000080?auto=format&fit=crop&w=800&q=60', 7, 'https://www.epicurious.com', 'Epicurious', 0);
INSERT INTO ingredients (id, recipe_id, name, quantity, unit) VALUES ('7ac80225-5e0d-42af-86a2-18d14bfd8b47', '34ef9d9d-8bf9-46e7-a4c7-8c46b9be5b48', 'Shrimp', 2, 'oz');
INSERT INTO ingredients (id, recipe_id, name, quantity, unit) VALUES ('d22502d8-655b-4e04-b158-87f0682d5319', '34ef9d9d-8bf9-46e7-a4c7-8c46b9be5b48', 'Cauliflower', 2, 'cup');
INSERT INTO ingredients (id, recipe_id, name, quantity, unit) VALUES ('c11ed649-f273-4bcb-8a2c-672d6ee26ac0', '34ef9d9d-8bf9-46e7-a4c7-8c46b9be5b48', 'Wild Rice', 1, 'cup');
INSERT INTO ingredients (id, recipe_id, name, quantity, unit) VALUES ('e5001a78-91e1-4103-b432-bed0bb20b173', '34ef9d9d-8bf9-46e7-a4c7-8c46b9be5b48', 'Olive Oil', 2, 'tbsp');
INSERT INTO ingredients (id, recipe_id, name, quantity, unit) VALUES ('e3788170-86f6-42fc-a81c-a2d63ab451ed', '34ef9d9d-8bf9-46e7-a4c7-8c46b9be5b48', 'Salt & Pepper', 1, 'pinch');
INSERT INTO ingredients (id, recipe_id, name, quantity, unit) VALUES ('f93f3af7-14e2-4e2e-8a40-4b4d9602e496', '34ef9d9d-8bf9-46e7-a4c7-8c46b9be5b48', 'Kale', 5, 'clove');
INSERT INTO ingredients (id, recipe_id, name, quantity, unit) VALUES ('0f3a4778-017a-4cc4-b2dd-2b5c605c1c8f', '34ef9d9d-8bf9-46e7-a4c7-8c46b9be5b48', 'Spinach', 4, 'pinch');
INSERT INTO ingredients (id, recipe_id, name, quantity, unit) VALUES ('d9a4f985-a0a0-4f66-9c06-91d37cd08854', '34ef9d9d-8bf9-46e7-a4c7-8c46b9be5b48', 'Broccoli', 4, 'tsp');
INSERT INTO ingredients (id, recipe_id, name, quantity, unit) VALUES ('a5251bbf-6c23-41b3-a7a9-4cb885a616dc', '34ef9d9d-8bf9-46e7-a4c7-8c46b9be5b48', 'Broccoli', 3, 'g');
INSERT INTO ingredients (id, recipe_id, name, quantity, unit) VALUES ('c1f31b34-2031-426f-8260-d8a433649f71', '34ef9d9d-8bf9-46e7-a4c7-8c46b9be5b48', 'Green Beans', 2, 'cup');
INSERT INTO recipe_dietary_tags (recipe_id, tag_id) VALUES ('34ef9d9d-8bf9-46e7-a4c7-8c46b9be5b48', 4);
INSERT INTO recipe_dietary_tags (recipe_id, tag_id) VALUES ('34ef9d9d-8bf9-46e7-a4c7-8c46b9be5b48', 6);
INSERT INTO recipe_dietary_tags (recipe_id, tag_id) VALUES ('34ef9d9d-8bf9-46e7-a4c7-8c46b9be5b48', 1);

INSERT INTO recipes (id, user_id, title, description, instructions, image_url, servings, source_url, source_name, is_archived) VALUES ('eb148e4b-39a4-4826-9196-77125b515862', 'admin-user-id', 'Miso Ginger Pan-Seared Chicken Breast', 'A delicious and healthy Miso Ginger Pan-Seared Chicken Breast served with Brussels Sprouts and Brown Rice. Perfect for a quick weeknight dinner.', '1. Preheat oven to 400°F.
2. Season the Chicken Breast with Miso Ginger spices.
3. Arrange Brussels Sprouts and Broccoli on a baking sheet.
4. Pan-Seared for 20-25 minutes until cooked through.
5. Serve hot over Brown Rice.', 'https://images.unsplash.com/photo-1500000000081?auto=format&fit=crop&w=800&q=60', 8, 'https://www.bonappetit.com', 'Bon Appetit', 0);
INSERT INTO ingredients (id, recipe_id, name, quantity, unit) VALUES ('77b8d4b2-b389-4124-9fc8-8fc21c263060', 'eb148e4b-39a4-4826-9196-77125b515862', 'Chicken Breast', 2, 'oz');
INSERT INTO ingredients (id, recipe_id, name, quantity, unit) VALUES ('761a5071-135e-41ce-bbd4-e24ca27e6299', 'eb148e4b-39a4-4826-9196-77125b515862', 'Brussels Sprouts', 2, 'head');
INSERT INTO ingredients (id, recipe_id, name, quantity, unit) VALUES ('8a07066f-f1c1-4da6-b73f-6da75e3abb82', 'eb148e4b-39a4-4826-9196-77125b515862', 'Brown Rice', 2, 'cup');
INSERT INTO ingredients (id, recipe_id, name, quantity, unit) VALUES ('04b0fecc-9bbf-4ff4-8bb2-0ea4e2e22f41', 'eb148e4b-39a4-4826-9196-77125b515862', 'Olive Oil', 3, 'tbsp');
INSERT INTO ingredients (id, recipe_id, name, quantity, unit) VALUES ('0223ae29-42db-47d5-af68-54cfb08cad31', 'eb148e4b-39a4-4826-9196-77125b515862', 'Salt & Pepper', 1, 'pinch');
INSERT INTO ingredients (id, recipe_id, name, quantity, unit) VALUES ('2ddd2876-680d-4f64-88db-e9fdc6d93b88', 'eb148e4b-39a4-4826-9196-77125b515862', 'Sweet Potatoes', 2, 'g');
INSERT INTO ingredients (id, recipe_id, name, quantity, unit) VALUES ('73d22320-695b-46a4-abe5-908568e891fb', 'eb148e4b-39a4-4826-9196-77125b515862', 'Zucchini', 3, 'tbsp');
INSERT INTO ingredients (id, recipe_id, name, quantity, unit) VALUES ('48557fb5-b54a-4c00-a0ce-0ddcf948099c', 'eb148e4b-39a4-4826-9196-77125b515862', 'Bell Peppers', 2, 'g');
INSERT INTO ingredients (id, recipe_id, name, quantity, unit) VALUES ('6a25e34f-b0b5-43da-b059-c905fb51b02b', 'eb148e4b-39a4-4826-9196-77125b515862', 'Onion', 1, 'pinch');
INSERT INTO recipe_dietary_tags (recipe_id, tag_id) VALUES ('eb148e4b-39a4-4826-9196-77125b515862', 10);

INSERT INTO recipes (id, user_id, title, description, instructions, image_url, servings, source_url, source_name, is_archived) VALUES ('dc06e459-cd5b-4750-a9f7-028c63e1340e', 'admin-user-id', 'Smoky BBQ Grilled Steak', 'A delicious and healthy Smoky BBQ Grilled Steak served with Carrots and Roasted Potatoes. Perfect for a quick weeknight dinner.', '1. Preheat oven to 400°F.
2. Season the Steak with Smoky BBQ spices.
3. Arrange Carrots and Spinach on a baking sheet.
4. Grilled for 20-25 minutes until cooked through.
5. Serve hot over Roasted Potatoes.', 'https://images.unsplash.com/photo-1500000000082?auto=format&fit=crop&w=800&q=60', 8, 'https://www.foodnetwork.com', 'Food Network', 0);
INSERT INTO ingredients (id, recipe_id, name, quantity, unit) VALUES ('a4153301-6289-4b1a-b4aa-e277e119669d', 'dc06e459-cd5b-4750-a9f7-028c63e1340e', 'Steak', 2, 'oz');
INSERT INTO ingredients (id, recipe_id, name, quantity, unit) VALUES ('e774b912-4977-4415-a820-7adb5b3963dc', 'dc06e459-cd5b-4750-a9f7-028c63e1340e', 'Carrots', 2, 'head');
INSERT INTO ingredients (id, recipe_id, name, quantity, unit) VALUES ('49fe6065-442c-4e62-b4cf-dc6389cffd5b', 'dc06e459-cd5b-4750-a9f7-028c63e1340e', 'Roasted Potatoes', 3, 'cup');
INSERT INTO ingredients (id, recipe_id, name, quantity, unit) VALUES ('34ef37fa-ce30-498d-be11-3e7c844af206', 'dc06e459-cd5b-4750-a9f7-028c63e1340e', 'Olive Oil', 3, 'tbsp');
INSERT INTO ingredients (id, recipe_id, name, quantity, unit) VALUES ('f571f483-8809-472b-a16e-cdcf4467452e', 'dc06e459-cd5b-4750-a9f7-028c63e1340e', 'Salt & Pepper', 1, 'pinch');
INSERT INTO ingredients (id, recipe_id, name, quantity, unit) VALUES ('1a03315c-0a71-461e-9bcb-f3139117c213', 'dc06e459-cd5b-4750-a9f7-028c63e1340e', 'Brussels Sprouts', 2, 'g');
INSERT INTO ingredients (id, recipe_id, name, quantity, unit) VALUES ('17a28e14-2a1d-4c23-a0e5-1247716f4b1b', 'dc06e459-cd5b-4750-a9f7-028c63e1340e', 'Zucchini', 4, 'head');
INSERT INTO ingredients (id, recipe_id, name, quantity, unit) VALUES ('d266b284-c13c-48e8-a884-478c9b7d6775', 'dc06e459-cd5b-4750-a9f7-028c63e1340e', 'Green Beans', 2, 'lb');
INSERT INTO ingredients (id, recipe_id, name, quantity, unit) VALUES ('a0894cbd-5c3b-431b-9d5a-4b8006726c01', 'dc06e459-cd5b-4750-a9f7-028c63e1340e', 'Asparagus', 1, 'tsp');
INSERT INTO ingredients (id, recipe_id, name, quantity, unit) VALUES ('54687fcf-a987-4ffe-8463-673a9e6712e3', 'dc06e459-cd5b-4750-a9f7-028c63e1340e', 'Spinach', 5, 'tbsp');
INSERT INTO recipe_dietary_tags (recipe_id, tag_id) VALUES ('dc06e459-cd5b-4750-a9f7-028c63e1340e', 9);
INSERT INTO recipe_dietary_tags (recipe_id, tag_id) VALUES ('dc06e459-cd5b-4750-a9f7-028c63e1340e', 2);

INSERT INTO recipes (id, user_id, title, description, instructions, image_url, servings, source_url, source_name, is_archived) VALUES ('5bfefe40-028a-43ee-b874-656b0a54cb84', 'admin-user-id', 'Smoky BBQ Baked Shrimp', 'A delicious and healthy Smoky BBQ Baked Shrimp served with Sweet Potatoes and Wild Rice. Perfect for a quick weeknight dinner.', '1. Preheat oven to 400°F.
2. Season the Shrimp with Smoky BBQ spices.
3. Arrange Sweet Potatoes and Spinach on a baking sheet.
4. Baked for 20-25 minutes until cooked through.
5. Serve hot over Wild Rice.', 'https://images.unsplash.com/photo-1500000000083?auto=format&fit=crop&w=800&q=60', 3, 'https://www.bonappetit.com', 'Bon Appetit', 0);
INSERT INTO ingredients (id, recipe_id, name, quantity, unit) VALUES ('e84498eb-2ad3-4b7a-8d7b-3f24a30c6cf4', '5bfefe40-028a-43ee-b874-656b0a54cb84', 'Shrimp', 2, 'lb');
INSERT INTO ingredients (id, recipe_id, name, quantity, unit) VALUES ('72851709-edb8-49f4-a32d-c85af0b63d43', '5bfefe40-028a-43ee-b874-656b0a54cb84', 'Sweet Potatoes', 3, 'head');
INSERT INTO ingredients (id, recipe_id, name, quantity, unit) VALUES ('dfe76c70-586f-494b-94e0-04a40fa3a05d', '5bfefe40-028a-43ee-b874-656b0a54cb84', 'Wild Rice', 2, 'cup');
INSERT INTO ingredients (id, recipe_id, name, quantity, unit) VALUES ('70808c70-27d5-41a5-a64d-962fcb458387', '5bfefe40-028a-43ee-b874-656b0a54cb84', 'Olive Oil', 2, 'tbsp');
INSERT INTO ingredients (id, recipe_id, name, quantity, unit) VALUES ('b8e2a4f6-c50e-4479-b11c-7361df7e5be3', '5bfefe40-028a-43ee-b874-656b0a54cb84', 'Salt & Pepper', 1, 'pinch');
INSERT INTO ingredients (id, recipe_id, name, quantity, unit) VALUES ('0019b9bb-56c2-49d3-b066-81d916916cf3', '5bfefe40-028a-43ee-b874-656b0a54cb84', 'Broccoli', 4, 'tbsp');
INSERT INTO ingredients (id, recipe_id, name, quantity, unit) VALUES ('b768e8c1-fc04-4c61-a65a-ef67ffb0a461', '5bfefe40-028a-43ee-b874-656b0a54cb84', 'Garlic', 5, 'oz');
INSERT INTO ingredients (id, recipe_id, name, quantity, unit) VALUES ('f6b81f0c-fa68-42fd-964a-2e2fcd359174', '5bfefe40-028a-43ee-b874-656b0a54cb84', 'Zucchini', 1, 'clove');
INSERT INTO ingredients (id, recipe_id, name, quantity, unit) VALUES ('b05262f6-63e3-48c3-b3ae-b9b526938879', '5bfefe40-028a-43ee-b874-656b0a54cb84', 'Garlic', 4, 'tsp');
INSERT INTO recipe_dietary_tags (recipe_id, tag_id) VALUES ('5bfefe40-028a-43ee-b874-656b0a54cb84', 10);
INSERT INTO recipe_dietary_tags (recipe_id, tag_id) VALUES ('5bfefe40-028a-43ee-b874-656b0a54cb84', 3);
INSERT INTO recipe_dietary_tags (recipe_id, tag_id) VALUES ('5bfefe40-028a-43ee-b874-656b0a54cb84', 5);

INSERT INTO recipes (id, user_id, title, description, instructions, image_url, servings, source_url, source_name, is_archived) VALUES ('385e5984-42a9-4170-8411-201e512892c0', 'admin-user-id', 'Teriyaki Steamed Ground Beef', 'A delicious and healthy Teriyaki Steamed Ground Beef served with Broccoli and Couscous. Perfect for a quick weeknight dinner.', '1. Preheat oven to 400°F.
2. Season the Ground Beef with Teriyaki spices.
3. Arrange Broccoli and Asparagus on a baking sheet.
4. Steamed for 20-25 minutes until cooked through.
5. Serve hot over Couscous.', 'https://images.unsplash.com/photo-1500000000084?auto=format&fit=crop&w=800&q=60', 2, 'https://www.epicurious.com', 'Epicurious', 0);
INSERT INTO ingredients (id, recipe_id, name, quantity, unit) VALUES ('edfa49c6-9249-41a0-b530-78481f813a32', '385e5984-42a9-4170-8411-201e512892c0', 'Ground Beef', 2, 'oz');
INSERT INTO ingredients (id, recipe_id, name, quantity, unit) VALUES ('6991f9ce-2981-4c98-bc78-dc35e7bc6a85', '385e5984-42a9-4170-8411-201e512892c0', 'Broccoli', 1, 'cup');
INSERT INTO ingredients (id, recipe_id, name, quantity, unit) VALUES ('f04b1cc3-1ae3-4bba-8087-a6e79d6590b7', '385e5984-42a9-4170-8411-201e512892c0', 'Couscous', 3, 'cup');
INSERT INTO ingredients (id, recipe_id, name, quantity, unit) VALUES ('e400e3c5-1639-44db-bb06-ca0389aed21b', '385e5984-42a9-4170-8411-201e512892c0', 'Olive Oil', 1, 'tbsp');
INSERT INTO ingredients (id, recipe_id, name, quantity, unit) VALUES ('38ad1eb2-fed0-43cb-9069-4e5909d7ed78', '385e5984-42a9-4170-8411-201e512892c0', 'Salt & Pepper', 1, 'pinch');
INSERT INTO ingredients (id, recipe_id, name, quantity, unit) VALUES ('1d2dddfb-44f0-42c0-80c3-f18b86e907eb', '385e5984-42a9-4170-8411-201e512892c0', 'Brussels Sprouts', 3, 'head');
INSERT INTO ingredients (id, recipe_id, name, quantity, unit) VALUES ('cbfc1ab3-5bdd-42ff-8091-f77e6a74e37b', '385e5984-42a9-4170-8411-201e512892c0', 'Kale', 3, 'bundle');
INSERT INTO ingredients (id, recipe_id, name, quantity, unit) VALUES ('6639ba0c-c520-4bba-8b44-b667e412d6cf', '385e5984-42a9-4170-8411-201e512892c0', 'Broccoli', 1, 'pinch');
INSERT INTO ingredients (id, recipe_id, name, quantity, unit) VALUES ('eeb8897c-16ea-4a5d-b34f-08aa37e87635', '385e5984-42a9-4170-8411-201e512892c0', 'Onion', 2, 'lb');
INSERT INTO recipe_dietary_tags (recipe_id, tag_id) VALUES ('385e5984-42a9-4170-8411-201e512892c0', 2);

INSERT INTO recipes (id, user_id, title, description, instructions, image_url, servings, source_url, source_name, is_archived) VALUES ('6b8f3bfc-6a4a-49a6-9ddb-1726368743cb', 'admin-user-id', 'Honey Sriracha Steamed Black Beans', 'A delicious and healthy Honey Sriracha Steamed Black Beans served with Spinach and Roasted Potatoes. Perfect for a quick weeknight dinner.', '1. Preheat oven to 400°F.
2. Season the Black Beans with Honey Sriracha spices.
3. Arrange Spinach and Broccoli on a baking sheet.
4. Steamed for 20-25 minutes until cooked through.
5. Serve hot over Roasted Potatoes.', 'https://images.unsplash.com/photo-1500000000085?auto=format&fit=crop&w=800&q=60', 3, 'https://www.tasteofhome.com', 'Taste of Home', 0);
INSERT INTO ingredients (id, recipe_id, name, quantity, unit) VALUES ('ea70148a-4f3b-41a5-9901-c1e6571ea713', '6b8f3bfc-6a4a-49a6-9ddb-1726368743cb', 'Black Beans', 2, 'lb');
INSERT INTO ingredients (id, recipe_id, name, quantity, unit) VALUES ('31f3db7a-0d5c-4ca9-b5ea-ba00c3e9d836', '6b8f3bfc-6a4a-49a6-9ddb-1726368743cb', 'Spinach', 1, 'bundle');
INSERT INTO ingredients (id, recipe_id, name, quantity, unit) VALUES ('31666da3-b68a-41e4-a440-035964e4859d', '6b8f3bfc-6a4a-49a6-9ddb-1726368743cb', 'Roasted Potatoes', 1, 'cup');
INSERT INTO ingredients (id, recipe_id, name, quantity, unit) VALUES ('ecaa27d9-fbff-45df-b7d2-801bdc0a6da3', '6b8f3bfc-6a4a-49a6-9ddb-1726368743cb', 'Olive Oil', 1, 'tbsp');
INSERT INTO ingredients (id, recipe_id, name, quantity, unit) VALUES ('92871696-af5b-4235-b089-4f27b9929b31', '6b8f3bfc-6a4a-49a6-9ddb-1726368743cb', 'Salt & Pepper', 1, 'pinch');
INSERT INTO ingredients (id, recipe_id, name, quantity, unit) VALUES ('d70cfd81-82d9-48f2-891a-4ddc92433324', '6b8f3bfc-6a4a-49a6-9ddb-1726368743cb', 'Green Beans', 2, 'cup');
INSERT INTO recipe_dietary_tags (recipe_id, tag_id) VALUES ('6b8f3bfc-6a4a-49a6-9ddb-1726368743cb', 9);
INSERT INTO recipe_dietary_tags (recipe_id, tag_id) VALUES ('6b8f3bfc-6a4a-49a6-9ddb-1726368743cb', 5);
INSERT INTO recipe_dietary_tags (recipe_id, tag_id) VALUES ('6b8f3bfc-6a4a-49a6-9ddb-1726368743cb', 2);

INSERT INTO recipes (id, user_id, title, description, instructions, image_url, servings, source_url, source_name, is_archived) VALUES ('a0964187-e701-4309-8eab-dcc789d13e5b', 'admin-user-id', 'Cajun Air Fried Ground Beef', 'A delicious and healthy Cajun Air Fried Ground Beef served with Brussels Sprouts and Mashed Cauliflower. Perfect for a quick weeknight dinner.', '1. Preheat oven to 400°F.
2. Season the Ground Beef with Cajun spices.
3. Arrange Brussels Sprouts and Carrots on a baking sheet.
4. Air Fried for 20-25 minutes until cooked through.
5. Serve hot over Mashed Cauliflower.', 'https://images.unsplash.com/photo-1500000000086?auto=format&fit=crop&w=800&q=60', 4, 'https://www.foodnetwork.com', 'Food Network', 0);
INSERT INTO ingredients (id, recipe_id, name, quantity, unit) VALUES ('7dbf5291-0a22-4a6e-89f0-16056e5bbc07', 'a0964187-e701-4309-8eab-dcc789d13e5b', 'Ground Beef', 2, 'oz');
INSERT INTO ingredients (id, recipe_id, name, quantity, unit) VALUES ('443d3fa2-b384-4c54-9d05-3560802cea59', 'a0964187-e701-4309-8eab-dcc789d13e5b', 'Brussels Sprouts', 1, 'bundle');
INSERT INTO ingredients (id, recipe_id, name, quantity, unit) VALUES ('c9813761-9dd5-492f-95d2-48dc4af989a4', 'a0964187-e701-4309-8eab-dcc789d13e5b', 'Mashed Cauliflower', 3, 'cup');
INSERT INTO ingredients (id, recipe_id, name, quantity, unit) VALUES ('991e1317-10f4-49bd-9ea8-ee19c065b146', 'a0964187-e701-4309-8eab-dcc789d13e5b', 'Olive Oil', 3, 'tbsp');
INSERT INTO ingredients (id, recipe_id, name, quantity, unit) VALUES ('213a2487-e77d-4b58-95be-b60b640ff8bc', 'a0964187-e701-4309-8eab-dcc789d13e5b', 'Salt & Pepper', 1, 'pinch');
INSERT INTO ingredients (id, recipe_id, name, quantity, unit) VALUES ('2c5a7e5c-28c7-44c6-9b2a-1a1fca8b83ce', 'a0964187-e701-4309-8eab-dcc789d13e5b', 'Brussels Sprouts', 5, 'cup');
INSERT INTO ingredients (id, recipe_id, name, quantity, unit) VALUES ('27d30d9e-581f-4553-8b0c-2002cfd778bb', 'a0964187-e701-4309-8eab-dcc789d13e5b', 'Kale', 1, 'lb');
INSERT INTO ingredients (id, recipe_id, name, quantity, unit) VALUES ('80e1ec9c-a244-4e53-b5b3-f481e3aa78f9', 'a0964187-e701-4309-8eab-dcc789d13e5b', 'Garlic', 2, 'ml');
INSERT INTO recipe_dietary_tags (recipe_id, tag_id) VALUES ('a0964187-e701-4309-8eab-dcc789d13e5b', 9);
INSERT INTO recipe_dietary_tags (recipe_id, tag_id) VALUES ('a0964187-e701-4309-8eab-dcc789d13e5b', 8);
INSERT INTO recipe_dietary_tags (recipe_id, tag_id) VALUES ('a0964187-e701-4309-8eab-dcc789d13e5b', 2);

INSERT INTO recipes (id, user_id, title, description, instructions, image_url, servings, source_url, source_name, is_archived) VALUES ('02ca481a-c5ad-4b89-a373-e6836e9f055b', 'admin-user-id', 'Pesto Slow Cooked Lentils', 'A delicious and healthy Pesto Slow Cooked Lentils served with Bell Peppers and Wild Rice. Perfect for a quick weeknight dinner.', '1. Preheat oven to 400°F.
2. Season the Lentils with Pesto spices.
3. Arrange Bell Peppers and Carrots on a baking sheet.
4. Slow Cooked for 20-25 minutes until cooked through.
5. Serve hot over Wild Rice.', 'https://images.unsplash.com/photo-1500000000087?auto=format&fit=crop&w=800&q=60', 6, 'https://www.epicurious.com', 'Epicurious', 0);
INSERT INTO ingredients (id, recipe_id, name, quantity, unit) VALUES ('89ef42cc-51b0-42d8-8124-3339714fd2fe', '02ca481a-c5ad-4b89-a373-e6836e9f055b', 'Lentils', 1, 'lb');
INSERT INTO ingredients (id, recipe_id, name, quantity, unit) VALUES ('346918a4-1d27-431b-8c38-0b8cbc6b5781', '02ca481a-c5ad-4b89-a373-e6836e9f055b', 'Bell Peppers', 1, 'head');
INSERT INTO ingredients (id, recipe_id, name, quantity, unit) VALUES ('ba929f32-abda-488d-82d1-24e88434a696', '02ca481a-c5ad-4b89-a373-e6836e9f055b', 'Wild Rice', 3, 'cup');
INSERT INTO ingredients (id, recipe_id, name, quantity, unit) VALUES ('29298e07-d718-4620-b8c5-7f51d3142d38', '02ca481a-c5ad-4b89-a373-e6836e9f055b', 'Olive Oil', 3, 'tbsp');
INSERT INTO ingredients (id, recipe_id, name, quantity, unit) VALUES ('bfa18992-9c15-48d2-a4ee-cec2d8d099e6', '02ca481a-c5ad-4b89-a373-e6836e9f055b', 'Salt & Pepper', 1, 'pinch');
INSERT INTO ingredients (id, recipe_id, name, quantity, unit) VALUES ('71ac847d-6fba-4360-8ca2-88275723f706', '02ca481a-c5ad-4b89-a373-e6836e9f055b', 'Spinach', 3, 'clove');
INSERT INTO ingredients (id, recipe_id, name, quantity, unit) VALUES ('cad99b34-88b4-4b29-82c6-0bb121959b80', '02ca481a-c5ad-4b89-a373-e6836e9f055b', 'Green Beans', 2, 'lb');
INSERT INTO ingredients (id, recipe_id, name, quantity, unit) VALUES ('941ab1bf-2c50-42db-b12a-be26bd8f3f08', '02ca481a-c5ad-4b89-a373-e6836e9f055b', 'Onion', 1, 'ml');
INSERT INTO ingredients (id, recipe_id, name, quantity, unit) VALUES ('b3ccb257-80b3-4ee1-8556-fdf921074187', '02ca481a-c5ad-4b89-a373-e6836e9f055b', 'Broccoli', 4, 'bundle');
INSERT INTO ingredients (id, recipe_id, name, quantity, unit) VALUES ('7eca475f-73c0-4542-af03-47ea80803fa6', '02ca481a-c5ad-4b89-a373-e6836e9f055b', 'Lemon', 5, 'pinch');
INSERT INTO ingredients (id, recipe_id, name, quantity, unit) VALUES ('908b0279-421a-4c77-8ced-905595b8c254', '02ca481a-c5ad-4b89-a373-e6836e9f055b', 'Zucchini', 2, 'tsp');
INSERT INTO recipe_dietary_tags (recipe_id, tag_id) VALUES ('02ca481a-c5ad-4b89-a373-e6836e9f055b', 7);

INSERT INTO recipes (id, user_id, title, description, instructions, image_url, servings, source_url, source_name, is_archived) VALUES ('61e921f4-82f8-4809-8aa4-b9f263885e53', 'admin-user-id', 'Honey Sriracha Baked Steak', 'A delicious and healthy Honey Sriracha Baked Steak served with Kale and Brown Rice. Perfect for a quick weeknight dinner.', '1. Preheat oven to 400°F.
2. Season the Steak with Honey Sriracha spices.
3. Arrange Kale and Broccoli on a baking sheet.
4. Baked for 20-25 minutes until cooked through.
5. Serve hot over Brown Rice.', 'https://images.unsplash.com/photo-1500000000088?auto=format&fit=crop&w=800&q=60', 6, 'https://www.allrecipes.com', 'AllRecipes', 0);
INSERT INTO ingredients (id, recipe_id, name, quantity, unit) VALUES ('5ec0325b-3164-45ae-8162-df1efecc8038', '61e921f4-82f8-4809-8aa4-b9f263885e53', 'Steak', 1, 'lb');
INSERT INTO ingredients (id, recipe_id, name, quantity, unit) VALUES ('7644c8be-9a8c-4e21-8a3c-07a171b2f758', '61e921f4-82f8-4809-8aa4-b9f263885e53', 'Kale', 3, 'head');
INSERT INTO ingredients (id, recipe_id, name, quantity, unit) VALUES ('7318277f-c40e-4fb8-964d-07ab56b73b6d', '61e921f4-82f8-4809-8aa4-b9f263885e53', 'Brown Rice', 2, 'cup');
INSERT INTO ingredients (id, recipe_id, name, quantity, unit) VALUES ('3fa8f28f-4572-490d-8f03-7a687ebc2227', '61e921f4-82f8-4809-8aa4-b9f263885e53', 'Olive Oil', 1, 'tbsp');
INSERT INTO ingredients (id, recipe_id, name, quantity, unit) VALUES ('ffd04afe-53b6-4faf-a7e8-2c208af24322', '61e921f4-82f8-4809-8aa4-b9f263885e53', 'Salt & Pepper', 1, 'pinch');
INSERT INTO ingredients (id, recipe_id, name, quantity, unit) VALUES ('26ccee45-4a4f-4522-80e1-58ee1770ecbd', '61e921f4-82f8-4809-8aa4-b9f263885e53', 'Brussels Sprouts', 4, 'lb');
INSERT INTO ingredients (id, recipe_id, name, quantity, unit) VALUES ('ea63c6b8-103e-45db-9866-5b1e22a5e761', '61e921f4-82f8-4809-8aa4-b9f263885e53', 'Asparagus', 3, 'pinch');
INSERT INTO ingredients (id, recipe_id, name, quantity, unit) VALUES ('840a7f0b-901c-4c12-94d1-c6ffb869f332', '61e921f4-82f8-4809-8aa4-b9f263885e53', 'Butter', 1, 'ml');
INSERT INTO ingredients (id, recipe_id, name, quantity, unit) VALUES ('aa80c968-d452-4fd6-a928-cf0120ee5fa5', '61e921f4-82f8-4809-8aa4-b9f263885e53', 'Asparagus', 4, 'tbsp');
INSERT INTO ingredients (id, recipe_id, name, quantity, unit) VALUES ('c7bc26fa-e751-43ad-9708-1a1c5271d883', '61e921f4-82f8-4809-8aa4-b9f263885e53', 'Cauliflower', 1, 'lb');
INSERT INTO ingredients (id, recipe_id, name, quantity, unit) VALUES ('215a7998-732f-4686-b2a3-a0ef4e1e8661', '61e921f4-82f8-4809-8aa4-b9f263885e53', 'Broccoli', 2, 'tbsp');
INSERT INTO recipe_dietary_tags (recipe_id, tag_id) VALUES ('61e921f4-82f8-4809-8aa4-b9f263885e53', 8);

INSERT INTO recipes (id, user_id, title, description, instructions, image_url, servings, source_url, source_name, is_archived) VALUES ('ca2938d6-d7ba-421a-9196-98136bd2a276', 'admin-user-id', 'Smoky BBQ Roasted Steak', 'A delicious and healthy Smoky BBQ Roasted Steak served with Kale and Quinoa. Perfect for a quick weeknight dinner.', '1. Preheat oven to 400°F.
2. Season the Steak with Smoky BBQ spices.
3. Arrange Kale and Bell Peppers on a baking sheet.
4. Roasted for 20-25 minutes until cooked through.
5. Serve hot over Quinoa.', 'https://images.unsplash.com/photo-1500000000089?auto=format&fit=crop&w=800&q=60', 2, 'https://www.epicurious.com', 'Epicurious', 0);
INSERT INTO ingredients (id, recipe_id, name, quantity, unit) VALUES ('ab1c6d37-9619-45e8-b696-a55a135dd34b', 'ca2938d6-d7ba-421a-9196-98136bd2a276', 'Steak', 1, 'oz');
INSERT INTO ingredients (id, recipe_id, name, quantity, unit) VALUES ('3f2c626c-cb9d-4264-8ba7-31c08565f7fc', 'ca2938d6-d7ba-421a-9196-98136bd2a276', 'Kale', 2, 'cup');
INSERT INTO ingredients (id, recipe_id, name, quantity, unit) VALUES ('b781fb46-39ad-4561-ac5b-8e1ddb92730c', 'ca2938d6-d7ba-421a-9196-98136bd2a276', 'Quinoa', 3, 'cup');
INSERT INTO ingredients (id, recipe_id, name, quantity, unit) VALUES ('bf3c0ed5-cbcf-4505-a69e-6d3477df6b5b', 'ca2938d6-d7ba-421a-9196-98136bd2a276', 'Olive Oil', 1, 'tbsp');
INSERT INTO ingredients (id, recipe_id, name, quantity, unit) VALUES ('074ddc45-7e64-41b2-916f-ecce92b832a5', 'ca2938d6-d7ba-421a-9196-98136bd2a276', 'Salt & Pepper', 1, 'pinch');
INSERT INTO ingredients (id, recipe_id, name, quantity, unit) VALUES ('f4de96c3-ec5f-4a02-8843-0cdcdb481da8', 'ca2938d6-d7ba-421a-9196-98136bd2a276', 'Onion', 3, 'clove');
INSERT INTO ingredients (id, recipe_id, name, quantity, unit) VALUES ('1f0b6daf-41a1-4d27-a464-0bf0a8788d06', 'ca2938d6-d7ba-421a-9196-98136bd2a276', 'Carrots', 2, 'pinch');
INSERT INTO ingredients (id, recipe_id, name, quantity, unit) VALUES ('56a4349b-0cc0-4584-be2a-b82b962007be', 'ca2938d6-d7ba-421a-9196-98136bd2a276', 'Broccoli', 2, 'lb');
INSERT INTO ingredients (id, recipe_id, name, quantity, unit) VALUES ('f2040df9-1633-440b-b84a-aa37019211e2', 'ca2938d6-d7ba-421a-9196-98136bd2a276', 'Onion', 4, 'pinch');
INSERT INTO ingredients (id, recipe_id, name, quantity, unit) VALUES ('ec2532b0-3a11-4b4c-849e-137f9134820a', 'ca2938d6-d7ba-421a-9196-98136bd2a276', 'Spinach', 4, 'lb');
INSERT INTO recipe_dietary_tags (recipe_id, tag_id) VALUES ('ca2938d6-d7ba-421a-9196-98136bd2a276', 3);
INSERT INTO recipe_dietary_tags (recipe_id, tag_id) VALUES ('ca2938d6-d7ba-421a-9196-98136bd2a276', 5);
INSERT INTO recipe_dietary_tags (recipe_id, tag_id) VALUES ('ca2938d6-d7ba-421a-9196-98136bd2a276', 6);

INSERT INTO recipes (id, user_id, title, description, instructions, image_url, servings, source_url, source_name, is_archived) VALUES ('9e135590-d947-4303-b731-2c9c6a4319d6', 'admin-user-id', 'Pesto Roasted Chicken Breast', 'A delicious and healthy Pesto Roasted Chicken Breast served with Spinach and Quinoa. Perfect for a quick weeknight dinner.', '1. Preheat oven to 400°F.
2. Season the Chicken Breast with Pesto spices.
3. Arrange Spinach and Broccoli on a baking sheet.
4. Roasted for 20-25 minutes until cooked through.
5. Serve hot over Quinoa.', 'https://images.unsplash.com/photo-1500000000090?auto=format&fit=crop&w=800&q=60', 8, 'https://www.epicurious.com', 'Epicurious', 0);
INSERT INTO ingredients (id, recipe_id, name, quantity, unit) VALUES ('7b37ee80-211a-445f-8531-6ce8583e27f5', '9e135590-d947-4303-b731-2c9c6a4319d6', 'Chicken Breast', 2, 'oz');
INSERT INTO ingredients (id, recipe_id, name, quantity, unit) VALUES ('aed5abc5-1199-4f3f-8127-dbf1fb59886d', '9e135590-d947-4303-b731-2c9c6a4319d6', 'Spinach', 4, 'bundle');
INSERT INTO ingredients (id, recipe_id, name, quantity, unit) VALUES ('d944f42c-91ee-4edd-aa09-37e895704f04', '9e135590-d947-4303-b731-2c9c6a4319d6', 'Quinoa', 2, 'cup');
INSERT INTO ingredients (id, recipe_id, name, quantity, unit) VALUES ('d5447fa1-bb72-4d11-976d-92e6fc327591', '9e135590-d947-4303-b731-2c9c6a4319d6', 'Olive Oil', 2, 'tbsp');
INSERT INTO ingredients (id, recipe_id, name, quantity, unit) VALUES ('34cb86a8-6fc6-4601-be21-d3665580e8c3', '9e135590-d947-4303-b731-2c9c6a4319d6', 'Salt & Pepper', 1, 'pinch');
INSERT INTO ingredients (id, recipe_id, name, quantity, unit) VALUES ('67b75182-2d6a-4356-90db-05eef176ee91', '9e135590-d947-4303-b731-2c9c6a4319d6', 'Bell Peppers', 3, 'clove');
INSERT INTO ingredients (id, recipe_id, name, quantity, unit) VALUES ('b309710d-34b6-4af2-9f1b-424ad98d7a08', '9e135590-d947-4303-b731-2c9c6a4319d6', 'Lemon', 4, 'tsp');
INSERT INTO recipe_dietary_tags (recipe_id, tag_id) VALUES ('9e135590-d947-4303-b731-2c9c6a4319d6', 2);
INSERT INTO recipe_dietary_tags (recipe_id, tag_id) VALUES ('9e135590-d947-4303-b731-2c9c6a4319d6', 6);
INSERT INTO recipe_dietary_tags (recipe_id, tag_id) VALUES ('9e135590-d947-4303-b731-2c9c6a4319d6', 7);

INSERT INTO recipes (id, user_id, title, description, instructions, image_url, servings, source_url, source_name, is_archived) VALUES ('e851e723-3342-4089-8349-ef00ce37393e', 'admin-user-id', 'Herbes de Provence Grilled Chicken Breast', 'A delicious and healthy Herbes de Provence Grilled Chicken Breast served with Zucchini and Brown Rice. Perfect for a quick weeknight dinner.', '1. Preheat oven to 400°F.
2. Season the Chicken Breast with Herbes de Provence spices.
3. Arrange Zucchini and Carrots on a baking sheet.
4. Grilled for 20-25 minutes until cooked through.
5. Serve hot over Brown Rice.', 'https://images.unsplash.com/photo-1500000000091?auto=format&fit=crop&w=800&q=60', 5, 'https://www.tasteofhome.com', 'Taste of Home', 0);
INSERT INTO ingredients (id, recipe_id, name, quantity, unit) VALUES ('1acf2bdb-e694-49f5-aed6-d679742b462f', 'e851e723-3342-4089-8349-ef00ce37393e', 'Chicken Breast', 2, 'lb');
INSERT INTO ingredients (id, recipe_id, name, quantity, unit) VALUES ('f513c5fe-0717-4dba-bbab-4e2522e5a260', 'e851e723-3342-4089-8349-ef00ce37393e', 'Zucchini', 2, 'bundle');
INSERT INTO ingredients (id, recipe_id, name, quantity, unit) VALUES ('2d2be472-281e-401a-9629-e39e7fe9ac89', 'e851e723-3342-4089-8349-ef00ce37393e', 'Brown Rice', 3, 'cup');
INSERT INTO ingredients (id, recipe_id, name, quantity, unit) VALUES ('22554d58-cdc6-466f-8608-4798b9c35870', 'e851e723-3342-4089-8349-ef00ce37393e', 'Olive Oil', 1, 'tbsp');
INSERT INTO ingredients (id, recipe_id, name, quantity, unit) VALUES ('85b51650-87d0-40a2-80af-154b34771084', 'e851e723-3342-4089-8349-ef00ce37393e', 'Salt & Pepper', 1, 'pinch');
INSERT INTO ingredients (id, recipe_id, name, quantity, unit) VALUES ('e7ec9b19-e6b9-4cec-891c-c0a3e3759f93', 'e851e723-3342-4089-8349-ef00ce37393e', 'Asparagus', 1, 'cup');
INSERT INTO ingredients (id, recipe_id, name, quantity, unit) VALUES ('01ced654-1966-4a7b-b7aa-24080585f3ad', 'e851e723-3342-4089-8349-ef00ce37393e', 'Ginger', 3, 'oz');
INSERT INTO ingredients (id, recipe_id, name, quantity, unit) VALUES ('d5378d6c-599b-4e86-b67a-bf88bc8ef45f', 'e851e723-3342-4089-8349-ef00ce37393e', 'Cauliflower', 2, 'ml');
INSERT INTO ingredients (id, recipe_id, name, quantity, unit) VALUES ('04a37cc4-2fa1-490e-b555-4f76e2773034', 'e851e723-3342-4089-8349-ef00ce37393e', 'Kale', 2, 'pinch');
INSERT INTO ingredients (id, recipe_id, name, quantity, unit) VALUES ('aea84f25-6540-4fb4-a8b0-dac726673cf4', 'e851e723-3342-4089-8349-ef00ce37393e', 'Sweet Potatoes', 1, 'clove');
INSERT INTO ingredients (id, recipe_id, name, quantity, unit) VALUES ('437a241a-ed24-4ef8-b18c-dbfe526150ee', 'e851e723-3342-4089-8349-ef00ce37393e', 'Brussels Sprouts', 2, 'tsp');
INSERT INTO recipe_dietary_tags (recipe_id, tag_id) VALUES ('e851e723-3342-4089-8349-ef00ce37393e', 9);

INSERT INTO recipes (id, user_id, title, description, instructions, image_url, servings, source_url, source_name, is_archived) VALUES ('b94ed6ec-b3dd-4a9b-9182-0eef4b0c889d', 'admin-user-id', 'Smoky BBQ Steamed Eggs', 'A delicious and healthy Smoky BBQ Steamed Eggs served with Brussels Sprouts and Lentil Pasta. Perfect for a quick weeknight dinner.', '1. Preheat oven to 400°F.
2. Season the Eggs with Smoky BBQ spices.
3. Arrange Brussels Sprouts and Asparagus on a baking sheet.
4. Steamed for 20-25 minutes until cooked through.
5. Serve hot over Lentil Pasta.', 'https://images.unsplash.com/photo-1500000000092?auto=format&fit=crop&w=800&q=60', 3, 'https://www.bonappetit.com', 'Bon Appetit', 0);
INSERT INTO ingredients (id, recipe_id, name, quantity, unit) VALUES ('5ede5af6-9991-4020-9374-226dbc3b7a63', 'b94ed6ec-b3dd-4a9b-9182-0eef4b0c889d', 'Eggs', 1, 'oz');
INSERT INTO ingredients (id, recipe_id, name, quantity, unit) VALUES ('d3304389-9d0d-40c1-b3b2-87b39ac904bf', 'b94ed6ec-b3dd-4a9b-9182-0eef4b0c889d', 'Brussels Sprouts', 4, 'bundle');
INSERT INTO ingredients (id, recipe_id, name, quantity, unit) VALUES ('7feba651-3c49-446a-b6ad-b80599789959', 'b94ed6ec-b3dd-4a9b-9182-0eef4b0c889d', 'Lentil Pasta', 1, 'cup');
INSERT INTO ingredients (id, recipe_id, name, quantity, unit) VALUES ('a593be34-e482-4b3c-a695-71d1ed683bd3', 'b94ed6ec-b3dd-4a9b-9182-0eef4b0c889d', 'Olive Oil', 1, 'tbsp');
INSERT INTO ingredients (id, recipe_id, name, quantity, unit) VALUES ('639a8779-cb2f-4d07-a1df-03e475bca4ac', 'b94ed6ec-b3dd-4a9b-9182-0eef4b0c889d', 'Salt & Pepper', 1, 'pinch');
INSERT INTO ingredients (id, recipe_id, name, quantity, unit) VALUES ('092c8eba-a39b-4688-b030-be1bc6e86418', 'b94ed6ec-b3dd-4a9b-9182-0eef4b0c889d', 'Sweet Potatoes', 5, 'pinch');
INSERT INTO recipe_dietary_tags (recipe_id, tag_id) VALUES ('b94ed6ec-b3dd-4a9b-9182-0eef4b0c889d', 10);
INSERT INTO recipe_dietary_tags (recipe_id, tag_id) VALUES ('b94ed6ec-b3dd-4a9b-9182-0eef4b0c889d', 1);
INSERT INTO recipe_dietary_tags (recipe_id, tag_id) VALUES ('b94ed6ec-b3dd-4a9b-9182-0eef4b0c889d', 5);

INSERT INTO recipes (id, user_id, title, description, instructions, image_url, servings, source_url, source_name, is_archived) VALUES ('336643bc-eb08-4b7a-b765-ec2e3381f2f3', 'admin-user-id', 'Honey Sriracha Pan-Seared Salmon Fillet', 'A delicious and healthy Honey Sriracha Pan-Seared Salmon Fillet served with Brussels Sprouts and Mashed Cauliflower. Perfect for a quick weeknight dinner.', '1. Preheat oven to 400°F.
2. Season the Salmon Fillet with Honey Sriracha spices.
3. Arrange Brussels Sprouts and Asparagus on a baking sheet.
4. Pan-Seared for 20-25 minutes until cooked through.
5. Serve hot over Mashed Cauliflower.', 'https://images.unsplash.com/photo-1500000000093?auto=format&fit=crop&w=800&q=60', 3, 'https://www.epicurious.com', 'Epicurious', 0);
INSERT INTO ingredients (id, recipe_id, name, quantity, unit) VALUES ('1607a842-e89e-4263-b068-11e2f446ae06', '336643bc-eb08-4b7a-b765-ec2e3381f2f3', 'Salmon Fillet', 1, 'lb');
INSERT INTO ingredients (id, recipe_id, name, quantity, unit) VALUES ('8126cb88-5612-41be-9b17-c55449175cb2', '336643bc-eb08-4b7a-b765-ec2e3381f2f3', 'Brussels Sprouts', 3, 'cup');
INSERT INTO ingredients (id, recipe_id, name, quantity, unit) VALUES ('0e7516d2-8385-4368-9d48-e0c391580e16', '336643bc-eb08-4b7a-b765-ec2e3381f2f3', 'Mashed Cauliflower', 2, 'cup');
INSERT INTO ingredients (id, recipe_id, name, quantity, unit) VALUES ('3c0d7cce-dce2-4a69-a553-79331c9f96f8', '336643bc-eb08-4b7a-b765-ec2e3381f2f3', 'Olive Oil', 1, 'tbsp');
INSERT INTO ingredients (id, recipe_id, name, quantity, unit) VALUES ('c8e86c44-4440-4610-bee1-20050dc8629f', '336643bc-eb08-4b7a-b765-ec2e3381f2f3', 'Salt & Pepper', 1, 'pinch');
INSERT INTO ingredients (id, recipe_id, name, quantity, unit) VALUES ('c1d1b86a-83b7-473e-ae64-20ca28935c26', '336643bc-eb08-4b7a-b765-ec2e3381f2f3', 'Butter', 2, 'g');
INSERT INTO recipe_dietary_tags (recipe_id, tag_id) VALUES ('336643bc-eb08-4b7a-b765-ec2e3381f2f3', 2);
INSERT INTO recipe_dietary_tags (recipe_id, tag_id) VALUES ('336643bc-eb08-4b7a-b765-ec2e3381f2f3', 3);

INSERT INTO recipes (id, user_id, title, description, instructions, image_url, servings, source_url, source_name, is_archived) VALUES ('bccea598-6aa7-46f7-8d9b-ad45ee8df907', 'admin-user-id', 'Herbes de Provence Slow Cooked Salmon Fillet', 'A delicious and healthy Herbes de Provence Slow Cooked Salmon Fillet served with Brussels Sprouts and Couscous. Perfect for a quick weeknight dinner.', '1. Preheat oven to 400°F.
2. Season the Salmon Fillet with Herbes de Provence spices.
3. Arrange Brussels Sprouts and Zucchini on a baking sheet.
4. Slow Cooked for 20-25 minutes until cooked through.
5. Serve hot over Couscous.', 'https://images.unsplash.com/photo-1500000000094?auto=format&fit=crop&w=800&q=60', 5, 'https://www.tasteofhome.com', 'Taste of Home', 0);
INSERT INTO ingredients (id, recipe_id, name, quantity, unit) VALUES ('b73cea0e-6edc-4c36-ba24-a8a34d2fadf9', 'bccea598-6aa7-46f7-8d9b-ad45ee8df907', 'Salmon Fillet', 2, 'lb');
INSERT INTO ingredients (id, recipe_id, name, quantity, unit) VALUES ('c360641b-ea76-4742-ae0a-717315e7d863', 'bccea598-6aa7-46f7-8d9b-ad45ee8df907', 'Brussels Sprouts', 3, 'head');
INSERT INTO ingredients (id, recipe_id, name, quantity, unit) VALUES ('89bf7466-8eb4-4d1b-b125-4cb6c7f8b621', 'bccea598-6aa7-46f7-8d9b-ad45ee8df907', 'Couscous', 1, 'cup');
INSERT INTO ingredients (id, recipe_id, name, quantity, unit) VALUES ('cf9d40f4-898f-4068-95ef-7b461bedbfa8', 'bccea598-6aa7-46f7-8d9b-ad45ee8df907', 'Olive Oil', 2, 'tbsp');
INSERT INTO ingredients (id, recipe_id, name, quantity, unit) VALUES ('9671da85-f866-4c88-94f9-00479e3ba83e', 'bccea598-6aa7-46f7-8d9b-ad45ee8df907', 'Salt & Pepper', 1, 'pinch');
INSERT INTO ingredients (id, recipe_id, name, quantity, unit) VALUES ('95dd510f-5f0b-467e-b7ed-084d0d8a58d2', 'bccea598-6aa7-46f7-8d9b-ad45ee8df907', 'Carrots', 2, 'bundle');
INSERT INTO ingredients (id, recipe_id, name, quantity, unit) VALUES ('17744da7-a51b-4610-92ac-5061cc48460c', 'bccea598-6aa7-46f7-8d9b-ad45ee8df907', 'Carrots', 1, 'pinch');
INSERT INTO recipe_dietary_tags (recipe_id, tag_id) VALUES ('bccea598-6aa7-46f7-8d9b-ad45ee8df907', 9);
INSERT INTO recipe_dietary_tags (recipe_id, tag_id) VALUES ('bccea598-6aa7-46f7-8d9b-ad45ee8df907', 3);
INSERT INTO recipe_dietary_tags (recipe_id, tag_id) VALUES ('bccea598-6aa7-46f7-8d9b-ad45ee8df907', 8);

INSERT INTO recipes (id, user_id, title, description, instructions, image_url, servings, source_url, source_name, is_archived) VALUES ('02ec17e8-e06e-4d43-bd95-fb000efe6f50', 'admin-user-id', 'Lemon Garlic Slow Cooked Salmon Fillet', 'A delicious and healthy Lemon Garlic Slow Cooked Salmon Fillet served with Spinach and Cauliflower Rice. Perfect for a quick weeknight dinner.', '1. Preheat oven to 400°F.
2. Season the Salmon Fillet with Lemon Garlic spices.
3. Arrange Spinach and Brussels Sprouts on a baking sheet.
4. Slow Cooked for 20-25 minutes until cooked through.
5. Serve hot over Cauliflower Rice.', 'https://images.unsplash.com/photo-1500000000095?auto=format&fit=crop&w=800&q=60', 6, 'https://www.allrecipes.com', 'AllRecipes', 0);
INSERT INTO ingredients (id, recipe_id, name, quantity, unit) VALUES ('86c5f86e-757f-43a3-825d-132ec9ef3552', '02ec17e8-e06e-4d43-bd95-fb000efe6f50', 'Salmon Fillet', 1, 'oz');
INSERT INTO ingredients (id, recipe_id, name, quantity, unit) VALUES ('cce62567-5646-45bb-ade9-d85ef352e900', '02ec17e8-e06e-4d43-bd95-fb000efe6f50', 'Spinach', 3, 'bundle');
INSERT INTO ingredients (id, recipe_id, name, quantity, unit) VALUES ('65ecc70a-d223-4c86-a515-551b1c7395b5', '02ec17e8-e06e-4d43-bd95-fb000efe6f50', 'Cauliflower Rice', 2, 'cup');
INSERT INTO ingredients (id, recipe_id, name, quantity, unit) VALUES ('475729e7-e288-4eef-9818-31446c901b6a', '02ec17e8-e06e-4d43-bd95-fb000efe6f50', 'Olive Oil', 2, 'tbsp');
INSERT INTO ingredients (id, recipe_id, name, quantity, unit) VALUES ('3dc2227b-e20b-4674-b251-05c23b1db590', '02ec17e8-e06e-4d43-bd95-fb000efe6f50', 'Salt & Pepper', 1, 'pinch');
INSERT INTO ingredients (id, recipe_id, name, quantity, unit) VALUES ('65348275-9464-4f05-ad6c-ffb6afa250db', '02ec17e8-e06e-4d43-bd95-fb000efe6f50', 'Ginger', 4, 'g');
INSERT INTO ingredients (id, recipe_id, name, quantity, unit) VALUES ('68ef9af9-186e-491e-a2c8-0afc65b553b2', '02ec17e8-e06e-4d43-bd95-fb000efe6f50', 'Garlic', 4, 'bundle');
INSERT INTO ingredients (id, recipe_id, name, quantity, unit) VALUES ('a10bb673-8d18-413b-99c1-c3e637224f45', '02ec17e8-e06e-4d43-bd95-fb000efe6f50', 'Broccoli', 1, 'bundle');
INSERT INTO ingredients (id, recipe_id, name, quantity, unit) VALUES ('d462cd03-f405-404a-8c19-d458520caaa8', '02ec17e8-e06e-4d43-bd95-fb000efe6f50', 'Lemon', 4, 'lb');
INSERT INTO ingredients (id, recipe_id, name, quantity, unit) VALUES ('053f6c98-b78f-4a6c-b6cd-b970f87bce3b', '02ec17e8-e06e-4d43-bd95-fb000efe6f50', 'Carrots', 3, 'oz');
INSERT INTO ingredients (id, recipe_id, name, quantity, unit) VALUES ('e8d846fd-d28c-4204-841a-3fbd0d12eb9d', '02ec17e8-e06e-4d43-bd95-fb000efe6f50', 'Brussels Sprouts', 4, 'tbsp');
INSERT INTO ingredients (id, recipe_id, name, quantity, unit) VALUES ('251e7fd8-1431-4916-b50b-0d323960ef2c', '02ec17e8-e06e-4d43-bd95-fb000efe6f50', 'Garlic', 4, 'tsp');
INSERT INTO recipe_dietary_tags (recipe_id, tag_id) VALUES ('02ec17e8-e06e-4d43-bd95-fb000efe6f50', 3);

INSERT INTO recipes (id, user_id, title, description, instructions, image_url, servings, source_url, source_name, is_archived) VALUES ('8bb4d073-c634-4514-a9f1-66d9a7baaf95', 'admin-user-id', 'Miso Ginger Air Fried Steak', 'A delicious and healthy Miso Ginger Air Fried Steak served with Bell Peppers and Cauliflower Rice. Perfect for a quick weeknight dinner.', '1. Preheat oven to 400°F.
2. Season the Steak with Miso Ginger spices.
3. Arrange Bell Peppers and Zucchini on a baking sheet.
4. Air Fried for 20-25 minutes until cooked through.
5. Serve hot over Cauliflower Rice.', 'https://images.unsplash.com/photo-1500000000096?auto=format&fit=crop&w=800&q=60', 7, 'https://www.tasteofhome.com', 'Taste of Home', 0);
INSERT INTO ingredients (id, recipe_id, name, quantity, unit) VALUES ('a192f27a-83fd-49c5-82ba-2aab75c83ee7', '8bb4d073-c634-4514-a9f1-66d9a7baaf95', 'Steak', 1, 'lb');
INSERT INTO ingredients (id, recipe_id, name, quantity, unit) VALUES ('16fbc726-b57d-47e1-86d4-279c5a0042ea', '8bb4d073-c634-4514-a9f1-66d9a7baaf95', 'Bell Peppers', 1, 'head');
INSERT INTO ingredients (id, recipe_id, name, quantity, unit) VALUES ('1b98a8d1-1649-4170-ba51-44ab1b19a938', '8bb4d073-c634-4514-a9f1-66d9a7baaf95', 'Cauliflower Rice', 1, 'cup');
INSERT INTO ingredients (id, recipe_id, name, quantity, unit) VALUES ('78313a97-709e-473e-9ee6-4ab2331f4bc1', '8bb4d073-c634-4514-a9f1-66d9a7baaf95', 'Olive Oil', 3, 'tbsp');
INSERT INTO ingredients (id, recipe_id, name, quantity, unit) VALUES ('256581c9-3b87-4a1a-b115-2972b90b63c2', '8bb4d073-c634-4514-a9f1-66d9a7baaf95', 'Salt & Pepper', 1, 'pinch');
INSERT INTO recipe_dietary_tags (recipe_id, tag_id) VALUES ('8bb4d073-c634-4514-a9f1-66d9a7baaf95', 10);

INSERT INTO recipes (id, user_id, title, description, instructions, image_url, servings, source_url, source_name, is_archived) VALUES ('f19da836-0d0a-4188-99cc-55999670afc0', 'admin-user-id', 'Taco Seasoned Grilled Shrimp', 'A delicious and healthy Taco Seasoned Grilled Shrimp served with Cauliflower and Mashed Cauliflower. Perfect for a quick weeknight dinner.', '1. Preheat oven to 400°F.
2. Season the Shrimp with Taco Seasoned spices.
3. Arrange Cauliflower and Broccoli on a baking sheet.
4. Grilled for 20-25 minutes until cooked through.
5. Serve hot over Mashed Cauliflower.', 'https://images.unsplash.com/photo-1500000000097?auto=format&fit=crop&w=800&q=60', 3, 'https://www.foodnetwork.com', 'Food Network', 0);
INSERT INTO ingredients (id, recipe_id, name, quantity, unit) VALUES ('abed0b07-6f1c-41cb-b1f7-2d1968d84f68', 'f19da836-0d0a-4188-99cc-55999670afc0', 'Shrimp', 1, 'oz');
INSERT INTO ingredients (id, recipe_id, name, quantity, unit) VALUES ('573fee45-d786-4af0-9916-6fa89205b162', 'f19da836-0d0a-4188-99cc-55999670afc0', 'Cauliflower', 2, 'head');
INSERT INTO ingredients (id, recipe_id, name, quantity, unit) VALUES ('45edd060-5f72-4fe4-bda5-49be100acae4', 'f19da836-0d0a-4188-99cc-55999670afc0', 'Mashed Cauliflower', 2, 'cup');
INSERT INTO ingredients (id, recipe_id, name, quantity, unit) VALUES ('5d9327db-19da-408a-a8ea-c11e1af69d10', 'f19da836-0d0a-4188-99cc-55999670afc0', 'Olive Oil', 3, 'tbsp');
INSERT INTO ingredients (id, recipe_id, name, quantity, unit) VALUES ('800060f3-1c71-43c5-8f4a-b2b3d11aa1a7', 'f19da836-0d0a-4188-99cc-55999670afc0', 'Salt & Pepper', 1, 'pinch');
INSERT INTO ingredients (id, recipe_id, name, quantity, unit) VALUES ('ad9448ed-52c5-4b7b-a149-756632c8173a', 'f19da836-0d0a-4188-99cc-55999670afc0', 'Kale', 5, 'lb');
INSERT INTO recipe_dietary_tags (recipe_id, tag_id) VALUES ('f19da836-0d0a-4188-99cc-55999670afc0', 7);
INSERT INTO recipe_dietary_tags (recipe_id, tag_id) VALUES ('f19da836-0d0a-4188-99cc-55999670afc0', 9);

INSERT INTO recipes (id, user_id, title, description, instructions, image_url, servings, source_url, source_name, is_archived) VALUES ('fb6aa827-f2cf-4e68-ada3-b5f3fcba45a8', 'admin-user-id', 'Pesto Pan-Seared Steak', 'A delicious and healthy Pesto Pan-Seared Steak served with Brussels Sprouts and Quinoa. Perfect for a quick weeknight dinner.', '1. Preheat oven to 400°F.
2. Season the Steak with Pesto spices.
3. Arrange Brussels Sprouts and Spinach on a baking sheet.
4. Pan-Seared for 20-25 minutes until cooked through.
5. Serve hot over Quinoa.', 'https://images.unsplash.com/photo-1500000000098?auto=format&fit=crop&w=800&q=60', 8, 'https://www.foodnetwork.com', 'Food Network', 0);
INSERT INTO ingredients (id, recipe_id, name, quantity, unit) VALUES ('e1fa6979-a074-4fae-a1b8-8b1939f4b292', 'fb6aa827-f2cf-4e68-ada3-b5f3fcba45a8', 'Steak', 1, 'oz');
INSERT INTO ingredients (id, recipe_id, name, quantity, unit) VALUES ('a2dbecf7-2a78-4f5f-83a3-55be1d0c5b53', 'fb6aa827-f2cf-4e68-ada3-b5f3fcba45a8', 'Brussels Sprouts', 1, 'head');
INSERT INTO ingredients (id, recipe_id, name, quantity, unit) VALUES ('f69b165d-4aff-42d6-ae77-f478a1b7c1cf', 'fb6aa827-f2cf-4e68-ada3-b5f3fcba45a8', 'Quinoa', 2, 'cup');
INSERT INTO ingredients (id, recipe_id, name, quantity, unit) VALUES ('e5827325-903f-4268-9724-e7188be3a85a', 'fb6aa827-f2cf-4e68-ada3-b5f3fcba45a8', 'Olive Oil', 2, 'tbsp');
INSERT INTO ingredients (id, recipe_id, name, quantity, unit) VALUES ('38bc68c2-0f68-445b-b79c-0ae9cc2b2382', 'fb6aa827-f2cf-4e68-ada3-b5f3fcba45a8', 'Salt & Pepper', 1, 'pinch');
INSERT INTO ingredients (id, recipe_id, name, quantity, unit) VALUES ('eb7aff0b-7b14-4475-8e70-aa1a9471ca9d', 'fb6aa827-f2cf-4e68-ada3-b5f3fcba45a8', 'Kale', 2, 'pinch');
INSERT INTO ingredients (id, recipe_id, name, quantity, unit) VALUES ('316328ce-f741-498d-996f-3f620ecb6e29', 'fb6aa827-f2cf-4e68-ada3-b5f3fcba45a8', 'Butter', 2, 'cup');
INSERT INTO ingredients (id, recipe_id, name, quantity, unit) VALUES ('fe56000a-1e7a-4c52-915b-138e4d8caad5', 'fb6aa827-f2cf-4e68-ada3-b5f3fcba45a8', 'Zucchini', 2, 'ml');
INSERT INTO recipe_dietary_tags (recipe_id, tag_id) VALUES ('fb6aa827-f2cf-4e68-ada3-b5f3fcba45a8', 6);
INSERT INTO recipe_dietary_tags (recipe_id, tag_id) VALUES ('fb6aa827-f2cf-4e68-ada3-b5f3fcba45a8', 10);
INSERT INTO recipe_dietary_tags (recipe_id, tag_id) VALUES ('fb6aa827-f2cf-4e68-ada3-b5f3fcba45a8', 8);

INSERT INTO recipes (id, user_id, title, description, instructions, image_url, servings, source_url, source_name, is_archived) VALUES ('25077cc3-7b01-41f6-b073-4a85c9c0268d', 'admin-user-id', 'Cajun Steamed Steak', 'A delicious and healthy Cajun Steamed Steak served with Cauliflower and Cauliflower Rice. Perfect for a quick weeknight dinner.', '1. Preheat oven to 400°F.
2. Season the Steak with Cajun spices.
3. Arrange Cauliflower and Spinach on a baking sheet.
4. Steamed for 20-25 minutes until cooked through.
5. Serve hot over Cauliflower Rice.', 'https://images.unsplash.com/photo-1500000000099?auto=format&fit=crop&w=800&q=60', 5, 'https://www.allrecipes.com', 'AllRecipes', 0);
INSERT INTO ingredients (id, recipe_id, name, quantity, unit) VALUES ('80dbcbad-d486-42f0-bccb-cf93a28c4d67', '25077cc3-7b01-41f6-b073-4a85c9c0268d', 'Steak', 2, 'oz');
INSERT INTO ingredients (id, recipe_id, name, quantity, unit) VALUES ('c7dcd8b8-ffc7-40a4-bdc7-3aface58706d', '25077cc3-7b01-41f6-b073-4a85c9c0268d', 'Cauliflower', 3, 'bundle');
INSERT INTO ingredients (id, recipe_id, name, quantity, unit) VALUES ('abf80292-e3d3-4e33-a6fd-9311eecb05d7', '25077cc3-7b01-41f6-b073-4a85c9c0268d', 'Cauliflower Rice', 2, 'cup');
INSERT INTO ingredients (id, recipe_id, name, quantity, unit) VALUES ('8718a986-0bf1-4a4c-b94c-9a1678efedf2', '25077cc3-7b01-41f6-b073-4a85c9c0268d', 'Olive Oil', 2, 'tbsp');
INSERT INTO ingredients (id, recipe_id, name, quantity, unit) VALUES ('ede5de94-4415-4214-8b33-1a362fbcc4b4', '25077cc3-7b01-41f6-b073-4a85c9c0268d', 'Salt & Pepper', 1, 'pinch');
INSERT INTO recipe_dietary_tags (recipe_id, tag_id) VALUES ('25077cc3-7b01-41f6-b073-4a85c9c0268d', 7);
INSERT INTO recipe_dietary_tags (recipe_id, tag_id) VALUES ('25077cc3-7b01-41f6-b073-4a85c9c0268d', 8);

INSERT INTO recipes (id, user_id, title, description, instructions, image_url, servings, source_url, source_name, is_archived) VALUES ('9f0dbb8b-dc36-4acf-b8ea-b455bb0752a0', 'admin-user-id', 'Pesto Air Fried Steak', 'A delicious and healthy Pesto Air Fried Steak served with Green Beans and Roasted Potatoes. Perfect for a quick weeknight dinner.', '1. Preheat oven to 400°F.
2. Season the Steak with Pesto spices.
3. Arrange Green Beans and Brussels Sprouts on a baking sheet.
4. Air Fried for 20-25 minutes until cooked through.
5. Serve hot over Roasted Potatoes.', 'https://images.unsplash.com/photo-1500000000100?auto=format&fit=crop&w=800&q=60', 7, 'https://www.tasteofhome.com', 'Taste of Home', 0);
INSERT INTO ingredients (id, recipe_id, name, quantity, unit) VALUES ('376319f5-0dd8-436d-aefd-c3c7a2d97d38', '9f0dbb8b-dc36-4acf-b8ea-b455bb0752a0', 'Steak', 2, 'lb');
INSERT INTO ingredients (id, recipe_id, name, quantity, unit) VALUES ('6fb0b3fb-0740-46e6-bffb-9e2e431259ed', '9f0dbb8b-dc36-4acf-b8ea-b455bb0752a0', 'Green Beans', 4, 'bundle');
INSERT INTO ingredients (id, recipe_id, name, quantity, unit) VALUES ('236414a8-46fd-4f4c-9e16-3addcf8ef535', '9f0dbb8b-dc36-4acf-b8ea-b455bb0752a0', 'Roasted Potatoes', 3, 'cup');
INSERT INTO ingredients (id, recipe_id, name, quantity, unit) VALUES ('7badadb8-66e6-45a0-bcfa-2274ea6cd6cc', '9f0dbb8b-dc36-4acf-b8ea-b455bb0752a0', 'Olive Oil', 1, 'tbsp');
INSERT INTO ingredients (id, recipe_id, name, quantity, unit) VALUES ('b1ed6fe3-2931-4397-9411-0487f3185608', '9f0dbb8b-dc36-4acf-b8ea-b455bb0752a0', 'Salt & Pepper', 1, 'pinch');
INSERT INTO ingredients (id, recipe_id, name, quantity, unit) VALUES ('b5ab6680-f207-443f-aa76-48b7b3e1ac2c', '9f0dbb8b-dc36-4acf-b8ea-b455bb0752a0', 'Zucchini', 4, 'g');
INSERT INTO ingredients (id, recipe_id, name, quantity, unit) VALUES ('c7497b33-f3e8-4dc4-aff5-c782aa688837', '9f0dbb8b-dc36-4acf-b8ea-b455bb0752a0', 'Bell Peppers', 4, 'ml');
INSERT INTO ingredients (id, recipe_id, name, quantity, unit) VALUES ('13f4f5ae-2a1a-4c69-b463-c1dd880e33ff', '9f0dbb8b-dc36-4acf-b8ea-b455bb0752a0', 'Zucchini', 3, 'clove');
INSERT INTO ingredients (id, recipe_id, name, quantity, unit) VALUES ('68750103-53c7-49b2-8bf0-853a7bdb0000', '9f0dbb8b-dc36-4acf-b8ea-b455bb0752a0', 'Kale', 1, 'bundle');
INSERT INTO recipe_dietary_tags (recipe_id, tag_id) VALUES ('9f0dbb8b-dc36-4acf-b8ea-b455bb0752a0', 9);

INSERT INTO recipes (id, user_id, title, description, instructions, image_url, servings, source_url, source_name, is_archived) VALUES ('665f35f4-996c-42e8-bbb5-6694c753ebee', 'admin-user-id', 'Herbes de Provence Sautéed Pork Loin', 'A delicious and healthy Herbes de Provence Sautéed Pork Loin served with Spinach and Cauliflower Rice. Perfect for a quick weeknight dinner.', '1. Preheat oven to 400°F.
2. Season the Pork Loin with Herbes de Provence spices.
3. Arrange Spinach and Asparagus on a baking sheet.
4. Sautéed for 20-25 minutes until cooked through.
5. Serve hot over Cauliflower Rice.', 'https://images.unsplash.com/photo-1500000000101?auto=format&fit=crop&w=800&q=60', 8, 'https://www.tasteofhome.com', 'Taste of Home', 0);
INSERT INTO ingredients (id, recipe_id, name, quantity, unit) VALUES ('1e288d31-7340-4b87-a544-26b688c8d9f3', '665f35f4-996c-42e8-bbb5-6694c753ebee', 'Pork Loin', 1, 'lb');
INSERT INTO ingredients (id, recipe_id, name, quantity, unit) VALUES ('6ef4f337-f4f9-4d3e-a97b-d810f0068196', '665f35f4-996c-42e8-bbb5-6694c753ebee', 'Spinach', 1, 'cup');
INSERT INTO ingredients (id, recipe_id, name, quantity, unit) VALUES ('90a24870-3366-470a-96ba-41e21028e294', '665f35f4-996c-42e8-bbb5-6694c753ebee', 'Cauliflower Rice', 1, 'cup');
INSERT INTO ingredients (id, recipe_id, name, quantity, unit) VALUES ('9f33c8fd-164b-4786-b353-896e25e5d969', '665f35f4-996c-42e8-bbb5-6694c753ebee', 'Olive Oil', 1, 'tbsp');
INSERT INTO ingredients (id, recipe_id, name, quantity, unit) VALUES ('98d70d50-e6e6-48a6-8906-6256ebf3e5dc', '665f35f4-996c-42e8-bbb5-6694c753ebee', 'Salt & Pepper', 1, 'pinch');
INSERT INTO ingredients (id, recipe_id, name, quantity, unit) VALUES ('630e5910-e2be-44dc-9f34-4ad2c7704210', '665f35f4-996c-42e8-bbb5-6694c753ebee', 'Cauliflower', 1, 'g');
INSERT INTO ingredients (id, recipe_id, name, quantity, unit) VALUES ('05be4c8e-7847-4116-8832-e38bfa199f9b', '665f35f4-996c-42e8-bbb5-6694c753ebee', 'Brussels Sprouts', 2, 'tsp');
INSERT INTO ingredients (id, recipe_id, name, quantity, unit) VALUES ('bb379374-2a43-448e-9106-b386596989b3', '665f35f4-996c-42e8-bbb5-6694c753ebee', 'Carrots', 1, 'head');
INSERT INTO ingredients (id, recipe_id, name, quantity, unit) VALUES ('ea3eaef2-b015-4d01-a867-17793dbbae94', '665f35f4-996c-42e8-bbb5-6694c753ebee', 'Butter', 5, 'bundle');
INSERT INTO ingredients (id, recipe_id, name, quantity, unit) VALUES ('6e2e0eb5-bbaf-46a4-a871-881708242829', '665f35f4-996c-42e8-bbb5-6694c753ebee', 'Asparagus', 5, 'ml');
INSERT INTO recipe_dietary_tags (recipe_id, tag_id) VALUES ('665f35f4-996c-42e8-bbb5-6694c753ebee', 3);

INSERT INTO recipes (id, user_id, title, description, instructions, image_url, servings, source_url, source_name, is_archived) VALUES ('ee515402-03f7-4377-b3fe-19b86981660d', 'admin-user-id', 'Lemon Garlic Air Fried Chickpeas', 'A delicious and healthy Lemon Garlic Air Fried Chickpeas served with Zucchini and Quinoa. Perfect for a quick weeknight dinner.', '1. Preheat oven to 400°F.
2. Season the Chickpeas with Lemon Garlic spices.
3. Arrange Zucchini and Green Beans on a baking sheet.
4. Air Fried for 20-25 minutes until cooked through.
5. Serve hot over Quinoa.', 'https://images.unsplash.com/photo-1500000000102?auto=format&fit=crop&w=800&q=60', 2, 'https://www.epicurious.com', 'Epicurious', 0);
INSERT INTO ingredients (id, recipe_id, name, quantity, unit) VALUES ('2c8dfc95-92b9-488e-abf1-46eb6ac20853', 'ee515402-03f7-4377-b3fe-19b86981660d', 'Chickpeas', 1, 'lb');
INSERT INTO ingredients (id, recipe_id, name, quantity, unit) VALUES ('5786f035-b034-4cbd-9308-a330dff3f487', 'ee515402-03f7-4377-b3fe-19b86981660d', 'Zucchini', 2, 'head');
INSERT INTO ingredients (id, recipe_id, name, quantity, unit) VALUES ('6b40a151-b78a-4344-932d-e4f262695ebb', 'ee515402-03f7-4377-b3fe-19b86981660d', 'Quinoa', 2, 'cup');
INSERT INTO ingredients (id, recipe_id, name, quantity, unit) VALUES ('a89770a8-0860-4547-85c9-5264d02c3a7c', 'ee515402-03f7-4377-b3fe-19b86981660d', 'Olive Oil', 2, 'tbsp');
INSERT INTO ingredients (id, recipe_id, name, quantity, unit) VALUES ('553875a8-d35a-42c6-9e1b-8bafc6e534f3', 'ee515402-03f7-4377-b3fe-19b86981660d', 'Salt & Pepper', 1, 'pinch');
INSERT INTO recipe_dietary_tags (recipe_id, tag_id) VALUES ('ee515402-03f7-4377-b3fe-19b86981660d', 3);

INSERT INTO recipes (id, user_id, title, description, instructions, image_url, servings, source_url, source_name, is_archived) VALUES ('142746a7-8e76-450d-a31e-2e0ff90b730e', 'admin-user-id', 'Taco Seasoned Pan-Seared Eggs', 'A delicious and healthy Taco Seasoned Pan-Seared Eggs served with Sweet Potatoes and Cauliflower Rice. Perfect for a quick weeknight dinner.', '1. Preheat oven to 400°F.
2. Season the Eggs with Taco Seasoned spices.
3. Arrange Sweet Potatoes and Kale on a baking sheet.
4. Pan-Seared for 20-25 minutes until cooked through.
5. Serve hot over Cauliflower Rice.', 'https://images.unsplash.com/photo-1500000000103?auto=format&fit=crop&w=800&q=60', 3, 'https://www.epicurious.com', 'Epicurious', 0);
INSERT INTO ingredients (id, recipe_id, name, quantity, unit) VALUES ('6bc6249b-8ce5-4232-a328-1918e8b2084b', '142746a7-8e76-450d-a31e-2e0ff90b730e', 'Eggs', 2, 'lb');
INSERT INTO ingredients (id, recipe_id, name, quantity, unit) VALUES ('53777604-5732-425a-812a-db5ab3291812', '142746a7-8e76-450d-a31e-2e0ff90b730e', 'Sweet Potatoes', 4, 'head');
INSERT INTO ingredients (id, recipe_id, name, quantity, unit) VALUES ('ba7349d8-8480-4169-a9bd-26b5aa7e6ed9', '142746a7-8e76-450d-a31e-2e0ff90b730e', 'Cauliflower Rice', 2, 'cup');
INSERT INTO ingredients (id, recipe_id, name, quantity, unit) VALUES ('ba3f20b4-17a7-442a-a9ef-2cfbeae0fc12', '142746a7-8e76-450d-a31e-2e0ff90b730e', 'Olive Oil', 2, 'tbsp');
INSERT INTO ingredients (id, recipe_id, name, quantity, unit) VALUES ('cbb7d225-567c-4a68-a91c-e10e39103c11', '142746a7-8e76-450d-a31e-2e0ff90b730e', 'Salt & Pepper', 1, 'pinch');
INSERT INTO ingredients (id, recipe_id, name, quantity, unit) VALUES ('0fb23165-67ab-4b0b-bd93-a1b774a7e15f', '142746a7-8e76-450d-a31e-2e0ff90b730e', 'Spinach', 3, 'cup');
INSERT INTO recipe_dietary_tags (recipe_id, tag_id) VALUES ('142746a7-8e76-450d-a31e-2e0ff90b730e', 7);

INSERT INTO recipes (id, user_id, title, description, instructions, image_url, servings, source_url, source_name, is_archived) VALUES ('53049552-4443-4cb3-ac6e-be18e8a4dd6d', 'admin-user-id', 'Smoky BBQ Grilled Lamb Chops', 'A delicious and healthy Smoky BBQ Grilled Lamb Chops served with Carrots and Roasted Potatoes. Perfect for a quick weeknight dinner.', '1. Preheat oven to 400°F.
2. Season the Lamb Chops with Smoky BBQ spices.
3. Arrange Carrots and Sweet Potatoes on a baking sheet.
4. Grilled for 20-25 minutes until cooked through.
5. Serve hot over Roasted Potatoes.', 'https://images.unsplash.com/photo-1500000000104?auto=format&fit=crop&w=800&q=60', 3, 'https://www.foodnetwork.com', 'Food Network', 0);
INSERT INTO ingredients (id, recipe_id, name, quantity, unit) VALUES ('02bb11b2-f361-4137-ad4a-632340ea96f9', '53049552-4443-4cb3-ac6e-be18e8a4dd6d', 'Lamb Chops', 2, 'oz');
INSERT INTO ingredients (id, recipe_id, name, quantity, unit) VALUES ('ed9f229c-b1da-402d-bdc0-e2a3b1ecd03d', '53049552-4443-4cb3-ac6e-be18e8a4dd6d', 'Carrots', 4, 'head');
INSERT INTO ingredients (id, recipe_id, name, quantity, unit) VALUES ('7ee3610f-3ea3-49e0-8f7d-e315191b7227', '53049552-4443-4cb3-ac6e-be18e8a4dd6d', 'Roasted Potatoes', 2, 'cup');
INSERT INTO ingredients (id, recipe_id, name, quantity, unit) VALUES ('7e7d623d-fdff-4342-b8e9-cf79ab9723a3', '53049552-4443-4cb3-ac6e-be18e8a4dd6d', 'Olive Oil', 2, 'tbsp');
INSERT INTO ingredients (id, recipe_id, name, quantity, unit) VALUES ('08aabbfa-4b47-4cf2-ba69-26f4a2eaff14', '53049552-4443-4cb3-ac6e-be18e8a4dd6d', 'Salt & Pepper', 1, 'pinch');
INSERT INTO ingredients (id, recipe_id, name, quantity, unit) VALUES ('c6efeefd-a98e-4b2d-a823-685b3f6492ab', '53049552-4443-4cb3-ac6e-be18e8a4dd6d', 'Broccoli', 5, 'lb');
INSERT INTO ingredients (id, recipe_id, name, quantity, unit) VALUES ('633426a0-8f3c-43ff-9684-81c08812adaf', '53049552-4443-4cb3-ac6e-be18e8a4dd6d', 'Onion', 3, 'oz');
INSERT INTO ingredients (id, recipe_id, name, quantity, unit) VALUES ('80734765-787a-46a7-83df-e6416dad1af8', '53049552-4443-4cb3-ac6e-be18e8a4dd6d', 'Broccoli', 5, 'clove');
INSERT INTO ingredients (id, recipe_id, name, quantity, unit) VALUES ('0b194ae7-2a71-4ad5-8e03-3fbc7b3a65fc', '53049552-4443-4cb3-ac6e-be18e8a4dd6d', 'Green Beans', 5, 'oz');
INSERT INTO ingredients (id, recipe_id, name, quantity, unit) VALUES ('66a7c8c8-8c4a-49b2-8a24-4c76dd429580', '53049552-4443-4cb3-ac6e-be18e8a4dd6d', 'Bell Peppers', 3, 'cup');
INSERT INTO ingredients (id, recipe_id, name, quantity, unit) VALUES ('2bfdee43-2cce-405d-9795-5d1c95b92d94', '53049552-4443-4cb3-ac6e-be18e8a4dd6d', 'Green Beans', 2, 'pinch');
INSERT INTO recipe_dietary_tags (recipe_id, tag_id) VALUES ('53049552-4443-4cb3-ac6e-be18e8a4dd6d', 7);
INSERT INTO recipe_dietary_tags (recipe_id, tag_id) VALUES ('53049552-4443-4cb3-ac6e-be18e8a4dd6d', 4);

INSERT INTO recipes (id, user_id, title, description, instructions, image_url, servings, source_url, source_name, is_archived) VALUES ('7740ab18-85e1-4e6d-b8e8-32870d668800', 'admin-user-id', 'Taco Seasoned Sautéed Chickpeas', 'A delicious and healthy Taco Seasoned Sautéed Chickpeas served with Asparagus and Roasted Potatoes. Perfect for a quick weeknight dinner.', '1. Preheat oven to 400°F.
2. Season the Chickpeas with Taco Seasoned spices.
3. Arrange Asparagus and Green Beans on a baking sheet.
4. Sautéed for 20-25 minutes until cooked through.
5. Serve hot over Roasted Potatoes.', 'https://images.unsplash.com/photo-1500000000105?auto=format&fit=crop&w=800&q=60', 2, 'https://www.tasteofhome.com', 'Taste of Home', 0);
INSERT INTO ingredients (id, recipe_id, name, quantity, unit) VALUES ('619753cc-ae6b-4714-a817-b4dd6b955a03', '7740ab18-85e1-4e6d-b8e8-32870d668800', 'Chickpeas', 1, 'lb');
INSERT INTO ingredients (id, recipe_id, name, quantity, unit) VALUES ('5950b4cc-43e4-4ea4-ba00-bc7de2a918ac', '7740ab18-85e1-4e6d-b8e8-32870d668800', 'Asparagus', 3, 'head');
INSERT INTO ingredients (id, recipe_id, name, quantity, unit) VALUES ('12ff54ce-2f5a-428c-ab3d-e477add251c7', '7740ab18-85e1-4e6d-b8e8-32870d668800', 'Roasted Potatoes', 3, 'cup');
INSERT INTO ingredients (id, recipe_id, name, quantity, unit) VALUES ('b869ac00-a1ee-429d-817b-6ecf7928cf62', '7740ab18-85e1-4e6d-b8e8-32870d668800', 'Olive Oil', 1, 'tbsp');
INSERT INTO ingredients (id, recipe_id, name, quantity, unit) VALUES ('a31c9ccb-fb35-4a5c-8f57-2e6bbb91fc40', '7740ab18-85e1-4e6d-b8e8-32870d668800', 'Salt & Pepper', 1, 'pinch');
INSERT INTO ingredients (id, recipe_id, name, quantity, unit) VALUES ('c8483601-8a09-4cab-862f-60ec5f1f6191', '7740ab18-85e1-4e6d-b8e8-32870d668800', 'Spinach', 3, 'tsp');
INSERT INTO ingredients (id, recipe_id, name, quantity, unit) VALUES ('e1e7ea2b-d139-4103-92ae-afed4e30ecc5', '7740ab18-85e1-4e6d-b8e8-32870d668800', 'Cauliflower', 2, 'cup');
INSERT INTO ingredients (id, recipe_id, name, quantity, unit) VALUES ('b18a13a2-bba9-4df1-8dbf-b2c6b75e2d13', '7740ab18-85e1-4e6d-b8e8-32870d668800', 'Ginger', 5, 'clove');
INSERT INTO ingredients (id, recipe_id, name, quantity, unit) VALUES ('2737d609-5efd-4bf6-908f-0e70f041ea2a', '7740ab18-85e1-4e6d-b8e8-32870d668800', 'Sweet Potatoes', 4, 'oz');
INSERT INTO recipe_dietary_tags (recipe_id, tag_id) VALUES ('7740ab18-85e1-4e6d-b8e8-32870d668800', 5);

INSERT INTO recipes (id, user_id, title, description, instructions, image_url, servings, source_url, source_name, is_archived) VALUES ('fbf0c805-cc9b-4ef0-bf07-81706195f154', 'admin-user-id', 'Lemon Garlic Roasted Eggs', 'A delicious and healthy Lemon Garlic Roasted Eggs served with Sweet Potatoes and Roasted Potatoes. Perfect for a quick weeknight dinner.', '1. Preheat oven to 400°F.
2. Season the Eggs with Lemon Garlic spices.
3. Arrange Sweet Potatoes and Zucchini on a baking sheet.
4. Roasted for 20-25 minutes until cooked through.
5. Serve hot over Roasted Potatoes.', 'https://images.unsplash.com/photo-1500000000106?auto=format&fit=crop&w=800&q=60', 5, 'https://www.allrecipes.com', 'AllRecipes', 0);
INSERT INTO ingredients (id, recipe_id, name, quantity, unit) VALUES ('938f0685-6cc4-423c-8cbd-9dbf0cd6a14b', 'fbf0c805-cc9b-4ef0-bf07-81706195f154', 'Eggs', 1, 'oz');
INSERT INTO ingredients (id, recipe_id, name, quantity, unit) VALUES ('30d35d18-81be-43d3-8f22-c09338d54da4', 'fbf0c805-cc9b-4ef0-bf07-81706195f154', 'Sweet Potatoes', 1, 'bundle');
INSERT INTO ingredients (id, recipe_id, name, quantity, unit) VALUES ('196c107c-53ee-484e-a479-8e0a6ecdf6a8', 'fbf0c805-cc9b-4ef0-bf07-81706195f154', 'Roasted Potatoes', 1, 'cup');
INSERT INTO ingredients (id, recipe_id, name, quantity, unit) VALUES ('8eec5ae9-f68f-401a-b7b7-06766582e574', 'fbf0c805-cc9b-4ef0-bf07-81706195f154', 'Olive Oil', 3, 'tbsp');
INSERT INTO ingredients (id, recipe_id, name, quantity, unit) VALUES ('5f007efb-d087-46f2-8a22-3a64e677f3e7', 'fbf0c805-cc9b-4ef0-bf07-81706195f154', 'Salt & Pepper', 1, 'pinch');
INSERT INTO ingredients (id, recipe_id, name, quantity, unit) VALUES ('de4e8f9c-6cd7-4055-9725-302ad1605ee3', 'fbf0c805-cc9b-4ef0-bf07-81706195f154', 'Green Beans', 4, 'bundle');
INSERT INTO ingredients (id, recipe_id, name, quantity, unit) VALUES ('a9454446-f354-4baf-95fb-898c869d82cc', 'fbf0c805-cc9b-4ef0-bf07-81706195f154', 'Sweet Potatoes', 4, 'lb');
INSERT INTO recipe_dietary_tags (recipe_id, tag_id) VALUES ('fbf0c805-cc9b-4ef0-bf07-81706195f154', 3);
INSERT INTO recipe_dietary_tags (recipe_id, tag_id) VALUES ('fbf0c805-cc9b-4ef0-bf07-81706195f154', 7);

INSERT INTO recipes (id, user_id, title, description, instructions, image_url, servings, source_url, source_name, is_archived) VALUES ('81de2fa9-0b13-4888-8796-1319587e1dc0', 'admin-user-id', 'Honey Sriracha Pan-Seared Salmon Fillet', 'A delicious and healthy Honey Sriracha Pan-Seared Salmon Fillet served with Zucchini and Lentil Pasta. Perfect for a quick weeknight dinner.', '1. Preheat oven to 400°F.
2. Season the Salmon Fillet with Honey Sriracha spices.
3. Arrange Zucchini and Kale on a baking sheet.
4. Pan-Seared for 20-25 minutes until cooked through.
5. Serve hot over Lentil Pasta.', 'https://images.unsplash.com/photo-1500000000107?auto=format&fit=crop&w=800&q=60', 2, 'https://www.epicurious.com', 'Epicurious', 0);
INSERT INTO ingredients (id, recipe_id, name, quantity, unit) VALUES ('8b6003b4-f178-4317-bae2-cfc8bf8364ab', '81de2fa9-0b13-4888-8796-1319587e1dc0', 'Salmon Fillet', 2, 'lb');
INSERT INTO ingredients (id, recipe_id, name, quantity, unit) VALUES ('13ec84ca-ad19-43cf-9be0-1c3ee7f6c077', '81de2fa9-0b13-4888-8796-1319587e1dc0', 'Zucchini', 3, 'bundle');
INSERT INTO ingredients (id, recipe_id, name, quantity, unit) VALUES ('bc2f2567-28e1-4ef1-bfd2-6c7c1e26d9b8', '81de2fa9-0b13-4888-8796-1319587e1dc0', 'Lentil Pasta', 3, 'cup');
INSERT INTO ingredients (id, recipe_id, name, quantity, unit) VALUES ('d418a71c-aad8-4296-8288-b6f4ce9cf671', '81de2fa9-0b13-4888-8796-1319587e1dc0', 'Olive Oil', 3, 'tbsp');
INSERT INTO ingredients (id, recipe_id, name, quantity, unit) VALUES ('0f51793e-7729-4ce7-ae1b-aeaf1b3df9c3', '81de2fa9-0b13-4888-8796-1319587e1dc0', 'Salt & Pepper', 1, 'pinch');
INSERT INTO ingredients (id, recipe_id, name, quantity, unit) VALUES ('806043e4-2520-482b-b622-3fd7ea9eff35', '81de2fa9-0b13-4888-8796-1319587e1dc0', 'Broccoli', 3, 'lb');
INSERT INTO ingredients (id, recipe_id, name, quantity, unit) VALUES ('8441d600-741e-4dc6-b4e2-ace9004df5d0', '81de2fa9-0b13-4888-8796-1319587e1dc0', 'Onion', 2, 'pinch');
INSERT INTO ingredients (id, recipe_id, name, quantity, unit) VALUES ('864a5305-2277-47c8-9952-91810ff7ee91', '81de2fa9-0b13-4888-8796-1319587e1dc0', 'Onion', 2, 'tsp');
INSERT INTO ingredients (id, recipe_id, name, quantity, unit) VALUES ('5e325248-7c5f-4fbb-9cf0-7a0ddb4e08a5', '81de2fa9-0b13-4888-8796-1319587e1dc0', 'Cauliflower', 3, 'head');
INSERT INTO recipe_dietary_tags (recipe_id, tag_id) VALUES ('81de2fa9-0b13-4888-8796-1319587e1dc0', 1);
INSERT INTO recipe_dietary_tags (recipe_id, tag_id) VALUES ('81de2fa9-0b13-4888-8796-1319587e1dc0', 5);
INSERT INTO recipe_dietary_tags (recipe_id, tag_id) VALUES ('81de2fa9-0b13-4888-8796-1319587e1dc0', 2);

INSERT INTO recipes (id, user_id, title, description, instructions, image_url, servings, source_url, source_name, is_archived) VALUES ('d0e320c3-1d61-43af-98d2-1d058e5a905c', 'admin-user-id', 'Smoky BBQ Grilled Lentils', 'A delicious and healthy Smoky BBQ Grilled Lentils served with Brussels Sprouts and Mashed Cauliflower. Perfect for a quick weeknight dinner.', '1. Preheat oven to 400°F.
2. Season the Lentils with Smoky BBQ spices.
3. Arrange Brussels Sprouts and Green Beans on a baking sheet.
4. Grilled for 20-25 minutes until cooked through.
5. Serve hot over Mashed Cauliflower.', 'https://images.unsplash.com/photo-1500000000108?auto=format&fit=crop&w=800&q=60', 3, 'https://www.tasteofhome.com', 'Taste of Home', 0);
INSERT INTO ingredients (id, recipe_id, name, quantity, unit) VALUES ('da3e96b2-d281-42e6-8fe3-615ac3b26226', 'd0e320c3-1d61-43af-98d2-1d058e5a905c', 'Lentils', 2, 'lb');
INSERT INTO ingredients (id, recipe_id, name, quantity, unit) VALUES ('ba01d451-878c-4403-9a36-af8ae3eef237', 'd0e320c3-1d61-43af-98d2-1d058e5a905c', 'Brussels Sprouts', 2, 'cup');
INSERT INTO ingredients (id, recipe_id, name, quantity, unit) VALUES ('1b7028f8-2be2-4018-89d3-1750ea03f9c3', 'd0e320c3-1d61-43af-98d2-1d058e5a905c', 'Mashed Cauliflower', 3, 'cup');
INSERT INTO ingredients (id, recipe_id, name, quantity, unit) VALUES ('7a3ac4cb-ec05-4ca3-925e-770bf83b733e', 'd0e320c3-1d61-43af-98d2-1d058e5a905c', 'Olive Oil', 3, 'tbsp');
INSERT INTO ingredients (id, recipe_id, name, quantity, unit) VALUES ('bf988a09-ea2d-40b2-86db-fe73d8c5bb30', 'd0e320c3-1d61-43af-98d2-1d058e5a905c', 'Salt & Pepper', 1, 'pinch');
INSERT INTO ingredients (id, recipe_id, name, quantity, unit) VALUES ('da710680-1fa5-41a1-bb87-58964b4e5f47', 'd0e320c3-1d61-43af-98d2-1d058e5a905c', 'Zucchini', 5, 'tsp');
INSERT INTO ingredients (id, recipe_id, name, quantity, unit) VALUES ('875e7ec2-4743-4341-bf22-d2f149e11d78', 'd0e320c3-1d61-43af-98d2-1d058e5a905c', 'Butter', 5, 'head');
INSERT INTO ingredients (id, recipe_id, name, quantity, unit) VALUES ('cd34b6b2-bbfd-4c43-963e-b0a2bcf06cb2', 'd0e320c3-1d61-43af-98d2-1d058e5a905c', 'Zucchini', 5, 'cup');
INSERT INTO ingredients (id, recipe_id, name, quantity, unit) VALUES ('a5cc2a9b-40ef-467a-bc47-2b447b5fa909', 'd0e320c3-1d61-43af-98d2-1d058e5a905c', 'Bell Peppers', 2, 'clove');
INSERT INTO recipe_dietary_tags (recipe_id, tag_id) VALUES ('d0e320c3-1d61-43af-98d2-1d058e5a905c', 3);
INSERT INTO recipe_dietary_tags (recipe_id, tag_id) VALUES ('d0e320c3-1d61-43af-98d2-1d058e5a905c', 5);

INSERT INTO recipes (id, user_id, title, description, instructions, image_url, servings, source_url, source_name, is_archived) VALUES ('d0f281cd-6439-45b8-98dc-7581317ed3f1', 'admin-user-id', 'Taco Seasoned Pan-Seared Shrimp', 'A delicious and healthy Taco Seasoned Pan-Seared Shrimp served with Spinach and Mashed Cauliflower. Perfect for a quick weeknight dinner.', '1. Preheat oven to 400°F.
2. Season the Shrimp with Taco Seasoned spices.
3. Arrange Spinach and Brussels Sprouts on a baking sheet.
4. Pan-Seared for 20-25 minutes until cooked through.
5. Serve hot over Mashed Cauliflower.', 'https://images.unsplash.com/photo-1500000000109?auto=format&fit=crop&w=800&q=60', 8, 'https://www.epicurious.com', 'Epicurious', 0);
INSERT INTO ingredients (id, recipe_id, name, quantity, unit) VALUES ('e08ed1cc-788b-45fe-94d7-e95c321001ad', 'd0f281cd-6439-45b8-98dc-7581317ed3f1', 'Shrimp', 1, 'lb');
INSERT INTO ingredients (id, recipe_id, name, quantity, unit) VALUES ('f169095e-f6fa-40e7-ade2-bd190b99a5e5', 'd0f281cd-6439-45b8-98dc-7581317ed3f1', 'Spinach', 4, 'cup');
INSERT INTO ingredients (id, recipe_id, name, quantity, unit) VALUES ('d00f638b-c79c-4021-9235-2b409e291f7b', 'd0f281cd-6439-45b8-98dc-7581317ed3f1', 'Mashed Cauliflower', 3, 'cup');
INSERT INTO ingredients (id, recipe_id, name, quantity, unit) VALUES ('bce9ae85-79f6-46b5-9795-929a0185d455', 'd0f281cd-6439-45b8-98dc-7581317ed3f1', 'Olive Oil', 1, 'tbsp');
INSERT INTO ingredients (id, recipe_id, name, quantity, unit) VALUES ('1fe61bb5-be66-4766-a47e-539caf7e610e', 'd0f281cd-6439-45b8-98dc-7581317ed3f1', 'Salt & Pepper', 1, 'pinch');
INSERT INTO recipe_dietary_tags (recipe_id, tag_id) VALUES ('d0f281cd-6439-45b8-98dc-7581317ed3f1', 9);

INSERT INTO recipes (id, user_id, title, description, instructions, image_url, servings, source_url, source_name, is_archived) VALUES ('d418f304-90e8-482c-b1ab-381d8ffdcafe', 'admin-user-id', 'Miso Ginger Slow Cooked Cod', 'A delicious and healthy Miso Ginger Slow Cooked Cod served with Carrots and Zucchini Noodles. Perfect for a quick weeknight dinner.', '1. Preheat oven to 400°F.
2. Season the Cod with Miso Ginger spices.
3. Arrange Carrots and Kale on a baking sheet.
4. Slow Cooked for 20-25 minutes until cooked through.
5. Serve hot over Zucchini Noodles.', 'https://images.unsplash.com/photo-1500000000110?auto=format&fit=crop&w=800&q=60', 2, 'https://www.tasteofhome.com', 'Taste of Home', 0);
INSERT INTO ingredients (id, recipe_id, name, quantity, unit) VALUES ('866b910a-49b8-4460-b1be-4334f78debef', 'd418f304-90e8-482c-b1ab-381d8ffdcafe', 'Cod', 1, 'oz');
INSERT INTO ingredients (id, recipe_id, name, quantity, unit) VALUES ('3835c5d3-c76e-47db-8f55-4e0e02633454', 'd418f304-90e8-482c-b1ab-381d8ffdcafe', 'Carrots', 4, 'cup');
INSERT INTO ingredients (id, recipe_id, name, quantity, unit) VALUES ('bb311f2e-323e-4b3f-8c65-a5bbcdde5666', 'd418f304-90e8-482c-b1ab-381d8ffdcafe', 'Zucchini Noodles', 3, 'cup');
INSERT INTO ingredients (id, recipe_id, name, quantity, unit) VALUES ('eb9c9d8e-06b2-47e5-9e48-e2271bb72a92', 'd418f304-90e8-482c-b1ab-381d8ffdcafe', 'Olive Oil', 1, 'tbsp');
INSERT INTO ingredients (id, recipe_id, name, quantity, unit) VALUES ('81db625e-19fd-4360-800e-9d68aa9a9f90', 'd418f304-90e8-482c-b1ab-381d8ffdcafe', 'Salt & Pepper', 1, 'pinch');
INSERT INTO ingredients (id, recipe_id, name, quantity, unit) VALUES ('2a45c18e-1a61-4607-b5a2-d0826cb2e8a5', 'd418f304-90e8-482c-b1ab-381d8ffdcafe', 'Onion', 3, 'tbsp');
INSERT INTO ingredients (id, recipe_id, name, quantity, unit) VALUES ('6604a638-728c-4ce7-9876-1db286a49f54', 'd418f304-90e8-482c-b1ab-381d8ffdcafe', 'Broccoli', 2, 'bundle');
INSERT INTO recipe_dietary_tags (recipe_id, tag_id) VALUES ('d418f304-90e8-482c-b1ab-381d8ffdcafe', 7);
INSERT INTO recipe_dietary_tags (recipe_id, tag_id) VALUES ('d418f304-90e8-482c-b1ab-381d8ffdcafe', 9);

INSERT INTO recipes (id, user_id, title, description, instructions, image_url, servings, source_url, source_name, is_archived) VALUES ('e7123eb3-fa09-458f-9217-5b3e5f051214', 'admin-user-id', 'Miso Ginger Grilled Lentils', 'A delicious and healthy Miso Ginger Grilled Lentils served with Zucchini and Zucchini Noodles. Perfect for a quick weeknight dinner.', '1. Preheat oven to 400°F.
2. Season the Lentils with Miso Ginger spices.
3. Arrange Zucchini and Green Beans on a baking sheet.
4. Grilled for 20-25 minutes until cooked through.
5. Serve hot over Zucchini Noodles.', 'https://images.unsplash.com/photo-1500000000111?auto=format&fit=crop&w=800&q=60', 4, 'https://www.epicurious.com', 'Epicurious', 0);
INSERT INTO ingredients (id, recipe_id, name, quantity, unit) VALUES ('2dbffb6e-5616-4e00-ba6f-578529b78a5f', 'e7123eb3-fa09-458f-9217-5b3e5f051214', 'Lentils', 1, 'oz');
INSERT INTO ingredients (id, recipe_id, name, quantity, unit) VALUES ('b708bbff-aabb-4370-8031-ce707cae1612', 'e7123eb3-fa09-458f-9217-5b3e5f051214', 'Zucchini', 2, 'bundle');
INSERT INTO ingredients (id, recipe_id, name, quantity, unit) VALUES ('5c014a87-d58d-4242-b2ae-9c8b8e30d108', 'e7123eb3-fa09-458f-9217-5b3e5f051214', 'Zucchini Noodles', 2, 'cup');
INSERT INTO ingredients (id, recipe_id, name, quantity, unit) VALUES ('fe878fa6-d34a-435c-ad99-3120c9679ba5', 'e7123eb3-fa09-458f-9217-5b3e5f051214', 'Olive Oil', 3, 'tbsp');
INSERT INTO ingredients (id, recipe_id, name, quantity, unit) VALUES ('8a2a93aa-05b1-472e-b09a-9eb5fb0ffa54', 'e7123eb3-fa09-458f-9217-5b3e5f051214', 'Salt & Pepper', 1, 'pinch');
INSERT INTO ingredients (id, recipe_id, name, quantity, unit) VALUES ('4b75fec3-9704-4ee5-b962-530c88829727', 'e7123eb3-fa09-458f-9217-5b3e5f051214', 'Carrots', 1, 'head');
INSERT INTO ingredients (id, recipe_id, name, quantity, unit) VALUES ('f44a875b-83fd-4f1c-9117-767adb57c57b', 'e7123eb3-fa09-458f-9217-5b3e5f051214', 'Cauliflower', 5, 'lb');
INSERT INTO ingredients (id, recipe_id, name, quantity, unit) VALUES ('c72076d3-7dc8-4238-bade-4b82049eddab', 'e7123eb3-fa09-458f-9217-5b3e5f051214', 'Carrots', 5, 'tbsp');
INSERT INTO ingredients (id, recipe_id, name, quantity, unit) VALUES ('15d89f9c-a3df-4787-ad1c-fe6a18432916', 'e7123eb3-fa09-458f-9217-5b3e5f051214', 'Garlic', 5, 'oz');
INSERT INTO ingredients (id, recipe_id, name, quantity, unit) VALUES ('9633a39e-4b84-465a-b8b4-2c275199d5ac', 'e7123eb3-fa09-458f-9217-5b3e5f051214', 'Garlic', 1, 'head');
INSERT INTO ingredients (id, recipe_id, name, quantity, unit) VALUES ('85705ddc-3890-4a14-94b2-90887ca1cc34', 'e7123eb3-fa09-458f-9217-5b3e5f051214', 'Asparagus', 1, 'clove');
INSERT INTO ingredients (id, recipe_id, name, quantity, unit) VALUES ('200f6dc9-6514-461f-b02e-37692fc5327e', 'e7123eb3-fa09-458f-9217-5b3e5f051214', 'Butter', 5, 'tsp');
INSERT INTO recipe_dietary_tags (recipe_id, tag_id) VALUES ('e7123eb3-fa09-458f-9217-5b3e5f051214', 7);
INSERT INTO recipe_dietary_tags (recipe_id, tag_id) VALUES ('e7123eb3-fa09-458f-9217-5b3e5f051214', 10);

INSERT INTO recipes (id, user_id, title, description, instructions, image_url, servings, source_url, source_name, is_archived) VALUES ('fd021856-9267-4bc0-ad0c-d602d9f0d5b7', 'admin-user-id', 'Herbes de Provence Steamed Lamb Chops', 'A delicious and healthy Herbes de Provence Steamed Lamb Chops served with Bell Peppers and Lentil Pasta. Perfect for a quick weeknight dinner.', '1. Preheat oven to 400°F.
2. Season the Lamb Chops with Herbes de Provence spices.
3. Arrange Bell Peppers and Carrots on a baking sheet.
4. Steamed for 20-25 minutes until cooked through.
5. Serve hot over Lentil Pasta.', 'https://images.unsplash.com/photo-1500000000112?auto=format&fit=crop&w=800&q=60', 6, 'https://www.tasteofhome.com', 'Taste of Home', 0);
INSERT INTO ingredients (id, recipe_id, name, quantity, unit) VALUES ('24b5a4ce-431a-4bd9-86f8-62767e9220dc', 'fd021856-9267-4bc0-ad0c-d602d9f0d5b7', 'Lamb Chops', 1, 'oz');
INSERT INTO ingredients (id, recipe_id, name, quantity, unit) VALUES ('b4bc0792-2c8e-4fed-bde7-40aa7a206398', 'fd021856-9267-4bc0-ad0c-d602d9f0d5b7', 'Bell Peppers', 1, 'cup');
INSERT INTO ingredients (id, recipe_id, name, quantity, unit) VALUES ('759731ef-d5aa-439f-aee9-5dee9144ace5', 'fd021856-9267-4bc0-ad0c-d602d9f0d5b7', 'Lentil Pasta', 2, 'cup');
INSERT INTO ingredients (id, recipe_id, name, quantity, unit) VALUES ('89f143ca-98fe-4e58-9f4e-25eccd2fb884', 'fd021856-9267-4bc0-ad0c-d602d9f0d5b7', 'Olive Oil', 1, 'tbsp');
INSERT INTO ingredients (id, recipe_id, name, quantity, unit) VALUES ('ec059de8-fd8f-4510-b45d-5d4f0f6e5cf6', 'fd021856-9267-4bc0-ad0c-d602d9f0d5b7', 'Salt & Pepper', 1, 'pinch');
INSERT INTO ingredients (id, recipe_id, name, quantity, unit) VALUES ('d9f17c2a-61de-49db-b138-942d4b770a9d', 'fd021856-9267-4bc0-ad0c-d602d9f0d5b7', 'Onion', 5, 'g');
INSERT INTO ingredients (id, recipe_id, name, quantity, unit) VALUES ('db7c29a6-39ce-4f0d-8fac-886039343987', 'fd021856-9267-4bc0-ad0c-d602d9f0d5b7', 'Sweet Potatoes', 1, 'tbsp');
INSERT INTO ingredients (id, recipe_id, name, quantity, unit) VALUES ('977b82c2-1027-43bf-8fda-a8b524d6d95d', 'fd021856-9267-4bc0-ad0c-d602d9f0d5b7', 'Green Beans', 3, 'oz');
INSERT INTO ingredients (id, recipe_id, name, quantity, unit) VALUES ('f06e5649-2548-4936-875c-28b0429509ff', 'fd021856-9267-4bc0-ad0c-d602d9f0d5b7', 'Ginger', 4, 'head');
INSERT INTO ingredients (id, recipe_id, name, quantity, unit) VALUES ('84e11efb-3fe1-4255-9dc0-77aa9532943b', 'fd021856-9267-4bc0-ad0c-d602d9f0d5b7', 'Onion', 2, 'tsp');
INSERT INTO ingredients (id, recipe_id, name, quantity, unit) VALUES ('0befded7-0fbb-43b0-afd6-d52dc4353cd4', 'fd021856-9267-4bc0-ad0c-d602d9f0d5b7', 'Ginger', 1, 'clove');
INSERT INTO recipe_dietary_tags (recipe_id, tag_id) VALUES ('fd021856-9267-4bc0-ad0c-d602d9f0d5b7', 7);
INSERT INTO recipe_dietary_tags (recipe_id, tag_id) VALUES ('fd021856-9267-4bc0-ad0c-d602d9f0d5b7', 9);
INSERT INTO recipe_dietary_tags (recipe_id, tag_id) VALUES ('fd021856-9267-4bc0-ad0c-d602d9f0d5b7', 5);

INSERT INTO recipes (id, user_id, title, description, instructions, image_url, servings, source_url, source_name, is_archived) VALUES ('c9555b0e-e622-4ff9-a0bd-e5edcefc4966', 'admin-user-id', 'Pesto Baked Pork Loin', 'A delicious and healthy Pesto Baked Pork Loin served with Brussels Sprouts and Zucchini Noodles. Perfect for a quick weeknight dinner.', '1. Preheat oven to 400°F.
2. Season the Pork Loin with Pesto spices.
3. Arrange Brussels Sprouts and Broccoli on a baking sheet.
4. Baked for 20-25 minutes until cooked through.
5. Serve hot over Zucchini Noodles.', 'https://images.unsplash.com/photo-1500000000113?auto=format&fit=crop&w=800&q=60', 8, 'https://www.tasteofhome.com', 'Taste of Home', 0);
INSERT INTO ingredients (id, recipe_id, name, quantity, unit) VALUES ('bc63da32-d248-4ae6-b1d7-9d30cd58ac66', 'c9555b0e-e622-4ff9-a0bd-e5edcefc4966', 'Pork Loin', 2, 'lb');
INSERT INTO ingredients (id, recipe_id, name, quantity, unit) VALUES ('7917ab02-fda3-4173-93a2-02e9dd3d1d24', 'c9555b0e-e622-4ff9-a0bd-e5edcefc4966', 'Brussels Sprouts', 4, 'cup');
INSERT INTO ingredients (id, recipe_id, name, quantity, unit) VALUES ('9e8ebba6-8414-4152-ada4-db93aacc5fd0', 'c9555b0e-e622-4ff9-a0bd-e5edcefc4966', 'Zucchini Noodles', 2, 'cup');
INSERT INTO ingredients (id, recipe_id, name, quantity, unit) VALUES ('f1776845-61db-4cd8-94c9-827121623312', 'c9555b0e-e622-4ff9-a0bd-e5edcefc4966', 'Olive Oil', 2, 'tbsp');
INSERT INTO ingredients (id, recipe_id, name, quantity, unit) VALUES ('4096ae71-102f-4fe4-9a53-fbc69d5bec6c', 'c9555b0e-e622-4ff9-a0bd-e5edcefc4966', 'Salt & Pepper', 1, 'pinch');
INSERT INTO recipe_dietary_tags (recipe_id, tag_id) VALUES ('c9555b0e-e622-4ff9-a0bd-e5edcefc4966', 6);

INSERT INTO recipes (id, user_id, title, description, instructions, image_url, servings, source_url, source_name, is_archived) VALUES ('2a5c6a7b-53c7-4feb-8c29-9a865bdd86e7', 'admin-user-id', 'Herbes de Provence Pan-Seared Cod', 'A delicious and healthy Herbes de Provence Pan-Seared Cod served with Green Beans and Mashed Cauliflower. Perfect for a quick weeknight dinner.', '1. Preheat oven to 400°F.
2. Season the Cod with Herbes de Provence spices.
3. Arrange Green Beans and Carrots on a baking sheet.
4. Pan-Seared for 20-25 minutes until cooked through.
5. Serve hot over Mashed Cauliflower.', 'https://images.unsplash.com/photo-1500000000114?auto=format&fit=crop&w=800&q=60', 4, 'https://www.foodnetwork.com', 'Food Network', 0);
INSERT INTO ingredients (id, recipe_id, name, quantity, unit) VALUES ('20d79a38-8c43-4d16-aaf2-00e220d3b24d', '2a5c6a7b-53c7-4feb-8c29-9a865bdd86e7', 'Cod', 1, 'oz');
INSERT INTO ingredients (id, recipe_id, name, quantity, unit) VALUES ('6b440ab4-3d37-4835-abff-f60d9ed86f2a', '2a5c6a7b-53c7-4feb-8c29-9a865bdd86e7', 'Green Beans', 1, 'head');
INSERT INTO ingredients (id, recipe_id, name, quantity, unit) VALUES ('a18f20d4-c7ef-4cf9-9416-0cc337f4b403', '2a5c6a7b-53c7-4feb-8c29-9a865bdd86e7', 'Mashed Cauliflower', 1, 'cup');
INSERT INTO ingredients (id, recipe_id, name, quantity, unit) VALUES ('e4940a9d-cfed-4814-9697-aaf8ba7c240d', '2a5c6a7b-53c7-4feb-8c29-9a865bdd86e7', 'Olive Oil', 3, 'tbsp');
INSERT INTO ingredients (id, recipe_id, name, quantity, unit) VALUES ('82514246-1f3e-4dbe-a1db-08a4577c54b2', '2a5c6a7b-53c7-4feb-8c29-9a865bdd86e7', 'Salt & Pepper', 1, 'pinch');
INSERT INTO ingredients (id, recipe_id, name, quantity, unit) VALUES ('03c27f60-382c-4b13-a8a9-6025a2e7d112', '2a5c6a7b-53c7-4feb-8c29-9a865bdd86e7', 'Cauliflower', 1, 'bundle');
INSERT INTO ingredients (id, recipe_id, name, quantity, unit) VALUES ('cd261e59-9ec1-436c-a017-dd47edfb3015', '2a5c6a7b-53c7-4feb-8c29-9a865bdd86e7', 'Brussels Sprouts', 1, 'bundle');
INSERT INTO ingredients (id, recipe_id, name, quantity, unit) VALUES ('dad25c35-8861-4272-b76d-1bdbe8436682', '2a5c6a7b-53c7-4feb-8c29-9a865bdd86e7', 'Broccoli', 5, 'clove');
INSERT INTO ingredients (id, recipe_id, name, quantity, unit) VALUES ('29c6c8eb-5049-4495-a78e-47ee7e197e7a', '2a5c6a7b-53c7-4feb-8c29-9a865bdd86e7', 'Garlic', 4, 'pinch');
INSERT INTO ingredients (id, recipe_id, name, quantity, unit) VALUES ('f2d98452-8bdb-4d27-8cb1-1e0f1342bcbb', '2a5c6a7b-53c7-4feb-8c29-9a865bdd86e7', 'Spinach', 4, 'g');
INSERT INTO ingredients (id, recipe_id, name, quantity, unit) VALUES ('2dabe9cb-8c3f-4237-8b47-3315c9c79843', '2a5c6a7b-53c7-4feb-8c29-9a865bdd86e7', 'Butter', 2, 'tbsp');
INSERT INTO recipe_dietary_tags (recipe_id, tag_id) VALUES ('2a5c6a7b-53c7-4feb-8c29-9a865bdd86e7', 2);
INSERT INTO recipe_dietary_tags (recipe_id, tag_id) VALUES ('2a5c6a7b-53c7-4feb-8c29-9a865bdd86e7', 5);

INSERT INTO recipes (id, user_id, title, description, instructions, image_url, servings, source_url, source_name, is_archived) VALUES ('331673c7-7dad-4501-9a08-118d8a04c9b8', 'admin-user-id', 'Lemon Garlic Slow Cooked Black Beans', 'A delicious and healthy Lemon Garlic Slow Cooked Black Beans served with Spinach and Brown Rice. Perfect for a quick weeknight dinner.', '1. Preheat oven to 400°F.
2. Season the Black Beans with Lemon Garlic spices.
3. Arrange Spinach and Bell Peppers on a baking sheet.
4. Slow Cooked for 20-25 minutes until cooked through.
5. Serve hot over Brown Rice.', 'https://images.unsplash.com/photo-1500000000115?auto=format&fit=crop&w=800&q=60', 6, 'https://www.bonappetit.com', 'Bon Appetit', 0);
INSERT INTO ingredients (id, recipe_id, name, quantity, unit) VALUES ('29c5a04e-a595-4c8c-a3ee-408473e4e729', '331673c7-7dad-4501-9a08-118d8a04c9b8', 'Black Beans', 1, 'oz');
INSERT INTO ingredients (id, recipe_id, name, quantity, unit) VALUES ('035965ea-cf63-4219-95fa-5419d7ab4913', '331673c7-7dad-4501-9a08-118d8a04c9b8', 'Spinach', 1, 'head');
INSERT INTO ingredients (id, recipe_id, name, quantity, unit) VALUES ('2b76246f-9ab6-41a8-8aab-08591309df90', '331673c7-7dad-4501-9a08-118d8a04c9b8', 'Brown Rice', 1, 'cup');
INSERT INTO ingredients (id, recipe_id, name, quantity, unit) VALUES ('521a683d-ab0c-43a7-8486-caf9bafb915e', '331673c7-7dad-4501-9a08-118d8a04c9b8', 'Olive Oil', 1, 'tbsp');
INSERT INTO ingredients (id, recipe_id, name, quantity, unit) VALUES ('004bfa57-9258-4db2-a9c4-bd31787c4dfc', '331673c7-7dad-4501-9a08-118d8a04c9b8', 'Salt & Pepper', 1, 'pinch');
INSERT INTO ingredients (id, recipe_id, name, quantity, unit) VALUES ('2332f9cc-ecf0-4fa2-9e67-e6e59d8b8522', '331673c7-7dad-4501-9a08-118d8a04c9b8', 'Sweet Potatoes', 4, 'pinch');
INSERT INTO ingredients (id, recipe_id, name, quantity, unit) VALUES ('65988b08-f4b2-4f4e-a7d4-f69b3f6e746e', '331673c7-7dad-4501-9a08-118d8a04c9b8', 'Sweet Potatoes', 1, 'oz');
INSERT INTO ingredients (id, recipe_id, name, quantity, unit) VALUES ('c88353f5-7828-4d25-b93b-ea2d5dd8e31b', '331673c7-7dad-4501-9a08-118d8a04c9b8', 'Lemon', 2, 'lb');
INSERT INTO ingredients (id, recipe_id, name, quantity, unit) VALUES ('dad2c564-ddbc-44a0-a026-d59174182d25', '331673c7-7dad-4501-9a08-118d8a04c9b8', 'Asparagus', 4, 'lb');
INSERT INTO ingredients (id, recipe_id, name, quantity, unit) VALUES ('89a055a2-d77b-443a-a75b-f5630edc83ff', '331673c7-7dad-4501-9a08-118d8a04c9b8', 'Kale', 3, 'lb');
INSERT INTO ingredients (id, recipe_id, name, quantity, unit) VALUES ('64fedfcb-f511-4d4f-b2c4-e1d5a8a5c99c', '331673c7-7dad-4501-9a08-118d8a04c9b8', 'Sweet Potatoes', 1, 'head');
INSERT INTO ingredients (id, recipe_id, name, quantity, unit) VALUES ('4490e591-eed7-4231-82bc-c66dbc49157a', '331673c7-7dad-4501-9a08-118d8a04c9b8', 'Zucchini', 1, 'lb');
INSERT INTO recipe_dietary_tags (recipe_id, tag_id) VALUES ('331673c7-7dad-4501-9a08-118d8a04c9b8', 10);
INSERT INTO recipe_dietary_tags (recipe_id, tag_id) VALUES ('331673c7-7dad-4501-9a08-118d8a04c9b8', 8);

INSERT INTO recipes (id, user_id, title, description, instructions, image_url, servings, source_url, source_name, is_archived) VALUES ('c9b665b9-ac7f-4e29-9d06-dc7c597bcbfd', 'admin-user-id', 'Cajun Grilled Shrimp', 'A delicious and healthy Cajun Grilled Shrimp served with Carrots and Quinoa. Perfect for a quick weeknight dinner.', '1. Preheat oven to 400°F.
2. Season the Shrimp with Cajun spices.
3. Arrange Carrots and Broccoli on a baking sheet.
4. Grilled for 20-25 minutes until cooked through.
5. Serve hot over Quinoa.', 'https://images.unsplash.com/photo-1500000000116?auto=format&fit=crop&w=800&q=60', 3, 'https://www.allrecipes.com', 'AllRecipes', 0);
INSERT INTO ingredients (id, recipe_id, name, quantity, unit) VALUES ('035ecc5d-1ebe-44d0-980f-d572c205c6b2', 'c9b665b9-ac7f-4e29-9d06-dc7c597bcbfd', 'Shrimp', 2, 'lb');
INSERT INTO ingredients (id, recipe_id, name, quantity, unit) VALUES ('e1a732a7-dedb-4dee-845a-dddea33f8d1c', 'c9b665b9-ac7f-4e29-9d06-dc7c597bcbfd', 'Carrots', 4, 'cup');
INSERT INTO ingredients (id, recipe_id, name, quantity, unit) VALUES ('10930576-b1f4-49a4-9f65-6ee6596ab7be', 'c9b665b9-ac7f-4e29-9d06-dc7c597bcbfd', 'Quinoa', 3, 'cup');
INSERT INTO ingredients (id, recipe_id, name, quantity, unit) VALUES ('6b1ff288-f709-4ee2-91df-d385213b82d0', 'c9b665b9-ac7f-4e29-9d06-dc7c597bcbfd', 'Olive Oil', 3, 'tbsp');
INSERT INTO ingredients (id, recipe_id, name, quantity, unit) VALUES ('8d451b03-64a2-4736-b551-dac0ba4d3935', 'c9b665b9-ac7f-4e29-9d06-dc7c597bcbfd', 'Salt & Pepper', 1, 'pinch');
INSERT INTO recipe_dietary_tags (recipe_id, tag_id) VALUES ('c9b665b9-ac7f-4e29-9d06-dc7c597bcbfd', 6);
INSERT INTO recipe_dietary_tags (recipe_id, tag_id) VALUES ('c9b665b9-ac7f-4e29-9d06-dc7c597bcbfd', 5);

INSERT INTO recipes (id, user_id, title, description, instructions, image_url, servings, source_url, source_name, is_archived) VALUES ('74621e21-f2df-438e-80dd-b971a948345d', 'admin-user-id', 'Herbes de Provence Slow Cooked Ground Beef', 'A delicious and healthy Herbes de Provence Slow Cooked Ground Beef served with Kale and Brown Rice. Perfect for a quick weeknight dinner.', '1. Preheat oven to 400°F.
2. Season the Ground Beef with Herbes de Provence spices.
3. Arrange Kale and Bell Peppers on a baking sheet.
4. Slow Cooked for 20-25 minutes until cooked through.
5. Serve hot over Brown Rice.', 'https://images.unsplash.com/photo-1500000000117?auto=format&fit=crop&w=800&q=60', 8, 'https://www.foodnetwork.com', 'Food Network', 0);
INSERT INTO ingredients (id, recipe_id, name, quantity, unit) VALUES ('5e27dd6d-d326-432b-a557-88b176522de5', '74621e21-f2df-438e-80dd-b971a948345d', 'Ground Beef', 2, 'lb');
INSERT INTO ingredients (id, recipe_id, name, quantity, unit) VALUES ('a7130d5b-9d1d-467d-bcb6-203bd1f3f140', '74621e21-f2df-438e-80dd-b971a948345d', 'Kale', 1, 'bundle');
INSERT INTO ingredients (id, recipe_id, name, quantity, unit) VALUES ('5a73a002-9fb7-44c0-ba91-33d144208cbf', '74621e21-f2df-438e-80dd-b971a948345d', 'Brown Rice', 2, 'cup');
INSERT INTO ingredients (id, recipe_id, name, quantity, unit) VALUES ('f52618a6-25ad-4d7d-bad4-2ef5650e24dd', '74621e21-f2df-438e-80dd-b971a948345d', 'Olive Oil', 3, 'tbsp');
INSERT INTO ingredients (id, recipe_id, name, quantity, unit) VALUES ('3226c8d3-5ee2-4b73-8efa-4f1010d42c6a', '74621e21-f2df-438e-80dd-b971a948345d', 'Salt & Pepper', 1, 'pinch');
INSERT INTO ingredients (id, recipe_id, name, quantity, unit) VALUES ('4baa4022-f688-4585-a594-d68ed2d65e44', '74621e21-f2df-438e-80dd-b971a948345d', 'Broccoli', 5, 'pinch');
INSERT INTO ingredients (id, recipe_id, name, quantity, unit) VALUES ('97fcc9d7-e643-4c9a-92ca-87bb6fe8a36b', '74621e21-f2df-438e-80dd-b971a948345d', 'Sweet Potatoes', 4, 'cup');
INSERT INTO ingredients (id, recipe_id, name, quantity, unit) VALUES ('a131d188-8a24-4b92-b03d-fcb649dc7758', '74621e21-f2df-438e-80dd-b971a948345d', 'Butter', 4, 'lb');
INSERT INTO ingredients (id, recipe_id, name, quantity, unit) VALUES ('04758466-cbfb-4f9e-836e-62acd7fe5341', '74621e21-f2df-438e-80dd-b971a948345d', 'Onion', 1, 'lb');
INSERT INTO ingredients (id, recipe_id, name, quantity, unit) VALUES ('1a0dd321-9e7d-4245-b09a-3bd9652be228', '74621e21-f2df-438e-80dd-b971a948345d', 'Sweet Potatoes', 3, 'g');
INSERT INTO ingredients (id, recipe_id, name, quantity, unit) VALUES ('7336e859-a993-4da0-921c-5738d2493c19', '74621e21-f2df-438e-80dd-b971a948345d', 'Broccoli', 4, 'lb');
INSERT INTO recipe_dietary_tags (recipe_id, tag_id) VALUES ('74621e21-f2df-438e-80dd-b971a948345d', 1);
INSERT INTO recipe_dietary_tags (recipe_id, tag_id) VALUES ('74621e21-f2df-438e-80dd-b971a948345d', 7);

INSERT INTO recipes (id, user_id, title, description, instructions, image_url, servings, source_url, source_name, is_archived) VALUES ('4dea2140-1229-4097-b2af-af89d63450a0', 'admin-user-id', 'Honey Sriracha Grilled Cod', 'A delicious and healthy Honey Sriracha Grilled Cod served with Brussels Sprouts and Couscous. Perfect for a quick weeknight dinner.', '1. Preheat oven to 400°F.
2. Season the Cod with Honey Sriracha spices.
3. Arrange Brussels Sprouts and Sweet Potatoes on a baking sheet.
4. Grilled for 20-25 minutes until cooked through.
5. Serve hot over Couscous.', 'https://images.unsplash.com/photo-1500000000118?auto=format&fit=crop&w=800&q=60', 8, 'https://www.tasteofhome.com', 'Taste of Home', 0);
INSERT INTO ingredients (id, recipe_id, name, quantity, unit) VALUES ('3f9f76a4-d6d6-4e26-b25d-6141140a890b', '4dea2140-1229-4097-b2af-af89d63450a0', 'Cod', 1, 'oz');
INSERT INTO ingredients (id, recipe_id, name, quantity, unit) VALUES ('b3104b34-52f0-404e-8a5c-eaf254ce004e', '4dea2140-1229-4097-b2af-af89d63450a0', 'Brussels Sprouts', 2, 'head');
INSERT INTO ingredients (id, recipe_id, name, quantity, unit) VALUES ('a6887b91-2d85-42ca-8327-eea543ce59da', '4dea2140-1229-4097-b2af-af89d63450a0', 'Couscous', 2, 'cup');
INSERT INTO ingredients (id, recipe_id, name, quantity, unit) VALUES ('7cd93f46-25b1-40a0-9745-4d9c1a62f919', '4dea2140-1229-4097-b2af-af89d63450a0', 'Olive Oil', 2, 'tbsp');
INSERT INTO ingredients (id, recipe_id, name, quantity, unit) VALUES ('9282e694-758c-4fb8-b73d-2e8e9a8eaf2e', '4dea2140-1229-4097-b2af-af89d63450a0', 'Salt & Pepper', 1, 'pinch');
INSERT INTO ingredients (id, recipe_id, name, quantity, unit) VALUES ('88dc8ab0-0959-4482-a5a9-7894291e41d2', '4dea2140-1229-4097-b2af-af89d63450a0', 'Spinach', 5, 'tbsp');
INSERT INTO ingredients (id, recipe_id, name, quantity, unit) VALUES ('a8d052a9-c93c-45b8-9f06-a57e68094f70', '4dea2140-1229-4097-b2af-af89d63450a0', 'Cauliflower', 4, 'head');
INSERT INTO ingredients (id, recipe_id, name, quantity, unit) VALUES ('cc935132-a0c3-40c5-82a9-3d8b8de0b8f7', '4dea2140-1229-4097-b2af-af89d63450a0', 'Kale', 3, 'oz');
INSERT INTO ingredients (id, recipe_id, name, quantity, unit) VALUES ('9defd540-b61a-478c-af09-bcee1a07eeb7', '4dea2140-1229-4097-b2af-af89d63450a0', 'Bell Peppers', 5, 'ml');
INSERT INTO ingredients (id, recipe_id, name, quantity, unit) VALUES ('1310fa91-fd9e-4c3c-8120-645ed7f1051f', '4dea2140-1229-4097-b2af-af89d63450a0', 'Bell Peppers', 2, 'cup');
INSERT INTO ingredients (id, recipe_id, name, quantity, unit) VALUES ('df5c2105-3630-4ba3-8249-ac7f7621f731', '4dea2140-1229-4097-b2af-af89d63450a0', 'Onion', 5, 'bundle');
INSERT INTO ingredients (id, recipe_id, name, quantity, unit) VALUES ('6d108531-6da7-45b2-bef0-89d2ce7adfa0', '4dea2140-1229-4097-b2af-af89d63450a0', 'Lemon', 2, 'tsp');
INSERT INTO recipe_dietary_tags (recipe_id, tag_id) VALUES ('4dea2140-1229-4097-b2af-af89d63450a0', 1);
INSERT INTO recipe_dietary_tags (recipe_id, tag_id) VALUES ('4dea2140-1229-4097-b2af-af89d63450a0', 5);
INSERT INTO recipe_dietary_tags (recipe_id, tag_id) VALUES ('4dea2140-1229-4097-b2af-af89d63450a0', 3);

INSERT INTO recipes (id, user_id, title, description, instructions, image_url, servings, source_url, source_name, is_archived) VALUES ('0bd302b1-65d1-4482-bef8-c62a7e01a6d1', 'admin-user-id', 'Lemon Garlic Baked Ground Beef', 'A delicious and healthy Lemon Garlic Baked Ground Beef served with Bell Peppers and Cauliflower Rice. Perfect for a quick weeknight dinner.', '1. Preheat oven to 400°F.
2. Season the Ground Beef with Lemon Garlic spices.
3. Arrange Bell Peppers and Asparagus on a baking sheet.
4. Baked for 20-25 minutes until cooked through.
5. Serve hot over Cauliflower Rice.', 'https://images.unsplash.com/photo-1500000000119?auto=format&fit=crop&w=800&q=60', 5, 'https://www.allrecipes.com', 'AllRecipes', 0);
INSERT INTO ingredients (id, recipe_id, name, quantity, unit) VALUES ('54257078-fac6-4f24-8735-42844b6bf148', '0bd302b1-65d1-4482-bef8-c62a7e01a6d1', 'Ground Beef', 1, 'lb');
INSERT INTO ingredients (id, recipe_id, name, quantity, unit) VALUES ('d68ac8bf-ed53-4141-95a5-cb5b662dc377', '0bd302b1-65d1-4482-bef8-c62a7e01a6d1', 'Bell Peppers', 2, 'head');
INSERT INTO ingredients (id, recipe_id, name, quantity, unit) VALUES ('d7ac7b0a-1000-4015-8fab-2778dd491517', '0bd302b1-65d1-4482-bef8-c62a7e01a6d1', 'Cauliflower Rice', 1, 'cup');
INSERT INTO ingredients (id, recipe_id, name, quantity, unit) VALUES ('978c63cf-f766-4fea-9563-9ea344b2a7f7', '0bd302b1-65d1-4482-bef8-c62a7e01a6d1', 'Olive Oil', 2, 'tbsp');
INSERT INTO ingredients (id, recipe_id, name, quantity, unit) VALUES ('c49d9c4b-4273-414d-8a37-ce37f6f7b331', '0bd302b1-65d1-4482-bef8-c62a7e01a6d1', 'Salt & Pepper', 1, 'pinch');
INSERT INTO ingredients (id, recipe_id, name, quantity, unit) VALUES ('0e38daa1-96c8-4aa2-bb64-e174d4521825', '0bd302b1-65d1-4482-bef8-c62a7e01a6d1', 'Lemon', 4, 'g');
INSERT INTO ingredients (id, recipe_id, name, quantity, unit) VALUES ('c98611f4-272f-457a-bcba-081115b24385', '0bd302b1-65d1-4482-bef8-c62a7e01a6d1', 'Bell Peppers', 5, 'clove');
INSERT INTO ingredients (id, recipe_id, name, quantity, unit) VALUES ('234fa8c3-6978-4d3e-9e44-a449fbe31904', '0bd302b1-65d1-4482-bef8-c62a7e01a6d1', 'Butter', 3, 'pinch');
INSERT INTO recipe_dietary_tags (recipe_id, tag_id) VALUES ('0bd302b1-65d1-4482-bef8-c62a7e01a6d1', 4);
INSERT INTO recipe_dietary_tags (recipe_id, tag_id) VALUES ('0bd302b1-65d1-4482-bef8-c62a7e01a6d1', 8);
INSERT INTO recipe_dietary_tags (recipe_id, tag_id) VALUES ('0bd302b1-65d1-4482-bef8-c62a7e01a6d1', 5);

INSERT INTO recipes (id, user_id, title, description, instructions, image_url, servings, source_url, source_name, is_archived) VALUES ('c7af947a-8dbf-415d-b3ce-38dafb838db8', 'admin-user-id', 'Honey Sriracha Air Fried Black Beans', 'A delicious and healthy Honey Sriracha Air Fried Black Beans served with Brussels Sprouts and Quinoa. Perfect for a quick weeknight dinner.', '1. Preheat oven to 400°F.
2. Season the Black Beans with Honey Sriracha spices.
3. Arrange Brussels Sprouts and Carrots on a baking sheet.
4. Air Fried for 20-25 minutes until cooked through.
5. Serve hot over Quinoa.', 'https://images.unsplash.com/photo-1500000000120?auto=format&fit=crop&w=800&q=60', 2, 'https://www.allrecipes.com', 'AllRecipes', 0);
INSERT INTO ingredients (id, recipe_id, name, quantity, unit) VALUES ('11b2c2fc-be4c-44e4-911b-848f5456cc67', 'c7af947a-8dbf-415d-b3ce-38dafb838db8', 'Black Beans', 2, 'lb');
INSERT INTO ingredients (id, recipe_id, name, quantity, unit) VALUES ('318f4add-deb2-4efd-9374-0f7361c10b6a', 'c7af947a-8dbf-415d-b3ce-38dafb838db8', 'Brussels Sprouts', 3, 'head');
INSERT INTO ingredients (id, recipe_id, name, quantity, unit) VALUES ('0b33c6b6-bd4c-44ad-83e7-5bb378261d6b', 'c7af947a-8dbf-415d-b3ce-38dafb838db8', 'Quinoa', 1, 'cup');
INSERT INTO ingredients (id, recipe_id, name, quantity, unit) VALUES ('61d33bb5-e715-4d69-871d-81e2b7da5cc6', 'c7af947a-8dbf-415d-b3ce-38dafb838db8', 'Olive Oil', 2, 'tbsp');
INSERT INTO ingredients (id, recipe_id, name, quantity, unit) VALUES ('473a2c0d-d1f1-4eed-9848-3e2ad2d56fb2', 'c7af947a-8dbf-415d-b3ce-38dafb838db8', 'Salt & Pepper', 1, 'pinch');
INSERT INTO ingredients (id, recipe_id, name, quantity, unit) VALUES ('c462b6a0-3ddb-48bc-9581-7ff98cbf9b81', 'c7af947a-8dbf-415d-b3ce-38dafb838db8', 'Bell Peppers', 3, 'pinch');
INSERT INTO recipe_dietary_tags (recipe_id, tag_id) VALUES ('c7af947a-8dbf-415d-b3ce-38dafb838db8', 2);
INSERT INTO recipe_dietary_tags (recipe_id, tag_id) VALUES ('c7af947a-8dbf-415d-b3ce-38dafb838db8', 10);

INSERT INTO recipes (id, user_id, title, description, instructions, image_url, servings, source_url, source_name, is_archived) VALUES ('87aaf74e-9c45-44b6-8d6b-a86547048eb0', 'admin-user-id', 'Smoky BBQ Steamed Salmon Fillet', 'A delicious and healthy Smoky BBQ Steamed Salmon Fillet served with Zucchini and Mashed Cauliflower. Perfect for a quick weeknight dinner.', '1. Preheat oven to 400°F.
2. Season the Salmon Fillet with Smoky BBQ spices.
3. Arrange Zucchini and Cauliflower on a baking sheet.
4. Steamed for 20-25 minutes until cooked through.
5. Serve hot over Mashed Cauliflower.', 'https://images.unsplash.com/photo-1500000000121?auto=format&fit=crop&w=800&q=60', 5, 'https://www.bonappetit.com', 'Bon Appetit', 0);
INSERT INTO ingredients (id, recipe_id, name, quantity, unit) VALUES ('a3cdcc86-dd55-479c-bd86-6c7c7d467c3d', '87aaf74e-9c45-44b6-8d6b-a86547048eb0', 'Salmon Fillet', 1, 'lb');
INSERT INTO ingredients (id, recipe_id, name, quantity, unit) VALUES ('5565ef99-6721-4e5f-9060-cae0c97e2dd8', '87aaf74e-9c45-44b6-8d6b-a86547048eb0', 'Zucchini', 2, 'head');
INSERT INTO ingredients (id, recipe_id, name, quantity, unit) VALUES ('8463ac6c-6dea-4d30-b91a-3e91f299cf81', '87aaf74e-9c45-44b6-8d6b-a86547048eb0', 'Mashed Cauliflower', 1, 'cup');
INSERT INTO ingredients (id, recipe_id, name, quantity, unit) VALUES ('2ff29b70-5375-4783-bea3-fe93cc790b19', '87aaf74e-9c45-44b6-8d6b-a86547048eb0', 'Olive Oil', 1, 'tbsp');
INSERT INTO ingredients (id, recipe_id, name, quantity, unit) VALUES ('3f4984c8-abda-412a-b0b5-4a1f433188bf', '87aaf74e-9c45-44b6-8d6b-a86547048eb0', 'Salt & Pepper', 1, 'pinch');
INSERT INTO ingredients (id, recipe_id, name, quantity, unit) VALUES ('67051df0-bcfc-49de-a31e-e39b45e278ba', '87aaf74e-9c45-44b6-8d6b-a86547048eb0', 'Carrots', 1, 'ml');
INSERT INTO ingredients (id, recipe_id, name, quantity, unit) VALUES ('29397aea-50e5-4860-953a-6cdc7b69d215', '87aaf74e-9c45-44b6-8d6b-a86547048eb0', 'Cauliflower', 4, 'oz');
INSERT INTO recipe_dietary_tags (recipe_id, tag_id) VALUES ('87aaf74e-9c45-44b6-8d6b-a86547048eb0', 2);
INSERT INTO recipe_dietary_tags (recipe_id, tag_id) VALUES ('87aaf74e-9c45-44b6-8d6b-a86547048eb0', 6);

INSERT INTO recipes (id, user_id, title, description, instructions, image_url, servings, source_url, source_name, is_archived) VALUES ('a4ae470e-bfb9-4153-b2d9-41fb6e210cf7', 'admin-user-id', 'Smoky BBQ Slow Cooked Eggs', 'A delicious and healthy Smoky BBQ Slow Cooked Eggs served with Kale and Cauliflower Rice. Perfect for a quick weeknight dinner.', '1. Preheat oven to 400°F.
2. Season the Eggs with Smoky BBQ spices.
3. Arrange Kale and Spinach on a baking sheet.
4. Slow Cooked for 20-25 minutes until cooked through.
5. Serve hot over Cauliflower Rice.', 'https://images.unsplash.com/photo-1500000000122?auto=format&fit=crop&w=800&q=60', 4, 'https://www.foodnetwork.com', 'Food Network', 0);
INSERT INTO ingredients (id, recipe_id, name, quantity, unit) VALUES ('f30fedc2-7c5b-4fdc-9dd9-03bd75b1c953', 'a4ae470e-bfb9-4153-b2d9-41fb6e210cf7', 'Eggs', 1, 'lb');
INSERT INTO ingredients (id, recipe_id, name, quantity, unit) VALUES ('44cd87cd-8bcf-43d7-bfe1-030ec4de213f', 'a4ae470e-bfb9-4153-b2d9-41fb6e210cf7', 'Kale', 1, 'head');
INSERT INTO ingredients (id, recipe_id, name, quantity, unit) VALUES ('4c2e0fc9-97be-419e-9d87-5201e1b52773', 'a4ae470e-bfb9-4153-b2d9-41fb6e210cf7', 'Cauliflower Rice', 1, 'cup');
INSERT INTO ingredients (id, recipe_id, name, quantity, unit) VALUES ('b4648751-c9e5-4ec3-9adb-ccb449cea006', 'a4ae470e-bfb9-4153-b2d9-41fb6e210cf7', 'Olive Oil', 1, 'tbsp');
INSERT INTO ingredients (id, recipe_id, name, quantity, unit) VALUES ('a10e4d01-dd6b-42d1-beb4-697f4e83d188', 'a4ae470e-bfb9-4153-b2d9-41fb6e210cf7', 'Salt & Pepper', 1, 'pinch');
INSERT INTO ingredients (id, recipe_id, name, quantity, unit) VALUES ('3d71e708-731c-4737-b1aa-113599e6a32f', 'a4ae470e-bfb9-4153-b2d9-41fb6e210cf7', 'Spinach', 2, 'tsp');
INSERT INTO ingredients (id, recipe_id, name, quantity, unit) VALUES ('960b6c6f-5f62-4dde-892a-96b163bd6aa5', 'a4ae470e-bfb9-4153-b2d9-41fb6e210cf7', 'Brussels Sprouts', 2, 'tbsp');
INSERT INTO recipe_dietary_tags (recipe_id, tag_id) VALUES ('a4ae470e-bfb9-4153-b2d9-41fb6e210cf7', 2);

INSERT INTO recipes (id, user_id, title, description, instructions, image_url, servings, source_url, source_name, is_archived) VALUES ('0a2b205b-1ea6-48c8-a474-bdf3610c50ff', 'admin-user-id', 'Smoky BBQ Sautéed Lamb Chops', 'A delicious and healthy Smoky BBQ Sautéed Lamb Chops served with Green Beans and Roasted Potatoes. Perfect for a quick weeknight dinner.', '1. Preheat oven to 400°F.
2. Season the Lamb Chops with Smoky BBQ spices.
3. Arrange Green Beans and Sweet Potatoes on a baking sheet.
4. Sautéed for 20-25 minutes until cooked through.
5. Serve hot over Roasted Potatoes.', 'https://images.unsplash.com/photo-1500000000123?auto=format&fit=crop&w=800&q=60', 6, 'https://www.tasteofhome.com', 'Taste of Home', 0);
INSERT INTO ingredients (id, recipe_id, name, quantity, unit) VALUES ('8c0bc016-1b47-4326-8e54-b81a5a248827', '0a2b205b-1ea6-48c8-a474-bdf3610c50ff', 'Lamb Chops', 2, 'oz');
INSERT INTO ingredients (id, recipe_id, name, quantity, unit) VALUES ('70a31628-c723-45d9-ba54-078fb23e9693', '0a2b205b-1ea6-48c8-a474-bdf3610c50ff', 'Green Beans', 1, 'cup');
INSERT INTO ingredients (id, recipe_id, name, quantity, unit) VALUES ('d0616e3b-87cc-4c54-a17b-5c989fa37fa9', '0a2b205b-1ea6-48c8-a474-bdf3610c50ff', 'Roasted Potatoes', 1, 'cup');
INSERT INTO ingredients (id, recipe_id, name, quantity, unit) VALUES ('d081a784-8d3c-4096-b4dc-a33c267c1470', '0a2b205b-1ea6-48c8-a474-bdf3610c50ff', 'Olive Oil', 3, 'tbsp');
INSERT INTO ingredients (id, recipe_id, name, quantity, unit) VALUES ('6df55c3d-c2c1-413a-aacb-e166eaae3e89', '0a2b205b-1ea6-48c8-a474-bdf3610c50ff', 'Salt & Pepper', 1, 'pinch');
INSERT INTO ingredients (id, recipe_id, name, quantity, unit) VALUES ('6ddbbb75-3269-4528-8f40-787748897d25', '0a2b205b-1ea6-48c8-a474-bdf3610c50ff', 'Garlic', 4, 'g');
INSERT INTO ingredients (id, recipe_id, name, quantity, unit) VALUES ('30a8c17c-467d-4b1a-8492-7214202a57be', '0a2b205b-1ea6-48c8-a474-bdf3610c50ff', 'Brussels Sprouts', 5, 'g');
INSERT INTO ingredients (id, recipe_id, name, quantity, unit) VALUES ('1788c909-ac99-44b2-b750-425af576869d', '0a2b205b-1ea6-48c8-a474-bdf3610c50ff', 'Spinach', 1, 'oz');
INSERT INTO ingredients (id, recipe_id, name, quantity, unit) VALUES ('4ece4b55-a26a-44fd-ac65-b67461565f8b', '0a2b205b-1ea6-48c8-a474-bdf3610c50ff', 'Butter', 2, 'g');
INSERT INTO ingredients (id, recipe_id, name, quantity, unit) VALUES ('adc10155-5e81-43ba-a419-13d54801cf6a', '0a2b205b-1ea6-48c8-a474-bdf3610c50ff', 'Zucchini', 5, 'head');
INSERT INTO ingredients (id, recipe_id, name, quantity, unit) VALUES ('f5bff3d7-31dc-4bb5-88bb-23b6709ef44e', '0a2b205b-1ea6-48c8-a474-bdf3610c50ff', 'Spinach', 1, 'pinch');
INSERT INTO ingredients (id, recipe_id, name, quantity, unit) VALUES ('189801c9-3cea-4836-b52b-b9aae4744466', '0a2b205b-1ea6-48c8-a474-bdf3610c50ff', 'Green Beans', 1, 'ml');
INSERT INTO recipe_dietary_tags (recipe_id, tag_id) VALUES ('0a2b205b-1ea6-48c8-a474-bdf3610c50ff', 4);

INSERT INTO recipes (id, user_id, title, description, instructions, image_url, servings, source_url, source_name, is_archived) VALUES ('b755cf3f-a499-4464-9fc7-45ff9fe27051', 'admin-user-id', 'Miso Ginger Roasted Lentils', 'A delicious and healthy Miso Ginger Roasted Lentils served with Zucchini and Brown Rice. Perfect for a quick weeknight dinner.', '1. Preheat oven to 400°F.
2. Season the Lentils with Miso Ginger spices.
3. Arrange Zucchini and Broccoli on a baking sheet.
4. Roasted for 20-25 minutes until cooked through.
5. Serve hot over Brown Rice.', 'https://images.unsplash.com/photo-1500000000124?auto=format&fit=crop&w=800&q=60', 5, 'https://www.bonappetit.com', 'Bon Appetit', 0);
INSERT INTO ingredients (id, recipe_id, name, quantity, unit) VALUES ('9a1d9b71-c256-4f02-ad7c-478fab2fe47c', 'b755cf3f-a499-4464-9fc7-45ff9fe27051', 'Lentils', 1, 'oz');
INSERT INTO ingredients (id, recipe_id, name, quantity, unit) VALUES ('6e5e309c-4d07-489f-9ccd-c14c04740a62', 'b755cf3f-a499-4464-9fc7-45ff9fe27051', 'Zucchini', 2, 'bundle');
INSERT INTO ingredients (id, recipe_id, name, quantity, unit) VALUES ('b4178aca-a91d-4610-b04e-bc340941013c', 'b755cf3f-a499-4464-9fc7-45ff9fe27051', 'Brown Rice', 1, 'cup');
INSERT INTO ingredients (id, recipe_id, name, quantity, unit) VALUES ('00cf522a-f936-4033-9f98-011ec387dd42', 'b755cf3f-a499-4464-9fc7-45ff9fe27051', 'Olive Oil', 3, 'tbsp');
INSERT INTO ingredients (id, recipe_id, name, quantity, unit) VALUES ('469a9b06-8906-4eca-a1e0-f12c10930ae9', 'b755cf3f-a499-4464-9fc7-45ff9fe27051', 'Salt & Pepper', 1, 'pinch');
INSERT INTO ingredients (id, recipe_id, name, quantity, unit) VALUES ('d8ff6b6b-b77b-4b0e-9286-1ae753e13247', 'b755cf3f-a499-4464-9fc7-45ff9fe27051', 'Green Beans', 1, 'lb');
INSERT INTO ingredients (id, recipe_id, name, quantity, unit) VALUES ('6245c62f-afca-445c-8cb2-f3dcc086fdee', 'b755cf3f-a499-4464-9fc7-45ff9fe27051', 'Broccoli', 5, 'tsp');
INSERT INTO ingredients (id, recipe_id, name, quantity, unit) VALUES ('2a61b58d-b951-4ea6-897c-f08eae7e7075', 'b755cf3f-a499-4464-9fc7-45ff9fe27051', 'Onion', 3, 'g');
INSERT INTO ingredients (id, recipe_id, name, quantity, unit) VALUES ('65199bea-f49e-4c6c-b168-9f5bc1d7a87b', 'b755cf3f-a499-4464-9fc7-45ff9fe27051', 'Brussels Sprouts', 2, 'pinch');
INSERT INTO ingredients (id, recipe_id, name, quantity, unit) VALUES ('9ef65b7b-5cd4-4fe8-85e4-cdc2a5f5d7a7', 'b755cf3f-a499-4464-9fc7-45ff9fe27051', 'Green Beans', 3, 'cup');
INSERT INTO ingredients (id, recipe_id, name, quantity, unit) VALUES ('6dc39181-9766-4d6c-9612-eb0e0f4bdfe0', 'b755cf3f-a499-4464-9fc7-45ff9fe27051', 'Garlic', 2, 'g');
INSERT INTO ingredients (id, recipe_id, name, quantity, unit) VALUES ('4d0ab46d-655f-4432-8f37-49e707a77bf3', 'b755cf3f-a499-4464-9fc7-45ff9fe27051', 'Brussels Sprouts', 3, 'head');
INSERT INTO recipe_dietary_tags (recipe_id, tag_id) VALUES ('b755cf3f-a499-4464-9fc7-45ff9fe27051', 4);
INSERT INTO recipe_dietary_tags (recipe_id, tag_id) VALUES ('b755cf3f-a499-4464-9fc7-45ff9fe27051', 2);

INSERT INTO recipes (id, user_id, title, description, instructions, image_url, servings, source_url, source_name, is_archived) VALUES ('885aa15a-7ded-40e3-ae6a-cacd7bf4fa8f', 'admin-user-id', 'Teriyaki Steamed Ground Beef', 'A delicious and healthy Teriyaki Steamed Ground Beef served with Broccoli and Roasted Potatoes. Perfect for a quick weeknight dinner.', '1. Preheat oven to 400°F.
2. Season the Ground Beef with Teriyaki spices.
3. Arrange Broccoli and Kale on a baking sheet.
4. Steamed for 20-25 minutes until cooked through.
5. Serve hot over Roasted Potatoes.', 'https://images.unsplash.com/photo-1500000000125?auto=format&fit=crop&w=800&q=60', 3, 'https://www.foodnetwork.com', 'Food Network', 0);
INSERT INTO ingredients (id, recipe_id, name, quantity, unit) VALUES ('35bb377f-ef0c-4b33-9a3a-06ca7839537a', '885aa15a-7ded-40e3-ae6a-cacd7bf4fa8f', 'Ground Beef', 2, 'lb');
INSERT INTO ingredients (id, recipe_id, name, quantity, unit) VALUES ('7a64bd8b-05f2-40e6-974f-832b6db22933', '885aa15a-7ded-40e3-ae6a-cacd7bf4fa8f', 'Broccoli', 3, 'bundle');
INSERT INTO ingredients (id, recipe_id, name, quantity, unit) VALUES ('00543604-082d-46e8-a236-fbd4300bf666', '885aa15a-7ded-40e3-ae6a-cacd7bf4fa8f', 'Roasted Potatoes', 1, 'cup');
INSERT INTO ingredients (id, recipe_id, name, quantity, unit) VALUES ('c45653d8-87de-4f6c-82d9-f06938353ad4', '885aa15a-7ded-40e3-ae6a-cacd7bf4fa8f', 'Olive Oil', 2, 'tbsp');
INSERT INTO ingredients (id, recipe_id, name, quantity, unit) VALUES ('a93d3fd8-eb07-426e-ab59-2fa83a5bc14a', '885aa15a-7ded-40e3-ae6a-cacd7bf4fa8f', 'Salt & Pepper', 1, 'pinch');
INSERT INTO ingredients (id, recipe_id, name, quantity, unit) VALUES ('a98f0f61-c3fb-4d34-a6f2-4f7d8ddeadee', '885aa15a-7ded-40e3-ae6a-cacd7bf4fa8f', 'Sweet Potatoes', 3, 'lb');
INSERT INTO ingredients (id, recipe_id, name, quantity, unit) VALUES ('b75682a9-0baf-48ef-883c-89bdefdf70cf', '885aa15a-7ded-40e3-ae6a-cacd7bf4fa8f', 'Kale', 5, 'pinch');
INSERT INTO ingredients (id, recipe_id, name, quantity, unit) VALUES ('1beef56b-8264-4500-86c2-3d4849531263', '885aa15a-7ded-40e3-ae6a-cacd7bf4fa8f', 'Onion', 5, 'cup');
INSERT INTO ingredients (id, recipe_id, name, quantity, unit) VALUES ('d8682b9b-d708-404a-8538-218a75451580', '885aa15a-7ded-40e3-ae6a-cacd7bf4fa8f', 'Zucchini', 5, 'cup');
INSERT INTO recipe_dietary_tags (recipe_id, tag_id) VALUES ('885aa15a-7ded-40e3-ae6a-cacd7bf4fa8f', 4);

INSERT INTO recipes (id, user_id, title, description, instructions, image_url, servings, source_url, source_name, is_archived) VALUES ('905afee5-9574-4922-81ef-8b2ffeb2eb0a', 'admin-user-id', 'Cajun Steamed Turkey Breast', 'A delicious and healthy Cajun Steamed Turkey Breast served with Brussels Sprouts and Mashed Cauliflower. Perfect for a quick weeknight dinner.', '1. Preheat oven to 400°F.
2. Season the Turkey Breast with Cajun spices.
3. Arrange Brussels Sprouts and Bell Peppers on a baking sheet.
4. Steamed for 20-25 minutes until cooked through.
5. Serve hot over Mashed Cauliflower.', 'https://images.unsplash.com/photo-1500000000126?auto=format&fit=crop&w=800&q=60', 3, 'https://www.foodnetwork.com', 'Food Network', 0);
INSERT INTO ingredients (id, recipe_id, name, quantity, unit) VALUES ('20a080c3-9226-4bab-807f-27b5e389ed16', '905afee5-9574-4922-81ef-8b2ffeb2eb0a', 'Turkey Breast', 2, 'lb');
INSERT INTO ingredients (id, recipe_id, name, quantity, unit) VALUES ('e69d41af-f63d-4eb4-bcab-f0bf62e34dfd', '905afee5-9574-4922-81ef-8b2ffeb2eb0a', 'Brussels Sprouts', 4, 'cup');
INSERT INTO ingredients (id, recipe_id, name, quantity, unit) VALUES ('a7f52260-80d9-457f-9cf9-b7e33ab8265f', '905afee5-9574-4922-81ef-8b2ffeb2eb0a', 'Mashed Cauliflower', 1, 'cup');
INSERT INTO ingredients (id, recipe_id, name, quantity, unit) VALUES ('48684240-2c99-48b3-ba1e-f0caaec8780c', '905afee5-9574-4922-81ef-8b2ffeb2eb0a', 'Olive Oil', 3, 'tbsp');
INSERT INTO ingredients (id, recipe_id, name, quantity, unit) VALUES ('8d43b222-1e1f-4a38-ac5d-e4f1ed70e390', '905afee5-9574-4922-81ef-8b2ffeb2eb0a', 'Salt & Pepper', 1, 'pinch');
INSERT INTO ingredients (id, recipe_id, name, quantity, unit) VALUES ('feac2f3b-7b5a-4fff-8044-4e88d4d0da5d', '905afee5-9574-4922-81ef-8b2ffeb2eb0a', 'Asparagus', 5, 'head');
INSERT INTO ingredients (id, recipe_id, name, quantity, unit) VALUES ('be60f8c6-2306-4201-a313-81c0261a614a', '905afee5-9574-4922-81ef-8b2ffeb2eb0a', 'Bell Peppers', 2, 'ml');
INSERT INTO ingredients (id, recipe_id, name, quantity, unit) VALUES ('11eae490-852d-4bdf-bae1-fb83a21740fe', '905afee5-9574-4922-81ef-8b2ffeb2eb0a', 'Brussels Sprouts', 1, 'bundle');
INSERT INTO ingredients (id, recipe_id, name, quantity, unit) VALUES ('af5ede1b-aba8-4d35-b645-693cc63ed354', '905afee5-9574-4922-81ef-8b2ffeb2eb0a', 'Cauliflower', 2, 'oz');
INSERT INTO ingredients (id, recipe_id, name, quantity, unit) VALUES ('0cd795b3-326d-46aa-8b56-a8f55af5cfb6', '905afee5-9574-4922-81ef-8b2ffeb2eb0a', 'Cauliflower', 3, 'lb');
INSERT INTO ingredients (id, recipe_id, name, quantity, unit) VALUES ('fe9825e9-e72b-43b0-8de1-70b379b63a80', '905afee5-9574-4922-81ef-8b2ffeb2eb0a', 'Onion', 5, 'tsp');
INSERT INTO recipe_dietary_tags (recipe_id, tag_id) VALUES ('905afee5-9574-4922-81ef-8b2ffeb2eb0a', 6);
INSERT INTO recipe_dietary_tags (recipe_id, tag_id) VALUES ('905afee5-9574-4922-81ef-8b2ffeb2eb0a', 4);
INSERT INTO recipe_dietary_tags (recipe_id, tag_id) VALUES ('905afee5-9574-4922-81ef-8b2ffeb2eb0a', 1);

INSERT INTO recipes (id, user_id, title, description, instructions, image_url, servings, source_url, source_name, is_archived) VALUES ('4e5a4e85-7496-43ed-a110-9c5c04c91a09', 'admin-user-id', 'Miso Ginger Air Fried Black Beans', 'A delicious and healthy Miso Ginger Air Fried Black Beans served with Spinach and Cauliflower Rice. Perfect for a quick weeknight dinner.', '1. Preheat oven to 400°F.
2. Season the Black Beans with Miso Ginger spices.
3. Arrange Spinach and Zucchini on a baking sheet.
4. Air Fried for 20-25 minutes until cooked through.
5. Serve hot over Cauliflower Rice.', 'https://images.unsplash.com/photo-1500000000127?auto=format&fit=crop&w=800&q=60', 6, 'https://www.allrecipes.com', 'AllRecipes', 0);
INSERT INTO ingredients (id, recipe_id, name, quantity, unit) VALUES ('526d19b1-7bbe-4386-b415-a43511834e93', '4e5a4e85-7496-43ed-a110-9c5c04c91a09', 'Black Beans', 1, 'oz');
INSERT INTO ingredients (id, recipe_id, name, quantity, unit) VALUES ('d1069753-e016-490c-95bd-1d1da4bc9aaf', '4e5a4e85-7496-43ed-a110-9c5c04c91a09', 'Spinach', 1, 'cup');
INSERT INTO ingredients (id, recipe_id, name, quantity, unit) VALUES ('80d67fc6-1821-4c96-8506-89527b67372c', '4e5a4e85-7496-43ed-a110-9c5c04c91a09', 'Cauliflower Rice', 2, 'cup');
INSERT INTO ingredients (id, recipe_id, name, quantity, unit) VALUES ('35263b15-143c-4309-9180-7e9645d8e204', '4e5a4e85-7496-43ed-a110-9c5c04c91a09', 'Olive Oil', 2, 'tbsp');
INSERT INTO ingredients (id, recipe_id, name, quantity, unit) VALUES ('f1ecd6ec-2edd-4fe7-9227-ae94105049d2', '4e5a4e85-7496-43ed-a110-9c5c04c91a09', 'Salt & Pepper', 1, 'pinch');
INSERT INTO ingredients (id, recipe_id, name, quantity, unit) VALUES ('06f8a014-12d3-4495-a693-993847b89752', '4e5a4e85-7496-43ed-a110-9c5c04c91a09', 'Lemon', 3, 'tsp');
INSERT INTO ingredients (id, recipe_id, name, quantity, unit) VALUES ('495a7dfe-2417-4138-b185-ebb0cf3a7b9e', '4e5a4e85-7496-43ed-a110-9c5c04c91a09', 'Garlic', 1, 'clove');
INSERT INTO ingredients (id, recipe_id, name, quantity, unit) VALUES ('57f138af-b2ff-41bb-b986-9ade113ebb65', '4e5a4e85-7496-43ed-a110-9c5c04c91a09', 'Carrots', 2, 'tsp');
INSERT INTO recipe_dietary_tags (recipe_id, tag_id) VALUES ('4e5a4e85-7496-43ed-a110-9c5c04c91a09', 3);
INSERT INTO recipe_dietary_tags (recipe_id, tag_id) VALUES ('4e5a4e85-7496-43ed-a110-9c5c04c91a09', 5);

INSERT INTO recipes (id, user_id, title, description, instructions, image_url, servings, source_url, source_name, is_archived) VALUES ('2af8804a-adbc-4d87-a51d-6f578aced7e0', 'admin-user-id', 'Pesto Air Fried Ground Beef', 'A delicious and healthy Pesto Air Fried Ground Beef served with Sweet Potatoes and Cauliflower Rice. Perfect for a quick weeknight dinner.', '1. Preheat oven to 400°F.
2. Season the Ground Beef with Pesto spices.
3. Arrange Sweet Potatoes and Zucchini on a baking sheet.
4. Air Fried for 20-25 minutes until cooked through.
5. Serve hot over Cauliflower Rice.', 'https://images.unsplash.com/photo-1500000000128?auto=format&fit=crop&w=800&q=60', 3, 'https://www.bonappetit.com', 'Bon Appetit', 0);
INSERT INTO ingredients (id, recipe_id, name, quantity, unit) VALUES ('03b78e30-0062-419b-8325-ee9c81e07b11', '2af8804a-adbc-4d87-a51d-6f578aced7e0', 'Ground Beef', 1, 'oz');
INSERT INTO ingredients (id, recipe_id, name, quantity, unit) VALUES ('42b2cc34-7cd8-463b-b934-05bcb9443cfa', '2af8804a-adbc-4d87-a51d-6f578aced7e0', 'Sweet Potatoes', 1, 'head');
INSERT INTO ingredients (id, recipe_id, name, quantity, unit) VALUES ('6ecb5c49-5051-4b79-b70c-cb89ff14bf20', '2af8804a-adbc-4d87-a51d-6f578aced7e0', 'Cauliflower Rice', 1, 'cup');
INSERT INTO ingredients (id, recipe_id, name, quantity, unit) VALUES ('230431fd-dac5-4031-b10a-2ece490d06bb', '2af8804a-adbc-4d87-a51d-6f578aced7e0', 'Olive Oil', 1, 'tbsp');
INSERT INTO ingredients (id, recipe_id, name, quantity, unit) VALUES ('29c2c167-4644-4811-a1f7-d4f3030f119a', '2af8804a-adbc-4d87-a51d-6f578aced7e0', 'Salt & Pepper', 1, 'pinch');
INSERT INTO ingredients (id, recipe_id, name, quantity, unit) VALUES ('bb59309f-26ac-495c-8f74-bd48dda600f9', '2af8804a-adbc-4d87-a51d-6f578aced7e0', 'Sweet Potatoes', 2, 'head');
INSERT INTO ingredients (id, recipe_id, name, quantity, unit) VALUES ('e1733321-7c99-4185-ae97-91129f17bc08', '2af8804a-adbc-4d87-a51d-6f578aced7e0', 'Kale', 4, 'oz');
INSERT INTO ingredients (id, recipe_id, name, quantity, unit) VALUES ('c702f87f-e1b5-4d1e-82b1-243498d238ce', '2af8804a-adbc-4d87-a51d-6f578aced7e0', 'Butter', 4, 'tsp');
INSERT INTO recipe_dietary_tags (recipe_id, tag_id) VALUES ('2af8804a-adbc-4d87-a51d-6f578aced7e0', 4);

INSERT INTO recipes (id, user_id, title, description, instructions, image_url, servings, source_url, source_name, is_archived) VALUES ('5d6aaa9a-fc02-4a89-bf21-087669771e63', 'admin-user-id', 'Pesto Sautéed Eggs', 'A delicious and healthy Pesto Sautéed Eggs served with Kale and Couscous. Perfect for a quick weeknight dinner.', '1. Preheat oven to 400°F.
2. Season the Eggs with Pesto spices.
3. Arrange Kale and Carrots on a baking sheet.
4. Sautéed for 20-25 minutes until cooked through.
5. Serve hot over Couscous.', 'https://images.unsplash.com/photo-1500000000129?auto=format&fit=crop&w=800&q=60', 3, 'https://www.epicurious.com', 'Epicurious', 0);
INSERT INTO ingredients (id, recipe_id, name, quantity, unit) VALUES ('d22aa501-b2a4-4780-a604-035d5323134c', '5d6aaa9a-fc02-4a89-bf21-087669771e63', 'Eggs', 1, 'oz');
INSERT INTO ingredients (id, recipe_id, name, quantity, unit) VALUES ('30ff547e-1e32-4f34-a142-6f536d620c9c', '5d6aaa9a-fc02-4a89-bf21-087669771e63', 'Kale', 3, 'bundle');
INSERT INTO ingredients (id, recipe_id, name, quantity, unit) VALUES ('8a83012a-86ac-4737-909d-16c040d5737a', '5d6aaa9a-fc02-4a89-bf21-087669771e63', 'Couscous', 1, 'cup');
INSERT INTO ingredients (id, recipe_id, name, quantity, unit) VALUES ('97e03778-91be-43c2-97c7-2c5d3e7ff419', '5d6aaa9a-fc02-4a89-bf21-087669771e63', 'Olive Oil', 2, 'tbsp');
INSERT INTO ingredients (id, recipe_id, name, quantity, unit) VALUES ('77ecd27e-d1ed-4b51-a32f-a2eae2acbce4', '5d6aaa9a-fc02-4a89-bf21-087669771e63', 'Salt & Pepper', 1, 'pinch');
INSERT INTO ingredients (id, recipe_id, name, quantity, unit) VALUES ('5fbdb416-17e2-4c36-9297-e250b2abf683', '5d6aaa9a-fc02-4a89-bf21-087669771e63', 'Kale', 1, 'ml');
INSERT INTO ingredients (id, recipe_id, name, quantity, unit) VALUES ('6ef9f90d-f7f7-40ab-b522-aa7d2f9cfafc', '5d6aaa9a-fc02-4a89-bf21-087669771e63', 'Kale', 1, 'cup');
INSERT INTO ingredients (id, recipe_id, name, quantity, unit) VALUES ('37aa7e41-af4a-4b9c-b479-4683ca1f85a0', '5d6aaa9a-fc02-4a89-bf21-087669771e63', 'Butter', 1, 'g');
INSERT INTO ingredients (id, recipe_id, name, quantity, unit) VALUES ('367ce09b-08ca-4972-93c9-b880ae1a9324', '5d6aaa9a-fc02-4a89-bf21-087669771e63', 'Sweet Potatoes', 5, 'oz');
INSERT INTO ingredients (id, recipe_id, name, quantity, unit) VALUES ('b1a0a46d-0369-4eec-88a7-e65f541a11ba', '5d6aaa9a-fc02-4a89-bf21-087669771e63', 'Garlic', 4, 'cup');
INSERT INTO ingredients (id, recipe_id, name, quantity, unit) VALUES ('759c7580-1473-450c-b53d-f9dcbd8d6e22', '5d6aaa9a-fc02-4a89-bf21-087669771e63', 'Cauliflower', 5, 'pinch');
INSERT INTO ingredients (id, recipe_id, name, quantity, unit) VALUES ('53501952-631f-4400-9422-9f7ade6e06a2', '5d6aaa9a-fc02-4a89-bf21-087669771e63', 'Kale', 4, 'oz');
INSERT INTO recipe_dietary_tags (recipe_id, tag_id) VALUES ('5d6aaa9a-fc02-4a89-bf21-087669771e63', 3);

INSERT INTO recipes (id, user_id, title, description, instructions, image_url, servings, source_url, source_name, is_archived) VALUES ('2a9a1fd0-ff1a-4fd7-80ea-9aa4ac656b07', 'admin-user-id', 'Balsamic Glaze Sautéed Eggs', 'A delicious and healthy Balsamic Glaze Sautéed Eggs served with Carrots and Mashed Cauliflower. Perfect for a quick weeknight dinner.', '1. Preheat oven to 400°F.
2. Season the Eggs with Balsamic Glaze spices.
3. Arrange Carrots and Broccoli on a baking sheet.
4. Sautéed for 20-25 minutes until cooked through.
5. Serve hot over Mashed Cauliflower.', 'https://images.unsplash.com/photo-1500000000130?auto=format&fit=crop&w=800&q=60', 6, 'https://www.epicurious.com', 'Epicurious', 0);
INSERT INTO ingredients (id, recipe_id, name, quantity, unit) VALUES ('e2ac750c-e139-4854-ad48-8ecab6059661', '2a9a1fd0-ff1a-4fd7-80ea-9aa4ac656b07', 'Eggs', 1, 'lb');
INSERT INTO ingredients (id, recipe_id, name, quantity, unit) VALUES ('64f6e36d-61ca-4537-b0dd-31151245960a', '2a9a1fd0-ff1a-4fd7-80ea-9aa4ac656b07', 'Carrots', 3, 'cup');
INSERT INTO ingredients (id, recipe_id, name, quantity, unit) VALUES ('b998f8ef-c7c8-4cc3-94cc-c25c3455e735', '2a9a1fd0-ff1a-4fd7-80ea-9aa4ac656b07', 'Mashed Cauliflower', 2, 'cup');
INSERT INTO ingredients (id, recipe_id, name, quantity, unit) VALUES ('0b6344e6-e464-45b5-8460-e99889d7b749', '2a9a1fd0-ff1a-4fd7-80ea-9aa4ac656b07', 'Olive Oil', 2, 'tbsp');
INSERT INTO ingredients (id, recipe_id, name, quantity, unit) VALUES ('2af940be-47be-4a7b-b437-e2b51e7e6794', '2a9a1fd0-ff1a-4fd7-80ea-9aa4ac656b07', 'Salt & Pepper', 1, 'pinch');
INSERT INTO ingredients (id, recipe_id, name, quantity, unit) VALUES ('0116382d-a364-4c1b-a5b3-9268b69c28d2', '2a9a1fd0-ff1a-4fd7-80ea-9aa4ac656b07', 'Bell Peppers', 2, 'ml');
INSERT INTO ingredients (id, recipe_id, name, quantity, unit) VALUES ('eed3e4e9-8039-4b5d-b4a8-27962667df6c', '2a9a1fd0-ff1a-4fd7-80ea-9aa4ac656b07', 'Ginger', 2, 'lb');
INSERT INTO ingredients (id, recipe_id, name, quantity, unit) VALUES ('28aead56-9ee9-4dab-aca3-648ded16594d', '2a9a1fd0-ff1a-4fd7-80ea-9aa4ac656b07', 'Onion', 4, 'clove');
INSERT INTO ingredients (id, recipe_id, name, quantity, unit) VALUES ('30c4d1cb-0426-4850-a8ff-476d93bdb163', '2a9a1fd0-ff1a-4fd7-80ea-9aa4ac656b07', 'Green Beans', 1, 'head');
INSERT INTO recipe_dietary_tags (recipe_id, tag_id) VALUES ('2a9a1fd0-ff1a-4fd7-80ea-9aa4ac656b07', 6);
INSERT INTO recipe_dietary_tags (recipe_id, tag_id) VALUES ('2a9a1fd0-ff1a-4fd7-80ea-9aa4ac656b07', 8);

INSERT INTO recipes (id, user_id, title, description, instructions, image_url, servings, source_url, source_name, is_archived) VALUES ('1446b693-ec76-4207-9107-61b2445d57b0', 'admin-user-id', 'Balsamic Glaze Pan-Seared Pork Loin', 'A delicious and healthy Balsamic Glaze Pan-Seared Pork Loin served with Sweet Potatoes and Quinoa. Perfect for a quick weeknight dinner.', '1. Preheat oven to 400°F.
2. Season the Pork Loin with Balsamic Glaze spices.
3. Arrange Sweet Potatoes and Kale on a baking sheet.
4. Pan-Seared for 20-25 minutes until cooked through.
5. Serve hot over Quinoa.', 'https://images.unsplash.com/photo-1500000000131?auto=format&fit=crop&w=800&q=60', 6, 'https://www.epicurious.com', 'Epicurious', 0);
INSERT INTO ingredients (id, recipe_id, name, quantity, unit) VALUES ('c4a43b2b-a571-4c8a-b5b0-caf2344ee3f2', '1446b693-ec76-4207-9107-61b2445d57b0', 'Pork Loin', 1, 'oz');
INSERT INTO ingredients (id, recipe_id, name, quantity, unit) VALUES ('0474328a-1f4d-409f-88ff-6d6419b98648', '1446b693-ec76-4207-9107-61b2445d57b0', 'Sweet Potatoes', 3, 'cup');
INSERT INTO ingredients (id, recipe_id, name, quantity, unit) VALUES ('8ac74910-297a-441d-9c2f-756377beb4f4', '1446b693-ec76-4207-9107-61b2445d57b0', 'Quinoa', 2, 'cup');
INSERT INTO ingredients (id, recipe_id, name, quantity, unit) VALUES ('b943d7f1-2211-4b05-b58f-a28ad4c32ce0', '1446b693-ec76-4207-9107-61b2445d57b0', 'Olive Oil', 2, 'tbsp');
INSERT INTO ingredients (id, recipe_id, name, quantity, unit) VALUES ('bac95949-68c8-4589-a864-d19ac23bd188', '1446b693-ec76-4207-9107-61b2445d57b0', 'Salt & Pepper', 1, 'pinch');
INSERT INTO ingredients (id, recipe_id, name, quantity, unit) VALUES ('a9c0c39a-b581-4f98-a8c9-72b0708884a7', '1446b693-ec76-4207-9107-61b2445d57b0', 'Bell Peppers', 2, 'g');
INSERT INTO recipe_dietary_tags (recipe_id, tag_id) VALUES ('1446b693-ec76-4207-9107-61b2445d57b0', 10);

INSERT INTO recipes (id, user_id, title, description, instructions, image_url, servings, source_url, source_name, is_archived) VALUES ('c45586d6-a021-445a-8a2a-8c6636b6f21b', 'admin-user-id', 'Curry Slow Cooked Lamb Chops', 'A delicious and healthy Curry Slow Cooked Lamb Chops served with Sweet Potatoes and Zucchini Noodles. Perfect for a quick weeknight dinner.', '1. Preheat oven to 400°F.
2. Season the Lamb Chops with Curry spices.
3. Arrange Sweet Potatoes and Broccoli on a baking sheet.
4. Slow Cooked for 20-25 minutes until cooked through.
5. Serve hot over Zucchini Noodles.', 'https://images.unsplash.com/photo-1500000000132?auto=format&fit=crop&w=800&q=60', 4, 'https://www.tasteofhome.com', 'Taste of Home', 0);
INSERT INTO ingredients (id, recipe_id, name, quantity, unit) VALUES ('51b837d4-830a-42da-b52a-bb5df53bf5e1', 'c45586d6-a021-445a-8a2a-8c6636b6f21b', 'Lamb Chops', 1, 'lb');
INSERT INTO ingredients (id, recipe_id, name, quantity, unit) VALUES ('6fd7ad50-e021-4a47-a1a5-83b062aa01e2', 'c45586d6-a021-445a-8a2a-8c6636b6f21b', 'Sweet Potatoes', 2, 'bundle');
INSERT INTO ingredients (id, recipe_id, name, quantity, unit) VALUES ('6b206030-1eb2-4a42-b0d1-c7b76298417b', 'c45586d6-a021-445a-8a2a-8c6636b6f21b', 'Zucchini Noodles', 1, 'cup');
INSERT INTO ingredients (id, recipe_id, name, quantity, unit) VALUES ('20782b01-6ac0-488c-9588-b6e60df22546', 'c45586d6-a021-445a-8a2a-8c6636b6f21b', 'Olive Oil', 3, 'tbsp');
INSERT INTO ingredients (id, recipe_id, name, quantity, unit) VALUES ('07d5b1fc-b447-4700-82f0-80443af30928', 'c45586d6-a021-445a-8a2a-8c6636b6f21b', 'Salt & Pepper', 1, 'pinch');
INSERT INTO recipe_dietary_tags (recipe_id, tag_id) VALUES ('c45586d6-a021-445a-8a2a-8c6636b6f21b', 2);

INSERT INTO recipes (id, user_id, title, description, instructions, image_url, servings, source_url, source_name, is_archived) VALUES ('a3105708-596b-461a-ac40-3991f65f70a7', 'admin-user-id', 'Teriyaki Pan-Seared Steak', 'A delicious and healthy Teriyaki Pan-Seared Steak served with Bell Peppers and Couscous. Perfect for a quick weeknight dinner.', '1. Preheat oven to 400°F.
2. Season the Steak with Teriyaki spices.
3. Arrange Bell Peppers and Carrots on a baking sheet.
4. Pan-Seared for 20-25 minutes until cooked through.
5. Serve hot over Couscous.', 'https://images.unsplash.com/photo-1500000000133?auto=format&fit=crop&w=800&q=60', 4, 'https://www.tasteofhome.com', 'Taste of Home', 0);
INSERT INTO ingredients (id, recipe_id, name, quantity, unit) VALUES ('f825751c-dbc5-4964-bd1f-29aa5f6137ed', 'a3105708-596b-461a-ac40-3991f65f70a7', 'Steak', 2, 'lb');
INSERT INTO ingredients (id, recipe_id, name, quantity, unit) VALUES ('d33230db-438f-40b4-8e90-88ab6bb0c7b5', 'a3105708-596b-461a-ac40-3991f65f70a7', 'Bell Peppers', 3, 'head');
INSERT INTO ingredients (id, recipe_id, name, quantity, unit) VALUES ('d2d69478-e72c-4e51-ac18-56457eff9830', 'a3105708-596b-461a-ac40-3991f65f70a7', 'Couscous', 1, 'cup');
INSERT INTO ingredients (id, recipe_id, name, quantity, unit) VALUES ('97d75057-556d-4154-9271-6859b0f9c334', 'a3105708-596b-461a-ac40-3991f65f70a7', 'Olive Oil', 2, 'tbsp');
INSERT INTO ingredients (id, recipe_id, name, quantity, unit) VALUES ('6e92f58a-c402-470d-9714-8101fd63e5f8', 'a3105708-596b-461a-ac40-3991f65f70a7', 'Salt & Pepper', 1, 'pinch');
INSERT INTO ingredients (id, recipe_id, name, quantity, unit) VALUES ('245a9334-2039-4927-b1ef-5c9d7e2920cd', 'a3105708-596b-461a-ac40-3991f65f70a7', 'Cauliflower', 5, 'bundle');
INSERT INTO ingredients (id, recipe_id, name, quantity, unit) VALUES ('2b43600f-d838-47da-9c37-31d1c39f5212', 'a3105708-596b-461a-ac40-3991f65f70a7', 'Brussels Sprouts', 1, 'cup');
INSERT INTO ingredients (id, recipe_id, name, quantity, unit) VALUES ('e9e5cd64-117c-4cbf-a1d1-f05738a68c41', 'a3105708-596b-461a-ac40-3991f65f70a7', 'Kale', 3, 'tsp');
INSERT INTO ingredients (id, recipe_id, name, quantity, unit) VALUES ('0ac63c55-1a50-4dc5-bac1-68ebf3c7420b', 'a3105708-596b-461a-ac40-3991f65f70a7', 'Garlic', 2, 'pinch');
INSERT INTO ingredients (id, recipe_id, name, quantity, unit) VALUES ('5508a6e9-2127-4a2f-8ddb-7b37e0a7fa3c', 'a3105708-596b-461a-ac40-3991f65f70a7', 'Brussels Sprouts', 5, 'cup');
INSERT INTO ingredients (id, recipe_id, name, quantity, unit) VALUES ('a012c915-d1d2-44a5-879f-4ec28efb6cfc', 'a3105708-596b-461a-ac40-3991f65f70a7', 'Green Beans', 2, 'g');
INSERT INTO ingredients (id, recipe_id, name, quantity, unit) VALUES ('4121824f-fc6d-4c38-b3d5-a2a027b75c3a', 'a3105708-596b-461a-ac40-3991f65f70a7', 'Lemon', 2, 'bundle');
INSERT INTO recipe_dietary_tags (recipe_id, tag_id) VALUES ('a3105708-596b-461a-ac40-3991f65f70a7', 9);
INSERT INTO recipe_dietary_tags (recipe_id, tag_id) VALUES ('a3105708-596b-461a-ac40-3991f65f70a7', 5);
INSERT INTO recipe_dietary_tags (recipe_id, tag_id) VALUES ('a3105708-596b-461a-ac40-3991f65f70a7', 10);

INSERT INTO recipes (id, user_id, title, description, instructions, image_url, servings, source_url, source_name, is_archived) VALUES ('9cec2a4b-d7b5-4627-86bb-c11cd3857d73', 'admin-user-id', 'Balsamic Glaze Roasted Eggs', 'A delicious and healthy Balsamic Glaze Roasted Eggs served with Sweet Potatoes and Cauliflower Rice. Perfect for a quick weeknight dinner.', '1. Preheat oven to 400°F.
2. Season the Eggs with Balsamic Glaze spices.
3. Arrange Sweet Potatoes and Bell Peppers on a baking sheet.
4. Roasted for 20-25 minutes until cooked through.
5. Serve hot over Cauliflower Rice.', 'https://images.unsplash.com/photo-1500000000134?auto=format&fit=crop&w=800&q=60', 4, 'https://www.epicurious.com', 'Epicurious', 0);
INSERT INTO ingredients (id, recipe_id, name, quantity, unit) VALUES ('599ad187-4def-490a-a512-e089bcc970ac', '9cec2a4b-d7b5-4627-86bb-c11cd3857d73', 'Eggs', 2, 'lb');
INSERT INTO ingredients (id, recipe_id, name, quantity, unit) VALUES ('b60f7cbe-9e58-42e7-9231-e27f396e41c7', '9cec2a4b-d7b5-4627-86bb-c11cd3857d73', 'Sweet Potatoes', 2, 'cup');
INSERT INTO ingredients (id, recipe_id, name, quantity, unit) VALUES ('3cae5fea-490a-42cd-b0d1-7c0308a2e7c6', '9cec2a4b-d7b5-4627-86bb-c11cd3857d73', 'Cauliflower Rice', 3, 'cup');
INSERT INTO ingredients (id, recipe_id, name, quantity, unit) VALUES ('4884f165-f957-4a4c-8c94-f6ee5a9c77c2', '9cec2a4b-d7b5-4627-86bb-c11cd3857d73', 'Olive Oil', 3, 'tbsp');
INSERT INTO ingredients (id, recipe_id, name, quantity, unit) VALUES ('23327741-96d3-4613-90b2-dcb5eff69495', '9cec2a4b-d7b5-4627-86bb-c11cd3857d73', 'Salt & Pepper', 1, 'pinch');
INSERT INTO ingredients (id, recipe_id, name, quantity, unit) VALUES ('8e2f857d-3d82-4f0a-8a61-6ce1a0d4f33f', '9cec2a4b-d7b5-4627-86bb-c11cd3857d73', 'Lemon', 2, 'g');
INSERT INTO ingredients (id, recipe_id, name, quantity, unit) VALUES ('aa38beec-d2dd-4d91-871a-4bd19bfa553c', '9cec2a4b-d7b5-4627-86bb-c11cd3857d73', 'Green Beans', 1, 'clove');
INSERT INTO ingredients (id, recipe_id, name, quantity, unit) VALUES ('caaf1037-a738-4285-8f79-1bc6159bf89b', '9cec2a4b-d7b5-4627-86bb-c11cd3857d73', 'Broccoli', 5, 'head');
INSERT INTO ingredients (id, recipe_id, name, quantity, unit) VALUES ('e1d6e96d-462f-4867-b0ae-39490c28c757', '9cec2a4b-d7b5-4627-86bb-c11cd3857d73', 'Butter', 3, 'cup');
INSERT INTO ingredients (id, recipe_id, name, quantity, unit) VALUES ('719c021e-7749-4ff6-85cb-e507475bffe0', '9cec2a4b-d7b5-4627-86bb-c11cd3857d73', 'Spinach', 4, 'ml');
INSERT INTO recipe_dietary_tags (recipe_id, tag_id) VALUES ('9cec2a4b-d7b5-4627-86bb-c11cd3857d73', 10);
INSERT INTO recipe_dietary_tags (recipe_id, tag_id) VALUES ('9cec2a4b-d7b5-4627-86bb-c11cd3857d73', 4);

INSERT INTO recipes (id, user_id, title, description, instructions, image_url, servings, source_url, source_name, is_archived) VALUES ('95703aea-b356-4487-828f-8c271c3be243', 'admin-user-id', 'Honey Sriracha Baked Black Beans', 'A delicious and healthy Honey Sriracha Baked Black Beans served with Kale and Lentil Pasta. Perfect for a quick weeknight dinner.', '1. Preheat oven to 400°F.
2. Season the Black Beans with Honey Sriracha spices.
3. Arrange Kale and Bell Peppers on a baking sheet.
4. Baked for 20-25 minutes until cooked through.
5. Serve hot over Lentil Pasta.', 'https://images.unsplash.com/photo-1500000000135?auto=format&fit=crop&w=800&q=60', 8, 'https://www.foodnetwork.com', 'Food Network', 0);
INSERT INTO ingredients (id, recipe_id, name, quantity, unit) VALUES ('7511aecb-eaaf-4f5d-a543-0ac3b5daa757', '95703aea-b356-4487-828f-8c271c3be243', 'Black Beans', 1, 'lb');
INSERT INTO ingredients (id, recipe_id, name, quantity, unit) VALUES ('9bc354b8-ec39-4d0a-a3fb-450bcbea5b3f', '95703aea-b356-4487-828f-8c271c3be243', 'Kale', 1, 'bundle');
INSERT INTO ingredients (id, recipe_id, name, quantity, unit) VALUES ('7daa9e35-b5b6-4716-99eb-ce9609d7d3ba', '95703aea-b356-4487-828f-8c271c3be243', 'Lentil Pasta', 3, 'cup');
INSERT INTO ingredients (id, recipe_id, name, quantity, unit) VALUES ('ca910205-2d2b-4910-aadf-b59a2a1e3eb4', '95703aea-b356-4487-828f-8c271c3be243', 'Olive Oil', 2, 'tbsp');
INSERT INTO ingredients (id, recipe_id, name, quantity, unit) VALUES ('af98d834-53d3-4db3-9486-9a6ce9e98ab8', '95703aea-b356-4487-828f-8c271c3be243', 'Salt & Pepper', 1, 'pinch');
INSERT INTO ingredients (id, recipe_id, name, quantity, unit) VALUES ('6eb3b1fc-7965-44ce-93b3-27ec2eb26ffc', '95703aea-b356-4487-828f-8c271c3be243', 'Asparagus', 4, 'tbsp');
INSERT INTO ingredients (id, recipe_id, name, quantity, unit) VALUES ('567220ca-370f-403e-adc9-d9a99bb6adc6', '95703aea-b356-4487-828f-8c271c3be243', 'Lemon', 3, 'oz');
INSERT INTO ingredients (id, recipe_id, name, quantity, unit) VALUES ('96bfaf68-143f-4a78-978f-8660c1a6e8f9', '95703aea-b356-4487-828f-8c271c3be243', 'Asparagus', 1, 'ml');
INSERT INTO ingredients (id, recipe_id, name, quantity, unit) VALUES ('8da59c32-209b-4cb1-8486-c370013f385a', '95703aea-b356-4487-828f-8c271c3be243', 'Brussels Sprouts', 3, 'pinch');
INSERT INTO ingredients (id, recipe_id, name, quantity, unit) VALUES ('8112204d-0fd0-497b-8703-1c515003239d', '95703aea-b356-4487-828f-8c271c3be243', 'Kale', 4, 'tsp');
INSERT INTO ingredients (id, recipe_id, name, quantity, unit) VALUES ('222d58ab-5757-4edb-a30e-3527c7458c27', '95703aea-b356-4487-828f-8c271c3be243', 'Bell Peppers', 4, 'oz');
INSERT INTO ingredients (id, recipe_id, name, quantity, unit) VALUES ('b6675215-0ec5-44d4-b7bc-17003a3dfc88', '95703aea-b356-4487-828f-8c271c3be243', 'Green Beans', 3, 'lb');
INSERT INTO recipe_dietary_tags (recipe_id, tag_id) VALUES ('95703aea-b356-4487-828f-8c271c3be243', 7);
INSERT INTO recipe_dietary_tags (recipe_id, tag_id) VALUES ('95703aea-b356-4487-828f-8c271c3be243', 4);

INSERT INTO recipes (id, user_id, title, description, instructions, image_url, servings, source_url, source_name, is_archived) VALUES ('4ca050ef-7f73-4216-b503-0351fc4889fc', 'admin-user-id', 'Teriyaki Slow Cooked Steak', 'A delicious and healthy Teriyaki Slow Cooked Steak served with Zucchini and Roasted Potatoes. Perfect for a quick weeknight dinner.', '1. Preheat oven to 400°F.
2. Season the Steak with Teriyaki spices.
3. Arrange Zucchini and Brussels Sprouts on a baking sheet.
4. Slow Cooked for 20-25 minutes until cooked through.
5. Serve hot over Roasted Potatoes.', 'https://images.unsplash.com/photo-1500000000136?auto=format&fit=crop&w=800&q=60', 3, 'https://www.epicurious.com', 'Epicurious', 0);
INSERT INTO ingredients (id, recipe_id, name, quantity, unit) VALUES ('b7351ea4-ecc2-41d6-932e-f4e5f8eb67bd', '4ca050ef-7f73-4216-b503-0351fc4889fc', 'Steak', 2, 'lb');
INSERT INTO ingredients (id, recipe_id, name, quantity, unit) VALUES ('44e8ad22-7bee-481f-9440-b71093418c22', '4ca050ef-7f73-4216-b503-0351fc4889fc', 'Zucchini', 1, 'cup');
INSERT INTO ingredients (id, recipe_id, name, quantity, unit) VALUES ('53862c22-9883-4bb5-8ca4-6d7426d3a811', '4ca050ef-7f73-4216-b503-0351fc4889fc', 'Roasted Potatoes', 3, 'cup');
INSERT INTO ingredients (id, recipe_id, name, quantity, unit) VALUES ('e81ceeb0-9e9c-4ea5-91fc-44c32f5fa9b8', '4ca050ef-7f73-4216-b503-0351fc4889fc', 'Olive Oil', 2, 'tbsp');
INSERT INTO ingredients (id, recipe_id, name, quantity, unit) VALUES ('6f2a868c-9b0a-41a9-8532-b509bbd85d5f', '4ca050ef-7f73-4216-b503-0351fc4889fc', 'Salt & Pepper', 1, 'pinch');
INSERT INTO ingredients (id, recipe_id, name, quantity, unit) VALUES ('29c69484-1118-4452-b156-7416d00212a3', '4ca050ef-7f73-4216-b503-0351fc4889fc', 'Cauliflower', 3, 'ml');
INSERT INTO ingredients (id, recipe_id, name, quantity, unit) VALUES ('caea5b5c-a0e3-4aa0-b279-e6c19d5b4575', '4ca050ef-7f73-4216-b503-0351fc4889fc', 'Zucchini', 2, 'oz');
INSERT INTO ingredients (id, recipe_id, name, quantity, unit) VALUES ('edc7eb58-6010-46b2-afe9-975d97d3d101', '4ca050ef-7f73-4216-b503-0351fc4889fc', 'Sweet Potatoes', 5, 'tsp');
INSERT INTO ingredients (id, recipe_id, name, quantity, unit) VALUES ('bfad3c68-272a-4590-bdee-e32efe8bc21a', '4ca050ef-7f73-4216-b503-0351fc4889fc', 'Onion', 2, 'lb');
INSERT INTO recipe_dietary_tags (recipe_id, tag_id) VALUES ('4ca050ef-7f73-4216-b503-0351fc4889fc', 5);
INSERT INTO recipe_dietary_tags (recipe_id, tag_id) VALUES ('4ca050ef-7f73-4216-b503-0351fc4889fc', 3);
INSERT INTO recipe_dietary_tags (recipe_id, tag_id) VALUES ('4ca050ef-7f73-4216-b503-0351fc4889fc', 10);

INSERT INTO recipes (id, user_id, title, description, instructions, image_url, servings, source_url, source_name, is_archived) VALUES ('432af238-805a-4045-8b8b-864d839dc760', 'admin-user-id', 'Pesto Grilled Salmon Fillet', 'A delicious and healthy Pesto Grilled Salmon Fillet served with Green Beans and Couscous. Perfect for a quick weeknight dinner.', '1. Preheat oven to 400°F.
2. Season the Salmon Fillet with Pesto spices.
3. Arrange Green Beans and Spinach on a baking sheet.
4. Grilled for 20-25 minutes until cooked through.
5. Serve hot over Couscous.', 'https://images.unsplash.com/photo-1500000000137?auto=format&fit=crop&w=800&q=60', 3, 'https://www.allrecipes.com', 'AllRecipes', 0);
INSERT INTO ingredients (id, recipe_id, name, quantity, unit) VALUES ('7905148c-192c-4d2d-89aa-976f688ef300', '432af238-805a-4045-8b8b-864d839dc760', 'Salmon Fillet', 1, 'oz');
INSERT INTO ingredients (id, recipe_id, name, quantity, unit) VALUES ('acc7c46b-b552-4157-bf36-3a190a8a4a43', '432af238-805a-4045-8b8b-864d839dc760', 'Green Beans', 3, 'bundle');
INSERT INTO ingredients (id, recipe_id, name, quantity, unit) VALUES ('42097dea-c9e1-4cb0-88a7-2096a657dc24', '432af238-805a-4045-8b8b-864d839dc760', 'Couscous', 3, 'cup');
INSERT INTO ingredients (id, recipe_id, name, quantity, unit) VALUES ('e0540d9d-3735-450b-a8c2-e324bcbf5e42', '432af238-805a-4045-8b8b-864d839dc760', 'Olive Oil', 2, 'tbsp');
INSERT INTO ingredients (id, recipe_id, name, quantity, unit) VALUES ('e5588f1a-86f2-46cc-9a66-85c29c05a577', '432af238-805a-4045-8b8b-864d839dc760', 'Salt & Pepper', 1, 'pinch');
INSERT INTO ingredients (id, recipe_id, name, quantity, unit) VALUES ('64f66b56-b043-4969-9b4d-aef341d452c3', '432af238-805a-4045-8b8b-864d839dc760', 'Brussels Sprouts', 3, 'g');
INSERT INTO recipe_dietary_tags (recipe_id, tag_id) VALUES ('432af238-805a-4045-8b8b-864d839dc760', 8);

INSERT INTO recipes (id, user_id, title, description, instructions, image_url, servings, source_url, source_name, is_archived) VALUES ('c341b749-5074-4150-bcea-93b12decb5aa', 'admin-user-id', 'Cajun Roasted Tofu', 'A delicious and healthy Cajun Roasted Tofu served with Spinach and Cauliflower Rice. Perfect for a quick weeknight dinner.', '1. Preheat oven to 400°F.
2. Season the Tofu with Cajun spices.
3. Arrange Spinach and Kale on a baking sheet.
4. Roasted for 20-25 minutes until cooked through.
5. Serve hot over Cauliflower Rice.', 'https://images.unsplash.com/photo-1500000000138?auto=format&fit=crop&w=800&q=60', 5, 'https://www.epicurious.com', 'Epicurious', 0);
INSERT INTO ingredients (id, recipe_id, name, quantity, unit) VALUES ('558e292a-6f4c-4664-9bc7-218cae44c3fc', 'c341b749-5074-4150-bcea-93b12decb5aa', 'Tofu', 2, 'lb');
INSERT INTO ingredients (id, recipe_id, name, quantity, unit) VALUES ('c53999fb-68ff-48d8-907b-96ffdb251452', 'c341b749-5074-4150-bcea-93b12decb5aa', 'Spinach', 2, 'head');
INSERT INTO ingredients (id, recipe_id, name, quantity, unit) VALUES ('5ef66624-a381-46f6-9ab4-3719430bd273', 'c341b749-5074-4150-bcea-93b12decb5aa', 'Cauliflower Rice', 2, 'cup');
INSERT INTO ingredients (id, recipe_id, name, quantity, unit) VALUES ('494bf2b8-952d-4557-b4e7-6f2c89dc61cd', 'c341b749-5074-4150-bcea-93b12decb5aa', 'Olive Oil', 2, 'tbsp');
INSERT INTO ingredients (id, recipe_id, name, quantity, unit) VALUES ('de34522e-77ae-4ae7-a37d-2bee1b48b864', 'c341b749-5074-4150-bcea-93b12decb5aa', 'Salt & Pepper', 1, 'pinch');
INSERT INTO ingredients (id, recipe_id, name, quantity, unit) VALUES ('d13f91b0-4bec-4692-b900-beb5765d1cda', 'c341b749-5074-4150-bcea-93b12decb5aa', 'Lemon', 1, 'lb');
INSERT INTO ingredients (id, recipe_id, name, quantity, unit) VALUES ('2de04e26-679e-4c51-8fd5-7e891640a25e', 'c341b749-5074-4150-bcea-93b12decb5aa', 'Lemon', 1, 'head');
INSERT INTO ingredients (id, recipe_id, name, quantity, unit) VALUES ('c5ad4f70-39ca-45f8-8d67-75c7d61c6b31', 'c341b749-5074-4150-bcea-93b12decb5aa', 'Lemon', 5, 'bundle');
INSERT INTO ingredients (id, recipe_id, name, quantity, unit) VALUES ('63d0d849-11aa-4807-988f-22968b39d4b6', 'c341b749-5074-4150-bcea-93b12decb5aa', 'Zucchini', 4, 'oz');
INSERT INTO ingredients (id, recipe_id, name, quantity, unit) VALUES ('9f288292-1702-455a-aad7-6e12e71efeba', 'c341b749-5074-4150-bcea-93b12decb5aa', 'Spinach', 3, 'clove');
INSERT INTO ingredients (id, recipe_id, name, quantity, unit) VALUES ('6274a18f-aeb9-44fd-b0b3-4972a8e9040b', 'c341b749-5074-4150-bcea-93b12decb5aa', 'Green Beans', 2, 'lb');
INSERT INTO ingredients (id, recipe_id, name, quantity, unit) VALUES ('299abac9-63fb-4435-bd2c-87051ffa795a', 'c341b749-5074-4150-bcea-93b12decb5aa', 'Carrots', 3, 'tbsp');
INSERT INTO recipe_dietary_tags (recipe_id, tag_id) VALUES ('c341b749-5074-4150-bcea-93b12decb5aa', 6);

INSERT INTO recipes (id, user_id, title, description, instructions, image_url, servings, source_url, source_name, is_archived) VALUES ('ce29f2b2-2838-4e0a-a45b-3a50f4fa166f', 'admin-user-id', 'Curry Pan-Seared Chickpeas', 'A delicious and healthy Curry Pan-Seared Chickpeas served with Bell Peppers and Lentil Pasta. Perfect for a quick weeknight dinner.', '1. Preheat oven to 400°F.
2. Season the Chickpeas with Curry spices.
3. Arrange Bell Peppers and Cauliflower on a baking sheet.
4. Pan-Seared for 20-25 minutes until cooked through.
5. Serve hot over Lentil Pasta.', 'https://images.unsplash.com/photo-1500000000139?auto=format&fit=crop&w=800&q=60', 6, 'https://www.bonappetit.com', 'Bon Appetit', 0);
INSERT INTO ingredients (id, recipe_id, name, quantity, unit) VALUES ('08326e31-2998-4449-a6b4-d905f5fd18cb', 'ce29f2b2-2838-4e0a-a45b-3a50f4fa166f', 'Chickpeas', 1, 'lb');
INSERT INTO ingredients (id, recipe_id, name, quantity, unit) VALUES ('41880d15-dfc2-41d6-b955-d8ae192ec1dd', 'ce29f2b2-2838-4e0a-a45b-3a50f4fa166f', 'Bell Peppers', 4, 'cup');
INSERT INTO ingredients (id, recipe_id, name, quantity, unit) VALUES ('6b134895-9920-48e3-9822-7e73661cf92d', 'ce29f2b2-2838-4e0a-a45b-3a50f4fa166f', 'Lentil Pasta', 3, 'cup');
INSERT INTO ingredients (id, recipe_id, name, quantity, unit) VALUES ('48ccbb09-b85b-4d6e-a16e-22fbe510b327', 'ce29f2b2-2838-4e0a-a45b-3a50f4fa166f', 'Olive Oil', 1, 'tbsp');
INSERT INTO ingredients (id, recipe_id, name, quantity, unit) VALUES ('1966e508-2039-4ae2-9bea-2a32fac984a5', 'ce29f2b2-2838-4e0a-a45b-3a50f4fa166f', 'Salt & Pepper', 1, 'pinch');
INSERT INTO ingredients (id, recipe_id, name, quantity, unit) VALUES ('c464ec1f-19d5-4039-bf42-eac3ecf67a2d', 'ce29f2b2-2838-4e0a-a45b-3a50f4fa166f', 'Butter', 2, 'lb');
INSERT INTO ingredients (id, recipe_id, name, quantity, unit) VALUES ('66bfb483-b943-4240-8607-c259bdbd66f8', 'ce29f2b2-2838-4e0a-a45b-3a50f4fa166f', 'Garlic', 3, 'bundle');
INSERT INTO ingredients (id, recipe_id, name, quantity, unit) VALUES ('0e2ad1d9-075e-43ac-b1e7-200afb9e75bb', 'ce29f2b2-2838-4e0a-a45b-3a50f4fa166f', 'Butter', 1, 'oz');
INSERT INTO ingredients (id, recipe_id, name, quantity, unit) VALUES ('299ae410-8d5f-4022-9720-79ada4b9a992', 'ce29f2b2-2838-4e0a-a45b-3a50f4fa166f', 'Onion', 5, 'bundle');
INSERT INTO ingredients (id, recipe_id, name, quantity, unit) VALUES ('1f9ce59d-f41d-4e35-8e8b-a478063ceaf1', 'ce29f2b2-2838-4e0a-a45b-3a50f4fa166f', 'Cauliflower', 3, 'bundle');
INSERT INTO recipe_dietary_tags (recipe_id, tag_id) VALUES ('ce29f2b2-2838-4e0a-a45b-3a50f4fa166f', 9);
INSERT INTO recipe_dietary_tags (recipe_id, tag_id) VALUES ('ce29f2b2-2838-4e0a-a45b-3a50f4fa166f', 8);

INSERT INTO recipes (id, user_id, title, description, instructions, image_url, servings, source_url, source_name, is_archived) VALUES ('ed74260d-48dc-4f65-a1b6-94bbd7b1d546', 'admin-user-id', 'Pesto Roasted Cod', 'A delicious and healthy Pesto Roasted Cod served with Green Beans and Quinoa. Perfect for a quick weeknight dinner.', '1. Preheat oven to 400°F.
2. Season the Cod with Pesto spices.
3. Arrange Green Beans and Green Beans on a baking sheet.
4. Roasted for 20-25 minutes until cooked through.
5. Serve hot over Quinoa.', 'https://images.unsplash.com/photo-1500000000140?auto=format&fit=crop&w=800&q=60', 3, 'https://www.epicurious.com', 'Epicurious', 0);
INSERT INTO ingredients (id, recipe_id, name, quantity, unit) VALUES ('47ac6848-090c-45d1-9ac5-7cb176070b25', 'ed74260d-48dc-4f65-a1b6-94bbd7b1d546', 'Cod', 1, 'oz');
INSERT INTO ingredients (id, recipe_id, name, quantity, unit) VALUES ('fbb043a6-13df-4dc4-8b34-7be34fbdade2', 'ed74260d-48dc-4f65-a1b6-94bbd7b1d546', 'Green Beans', 1, 'cup');
INSERT INTO ingredients (id, recipe_id, name, quantity, unit) VALUES ('28ecb973-dc1b-4d7a-a9c8-63f996807198', 'ed74260d-48dc-4f65-a1b6-94bbd7b1d546', 'Quinoa', 1, 'cup');
INSERT INTO ingredients (id, recipe_id, name, quantity, unit) VALUES ('bf3e18f0-8729-4c9c-b796-13c70dcf7fc9', 'ed74260d-48dc-4f65-a1b6-94bbd7b1d546', 'Olive Oil', 3, 'tbsp');
INSERT INTO ingredients (id, recipe_id, name, quantity, unit) VALUES ('2b19ee23-9afe-40f1-9f40-1dd99ca340d5', 'ed74260d-48dc-4f65-a1b6-94bbd7b1d546', 'Salt & Pepper', 1, 'pinch');
INSERT INTO ingredients (id, recipe_id, name, quantity, unit) VALUES ('2bcd273d-c4f8-4b7a-bffe-7416c4197ea9', 'ed74260d-48dc-4f65-a1b6-94bbd7b1d546', 'Spinach', 5, 'head');
INSERT INTO ingredients (id, recipe_id, name, quantity, unit) VALUES ('c23953e5-d798-403e-98d8-d6bc3bf3ebc9', 'ed74260d-48dc-4f65-a1b6-94bbd7b1d546', 'Onion', 2, 'ml');
INSERT INTO ingredients (id, recipe_id, name, quantity, unit) VALUES ('2108e190-d9d6-4c5b-8f8d-0241241d778c', 'ed74260d-48dc-4f65-a1b6-94bbd7b1d546', 'Sweet Potatoes', 3, 'cup');
INSERT INTO ingredients (id, recipe_id, name, quantity, unit) VALUES ('ad7520e8-ccbb-4c16-bcee-f33ba35ac227', 'ed74260d-48dc-4f65-a1b6-94bbd7b1d546', 'Garlic', 4, 'bundle');
INSERT INTO ingredients (id, recipe_id, name, quantity, unit) VALUES ('f0f363dc-3e4b-408a-8fd2-62f4ed7131b6', 'ed74260d-48dc-4f65-a1b6-94bbd7b1d546', 'Sweet Potatoes', 5, 'head');
INSERT INTO recipe_dietary_tags (recipe_id, tag_id) VALUES ('ed74260d-48dc-4f65-a1b6-94bbd7b1d546', 5);

INSERT INTO recipes (id, user_id, title, description, instructions, image_url, servings, source_url, source_name, is_archived) VALUES ('a0e73108-2292-403e-8c97-be3f6beb7eec', 'admin-user-id', 'Balsamic Glaze Baked Eggs', 'A delicious and healthy Balsamic Glaze Baked Eggs served with Zucchini and Lentil Pasta. Perfect for a quick weeknight dinner.', '1. Preheat oven to 400°F.
2. Season the Eggs with Balsamic Glaze spices.
3. Arrange Zucchini and Bell Peppers on a baking sheet.
4. Baked for 20-25 minutes until cooked through.
5. Serve hot over Lentil Pasta.', 'https://images.unsplash.com/photo-1500000000141?auto=format&fit=crop&w=800&q=60', 6, 'https://www.bonappetit.com', 'Bon Appetit', 0);
INSERT INTO ingredients (id, recipe_id, name, quantity, unit) VALUES ('4ae1e1b4-0470-4b9c-b254-ac2fe73426b9', 'a0e73108-2292-403e-8c97-be3f6beb7eec', 'Eggs', 1, 'lb');
INSERT INTO ingredients (id, recipe_id, name, quantity, unit) VALUES ('66b1784f-e06d-466f-b013-a6236737a2d1', 'a0e73108-2292-403e-8c97-be3f6beb7eec', 'Zucchini', 1, 'bundle');
INSERT INTO ingredients (id, recipe_id, name, quantity, unit) VALUES ('983f3777-6cb7-453b-aa0e-87bd612ec59a', 'a0e73108-2292-403e-8c97-be3f6beb7eec', 'Lentil Pasta', 3, 'cup');
INSERT INTO ingredients (id, recipe_id, name, quantity, unit) VALUES ('05a8eb6b-5708-4779-86ab-fcbf1faad748', 'a0e73108-2292-403e-8c97-be3f6beb7eec', 'Olive Oil', 3, 'tbsp');
INSERT INTO ingredients (id, recipe_id, name, quantity, unit) VALUES ('e0e19af7-81db-4c60-a532-9814d075fd5a', 'a0e73108-2292-403e-8c97-be3f6beb7eec', 'Salt & Pepper', 1, 'pinch');
INSERT INTO ingredients (id, recipe_id, name, quantity, unit) VALUES ('77e094f3-da45-4692-b201-3d75a275a597', 'a0e73108-2292-403e-8c97-be3f6beb7eec', 'Ginger', 1, 'oz');
INSERT INTO recipe_dietary_tags (recipe_id, tag_id) VALUES ('a0e73108-2292-403e-8c97-be3f6beb7eec', 3);

INSERT INTO recipes (id, user_id, title, description, instructions, image_url, servings, source_url, source_name, is_archived) VALUES ('a9e7d1ba-f53c-4a48-b8d4-1a1746710841', 'admin-user-id', 'Herbes de Provence Roasted Lamb Chops', 'A delicious and healthy Herbes de Provence Roasted Lamb Chops served with Zucchini and Quinoa. Perfect for a quick weeknight dinner.', '1. Preheat oven to 400°F.
2. Season the Lamb Chops with Herbes de Provence spices.
3. Arrange Zucchini and Green Beans on a baking sheet.
4. Roasted for 20-25 minutes until cooked through.
5. Serve hot over Quinoa.', 'https://images.unsplash.com/photo-1500000000142?auto=format&fit=crop&w=800&q=60', 2, 'https://www.foodnetwork.com', 'Food Network', 0);
INSERT INTO ingredients (id, recipe_id, name, quantity, unit) VALUES ('a515a669-3634-4ebb-a720-348472dc5633', 'a9e7d1ba-f53c-4a48-b8d4-1a1746710841', 'Lamb Chops', 2, 'oz');
INSERT INTO ingredients (id, recipe_id, name, quantity, unit) VALUES ('b4d2dcca-1031-431d-8cd9-1ced7265465b', 'a9e7d1ba-f53c-4a48-b8d4-1a1746710841', 'Zucchini', 4, 'cup');
INSERT INTO ingredients (id, recipe_id, name, quantity, unit) VALUES ('f4a779b5-35e3-47cf-9c50-47d557fe76f9', 'a9e7d1ba-f53c-4a48-b8d4-1a1746710841', 'Quinoa', 1, 'cup');
INSERT INTO ingredients (id, recipe_id, name, quantity, unit) VALUES ('ca4c8bfc-6fd1-4d7b-98ac-b0cd7ef9fb7f', 'a9e7d1ba-f53c-4a48-b8d4-1a1746710841', 'Olive Oil', 2, 'tbsp');
INSERT INTO ingredients (id, recipe_id, name, quantity, unit) VALUES ('aef9b8ea-f365-43f0-869b-bda38a817562', 'a9e7d1ba-f53c-4a48-b8d4-1a1746710841', 'Salt & Pepper', 1, 'pinch');
INSERT INTO ingredients (id, recipe_id, name, quantity, unit) VALUES ('0892bef6-ab0e-4594-844a-cb540933555a', 'a9e7d1ba-f53c-4a48-b8d4-1a1746710841', 'Lemon', 3, 'pinch');
INSERT INTO ingredients (id, recipe_id, name, quantity, unit) VALUES ('01e1d986-287f-42a2-9e22-26b4a611a0a6', 'a9e7d1ba-f53c-4a48-b8d4-1a1746710841', 'Onion', 4, 'ml');
INSERT INTO ingredients (id, recipe_id, name, quantity, unit) VALUES ('21174e74-5682-450e-869c-aa50ed2821dc', 'a9e7d1ba-f53c-4a48-b8d4-1a1746710841', 'Kale', 1, 'oz');
INSERT INTO ingredients (id, recipe_id, name, quantity, unit) VALUES ('380a7092-09b2-4637-b2d6-283bd0a141a2', 'a9e7d1ba-f53c-4a48-b8d4-1a1746710841', 'Brussels Sprouts', 4, 'pinch');
INSERT INTO recipe_dietary_tags (recipe_id, tag_id) VALUES ('a9e7d1ba-f53c-4a48-b8d4-1a1746710841', 10);
INSERT INTO recipe_dietary_tags (recipe_id, tag_id) VALUES ('a9e7d1ba-f53c-4a48-b8d4-1a1746710841', 1);

INSERT INTO recipes (id, user_id, title, description, instructions, image_url, servings, source_url, source_name, is_archived) VALUES ('93e46e16-8642-4b20-bf1c-1684ac08c363', 'admin-user-id', 'Smoky BBQ Steamed Steak', 'A delicious and healthy Smoky BBQ Steamed Steak served with Kale and Brown Rice. Perfect for a quick weeknight dinner.', '1. Preheat oven to 400°F.
2. Season the Steak with Smoky BBQ spices.
3. Arrange Kale and Zucchini on a baking sheet.
4. Steamed for 20-25 minutes until cooked through.
5. Serve hot over Brown Rice.', 'https://images.unsplash.com/photo-1500000000143?auto=format&fit=crop&w=800&q=60', 8, 'https://www.bonappetit.com', 'Bon Appetit', 0);
INSERT INTO ingredients (id, recipe_id, name, quantity, unit) VALUES ('882f0331-733f-42a4-bb4a-6d6e5f6a6f3f', '93e46e16-8642-4b20-bf1c-1684ac08c363', 'Steak', 1, 'lb');
INSERT INTO ingredients (id, recipe_id, name, quantity, unit) VALUES ('31cfe310-007b-40a1-bd17-344de2f47c45', '93e46e16-8642-4b20-bf1c-1684ac08c363', 'Kale', 3, 'head');
INSERT INTO ingredients (id, recipe_id, name, quantity, unit) VALUES ('508c7e40-b277-4dd2-81bc-420f5ebf769c', '93e46e16-8642-4b20-bf1c-1684ac08c363', 'Brown Rice', 2, 'cup');
INSERT INTO ingredients (id, recipe_id, name, quantity, unit) VALUES ('e5161888-d949-47b3-8160-9cd7a697f652', '93e46e16-8642-4b20-bf1c-1684ac08c363', 'Olive Oil', 3, 'tbsp');
INSERT INTO ingredients (id, recipe_id, name, quantity, unit) VALUES ('a41827ef-54e0-4599-8083-2f35f55c1468', '93e46e16-8642-4b20-bf1c-1684ac08c363', 'Salt & Pepper', 1, 'pinch');
INSERT INTO ingredients (id, recipe_id, name, quantity, unit) VALUES ('b64434e1-096a-432b-bc02-eb79607f395e', '93e46e16-8642-4b20-bf1c-1684ac08c363', 'Sweet Potatoes', 4, 'tsp');
INSERT INTO ingredients (id, recipe_id, name, quantity, unit) VALUES ('cdfc77f0-e431-4ac4-b0fc-1b814b8bffd4', '93e46e16-8642-4b20-bf1c-1684ac08c363', 'Zucchini', 4, 'bundle');
INSERT INTO ingredients (id, recipe_id, name, quantity, unit) VALUES ('36a7847c-0b3e-47a7-9b0c-3c3c2d508b0d', '93e46e16-8642-4b20-bf1c-1684ac08c363', 'Brussels Sprouts', 4, 'ml');
INSERT INTO ingredients (id, recipe_id, name, quantity, unit) VALUES ('a4cbe767-01b6-4f85-87b8-755391f317ac', '93e46e16-8642-4b20-bf1c-1684ac08c363', 'Onion', 1, 'clove');
INSERT INTO ingredients (id, recipe_id, name, quantity, unit) VALUES ('9f4138e0-cd09-47c0-b55e-db34b721eb4f', '93e46e16-8642-4b20-bf1c-1684ac08c363', 'Kale', 2, 'ml');
INSERT INTO ingredients (id, recipe_id, name, quantity, unit) VALUES ('6bd790a3-e4b1-4cd2-b24d-11f4e61d93bd', '93e46e16-8642-4b20-bf1c-1684ac08c363', 'Kale', 5, 'clove');
INSERT INTO ingredients (id, recipe_id, name, quantity, unit) VALUES ('7524eea1-78c7-4f45-a171-52962fcf1d51', '93e46e16-8642-4b20-bf1c-1684ac08c363', 'Asparagus', 3, 'lb');
INSERT INTO recipe_dietary_tags (recipe_id, tag_id) VALUES ('93e46e16-8642-4b20-bf1c-1684ac08c363', 5);
INSERT INTO recipe_dietary_tags (recipe_id, tag_id) VALUES ('93e46e16-8642-4b20-bf1c-1684ac08c363', 1);
INSERT INTO recipe_dietary_tags (recipe_id, tag_id) VALUES ('93e46e16-8642-4b20-bf1c-1684ac08c363', 8);

INSERT INTO recipes (id, user_id, title, description, instructions, image_url, servings, source_url, source_name, is_archived) VALUES ('1e161f27-16ca-4560-be79-44a5f71af91d', 'admin-user-id', 'Cajun Air Fried Pork Loin', 'A delicious and healthy Cajun Air Fried Pork Loin served with Carrots and Wild Rice. Perfect for a quick weeknight dinner.', '1. Preheat oven to 400°F.
2. Season the Pork Loin with Cajun spices.
3. Arrange Carrots and Broccoli on a baking sheet.
4. Air Fried for 20-25 minutes until cooked through.
5. Serve hot over Wild Rice.', 'https://images.unsplash.com/photo-1500000000144?auto=format&fit=crop&w=800&q=60', 4, 'https://www.allrecipes.com', 'AllRecipes', 0);
INSERT INTO ingredients (id, recipe_id, name, quantity, unit) VALUES ('ffd97fe9-b956-4073-96fd-b599470ea7cd', '1e161f27-16ca-4560-be79-44a5f71af91d', 'Pork Loin', 1, 'lb');
INSERT INTO ingredients (id, recipe_id, name, quantity, unit) VALUES ('7dbbca25-43af-48a7-82c0-fca7f7564bd5', '1e161f27-16ca-4560-be79-44a5f71af91d', 'Carrots', 3, 'head');
INSERT INTO ingredients (id, recipe_id, name, quantity, unit) VALUES ('496beb4d-e194-421c-b97c-efe8f86f7161', '1e161f27-16ca-4560-be79-44a5f71af91d', 'Wild Rice', 3, 'cup');
INSERT INTO ingredients (id, recipe_id, name, quantity, unit) VALUES ('d189d0ec-a726-4c79-a976-3accd023975d', '1e161f27-16ca-4560-be79-44a5f71af91d', 'Olive Oil', 1, 'tbsp');
INSERT INTO ingredients (id, recipe_id, name, quantity, unit) VALUES ('bb3ee227-6c43-4a28-b535-33bc08ab4a49', '1e161f27-16ca-4560-be79-44a5f71af91d', 'Salt & Pepper', 1, 'pinch');
INSERT INTO ingredients (id, recipe_id, name, quantity, unit) VALUES ('55517d4a-b012-4478-8663-379a673de70b', '1e161f27-16ca-4560-be79-44a5f71af91d', 'Asparagus', 5, 'lb');
INSERT INTO ingredients (id, recipe_id, name, quantity, unit) VALUES ('28b2f5c2-e56a-4607-8187-17f93cb2a960', '1e161f27-16ca-4560-be79-44a5f71af91d', 'Bell Peppers', 5, 'ml');
INSERT INTO ingredients (id, recipe_id, name, quantity, unit) VALUES ('4d22b56f-06ea-4771-b96d-0d61348e67b0', '1e161f27-16ca-4560-be79-44a5f71af91d', 'Spinach', 4, 'lb');
INSERT INTO ingredients (id, recipe_id, name, quantity, unit) VALUES ('0c50800f-4e5b-4f5c-94be-925482ee5c11', '1e161f27-16ca-4560-be79-44a5f71af91d', 'Onion', 4, 'ml');
INSERT INTO ingredients (id, recipe_id, name, quantity, unit) VALUES ('803a1f76-f5c4-4d70-956e-71132e2d7da5', '1e161f27-16ca-4560-be79-44a5f71af91d', 'Spinach', 1, 'tsp');
INSERT INTO ingredients (id, recipe_id, name, quantity, unit) VALUES ('3b662cd2-2427-44e5-a68e-87ea83e36932', '1e161f27-16ca-4560-be79-44a5f71af91d', 'Spinach', 5, 'tbsp');
INSERT INTO recipe_dietary_tags (recipe_id, tag_id) VALUES ('1e161f27-16ca-4560-be79-44a5f71af91d', 4);
INSERT INTO recipe_dietary_tags (recipe_id, tag_id) VALUES ('1e161f27-16ca-4560-be79-44a5f71af91d', 5);

INSERT INTO recipes (id, user_id, title, description, instructions, image_url, servings, source_url, source_name, is_archived) VALUES ('e8111454-604e-420c-9cef-a3fcfdfc3988', 'admin-user-id', 'Pesto Sautéed Chicken Breast', 'A delicious and healthy Pesto Sautéed Chicken Breast served with Spinach and Zucchini Noodles. Perfect for a quick weeknight dinner.', '1. Preheat oven to 400°F.
2. Season the Chicken Breast with Pesto spices.
3. Arrange Spinach and Cauliflower on a baking sheet.
4. Sautéed for 20-25 minutes until cooked through.
5. Serve hot over Zucchini Noodles.', 'https://images.unsplash.com/photo-1500000000145?auto=format&fit=crop&w=800&q=60', 6, 'https://www.tasteofhome.com', 'Taste of Home', 0);
INSERT INTO ingredients (id, recipe_id, name, quantity, unit) VALUES ('45e37018-90be-4680-bb81-a664db230526', 'e8111454-604e-420c-9cef-a3fcfdfc3988', 'Chicken Breast', 1, 'lb');
INSERT INTO ingredients (id, recipe_id, name, quantity, unit) VALUES ('74876f1c-d109-4f1e-ba02-d8b827d8eebb', 'e8111454-604e-420c-9cef-a3fcfdfc3988', 'Spinach', 1, 'bundle');
INSERT INTO ingredients (id, recipe_id, name, quantity, unit) VALUES ('b9cbfc36-4640-4ede-a605-6b2c2be2b975', 'e8111454-604e-420c-9cef-a3fcfdfc3988', 'Zucchini Noodles', 2, 'cup');
INSERT INTO ingredients (id, recipe_id, name, quantity, unit) VALUES ('ec3cc78a-4029-4c77-ba04-1e67623b5106', 'e8111454-604e-420c-9cef-a3fcfdfc3988', 'Olive Oil', 1, 'tbsp');
INSERT INTO ingredients (id, recipe_id, name, quantity, unit) VALUES ('159d56c5-0c97-4921-a717-a90864f1a3da', 'e8111454-604e-420c-9cef-a3fcfdfc3988', 'Salt & Pepper', 1, 'pinch');
INSERT INTO ingredients (id, recipe_id, name, quantity, unit) VALUES ('6d7004ca-7acf-4715-938b-03d7ba5c4f0e', 'e8111454-604e-420c-9cef-a3fcfdfc3988', 'Brussels Sprouts', 5, 'g');
INSERT INTO ingredients (id, recipe_id, name, quantity, unit) VALUES ('29e902cd-0a6c-4e0f-a7a4-2b319c55d965', 'e8111454-604e-420c-9cef-a3fcfdfc3988', 'Broccoli', 2, 'cup');
INSERT INTO recipe_dietary_tags (recipe_id, tag_id) VALUES ('e8111454-604e-420c-9cef-a3fcfdfc3988', 8);

INSERT INTO recipes (id, user_id, title, description, instructions, image_url, servings, source_url, source_name, is_archived) VALUES ('1860cd0a-2d6c-4af6-a346-662ae70520fa', 'admin-user-id', 'Lemon Garlic Pan-Seared Steak', 'A delicious and healthy Lemon Garlic Pan-Seared Steak served with Brussels Sprouts and Quinoa. Perfect for a quick weeknight dinner.', '1. Preheat oven to 400°F.
2. Season the Steak with Lemon Garlic spices.
3. Arrange Brussels Sprouts and Broccoli on a baking sheet.
4. Pan-Seared for 20-25 minutes until cooked through.
5. Serve hot over Quinoa.', 'https://images.unsplash.com/photo-1500000000146?auto=format&fit=crop&w=800&q=60', 4, 'https://www.bonappetit.com', 'Bon Appetit', 0);
INSERT INTO ingredients (id, recipe_id, name, quantity, unit) VALUES ('1f908255-b4ff-42e2-914b-0c70d34e48d2', '1860cd0a-2d6c-4af6-a346-662ae70520fa', 'Steak', 1, 'lb');
INSERT INTO ingredients (id, recipe_id, name, quantity, unit) VALUES ('539f97fd-384b-4751-af07-6d1db1d98e7b', '1860cd0a-2d6c-4af6-a346-662ae70520fa', 'Brussels Sprouts', 1, 'head');
INSERT INTO ingredients (id, recipe_id, name, quantity, unit) VALUES ('96a8604a-46bb-41fc-9be0-6eae6f424f46', '1860cd0a-2d6c-4af6-a346-662ae70520fa', 'Quinoa', 3, 'cup');
INSERT INTO ingredients (id, recipe_id, name, quantity, unit) VALUES ('5e46195e-c93d-4cb7-973e-e69e972e41d1', '1860cd0a-2d6c-4af6-a346-662ae70520fa', 'Olive Oil', 3, 'tbsp');
INSERT INTO ingredients (id, recipe_id, name, quantity, unit) VALUES ('65e503b9-989c-476c-ab82-7186ee771885', '1860cd0a-2d6c-4af6-a346-662ae70520fa', 'Salt & Pepper', 1, 'pinch');
INSERT INTO ingredients (id, recipe_id, name, quantity, unit) VALUES ('df24e732-3823-4430-8d69-f8c14dbfa300', '1860cd0a-2d6c-4af6-a346-662ae70520fa', 'Asparagus', 1, 'pinch');
INSERT INTO ingredients (id, recipe_id, name, quantity, unit) VALUES ('0808bac6-76ed-4b2c-8dad-65ba7b1ec47d', '1860cd0a-2d6c-4af6-a346-662ae70520fa', 'Zucchini', 4, 'pinch');
INSERT INTO recipe_dietary_tags (recipe_id, tag_id) VALUES ('1860cd0a-2d6c-4af6-a346-662ae70520fa', 7);
INSERT INTO recipe_dietary_tags (recipe_id, tag_id) VALUES ('1860cd0a-2d6c-4af6-a346-662ae70520fa', 1);
INSERT INTO recipe_dietary_tags (recipe_id, tag_id) VALUES ('1860cd0a-2d6c-4af6-a346-662ae70520fa', 6);

INSERT INTO recipes (id, user_id, title, description, instructions, image_url, servings, source_url, source_name, is_archived) VALUES ('a78b2fc6-6bc4-4390-93b8-4980ace6909c', 'admin-user-id', 'Cajun Steamed Chicken Breast', 'A delicious and healthy Cajun Steamed Chicken Breast served with Green Beans and Mashed Cauliflower. Perfect for a quick weeknight dinner.', '1. Preheat oven to 400°F.
2. Season the Chicken Breast with Cajun spices.
3. Arrange Green Beans and Zucchini on a baking sheet.
4. Steamed for 20-25 minutes until cooked through.
5. Serve hot over Mashed Cauliflower.', 'https://images.unsplash.com/photo-1500000000147?auto=format&fit=crop&w=800&q=60', 5, 'https://www.allrecipes.com', 'AllRecipes', 0);
INSERT INTO ingredients (id, recipe_id, name, quantity, unit) VALUES ('7abfdc6c-ece3-4b86-9301-881781b4cb07', 'a78b2fc6-6bc4-4390-93b8-4980ace6909c', 'Chicken Breast', 1, 'oz');
INSERT INTO ingredients (id, recipe_id, name, quantity, unit) VALUES ('f01d7c5c-caa1-40b4-93bc-aa6fc012db32', 'a78b2fc6-6bc4-4390-93b8-4980ace6909c', 'Green Beans', 2, 'head');
INSERT INTO ingredients (id, recipe_id, name, quantity, unit) VALUES ('2a36d8ea-8860-4bd7-a2ee-c8d2d2558fae', 'a78b2fc6-6bc4-4390-93b8-4980ace6909c', 'Mashed Cauliflower', 2, 'cup');
INSERT INTO ingredients (id, recipe_id, name, quantity, unit) VALUES ('d3973fbd-e81a-4f6d-9a5e-c2c3eb698673', 'a78b2fc6-6bc4-4390-93b8-4980ace6909c', 'Olive Oil', 3, 'tbsp');
INSERT INTO ingredients (id, recipe_id, name, quantity, unit) VALUES ('516c27dd-b465-49e2-b8b7-270c31bc0943', 'a78b2fc6-6bc4-4390-93b8-4980ace6909c', 'Salt & Pepper', 1, 'pinch');
INSERT INTO ingredients (id, recipe_id, name, quantity, unit) VALUES ('ab10d1c2-301e-41f3-b5ca-5c5737a6f386', 'a78b2fc6-6bc4-4390-93b8-4980ace6909c', 'Sweet Potatoes', 3, 'cup');
INSERT INTO ingredients (id, recipe_id, name, quantity, unit) VALUES ('c1d9659a-3f48-4253-952d-f97ecabcbc25', 'a78b2fc6-6bc4-4390-93b8-4980ace6909c', 'Onion', 1, 'head');
INSERT INTO ingredients (id, recipe_id, name, quantity, unit) VALUES ('d3ecdf48-84ba-483b-b5a7-a89743d8887d', 'a78b2fc6-6bc4-4390-93b8-4980ace6909c', 'Kale', 5, 'clove');
INSERT INTO recipe_dietary_tags (recipe_id, tag_id) VALUES ('a78b2fc6-6bc4-4390-93b8-4980ace6909c', 5);

INSERT INTO recipes (id, user_id, title, description, instructions, image_url, servings, source_url, source_name, is_archived) VALUES ('8ada1416-9760-4f31-9c79-a01130307f17', 'admin-user-id', 'Herbes de Provence Roasted Chicken Breast', 'A delicious and healthy Herbes de Provence Roasted Chicken Breast served with Green Beans and Zucchini Noodles. Perfect for a quick weeknight dinner.', '1. Preheat oven to 400°F.
2. Season the Chicken Breast with Herbes de Provence spices.
3. Arrange Green Beans and Sweet Potatoes on a baking sheet.
4. Roasted for 20-25 minutes until cooked through.
5. Serve hot over Zucchini Noodles.', 'https://images.unsplash.com/photo-1500000000148?auto=format&fit=crop&w=800&q=60', 8, 'https://www.foodnetwork.com', 'Food Network', 0);
INSERT INTO ingredients (id, recipe_id, name, quantity, unit) VALUES ('c1a25942-6264-41e1-a52c-081c3a2ff2e1', '8ada1416-9760-4f31-9c79-a01130307f17', 'Chicken Breast', 1, 'lb');
INSERT INTO ingredients (id, recipe_id, name, quantity, unit) VALUES ('3a7f9941-ae04-4904-b4e3-80cc546d4ee1', '8ada1416-9760-4f31-9c79-a01130307f17', 'Green Beans', 2, 'bundle');
INSERT INTO ingredients (id, recipe_id, name, quantity, unit) VALUES ('ef7bbcc5-3320-415f-b718-6b1e95af05dd', '8ada1416-9760-4f31-9c79-a01130307f17', 'Zucchini Noodles', 2, 'cup');
INSERT INTO ingredients (id, recipe_id, name, quantity, unit) VALUES ('2eb2e9a1-b91e-457f-80f8-4c000cae5493', '8ada1416-9760-4f31-9c79-a01130307f17', 'Olive Oil', 1, 'tbsp');
INSERT INTO ingredients (id, recipe_id, name, quantity, unit) VALUES ('36e51003-89cd-4548-93c7-e5856e80e434', '8ada1416-9760-4f31-9c79-a01130307f17', 'Salt & Pepper', 1, 'pinch');
INSERT INTO ingredients (id, recipe_id, name, quantity, unit) VALUES ('d09abaf5-9612-46ce-86d8-96bbf78d16c1', '8ada1416-9760-4f31-9c79-a01130307f17', 'Butter', 5, 'lb');
INSERT INTO ingredients (id, recipe_id, name, quantity, unit) VALUES ('a6c66c28-e462-4c12-a01c-39fe8c021fda', '8ada1416-9760-4f31-9c79-a01130307f17', 'Spinach', 5, 'g');
INSERT INTO ingredients (id, recipe_id, name, quantity, unit) VALUES ('99baba1a-69ae-4cf0-8970-6178cc373e7a', '8ada1416-9760-4f31-9c79-a01130307f17', 'Butter', 4, 'lb');
INSERT INTO ingredients (id, recipe_id, name, quantity, unit) VALUES ('cfc3a078-b9f7-429c-a97b-ec2e5676ba5b', '8ada1416-9760-4f31-9c79-a01130307f17', 'Spinach', 4, 'head');
INSERT INTO ingredients (id, recipe_id, name, quantity, unit) VALUES ('2d21659c-1fa0-49a4-a4bb-5a0ac1ebe10f', '8ada1416-9760-4f31-9c79-a01130307f17', 'Carrots', 3, 'ml');
INSERT INTO ingredients (id, recipe_id, name, quantity, unit) VALUES ('feef8568-c59c-48aa-8769-22d130420ab2', '8ada1416-9760-4f31-9c79-a01130307f17', 'Sweet Potatoes', 5, 'lb');
INSERT INTO recipe_dietary_tags (recipe_id, tag_id) VALUES ('8ada1416-9760-4f31-9c79-a01130307f17', 9);

INSERT INTO recipes (id, user_id, title, description, instructions, image_url, servings, source_url, source_name, is_archived) VALUES ('4429e3d6-5ecb-4093-8787-2b21faf0fd76', 'admin-user-id', 'Taco Seasoned Roasted Cod', 'A delicious and healthy Taco Seasoned Roasted Cod served with Bell Peppers and Cauliflower Rice. Perfect for a quick weeknight dinner.', '1. Preheat oven to 400°F.
2. Season the Cod with Taco Seasoned spices.
3. Arrange Bell Peppers and Cauliflower on a baking sheet.
4. Roasted for 20-25 minutes until cooked through.
5. Serve hot over Cauliflower Rice.', 'https://images.unsplash.com/photo-1500000000149?auto=format&fit=crop&w=800&q=60', 3, 'https://www.foodnetwork.com', 'Food Network', 0);
INSERT INTO ingredients (id, recipe_id, name, quantity, unit) VALUES ('4dc287c4-9313-445b-a697-23904e591b21', '4429e3d6-5ecb-4093-8787-2b21faf0fd76', 'Cod', 2, 'oz');
INSERT INTO ingredients (id, recipe_id, name, quantity, unit) VALUES ('ba707b6a-2569-4ad7-b077-d87ab1959393', '4429e3d6-5ecb-4093-8787-2b21faf0fd76', 'Bell Peppers', 2, 'bundle');
INSERT INTO ingredients (id, recipe_id, name, quantity, unit) VALUES ('bc412748-c0dc-4cae-b761-aa3aaa01ea73', '4429e3d6-5ecb-4093-8787-2b21faf0fd76', 'Cauliflower Rice', 2, 'cup');
INSERT INTO ingredients (id, recipe_id, name, quantity, unit) VALUES ('b74aceb1-d8a6-466e-8443-64c4d5e5ce9e', '4429e3d6-5ecb-4093-8787-2b21faf0fd76', 'Olive Oil', 1, 'tbsp');
INSERT INTO ingredients (id, recipe_id, name, quantity, unit) VALUES ('e4966ec0-ec82-44e3-b35a-0b2f2a863047', '4429e3d6-5ecb-4093-8787-2b21faf0fd76', 'Salt & Pepper', 1, 'pinch');
INSERT INTO ingredients (id, recipe_id, name, quantity, unit) VALUES ('fc042bb6-90f5-4d27-8b30-0f4e46899286', '4429e3d6-5ecb-4093-8787-2b21faf0fd76', 'Broccoli', 3, 'bundle');
INSERT INTO ingredients (id, recipe_id, name, quantity, unit) VALUES ('e1878ab5-54f7-467a-8a01-ea1f734d4e1b', '4429e3d6-5ecb-4093-8787-2b21faf0fd76', 'Brussels Sprouts', 4, 'ml');
INSERT INTO ingredients (id, recipe_id, name, quantity, unit) VALUES ('8c2c9760-8958-41fb-84bc-3351686b1d0f', '4429e3d6-5ecb-4093-8787-2b21faf0fd76', 'Kale', 2, 'cup');
INSERT INTO recipe_dietary_tags (recipe_id, tag_id) VALUES ('4429e3d6-5ecb-4093-8787-2b21faf0fd76', 4);

INSERT INTO recipes (id, user_id, title, description, instructions, image_url, servings, source_url, source_name, is_archived) VALUES ('e74e7488-99b0-455b-83e6-eece6ddabcb5', 'admin-user-id', 'Smoky BBQ Pan-Seared Chickpeas', 'A delicious and healthy Smoky BBQ Pan-Seared Chickpeas served with Carrots and Brown Rice. Perfect for a quick weeknight dinner.', '1. Preheat oven to 400°F.
2. Season the Chickpeas with Smoky BBQ spices.
3. Arrange Carrots and Kale on a baking sheet.
4. Pan-Seared for 20-25 minutes until cooked through.
5. Serve hot over Brown Rice.', 'https://images.unsplash.com/photo-1500000000150?auto=format&fit=crop&w=800&q=60', 3, 'https://www.tasteofhome.com', 'Taste of Home', 0);
INSERT INTO ingredients (id, recipe_id, name, quantity, unit) VALUES ('b54cb1ec-0afb-4a28-b727-8bc50db8dc1e', 'e74e7488-99b0-455b-83e6-eece6ddabcb5', 'Chickpeas', 1, 'oz');
INSERT INTO ingredients (id, recipe_id, name, quantity, unit) VALUES ('8c272979-d8c5-4b0d-bcab-567c697962c7', 'e74e7488-99b0-455b-83e6-eece6ddabcb5', 'Carrots', 4, 'cup');
INSERT INTO ingredients (id, recipe_id, name, quantity, unit) VALUES ('7972c35f-c518-4d46-89f6-a17540aec895', 'e74e7488-99b0-455b-83e6-eece6ddabcb5', 'Brown Rice', 2, 'cup');
INSERT INTO ingredients (id, recipe_id, name, quantity, unit) VALUES ('a82f987c-6e2f-4ece-8efc-3620c124bb61', 'e74e7488-99b0-455b-83e6-eece6ddabcb5', 'Olive Oil', 1, 'tbsp');
INSERT INTO ingredients (id, recipe_id, name, quantity, unit) VALUES ('89188196-ce38-43a9-b1a4-f59f5f01e3a9', 'e74e7488-99b0-455b-83e6-eece6ddabcb5', 'Salt & Pepper', 1, 'pinch');
INSERT INTO ingredients (id, recipe_id, name, quantity, unit) VALUES ('5ad6b3bf-9be7-48ee-aa38-17c67d80535f', 'e74e7488-99b0-455b-83e6-eece6ddabcb5', 'Cauliflower', 5, 'bundle');
INSERT INTO recipe_dietary_tags (recipe_id, tag_id) VALUES ('e74e7488-99b0-455b-83e6-eece6ddabcb5', 1);

INSERT INTO recipes (id, user_id, title, description, instructions, image_url, servings, source_url, source_name, is_archived) VALUES ('cce0239b-289e-42cb-a064-12e3f754fffd', 'admin-user-id', 'Smoky BBQ Grilled Pork Loin', 'A delicious and healthy Smoky BBQ Grilled Pork Loin served with Zucchini and Lentil Pasta. Perfect for a quick weeknight dinner.', '1. Preheat oven to 400°F.
2. Season the Pork Loin with Smoky BBQ spices.
3. Arrange Zucchini and Asparagus on a baking sheet.
4. Grilled for 20-25 minutes until cooked through.
5. Serve hot over Lentil Pasta.', 'https://images.unsplash.com/photo-1500000000151?auto=format&fit=crop&w=800&q=60', 3, 'https://www.bonappetit.com', 'Bon Appetit', 0);
INSERT INTO ingredients (id, recipe_id, name, quantity, unit) VALUES ('34424515-ae98-47c3-8121-0cde7f62fe0f', 'cce0239b-289e-42cb-a064-12e3f754fffd', 'Pork Loin', 1, 'oz');
INSERT INTO ingredients (id, recipe_id, name, quantity, unit) VALUES ('970f3aff-9d3a-4f3c-90f2-1111f7bc93f7', 'cce0239b-289e-42cb-a064-12e3f754fffd', 'Zucchini', 3, 'head');
INSERT INTO ingredients (id, recipe_id, name, quantity, unit) VALUES ('5ee7e54f-d7a1-4127-bb90-0aae805c189b', 'cce0239b-289e-42cb-a064-12e3f754fffd', 'Lentil Pasta', 2, 'cup');
INSERT INTO ingredients (id, recipe_id, name, quantity, unit) VALUES ('f38008fb-ee67-4f6b-9633-9354ac0cd4cb', 'cce0239b-289e-42cb-a064-12e3f754fffd', 'Olive Oil', 2, 'tbsp');
INSERT INTO ingredients (id, recipe_id, name, quantity, unit) VALUES ('e5b1f6dc-52d4-407a-b92f-05e32df499c7', 'cce0239b-289e-42cb-a064-12e3f754fffd', 'Salt & Pepper', 1, 'pinch');
INSERT INTO ingredients (id, recipe_id, name, quantity, unit) VALUES ('b32fb957-dffb-4116-9b77-a325dc1254be', 'cce0239b-289e-42cb-a064-12e3f754fffd', 'Ginger', 2, 'oz');
INSERT INTO ingredients (id, recipe_id, name, quantity, unit) VALUES ('8a2a47b2-5698-406d-bcae-419728bb2e7b', 'cce0239b-289e-42cb-a064-12e3f754fffd', 'Ginger', 2, 'oz');
INSERT INTO ingredients (id, recipe_id, name, quantity, unit) VALUES ('567871b5-f769-469f-bb2c-72fc6ec48aba', 'cce0239b-289e-42cb-a064-12e3f754fffd', 'Bell Peppers', 2, 'ml');
INSERT INTO recipe_dietary_tags (recipe_id, tag_id) VALUES ('cce0239b-289e-42cb-a064-12e3f754fffd', 5);
INSERT INTO recipe_dietary_tags (recipe_id, tag_id) VALUES ('cce0239b-289e-42cb-a064-12e3f754fffd', 7);

INSERT INTO recipes (id, user_id, title, description, instructions, image_url, servings, source_url, source_name, is_archived) VALUES ('8a6380c8-d16b-4bcb-879e-11e7f926f1c3', 'admin-user-id', 'Cajun Slow Cooked Chickpeas', 'A delicious and healthy Cajun Slow Cooked Chickpeas served with Kale and Couscous. Perfect for a quick weeknight dinner.', '1. Preheat oven to 400°F.
2. Season the Chickpeas with Cajun spices.
3. Arrange Kale and Spinach on a baking sheet.
4. Slow Cooked for 20-25 minutes until cooked through.
5. Serve hot over Couscous.', 'https://images.unsplash.com/photo-1500000000152?auto=format&fit=crop&w=800&q=60', 8, 'https://www.bonappetit.com', 'Bon Appetit', 0);
INSERT INTO ingredients (id, recipe_id, name, quantity, unit) VALUES ('a0fa46a5-76c6-49f7-a516-4570e85baab5', '8a6380c8-d16b-4bcb-879e-11e7f926f1c3', 'Chickpeas', 2, 'lb');
INSERT INTO ingredients (id, recipe_id, name, quantity, unit) VALUES ('9f00f36a-2fdf-45bb-8fc4-5d4dbff0b551', '8a6380c8-d16b-4bcb-879e-11e7f926f1c3', 'Kale', 4, 'head');
INSERT INTO ingredients (id, recipe_id, name, quantity, unit) VALUES ('4499a3a6-a8d1-416c-8360-060b05bb253b', '8a6380c8-d16b-4bcb-879e-11e7f926f1c3', 'Couscous', 1, 'cup');
INSERT INTO ingredients (id, recipe_id, name, quantity, unit) VALUES ('da7ed528-3ac0-48a0-9d32-ac1f5411ef37', '8a6380c8-d16b-4bcb-879e-11e7f926f1c3', 'Olive Oil', 1, 'tbsp');
INSERT INTO ingredients (id, recipe_id, name, quantity, unit) VALUES ('b0d77ead-365e-478d-93a1-64525cd65019', '8a6380c8-d16b-4bcb-879e-11e7f926f1c3', 'Salt & Pepper', 1, 'pinch');
INSERT INTO ingredients (id, recipe_id, name, quantity, unit) VALUES ('9ae243c2-4682-4807-9565-5f0d3002a40d', '8a6380c8-d16b-4bcb-879e-11e7f926f1c3', 'Sweet Potatoes', 3, 'tbsp');
INSERT INTO ingredients (id, recipe_id, name, quantity, unit) VALUES ('8caba66a-28fc-4351-b89a-1441e977cd63', '8a6380c8-d16b-4bcb-879e-11e7f926f1c3', 'Ginger', 4, 'g');
INSERT INTO ingredients (id, recipe_id, name, quantity, unit) VALUES ('28406090-a085-49c9-9a74-f7a5cf13f182', '8a6380c8-d16b-4bcb-879e-11e7f926f1c3', 'Sweet Potatoes', 1, 'oz');
INSERT INTO ingredients (id, recipe_id, name, quantity, unit) VALUES ('1dd6b465-306b-41fa-91a3-5a36441e2feb', '8a6380c8-d16b-4bcb-879e-11e7f926f1c3', 'Spinach', 3, 'clove');
INSERT INTO recipe_dietary_tags (recipe_id, tag_id) VALUES ('8a6380c8-d16b-4bcb-879e-11e7f926f1c3', 2);
INSERT INTO recipe_dietary_tags (recipe_id, tag_id) VALUES ('8a6380c8-d16b-4bcb-879e-11e7f926f1c3', 10);
INSERT INTO recipe_dietary_tags (recipe_id, tag_id) VALUES ('8a6380c8-d16b-4bcb-879e-11e7f926f1c3', 9);

INSERT INTO recipes (id, user_id, title, description, instructions, image_url, servings, source_url, source_name, is_archived) VALUES ('7bcb14bf-30eb-4fc1-986a-0a2d3754ad44', 'admin-user-id', 'Lemon Garlic Baked Turkey Breast', 'A delicious and healthy Lemon Garlic Baked Turkey Breast served with Kale and Lentil Pasta. Perfect for a quick weeknight dinner.', '1. Preheat oven to 400°F.
2. Season the Turkey Breast with Lemon Garlic spices.
3. Arrange Kale and Broccoli on a baking sheet.
4. Baked for 20-25 minutes until cooked through.
5. Serve hot over Lentil Pasta.', 'https://images.unsplash.com/photo-1500000000153?auto=format&fit=crop&w=800&q=60', 7, 'https://www.tasteofhome.com', 'Taste of Home', 0);
INSERT INTO ingredients (id, recipe_id, name, quantity, unit) VALUES ('da4e409d-96dd-4bad-b383-86ff8a448794', '7bcb14bf-30eb-4fc1-986a-0a2d3754ad44', 'Turkey Breast', 1, 'oz');
INSERT INTO ingredients (id, recipe_id, name, quantity, unit) VALUES ('374eca71-6df4-4c24-aaf9-73a349dc6fcf', '7bcb14bf-30eb-4fc1-986a-0a2d3754ad44', 'Kale', 4, 'cup');
INSERT INTO ingredients (id, recipe_id, name, quantity, unit) VALUES ('ae9ea485-fd82-4db7-9580-90405be1d56e', '7bcb14bf-30eb-4fc1-986a-0a2d3754ad44', 'Lentil Pasta', 2, 'cup');
INSERT INTO ingredients (id, recipe_id, name, quantity, unit) VALUES ('5cf12a71-c77c-4801-99b4-59415848da53', '7bcb14bf-30eb-4fc1-986a-0a2d3754ad44', 'Olive Oil', 3, 'tbsp');
INSERT INTO ingredients (id, recipe_id, name, quantity, unit) VALUES ('2d581493-e190-4939-a13c-9cf83b7f9858', '7bcb14bf-30eb-4fc1-986a-0a2d3754ad44', 'Salt & Pepper', 1, 'pinch');
INSERT INTO ingredients (id, recipe_id, name, quantity, unit) VALUES ('d93b27d6-cbc2-4f9e-8887-c62c163aa0e3', '7bcb14bf-30eb-4fc1-986a-0a2d3754ad44', 'Ginger', 4, 'tsp');
INSERT INTO ingredients (id, recipe_id, name, quantity, unit) VALUES ('10c43e16-c106-455c-9cbf-4c1713decf14', '7bcb14bf-30eb-4fc1-986a-0a2d3754ad44', 'Bell Peppers', 3, 'lb');
INSERT INTO ingredients (id, recipe_id, name, quantity, unit) VALUES ('81341f6f-830b-4d32-bb01-25fcb8cec53e', '7bcb14bf-30eb-4fc1-986a-0a2d3754ad44', 'Zucchini', 5, 'pinch');
INSERT INTO ingredients (id, recipe_id, name, quantity, unit) VALUES ('2497a2ab-84e8-43ed-b509-c97014779310', '7bcb14bf-30eb-4fc1-986a-0a2d3754ad44', 'Brussels Sprouts', 3, 'g');
INSERT INTO ingredients (id, recipe_id, name, quantity, unit) VALUES ('8f59fdc9-9c57-4f28-bbd1-4926c7e3babc', '7bcb14bf-30eb-4fc1-986a-0a2d3754ad44', 'Sweet Potatoes', 4, 'oz');
INSERT INTO ingredients (id, recipe_id, name, quantity, unit) VALUES ('b56595cc-45b1-4a98-9676-959bef9c7528', '7bcb14bf-30eb-4fc1-986a-0a2d3754ad44', 'Cauliflower', 1, 'g');
INSERT INTO recipe_dietary_tags (recipe_id, tag_id) VALUES ('7bcb14bf-30eb-4fc1-986a-0a2d3754ad44', 4);
INSERT INTO recipe_dietary_tags (recipe_id, tag_id) VALUES ('7bcb14bf-30eb-4fc1-986a-0a2d3754ad44', 7);

INSERT INTO recipes (id, user_id, title, description, instructions, image_url, servings, source_url, source_name, is_archived) VALUES ('7615cce5-5629-4e05-9ba3-e819ddd73d51', 'admin-user-id', 'Taco Seasoned Baked Shrimp', 'A delicious and healthy Taco Seasoned Baked Shrimp served with Cauliflower and Roasted Potatoes. Perfect for a quick weeknight dinner.', '1. Preheat oven to 400°F.
2. Season the Shrimp with Taco Seasoned spices.
3. Arrange Cauliflower and Broccoli on a baking sheet.
4. Baked for 20-25 minutes until cooked through.
5. Serve hot over Roasted Potatoes.', 'https://images.unsplash.com/photo-1500000000154?auto=format&fit=crop&w=800&q=60', 6, 'https://www.foodnetwork.com', 'Food Network', 0);
INSERT INTO ingredients (id, recipe_id, name, quantity, unit) VALUES ('79532d8a-0212-498d-be9a-658142e481b5', '7615cce5-5629-4e05-9ba3-e819ddd73d51', 'Shrimp', 2, 'lb');
INSERT INTO ingredients (id, recipe_id, name, quantity, unit) VALUES ('e13777d6-26d5-4e66-b49a-4729f46d4deb', '7615cce5-5629-4e05-9ba3-e819ddd73d51', 'Cauliflower', 1, 'cup');
INSERT INTO ingredients (id, recipe_id, name, quantity, unit) VALUES ('085a4d8a-d299-4175-aa3f-6ef98a81e4e0', '7615cce5-5629-4e05-9ba3-e819ddd73d51', 'Roasted Potatoes', 3, 'cup');
INSERT INTO ingredients (id, recipe_id, name, quantity, unit) VALUES ('176b22f1-3e00-4bd7-b609-7af1dbdacab3', '7615cce5-5629-4e05-9ba3-e819ddd73d51', 'Olive Oil', 2, 'tbsp');
INSERT INTO ingredients (id, recipe_id, name, quantity, unit) VALUES ('ad1fc65b-a571-416c-bc9f-97f62aaf7ba4', '7615cce5-5629-4e05-9ba3-e819ddd73d51', 'Salt & Pepper', 1, 'pinch');
INSERT INTO ingredients (id, recipe_id, name, quantity, unit) VALUES ('3fe847df-759a-412f-8d9f-16a1256e0da9', '7615cce5-5629-4e05-9ba3-e819ddd73d51', 'Ginger', 2, 'clove');
INSERT INTO recipe_dietary_tags (recipe_id, tag_id) VALUES ('7615cce5-5629-4e05-9ba3-e819ddd73d51', 2);

INSERT INTO recipes (id, user_id, title, description, instructions, image_url, servings, source_url, source_name, is_archived) VALUES ('877f1ac4-a2d7-414e-8d3b-b897fad5eaf4', 'admin-user-id', 'Curry Baked Chicken Breast', 'A delicious and healthy Curry Baked Chicken Breast served with Broccoli and Roasted Potatoes. Perfect for a quick weeknight dinner.', '1. Preheat oven to 400°F.
2. Season the Chicken Breast with Curry spices.
3. Arrange Broccoli and Green Beans on a baking sheet.
4. Baked for 20-25 minutes until cooked through.
5. Serve hot over Roasted Potatoes.', 'https://images.unsplash.com/photo-1500000000155?auto=format&fit=crop&w=800&q=60', 7, 'https://www.foodnetwork.com', 'Food Network', 0);
INSERT INTO ingredients (id, recipe_id, name, quantity, unit) VALUES ('1c790154-6a87-4c45-af58-f2aa22f6065e', '877f1ac4-a2d7-414e-8d3b-b897fad5eaf4', 'Chicken Breast', 2, 'lb');
INSERT INTO ingredients (id, recipe_id, name, quantity, unit) VALUES ('8bb3e894-4e37-4db4-a80d-64713d149696', '877f1ac4-a2d7-414e-8d3b-b897fad5eaf4', 'Broccoli', 3, 'bundle');
INSERT INTO ingredients (id, recipe_id, name, quantity, unit) VALUES ('6de59b73-6cb7-4956-a6f6-80d9c6717fc1', '877f1ac4-a2d7-414e-8d3b-b897fad5eaf4', 'Roasted Potatoes', 3, 'cup');
INSERT INTO ingredients (id, recipe_id, name, quantity, unit) VALUES ('727ae306-4921-494e-9edd-c195ac6d8135', '877f1ac4-a2d7-414e-8d3b-b897fad5eaf4', 'Olive Oil', 1, 'tbsp');
INSERT INTO ingredients (id, recipe_id, name, quantity, unit) VALUES ('1f8eb245-d59a-499d-a523-0cd1e70b247b', '877f1ac4-a2d7-414e-8d3b-b897fad5eaf4', 'Salt & Pepper', 1, 'pinch');
INSERT INTO ingredients (id, recipe_id, name, quantity, unit) VALUES ('37f3cc84-8511-4fbf-a821-4f2850334a03', '877f1ac4-a2d7-414e-8d3b-b897fad5eaf4', 'Cauliflower', 3, 'oz');
INSERT INTO ingredients (id, recipe_id, name, quantity, unit) VALUES ('5620db45-73ca-4411-8b4f-a3f2430c9b4f', '877f1ac4-a2d7-414e-8d3b-b897fad5eaf4', 'Ginger', 1, 'clove');
INSERT INTO ingredients (id, recipe_id, name, quantity, unit) VALUES ('d564e5ec-e3c4-4980-8b84-ed0d9e257d2b', '877f1ac4-a2d7-414e-8d3b-b897fad5eaf4', 'Ginger', 5, 'pinch');
INSERT INTO ingredients (id, recipe_id, name, quantity, unit) VALUES ('442a5f15-6705-487e-9835-78927ef293a1', '877f1ac4-a2d7-414e-8d3b-b897fad5eaf4', 'Garlic', 2, 'cup');
INSERT INTO recipe_dietary_tags (recipe_id, tag_id) VALUES ('877f1ac4-a2d7-414e-8d3b-b897fad5eaf4', 4);
INSERT INTO recipe_dietary_tags (recipe_id, tag_id) VALUES ('877f1ac4-a2d7-414e-8d3b-b897fad5eaf4', 8);
INSERT INTO recipe_dietary_tags (recipe_id, tag_id) VALUES ('877f1ac4-a2d7-414e-8d3b-b897fad5eaf4', 9);

INSERT INTO recipes (id, user_id, title, description, instructions, image_url, servings, source_url, source_name, is_archived) VALUES ('14c4eeee-b1ce-4a25-ab5c-9f10a507fe5b', 'admin-user-id', 'Honey Sriracha Air Fried Chickpeas', 'A delicious and healthy Honey Sriracha Air Fried Chickpeas served with Broccoli and Brown Rice. Perfect for a quick weeknight dinner.', '1. Preheat oven to 400°F.
2. Season the Chickpeas with Honey Sriracha spices.
3. Arrange Broccoli and Asparagus on a baking sheet.
4. Air Fried for 20-25 minutes until cooked through.
5. Serve hot over Brown Rice.', 'https://images.unsplash.com/photo-1500000000156?auto=format&fit=crop&w=800&q=60', 2, 'https://www.bonappetit.com', 'Bon Appetit', 0);
INSERT INTO ingredients (id, recipe_id, name, quantity, unit) VALUES ('1a336adf-2689-4242-934b-d7dc957b9a28', '14c4eeee-b1ce-4a25-ab5c-9f10a507fe5b', 'Chickpeas', 2, 'oz');
INSERT INTO ingredients (id, recipe_id, name, quantity, unit) VALUES ('b9e63902-b696-4b0c-8978-1f3b46e2c609', '14c4eeee-b1ce-4a25-ab5c-9f10a507fe5b', 'Broccoli', 2, 'head');
INSERT INTO ingredients (id, recipe_id, name, quantity, unit) VALUES ('d444dfea-f29a-46c4-ae73-e1af2dff9d6d', '14c4eeee-b1ce-4a25-ab5c-9f10a507fe5b', 'Brown Rice', 3, 'cup');
INSERT INTO ingredients (id, recipe_id, name, quantity, unit) VALUES ('1006c4c0-3817-4cf2-bcf5-ef772de4bba2', '14c4eeee-b1ce-4a25-ab5c-9f10a507fe5b', 'Olive Oil', 1, 'tbsp');
INSERT INTO ingredients (id, recipe_id, name, quantity, unit) VALUES ('aa341c27-e43b-46e8-9425-e88173db8950', '14c4eeee-b1ce-4a25-ab5c-9f10a507fe5b', 'Salt & Pepper', 1, 'pinch');
INSERT INTO ingredients (id, recipe_id, name, quantity, unit) VALUES ('d5eb1ea5-44e2-49ae-a109-fb8d9691058a', '14c4eeee-b1ce-4a25-ab5c-9f10a507fe5b', 'Onion', 3, 'ml');
INSERT INTO ingredients (id, recipe_id, name, quantity, unit) VALUES ('1b2b89c0-aebd-4e0f-90bb-aa0333d3f966', '14c4eeee-b1ce-4a25-ab5c-9f10a507fe5b', 'Lemon', 4, 'tbsp');
INSERT INTO recipe_dietary_tags (recipe_id, tag_id) VALUES ('14c4eeee-b1ce-4a25-ab5c-9f10a507fe5b', 3);
INSERT INTO recipe_dietary_tags (recipe_id, tag_id) VALUES ('14c4eeee-b1ce-4a25-ab5c-9f10a507fe5b', 9);

INSERT INTO recipes (id, user_id, title, description, instructions, image_url, servings, source_url, source_name, is_archived) VALUES ('3ac15070-e962-4bb0-a76b-5f325e18839e', 'admin-user-id', 'Herbes de Provence Air Fried Pork Loin', 'A delicious and healthy Herbes de Provence Air Fried Pork Loin served with Kale and Roasted Potatoes. Perfect for a quick weeknight dinner.', '1. Preheat oven to 400°F.
2. Season the Pork Loin with Herbes de Provence spices.
3. Arrange Kale and Broccoli on a baking sheet.
4. Air Fried for 20-25 minutes until cooked through.
5. Serve hot over Roasted Potatoes.', 'https://images.unsplash.com/photo-1500000000157?auto=format&fit=crop&w=800&q=60', 4, 'https://www.foodnetwork.com', 'Food Network', 0);
INSERT INTO ingredients (id, recipe_id, name, quantity, unit) VALUES ('2ffdb533-3e9e-4535-a596-56eddac07eec', '3ac15070-e962-4bb0-a76b-5f325e18839e', 'Pork Loin', 2, 'lb');
INSERT INTO ingredients (id, recipe_id, name, quantity, unit) VALUES ('39983c79-ab8e-419e-aa46-9e7e06abd30c', '3ac15070-e962-4bb0-a76b-5f325e18839e', 'Kale', 3, 'head');
INSERT INTO ingredients (id, recipe_id, name, quantity, unit) VALUES ('74c7cec9-7f2c-40b8-a231-cf8934dccb01', '3ac15070-e962-4bb0-a76b-5f325e18839e', 'Roasted Potatoes', 2, 'cup');
INSERT INTO ingredients (id, recipe_id, name, quantity, unit) VALUES ('781178f3-8b9c-4e6b-8ff9-c4e64d08bac3', '3ac15070-e962-4bb0-a76b-5f325e18839e', 'Olive Oil', 2, 'tbsp');
INSERT INTO ingredients (id, recipe_id, name, quantity, unit) VALUES ('265e13ac-43e5-45f0-a8eb-2c23e5ee5ce7', '3ac15070-e962-4bb0-a76b-5f325e18839e', 'Salt & Pepper', 1, 'pinch');
INSERT INTO ingredients (id, recipe_id, name, quantity, unit) VALUES ('77a227ea-f7e3-4516-b172-b173da533f7a', '3ac15070-e962-4bb0-a76b-5f325e18839e', 'Asparagus', 3, 'pinch');
INSERT INTO ingredients (id, recipe_id, name, quantity, unit) VALUES ('a4f808dd-f3bb-400f-9109-33bf9b1d2dee', '3ac15070-e962-4bb0-a76b-5f325e18839e', 'Garlic', 5, 'tsp');
INSERT INTO ingredients (id, recipe_id, name, quantity, unit) VALUES ('578bf2bf-b83e-413a-bb35-aa7e37aabd9f', '3ac15070-e962-4bb0-a76b-5f325e18839e', 'Bell Peppers', 5, 'head');
INSERT INTO ingredients (id, recipe_id, name, quantity, unit) VALUES ('d50eea7a-ee03-4632-8ab4-38a73dcc4d7e', '3ac15070-e962-4bb0-a76b-5f325e18839e', 'Brussels Sprouts', 4, 'clove');
INSERT INTO ingredients (id, recipe_id, name, quantity, unit) VALUES ('99b1a161-3bf0-4fff-ad6f-d595ec57f140', '3ac15070-e962-4bb0-a76b-5f325e18839e', 'Onion', 2, 'lb');
INSERT INTO ingredients (id, recipe_id, name, quantity, unit) VALUES ('6e84d3e2-c644-4076-9109-ae94bba284af', '3ac15070-e962-4bb0-a76b-5f325e18839e', 'Zucchini', 4, 'bundle');
INSERT INTO recipe_dietary_tags (recipe_id, tag_id) VALUES ('3ac15070-e962-4bb0-a76b-5f325e18839e', 2);

INSERT INTO recipes (id, user_id, title, description, instructions, image_url, servings, source_url, source_name, is_archived) VALUES ('8b1931e7-8230-44a4-b633-1daa0f8d46d4', 'admin-user-id', 'Pesto Baked Black Beans', 'A delicious and healthy Pesto Baked Black Beans served with Zucchini and Roasted Potatoes. Perfect for a quick weeknight dinner.', '1. Preheat oven to 400°F.
2. Season the Black Beans with Pesto spices.
3. Arrange Zucchini and Cauliflower on a baking sheet.
4. Baked for 20-25 minutes until cooked through.
5. Serve hot over Roasted Potatoes.', 'https://images.unsplash.com/photo-1500000000158?auto=format&fit=crop&w=800&q=60', 3, 'https://www.foodnetwork.com', 'Food Network', 0);
INSERT INTO ingredients (id, recipe_id, name, quantity, unit) VALUES ('b462f275-991f-4e30-a273-0ebbfd39fccc', '8b1931e7-8230-44a4-b633-1daa0f8d46d4', 'Black Beans', 1, 'lb');
INSERT INTO ingredients (id, recipe_id, name, quantity, unit) VALUES ('19582706-fda2-4a0f-88f1-191643241184', '8b1931e7-8230-44a4-b633-1daa0f8d46d4', 'Zucchini', 2, 'head');
INSERT INTO ingredients (id, recipe_id, name, quantity, unit) VALUES ('861c6c6a-2ee0-4554-9c5c-6da5aa9adca5', '8b1931e7-8230-44a4-b633-1daa0f8d46d4', 'Roasted Potatoes', 2, 'cup');
INSERT INTO ingredients (id, recipe_id, name, quantity, unit) VALUES ('45263efc-2149-4929-8dbd-dcc357ed54b1', '8b1931e7-8230-44a4-b633-1daa0f8d46d4', 'Olive Oil', 2, 'tbsp');
INSERT INTO ingredients (id, recipe_id, name, quantity, unit) VALUES ('e45b6957-248c-4691-887e-62d37012fcac', '8b1931e7-8230-44a4-b633-1daa0f8d46d4', 'Salt & Pepper', 1, 'pinch');
INSERT INTO ingredients (id, recipe_id, name, quantity, unit) VALUES ('b70c73ec-1990-4cf2-b3e0-05d1cec3d7af', '8b1931e7-8230-44a4-b633-1daa0f8d46d4', 'Sweet Potatoes', 2, 'head');
INSERT INTO ingredients (id, recipe_id, name, quantity, unit) VALUES ('029ade13-f3df-46df-842c-2b64dc9195d5', '8b1931e7-8230-44a4-b633-1daa0f8d46d4', 'Onion', 3, 'oz');
INSERT INTO recipe_dietary_tags (recipe_id, tag_id) VALUES ('8b1931e7-8230-44a4-b633-1daa0f8d46d4', 8);

INSERT INTO recipes (id, user_id, title, description, instructions, image_url, servings, source_url, source_name, is_archived) VALUES ('de9a400e-6c18-46db-80a9-2563fee22e87', 'admin-user-id', 'Balsamic Glaze Grilled Turkey Breast', 'A delicious and healthy Balsamic Glaze Grilled Turkey Breast served with Broccoli and Couscous. Perfect for a quick weeknight dinner.', '1. Preheat oven to 400°F.
2. Season the Turkey Breast with Balsamic Glaze spices.
3. Arrange Broccoli and Kale on a baking sheet.
4. Grilled for 20-25 minutes until cooked through.
5. Serve hot over Couscous.', 'https://images.unsplash.com/photo-1500000000159?auto=format&fit=crop&w=800&q=60', 6, 'https://www.epicurious.com', 'Epicurious', 0);
INSERT INTO ingredients (id, recipe_id, name, quantity, unit) VALUES ('21965bba-95ad-49dd-8204-e9dba464f26e', 'de9a400e-6c18-46db-80a9-2563fee22e87', 'Turkey Breast', 1, 'oz');
INSERT INTO ingredients (id, recipe_id, name, quantity, unit) VALUES ('72173ac5-ef6f-4f34-931f-df56070aff19', 'de9a400e-6c18-46db-80a9-2563fee22e87', 'Broccoli', 3, 'cup');
INSERT INTO ingredients (id, recipe_id, name, quantity, unit) VALUES ('b2ebe4ea-9cf2-40fb-b8e9-60523ecbdbef', 'de9a400e-6c18-46db-80a9-2563fee22e87', 'Couscous', 2, 'cup');
INSERT INTO ingredients (id, recipe_id, name, quantity, unit) VALUES ('10050d76-dbe4-45c7-a301-d5bdc9c9275c', 'de9a400e-6c18-46db-80a9-2563fee22e87', 'Olive Oil', 2, 'tbsp');
INSERT INTO ingredients (id, recipe_id, name, quantity, unit) VALUES ('3d83bd71-c197-45c5-b8ae-27ec183cfacc', 'de9a400e-6c18-46db-80a9-2563fee22e87', 'Salt & Pepper', 1, 'pinch');
INSERT INTO ingredients (id, recipe_id, name, quantity, unit) VALUES ('a476111c-801d-4570-b0ca-d380f31b5e69', 'de9a400e-6c18-46db-80a9-2563fee22e87', 'Sweet Potatoes', 5, 'cup');
INSERT INTO ingredients (id, recipe_id, name, quantity, unit) VALUES ('e4607f78-627c-47d3-b256-07b895dabe57', 'de9a400e-6c18-46db-80a9-2563fee22e87', 'Asparagus', 3, 'head');
INSERT INTO recipe_dietary_tags (recipe_id, tag_id) VALUES ('de9a400e-6c18-46db-80a9-2563fee22e87', 7);
INSERT INTO recipe_dietary_tags (recipe_id, tag_id) VALUES ('de9a400e-6c18-46db-80a9-2563fee22e87', 9);

INSERT INTO recipes (id, user_id, title, description, instructions, image_url, servings, source_url, source_name, is_archived) VALUES ('f93b9bbd-1e6f-4cc1-8310-3cb605de2245', 'admin-user-id', 'Taco Seasoned Pan-Seared Lentils', 'A delicious and healthy Taco Seasoned Pan-Seared Lentils served with Sweet Potatoes and Wild Rice. Perfect for a quick weeknight dinner.', '1. Preheat oven to 400°F.
2. Season the Lentils with Taco Seasoned spices.
3. Arrange Sweet Potatoes and Green Beans on a baking sheet.
4. Pan-Seared for 20-25 minutes until cooked through.
5. Serve hot over Wild Rice.', 'https://images.unsplash.com/photo-1500000000160?auto=format&fit=crop&w=800&q=60', 3, 'https://www.foodnetwork.com', 'Food Network', 0);
INSERT INTO ingredients (id, recipe_id, name, quantity, unit) VALUES ('a6d857cf-d3f2-4683-9ad6-3fd591ad4447', 'f93b9bbd-1e6f-4cc1-8310-3cb605de2245', 'Lentils', 1, 'oz');
INSERT INTO ingredients (id, recipe_id, name, quantity, unit) VALUES ('d056dd22-a6c7-4f99-9f9a-f297ed96fa36', 'f93b9bbd-1e6f-4cc1-8310-3cb605de2245', 'Sweet Potatoes', 3, 'bundle');
INSERT INTO ingredients (id, recipe_id, name, quantity, unit) VALUES ('63f6f84c-e986-469e-8e21-eac6d13a012a', 'f93b9bbd-1e6f-4cc1-8310-3cb605de2245', 'Wild Rice', 2, 'cup');
INSERT INTO ingredients (id, recipe_id, name, quantity, unit) VALUES ('281240c2-9442-4f38-891e-386f57863146', 'f93b9bbd-1e6f-4cc1-8310-3cb605de2245', 'Olive Oil', 1, 'tbsp');
INSERT INTO ingredients (id, recipe_id, name, quantity, unit) VALUES ('cc1713e7-8650-4715-a443-b84f3f9fb9cd', 'f93b9bbd-1e6f-4cc1-8310-3cb605de2245', 'Salt & Pepper', 1, 'pinch');
INSERT INTO ingredients (id, recipe_id, name, quantity, unit) VALUES ('dfd74966-f8fd-426a-907f-ff363737e6c9', 'f93b9bbd-1e6f-4cc1-8310-3cb605de2245', 'Bell Peppers', 3, 'oz');
INSERT INTO ingredients (id, recipe_id, name, quantity, unit) VALUES ('23697b05-6423-4c93-9404-800455de5771', 'f93b9bbd-1e6f-4cc1-8310-3cb605de2245', 'Spinach', 5, 'tbsp');
INSERT INTO ingredients (id, recipe_id, name, quantity, unit) VALUES ('f3ef048c-0152-4af0-9e10-e9bad21b5712', 'f93b9bbd-1e6f-4cc1-8310-3cb605de2245', 'Sweet Potatoes', 3, 'ml');
INSERT INTO recipe_dietary_tags (recipe_id, tag_id) VALUES ('f93b9bbd-1e6f-4cc1-8310-3cb605de2245', 3);

INSERT INTO recipes (id, user_id, title, description, instructions, image_url, servings, source_url, source_name, is_archived) VALUES ('caa5c3d5-ab59-499e-9d7a-0471f538b620', 'admin-user-id', 'Teriyaki Pan-Seared Black Beans', 'A delicious and healthy Teriyaki Pan-Seared Black Beans served with Spinach and Zucchini Noodles. Perfect for a quick weeknight dinner.', '1. Preheat oven to 400°F.
2. Season the Black Beans with Teriyaki spices.
3. Arrange Spinach and Zucchini on a baking sheet.
4. Pan-Seared for 20-25 minutes until cooked through.
5. Serve hot over Zucchini Noodles.', 'https://images.unsplash.com/photo-1500000000161?auto=format&fit=crop&w=800&q=60', 4, 'https://www.foodnetwork.com', 'Food Network', 0);
INSERT INTO ingredients (id, recipe_id, name, quantity, unit) VALUES ('bcb1a3dd-86cc-4181-b60e-57d7b3c6716a', 'caa5c3d5-ab59-499e-9d7a-0471f538b620', 'Black Beans', 1, 'lb');
INSERT INTO ingredients (id, recipe_id, name, quantity, unit) VALUES ('0a616333-2928-4413-a345-8766ec53488a', 'caa5c3d5-ab59-499e-9d7a-0471f538b620', 'Spinach', 4, 'cup');
INSERT INTO ingredients (id, recipe_id, name, quantity, unit) VALUES ('f2e09edf-8013-44af-a2c9-ea6dbd695b2c', 'caa5c3d5-ab59-499e-9d7a-0471f538b620', 'Zucchini Noodles', 1, 'cup');
INSERT INTO ingredients (id, recipe_id, name, quantity, unit) VALUES ('d4728569-ff71-4c04-9f66-e97de49777a4', 'caa5c3d5-ab59-499e-9d7a-0471f538b620', 'Olive Oil', 1, 'tbsp');
INSERT INTO ingredients (id, recipe_id, name, quantity, unit) VALUES ('b96f44da-e559-4e6a-83c5-e7c497a3754e', 'caa5c3d5-ab59-499e-9d7a-0471f538b620', 'Salt & Pepper', 1, 'pinch');
INSERT INTO ingredients (id, recipe_id, name, quantity, unit) VALUES ('95f810cb-5919-4ea4-900a-e91760838034', 'caa5c3d5-ab59-499e-9d7a-0471f538b620', 'Zucchini', 5, 'cup');
INSERT INTO recipe_dietary_tags (recipe_id, tag_id) VALUES ('caa5c3d5-ab59-499e-9d7a-0471f538b620', 2);

INSERT INTO recipes (id, user_id, title, description, instructions, image_url, servings, source_url, source_name, is_archived) VALUES ('502e907f-0c76-4a31-99d4-6e8c3830ffc7', 'admin-user-id', 'Lemon Garlic Baked Tofu', 'A delicious and healthy Lemon Garlic Baked Tofu served with Cauliflower and Zucchini Noodles. Perfect for a quick weeknight dinner.', '1. Preheat oven to 400°F.
2. Season the Tofu with Lemon Garlic spices.
3. Arrange Cauliflower and Asparagus on a baking sheet.
4. Baked for 20-25 minutes until cooked through.
5. Serve hot over Zucchini Noodles.', 'https://images.unsplash.com/photo-1500000000162?auto=format&fit=crop&w=800&q=60', 2, 'https://www.epicurious.com', 'Epicurious', 0);
INSERT INTO ingredients (id, recipe_id, name, quantity, unit) VALUES ('e3c28c11-da70-497c-962c-f9dfe1ba75fc', '502e907f-0c76-4a31-99d4-6e8c3830ffc7', 'Tofu', 1, 'oz');
INSERT INTO ingredients (id, recipe_id, name, quantity, unit) VALUES ('98e5484b-ea25-485b-a0ac-95ca3b6e953c', '502e907f-0c76-4a31-99d4-6e8c3830ffc7', 'Cauliflower', 3, 'head');
INSERT INTO ingredients (id, recipe_id, name, quantity, unit) VALUES ('5ca9eed3-d6b1-4527-b873-39ee94301cc3', '502e907f-0c76-4a31-99d4-6e8c3830ffc7', 'Zucchini Noodles', 1, 'cup');
INSERT INTO ingredients (id, recipe_id, name, quantity, unit) VALUES ('33b3b2b4-24a6-4939-bb92-ccea98e4ee31', '502e907f-0c76-4a31-99d4-6e8c3830ffc7', 'Olive Oil', 1, 'tbsp');
INSERT INTO ingredients (id, recipe_id, name, quantity, unit) VALUES ('320e3f4b-ff73-4f5e-a92c-551e065acb8d', '502e907f-0c76-4a31-99d4-6e8c3830ffc7', 'Salt & Pepper', 1, 'pinch');
INSERT INTO ingredients (id, recipe_id, name, quantity, unit) VALUES ('0186dfa6-399e-40fd-a300-f213360c0d20', '502e907f-0c76-4a31-99d4-6e8c3830ffc7', 'Garlic', 3, 'ml');
INSERT INTO ingredients (id, recipe_id, name, quantity, unit) VALUES ('fef47fa8-719a-44fc-9b25-b59f3428dcf2', '502e907f-0c76-4a31-99d4-6e8c3830ffc7', 'Garlic', 4, 'clove');
INSERT INTO ingredients (id, recipe_id, name, quantity, unit) VALUES ('8f0bf252-0609-40a6-b73c-6188e7827232', '502e907f-0c76-4a31-99d4-6e8c3830ffc7', 'Green Beans', 2, 'bundle');
INSERT INTO recipe_dietary_tags (recipe_id, tag_id) VALUES ('502e907f-0c76-4a31-99d4-6e8c3830ffc7', 4);

INSERT INTO recipes (id, user_id, title, description, instructions, image_url, servings, source_url, source_name, is_archived) VALUES ('f77f1773-5302-4a29-9b8e-0b2bdd66bc3e', 'admin-user-id', 'Lemon Garlic Roasted Chicken Breast', 'A delicious and healthy Lemon Garlic Roasted Chicken Breast served with Cauliflower and Quinoa. Perfect for a quick weeknight dinner.', '1. Preheat oven to 400°F.
2. Season the Chicken Breast with Lemon Garlic spices.
3. Arrange Cauliflower and Cauliflower on a baking sheet.
4. Roasted for 20-25 minutes until cooked through.
5. Serve hot over Quinoa.', 'https://images.unsplash.com/photo-1500000000163?auto=format&fit=crop&w=800&q=60', 8, 'https://www.bonappetit.com', 'Bon Appetit', 0);
INSERT INTO ingredients (id, recipe_id, name, quantity, unit) VALUES ('4b110b7e-bfd6-49b4-80d9-a5ec0eb1fe5e', 'f77f1773-5302-4a29-9b8e-0b2bdd66bc3e', 'Chicken Breast', 1, 'oz');
INSERT INTO ingredients (id, recipe_id, name, quantity, unit) VALUES ('c461a05d-7229-4321-9aeb-0786cbfb8bb2', 'f77f1773-5302-4a29-9b8e-0b2bdd66bc3e', 'Cauliflower', 4, 'head');
INSERT INTO ingredients (id, recipe_id, name, quantity, unit) VALUES ('f2742027-a833-4aad-9c5f-912e33c7b020', 'f77f1773-5302-4a29-9b8e-0b2bdd66bc3e', 'Quinoa', 1, 'cup');
INSERT INTO ingredients (id, recipe_id, name, quantity, unit) VALUES ('15110484-3e68-4a63-b792-2e4294bbb6a9', 'f77f1773-5302-4a29-9b8e-0b2bdd66bc3e', 'Olive Oil', 2, 'tbsp');
INSERT INTO ingredients (id, recipe_id, name, quantity, unit) VALUES ('7424a3d8-e204-4c51-9282-08ded0ec5ed5', 'f77f1773-5302-4a29-9b8e-0b2bdd66bc3e', 'Salt & Pepper', 1, 'pinch');
INSERT INTO ingredients (id, recipe_id, name, quantity, unit) VALUES ('4535a9b6-e421-4cdf-9d4c-0eba26c9c707', 'f77f1773-5302-4a29-9b8e-0b2bdd66bc3e', 'Zucchini', 1, 'clove');
INSERT INTO ingredients (id, recipe_id, name, quantity, unit) VALUES ('053430b5-9a5a-413b-871b-310cabfe0099', 'f77f1773-5302-4a29-9b8e-0b2bdd66bc3e', 'Spinach', 5, 'tbsp');
INSERT INTO ingredients (id, recipe_id, name, quantity, unit) VALUES ('630e5081-098d-4279-bf00-32a2bdf7aa8e', 'f77f1773-5302-4a29-9b8e-0b2bdd66bc3e', 'Sweet Potatoes', 1, 'cup');
INSERT INTO ingredients (id, recipe_id, name, quantity, unit) VALUES ('5206e2b0-0ee7-43e1-ba8c-2be59f7ca8f2', 'f77f1773-5302-4a29-9b8e-0b2bdd66bc3e', 'Asparagus', 3, 'ml');
INSERT INTO ingredients (id, recipe_id, name, quantity, unit) VALUES ('83e921f4-3360-4bfc-8e73-187854a29563', 'f77f1773-5302-4a29-9b8e-0b2bdd66bc3e', 'Lemon', 3, 'cup');
INSERT INTO ingredients (id, recipe_id, name, quantity, unit) VALUES ('b6ac5c54-e849-44ce-8f49-bc1f2a314c93', 'f77f1773-5302-4a29-9b8e-0b2bdd66bc3e', 'Cauliflower', 3, 'pinch');
INSERT INTO ingredients (id, recipe_id, name, quantity, unit) VALUES ('0e3dfefb-452e-437a-95ae-6211b7b55cf3', 'f77f1773-5302-4a29-9b8e-0b2bdd66bc3e', 'Zucchini', 2, 'clove');
INSERT INTO recipe_dietary_tags (recipe_id, tag_id) VALUES ('f77f1773-5302-4a29-9b8e-0b2bdd66bc3e', 7);
INSERT INTO recipe_dietary_tags (recipe_id, tag_id) VALUES ('f77f1773-5302-4a29-9b8e-0b2bdd66bc3e', 8);

INSERT INTO recipes (id, user_id, title, description, instructions, image_url, servings, source_url, source_name, is_archived) VALUES ('6ea81d67-f9d6-4530-8bbb-45452d817e8b', 'admin-user-id', 'Miso Ginger Baked Pork Loin', 'A delicious and healthy Miso Ginger Baked Pork Loin served with Sweet Potatoes and Cauliflower Rice. Perfect for a quick weeknight dinner.', '1. Preheat oven to 400°F.
2. Season the Pork Loin with Miso Ginger spices.
3. Arrange Sweet Potatoes and Spinach on a baking sheet.
4. Baked for 20-25 minutes until cooked through.
5. Serve hot over Cauliflower Rice.', 'https://images.unsplash.com/photo-1500000000164?auto=format&fit=crop&w=800&q=60', 2, 'https://www.epicurious.com', 'Epicurious', 0);
INSERT INTO ingredients (id, recipe_id, name, quantity, unit) VALUES ('e98d203f-a98a-4603-a6fd-8636f86b05b6', '6ea81d67-f9d6-4530-8bbb-45452d817e8b', 'Pork Loin', 1, 'oz');
INSERT INTO ingredients (id, recipe_id, name, quantity, unit) VALUES ('20db0230-52f3-4ffc-bbcf-787b0c96df9f', '6ea81d67-f9d6-4530-8bbb-45452d817e8b', 'Sweet Potatoes', 1, 'cup');
INSERT INTO ingredients (id, recipe_id, name, quantity, unit) VALUES ('231644a7-e51b-457f-b90f-578a246bb16f', '6ea81d67-f9d6-4530-8bbb-45452d817e8b', 'Cauliflower Rice', 3, 'cup');
INSERT INTO ingredients (id, recipe_id, name, quantity, unit) VALUES ('a74e4d5b-0dbd-49bb-bb37-274fb27b3d44', '6ea81d67-f9d6-4530-8bbb-45452d817e8b', 'Olive Oil', 3, 'tbsp');
INSERT INTO ingredients (id, recipe_id, name, quantity, unit) VALUES ('02c16d34-1d0d-4426-99a6-c8a461acb958', '6ea81d67-f9d6-4530-8bbb-45452d817e8b', 'Salt & Pepper', 1, 'pinch');
INSERT INTO ingredients (id, recipe_id, name, quantity, unit) VALUES ('db7ac6de-1037-41b8-8368-f4ebb2251f76', '6ea81d67-f9d6-4530-8bbb-45452d817e8b', 'Spinach', 2, 'ml');
INSERT INTO ingredients (id, recipe_id, name, quantity, unit) VALUES ('7dce8e53-4193-4ef5-9a70-baa4e2582902', '6ea81d67-f9d6-4530-8bbb-45452d817e8b', 'Cauliflower', 4, 'g');
INSERT INTO ingredients (id, recipe_id, name, quantity, unit) VALUES ('bc53e4cd-47dd-4f77-8d9e-6debba967394', '6ea81d67-f9d6-4530-8bbb-45452d817e8b', 'Ginger', 1, 'tsp');
INSERT INTO recipe_dietary_tags (recipe_id, tag_id) VALUES ('6ea81d67-f9d6-4530-8bbb-45452d817e8b', 4);
INSERT INTO recipe_dietary_tags (recipe_id, tag_id) VALUES ('6ea81d67-f9d6-4530-8bbb-45452d817e8b', 7);

INSERT INTO recipes (id, user_id, title, description, instructions, image_url, servings, source_url, source_name, is_archived) VALUES ('a7b3e75d-3d4e-4e97-9b5c-351a935e73cc', 'admin-user-id', 'Miso Ginger Roasted Turkey Breast', 'A delicious and healthy Miso Ginger Roasted Turkey Breast served with Spinach and Quinoa. Perfect for a quick weeknight dinner.', '1. Preheat oven to 400°F.
2. Season the Turkey Breast with Miso Ginger spices.
3. Arrange Spinach and Bell Peppers on a baking sheet.
4. Roasted for 20-25 minutes until cooked through.
5. Serve hot over Quinoa.', 'https://images.unsplash.com/photo-1500000000165?auto=format&fit=crop&w=800&q=60', 3, 'https://www.epicurious.com', 'Epicurious', 0);
INSERT INTO ingredients (id, recipe_id, name, quantity, unit) VALUES ('74738e03-2427-43e1-8bef-9ab8559b2ae2', 'a7b3e75d-3d4e-4e97-9b5c-351a935e73cc', 'Turkey Breast', 1, 'lb');
INSERT INTO ingredients (id, recipe_id, name, quantity, unit) VALUES ('cc9ed67d-a5de-49e7-bbde-3576637fff47', 'a7b3e75d-3d4e-4e97-9b5c-351a935e73cc', 'Spinach', 4, 'head');
INSERT INTO ingredients (id, recipe_id, name, quantity, unit) VALUES ('0e06f784-510f-4cc5-9d5b-adf2ffffce94', 'a7b3e75d-3d4e-4e97-9b5c-351a935e73cc', 'Quinoa', 3, 'cup');
INSERT INTO ingredients (id, recipe_id, name, quantity, unit) VALUES ('65c35aca-79eb-48e5-9c4c-b3c07a7ab70b', 'a7b3e75d-3d4e-4e97-9b5c-351a935e73cc', 'Olive Oil', 2, 'tbsp');
INSERT INTO ingredients (id, recipe_id, name, quantity, unit) VALUES ('8bd23b1e-d39b-4a44-a5f5-6ce80f27cccb', 'a7b3e75d-3d4e-4e97-9b5c-351a935e73cc', 'Salt & Pepper', 1, 'pinch');
INSERT INTO ingredients (id, recipe_id, name, quantity, unit) VALUES ('7522737b-59e2-4dd1-b601-7292e524ac5e', 'a7b3e75d-3d4e-4e97-9b5c-351a935e73cc', 'Bell Peppers', 2, 'cup');
INSERT INTO recipe_dietary_tags (recipe_id, tag_id) VALUES ('a7b3e75d-3d4e-4e97-9b5c-351a935e73cc', 5);
INSERT INTO recipe_dietary_tags (recipe_id, tag_id) VALUES ('a7b3e75d-3d4e-4e97-9b5c-351a935e73cc', 2);
INSERT INTO recipe_dietary_tags (recipe_id, tag_id) VALUES ('a7b3e75d-3d4e-4e97-9b5c-351a935e73cc', 7);

INSERT INTO recipes (id, user_id, title, description, instructions, image_url, servings, source_url, source_name, is_archived) VALUES ('2cc5cb19-b500-4e8f-93d6-61049965215f', 'admin-user-id', 'Lemon Garlic Air Fried Black Beans', 'A delicious and healthy Lemon Garlic Air Fried Black Beans served with Sweet Potatoes and Brown Rice. Perfect for a quick weeknight dinner.', '1. Preheat oven to 400°F.
2. Season the Black Beans with Lemon Garlic spices.
3. Arrange Sweet Potatoes and Broccoli on a baking sheet.
4. Air Fried for 20-25 minutes until cooked through.
5. Serve hot over Brown Rice.', 'https://images.unsplash.com/photo-1500000000166?auto=format&fit=crop&w=800&q=60', 3, 'https://www.tasteofhome.com', 'Taste of Home', 0);
INSERT INTO ingredients (id, recipe_id, name, quantity, unit) VALUES ('e15fa629-20db-4a71-a961-b8599ee5918c', '2cc5cb19-b500-4e8f-93d6-61049965215f', 'Black Beans', 1, 'lb');
INSERT INTO ingredients (id, recipe_id, name, quantity, unit) VALUES ('e8e367f9-cef3-4839-8945-5356cfa1c3b1', '2cc5cb19-b500-4e8f-93d6-61049965215f', 'Sweet Potatoes', 4, 'cup');
INSERT INTO ingredients (id, recipe_id, name, quantity, unit) VALUES ('17c9e249-de87-4d4e-91cd-beb412c66848', '2cc5cb19-b500-4e8f-93d6-61049965215f', 'Brown Rice', 2, 'cup');
INSERT INTO ingredients (id, recipe_id, name, quantity, unit) VALUES ('4bd2c087-4512-466d-82fd-26df4e83a558', '2cc5cb19-b500-4e8f-93d6-61049965215f', 'Olive Oil', 1, 'tbsp');
INSERT INTO ingredients (id, recipe_id, name, quantity, unit) VALUES ('2878f777-e94f-4415-b7a9-89a95bbfd237', '2cc5cb19-b500-4e8f-93d6-61049965215f', 'Salt & Pepper', 1, 'pinch');
INSERT INTO ingredients (id, recipe_id, name, quantity, unit) VALUES ('5205adbb-ad7a-47ae-89aa-816ac4d4537d', '2cc5cb19-b500-4e8f-93d6-61049965215f', 'Lemon', 2, 'tsp');
INSERT INTO ingredients (id, recipe_id, name, quantity, unit) VALUES ('0e48ab9e-5123-4eed-b76e-03dd0f8dc16f', '2cc5cb19-b500-4e8f-93d6-61049965215f', 'Bell Peppers', 2, 'pinch');
INSERT INTO ingredients (id, recipe_id, name, quantity, unit) VALUES ('94e6659d-d411-443a-905c-b58f61272ba0', '2cc5cb19-b500-4e8f-93d6-61049965215f', 'Butter', 1, 'ml');
INSERT INTO recipe_dietary_tags (recipe_id, tag_id) VALUES ('2cc5cb19-b500-4e8f-93d6-61049965215f', 10);

INSERT INTO recipes (id, user_id, title, description, instructions, image_url, servings, source_url, source_name, is_archived) VALUES ('44b3e25d-6b5b-41ea-8c7d-1ea1d912a80b', 'admin-user-id', 'Herbes de Provence Roasted Cod', 'A delicious and healthy Herbes de Provence Roasted Cod served with Asparagus and Zucchini Noodles. Perfect for a quick weeknight dinner.', '1. Preheat oven to 400°F.
2. Season the Cod with Herbes de Provence spices.
3. Arrange Asparagus and Zucchini on a baking sheet.
4. Roasted for 20-25 minutes until cooked through.
5. Serve hot over Zucchini Noodles.', 'https://images.unsplash.com/photo-1500000000167?auto=format&fit=crop&w=800&q=60', 2, 'https://www.allrecipes.com', 'AllRecipes', 0);
INSERT INTO ingredients (id, recipe_id, name, quantity, unit) VALUES ('13f3176f-c9da-4f51-acf7-b74a26d747f2', '44b3e25d-6b5b-41ea-8c7d-1ea1d912a80b', 'Cod', 1, 'oz');
INSERT INTO ingredients (id, recipe_id, name, quantity, unit) VALUES ('cb06fd47-d073-4652-b398-15ae033c01e4', '44b3e25d-6b5b-41ea-8c7d-1ea1d912a80b', 'Asparagus', 2, 'head');
INSERT INTO ingredients (id, recipe_id, name, quantity, unit) VALUES ('226f87c8-33a3-49b9-acba-45ccd6bda40a', '44b3e25d-6b5b-41ea-8c7d-1ea1d912a80b', 'Zucchini Noodles', 3, 'cup');
INSERT INTO ingredients (id, recipe_id, name, quantity, unit) VALUES ('751e1c6e-4f62-4234-ac6c-d4e496146a58', '44b3e25d-6b5b-41ea-8c7d-1ea1d912a80b', 'Olive Oil', 3, 'tbsp');
INSERT INTO ingredients (id, recipe_id, name, quantity, unit) VALUES ('1ea8dc16-e8da-4417-b968-23e0bb45e24c', '44b3e25d-6b5b-41ea-8c7d-1ea1d912a80b', 'Salt & Pepper', 1, 'pinch');
INSERT INTO ingredients (id, recipe_id, name, quantity, unit) VALUES ('832fef33-ea55-461d-8937-a3898b3042a2', '44b3e25d-6b5b-41ea-8c7d-1ea1d912a80b', 'Spinach', 1, 'ml');
INSERT INTO ingredients (id, recipe_id, name, quantity, unit) VALUES ('663c612a-2c73-420f-b291-e933fcf85bfc', '44b3e25d-6b5b-41ea-8c7d-1ea1d912a80b', 'Butter', 3, 'cup');
INSERT INTO ingredients (id, recipe_id, name, quantity, unit) VALUES ('c022d4e0-0e2f-4a23-b21a-0078e0b5ef18', '44b3e25d-6b5b-41ea-8c7d-1ea1d912a80b', 'Green Beans', 2, 'clove');
INSERT INTO recipe_dietary_tags (recipe_id, tag_id) VALUES ('44b3e25d-6b5b-41ea-8c7d-1ea1d912a80b', 8);

INSERT INTO recipes (id, user_id, title, description, instructions, image_url, servings, source_url, source_name, is_archived) VALUES ('59c2b2a4-8f87-4584-b505-3603517e2794', 'admin-user-id', 'Teriyaki Pan-Seared Lamb Chops', 'A delicious and healthy Teriyaki Pan-Seared Lamb Chops served with Kale and Zucchini Noodles. Perfect for a quick weeknight dinner.', '1. Preheat oven to 400°F.
2. Season the Lamb Chops with Teriyaki spices.
3. Arrange Kale and Broccoli on a baking sheet.
4. Pan-Seared for 20-25 minutes until cooked through.
5. Serve hot over Zucchini Noodles.', 'https://images.unsplash.com/photo-1500000000168?auto=format&fit=crop&w=800&q=60', 7, 'https://www.epicurious.com', 'Epicurious', 0);
INSERT INTO ingredients (id, recipe_id, name, quantity, unit) VALUES ('0dc01979-f0c0-494d-a29f-be787c4d12d7', '59c2b2a4-8f87-4584-b505-3603517e2794', 'Lamb Chops', 1, 'lb');
INSERT INTO ingredients (id, recipe_id, name, quantity, unit) VALUES ('393cd40b-334e-492c-996c-ff172b31e9c5', '59c2b2a4-8f87-4584-b505-3603517e2794', 'Kale', 1, 'head');
INSERT INTO ingredients (id, recipe_id, name, quantity, unit) VALUES ('fb25e812-5108-48c0-a4a7-c02eeaf5f846', '59c2b2a4-8f87-4584-b505-3603517e2794', 'Zucchini Noodles', 3, 'cup');
INSERT INTO ingredients (id, recipe_id, name, quantity, unit) VALUES ('478cceda-36c0-44a2-8d24-157c084b467c', '59c2b2a4-8f87-4584-b505-3603517e2794', 'Olive Oil', 1, 'tbsp');
INSERT INTO ingredients (id, recipe_id, name, quantity, unit) VALUES ('7b656cc8-8888-4972-9ad8-6bf349813c21', '59c2b2a4-8f87-4584-b505-3603517e2794', 'Salt & Pepper', 1, 'pinch');
INSERT INTO ingredients (id, recipe_id, name, quantity, unit) VALUES ('d6bd9e15-af61-42e1-8312-06f623fbe57f', '59c2b2a4-8f87-4584-b505-3603517e2794', 'Green Beans', 2, 'ml');
INSERT INTO ingredients (id, recipe_id, name, quantity, unit) VALUES ('61ec2385-fd6d-4a8a-ac13-741f87bf694a', '59c2b2a4-8f87-4584-b505-3603517e2794', 'Carrots', 2, 'tbsp');
INSERT INTO ingredients (id, recipe_id, name, quantity, unit) VALUES ('82ad240a-219a-4f1b-a692-383b5ec5aa46', '59c2b2a4-8f87-4584-b505-3603517e2794', 'Sweet Potatoes', 5, 'head');
INSERT INTO ingredients (id, recipe_id, name, quantity, unit) VALUES ('f5558c4f-ec33-4ef8-b1ba-8dcf6cec439e', '59c2b2a4-8f87-4584-b505-3603517e2794', 'Sweet Potatoes', 4, 'tbsp');
INSERT INTO ingredients (id, recipe_id, name, quantity, unit) VALUES ('4696f438-cdcf-4a57-8614-7f76df383824', '59c2b2a4-8f87-4584-b505-3603517e2794', 'Broccoli', 2, 'ml');
INSERT INTO ingredients (id, recipe_id, name, quantity, unit) VALUES ('d650d8ee-a466-4703-9f86-9ee88dd7b960', '59c2b2a4-8f87-4584-b505-3603517e2794', 'Carrots', 1, 'cup');
INSERT INTO recipe_dietary_tags (recipe_id, tag_id) VALUES ('59c2b2a4-8f87-4584-b505-3603517e2794', 5);
INSERT INTO recipe_dietary_tags (recipe_id, tag_id) VALUES ('59c2b2a4-8f87-4584-b505-3603517e2794', 3);
INSERT INTO recipe_dietary_tags (recipe_id, tag_id) VALUES ('59c2b2a4-8f87-4584-b505-3603517e2794', 4);

INSERT INTO recipes (id, user_id, title, description, instructions, image_url, servings, source_url, source_name, is_archived) VALUES ('2ced4c63-10c3-4e1c-b7ad-d3340f1cd093', 'admin-user-id', 'Teriyaki Air Fried Chickpeas', 'A delicious and healthy Teriyaki Air Fried Chickpeas served with Green Beans and Lentil Pasta. Perfect for a quick weeknight dinner.', '1. Preheat oven to 400°F.
2. Season the Chickpeas with Teriyaki spices.
3. Arrange Green Beans and Zucchini on a baking sheet.
4. Air Fried for 20-25 minutes until cooked through.
5. Serve hot over Lentil Pasta.', 'https://images.unsplash.com/photo-1500000000169?auto=format&fit=crop&w=800&q=60', 6, 'https://www.bonappetit.com', 'Bon Appetit', 0);
INSERT INTO ingredients (id, recipe_id, name, quantity, unit) VALUES ('59e13d4d-4436-42c5-aa42-b2b86b4ccda7', '2ced4c63-10c3-4e1c-b7ad-d3340f1cd093', 'Chickpeas', 1, 'lb');
INSERT INTO ingredients (id, recipe_id, name, quantity, unit) VALUES ('6186f13d-7d6c-4168-bdfe-7e8be8769cec', '2ced4c63-10c3-4e1c-b7ad-d3340f1cd093', 'Green Beans', 4, 'head');
INSERT INTO ingredients (id, recipe_id, name, quantity, unit) VALUES ('03bc113a-f26a-499e-86f1-2d0752c73a9e', '2ced4c63-10c3-4e1c-b7ad-d3340f1cd093', 'Lentil Pasta', 2, 'cup');
INSERT INTO ingredients (id, recipe_id, name, quantity, unit) VALUES ('defc96da-fbdd-46c0-aad3-d86625714f6c', '2ced4c63-10c3-4e1c-b7ad-d3340f1cd093', 'Olive Oil', 1, 'tbsp');
INSERT INTO ingredients (id, recipe_id, name, quantity, unit) VALUES ('3fec7783-e3a6-4d2a-ba60-2cdf12c6f9d7', '2ced4c63-10c3-4e1c-b7ad-d3340f1cd093', 'Salt & Pepper', 1, 'pinch');
INSERT INTO ingredients (id, recipe_id, name, quantity, unit) VALUES ('25a543a3-d82b-4d93-bafc-def5934868fa', '2ced4c63-10c3-4e1c-b7ad-d3340f1cd093', 'Lemon', 1, 'bundle');
INSERT INTO ingredients (id, recipe_id, name, quantity, unit) VALUES ('eeffc13b-0787-43d0-9594-1c30b1319d3b', '2ced4c63-10c3-4e1c-b7ad-d3340f1cd093', 'Garlic', 4, 'cup');
INSERT INTO ingredients (id, recipe_id, name, quantity, unit) VALUES ('d3dda9ea-2be4-4215-be1c-3eb0f7fbace2', '2ced4c63-10c3-4e1c-b7ad-d3340f1cd093', 'Lemon', 4, 'head');
INSERT INTO ingredients (id, recipe_id, name, quantity, unit) VALUES ('81edc3d2-ddbf-456f-9cd9-4bf15814193d', '2ced4c63-10c3-4e1c-b7ad-d3340f1cd093', 'Bell Peppers', 3, 'bundle');
INSERT INTO ingredients (id, recipe_id, name, quantity, unit) VALUES ('a5c5cd56-bf4c-4067-b76d-11f4271f63cc', '2ced4c63-10c3-4e1c-b7ad-d3340f1cd093', 'Broccoli', 5, 'ml');
INSERT INTO ingredients (id, recipe_id, name, quantity, unit) VALUES ('5f0ea8f9-4044-4c98-a57c-01cbf77d56f1', '2ced4c63-10c3-4e1c-b7ad-d3340f1cd093', 'Cauliflower', 4, 'g');
INSERT INTO recipe_dietary_tags (recipe_id, tag_id) VALUES ('2ced4c63-10c3-4e1c-b7ad-d3340f1cd093', 4);
INSERT INTO recipe_dietary_tags (recipe_id, tag_id) VALUES ('2ced4c63-10c3-4e1c-b7ad-d3340f1cd093', 6);
INSERT INTO recipe_dietary_tags (recipe_id, tag_id) VALUES ('2ced4c63-10c3-4e1c-b7ad-d3340f1cd093', 9);

INSERT INTO recipes (id, user_id, title, description, instructions, image_url, servings, source_url, source_name, is_archived) VALUES ('85909d58-5336-47a8-9f54-4e2721631e1c', 'admin-user-id', 'Balsamic Glaze Steamed Lamb Chops', 'A delicious and healthy Balsamic Glaze Steamed Lamb Chops served with Brussels Sprouts and Quinoa. Perfect for a quick weeknight dinner.', '1. Preheat oven to 400°F.
2. Season the Lamb Chops with Balsamic Glaze spices.
3. Arrange Brussels Sprouts and Sweet Potatoes on a baking sheet.
4. Steamed for 20-25 minutes until cooked through.
5. Serve hot over Quinoa.', 'https://images.unsplash.com/photo-1500000000170?auto=format&fit=crop&w=800&q=60', 3, 'https://www.allrecipes.com', 'AllRecipes', 0);
INSERT INTO ingredients (id, recipe_id, name, quantity, unit) VALUES ('0f7ca6fc-08e1-40ea-95e0-f502d9aed954', '85909d58-5336-47a8-9f54-4e2721631e1c', 'Lamb Chops', 1, 'oz');
INSERT INTO ingredients (id, recipe_id, name, quantity, unit) VALUES ('f5f9171a-7bce-4ba2-b780-e0a022febee9', '85909d58-5336-47a8-9f54-4e2721631e1c', 'Brussels Sprouts', 4, 'head');
INSERT INTO ingredients (id, recipe_id, name, quantity, unit) VALUES ('b5b02fb2-f0db-4efc-af69-7d76ae1a941c', '85909d58-5336-47a8-9f54-4e2721631e1c', 'Quinoa', 3, 'cup');
INSERT INTO ingredients (id, recipe_id, name, quantity, unit) VALUES ('47eff21c-5db9-4493-94ac-2563dd25c668', '85909d58-5336-47a8-9f54-4e2721631e1c', 'Olive Oil', 2, 'tbsp');
INSERT INTO ingredients (id, recipe_id, name, quantity, unit) VALUES ('40291d45-0847-4af2-8631-c0c6f36a7e07', '85909d58-5336-47a8-9f54-4e2721631e1c', 'Salt & Pepper', 1, 'pinch');
INSERT INTO recipe_dietary_tags (recipe_id, tag_id) VALUES ('85909d58-5336-47a8-9f54-4e2721631e1c', 8);
INSERT INTO recipe_dietary_tags (recipe_id, tag_id) VALUES ('85909d58-5336-47a8-9f54-4e2721631e1c', 9);

INSERT INTO recipes (id, user_id, title, description, instructions, image_url, servings, source_url, source_name, is_archived) VALUES ('14bc302b-76ef-42c4-b402-a8d5d3005db6', 'admin-user-id', 'Herbes de Provence Sautéed Lamb Chops', 'A delicious and healthy Herbes de Provence Sautéed Lamb Chops served with Carrots and Couscous. Perfect for a quick weeknight dinner.', '1. Preheat oven to 400°F.
2. Season the Lamb Chops with Herbes de Provence spices.
3. Arrange Carrots and Brussels Sprouts on a baking sheet.
4. Sautéed for 20-25 minutes until cooked through.
5. Serve hot over Couscous.', 'https://images.unsplash.com/photo-1500000000171?auto=format&fit=crop&w=800&q=60', 8, 'https://www.bonappetit.com', 'Bon Appetit', 0);
INSERT INTO ingredients (id, recipe_id, name, quantity, unit) VALUES ('2f70b9d2-e12e-4d73-98d5-e939b300af01', '14bc302b-76ef-42c4-b402-a8d5d3005db6', 'Lamb Chops', 2, 'lb');
INSERT INTO ingredients (id, recipe_id, name, quantity, unit) VALUES ('85ed795f-5b02-4c45-8b7b-abfb260751d6', '14bc302b-76ef-42c4-b402-a8d5d3005db6', 'Carrots', 4, 'bundle');
INSERT INTO ingredients (id, recipe_id, name, quantity, unit) VALUES ('51f13aa0-11a9-4e68-81e6-b64a58e00164', '14bc302b-76ef-42c4-b402-a8d5d3005db6', 'Couscous', 2, 'cup');
INSERT INTO ingredients (id, recipe_id, name, quantity, unit) VALUES ('f2d85761-1fa0-4eed-8456-daec7631e9c4', '14bc302b-76ef-42c4-b402-a8d5d3005db6', 'Olive Oil', 1, 'tbsp');
INSERT INTO ingredients (id, recipe_id, name, quantity, unit) VALUES ('03c5a9fe-dc08-4b04-818d-54d9570d88d0', '14bc302b-76ef-42c4-b402-a8d5d3005db6', 'Salt & Pepper', 1, 'pinch');
INSERT INTO ingredients (id, recipe_id, name, quantity, unit) VALUES ('556c28b2-e08c-4c90-a540-1df6bbcb07b3', '14bc302b-76ef-42c4-b402-a8d5d3005db6', 'Spinach', 4, 'head');
INSERT INTO recipe_dietary_tags (recipe_id, tag_id) VALUES ('14bc302b-76ef-42c4-b402-a8d5d3005db6', 9);
INSERT INTO recipe_dietary_tags (recipe_id, tag_id) VALUES ('14bc302b-76ef-42c4-b402-a8d5d3005db6', 2);

INSERT INTO recipes (id, user_id, title, description, instructions, image_url, servings, source_url, source_name, is_archived) VALUES ('698c8c52-4678-4516-8242-927f31fa4e24', 'admin-user-id', 'Lemon Garlic Roasted Chickpeas', 'A delicious and healthy Lemon Garlic Roasted Chickpeas served with Kale and Mashed Cauliflower. Perfect for a quick weeknight dinner.', '1. Preheat oven to 400°F.
2. Season the Chickpeas with Lemon Garlic spices.
3. Arrange Kale and Carrots on a baking sheet.
4. Roasted for 20-25 minutes until cooked through.
5. Serve hot over Mashed Cauliflower.', 'https://images.unsplash.com/photo-1500000000172?auto=format&fit=crop&w=800&q=60', 5, 'https://www.epicurious.com', 'Epicurious', 0);
INSERT INTO ingredients (id, recipe_id, name, quantity, unit) VALUES ('6d792266-c73b-4b1b-ba1c-c125956dcc3a', '698c8c52-4678-4516-8242-927f31fa4e24', 'Chickpeas', 1, 'lb');
INSERT INTO ingredients (id, recipe_id, name, quantity, unit) VALUES ('996915cb-4c01-48fc-b7e8-f0244379339e', '698c8c52-4678-4516-8242-927f31fa4e24', 'Kale', 2, 'head');
INSERT INTO ingredients (id, recipe_id, name, quantity, unit) VALUES ('fbbc3ee8-6f58-443b-8fd1-6e7d280088fc', '698c8c52-4678-4516-8242-927f31fa4e24', 'Mashed Cauliflower', 2, 'cup');
INSERT INTO ingredients (id, recipe_id, name, quantity, unit) VALUES ('1ec6ecde-257b-4a53-876c-6af0e6b34b84', '698c8c52-4678-4516-8242-927f31fa4e24', 'Olive Oil', 3, 'tbsp');
INSERT INTO ingredients (id, recipe_id, name, quantity, unit) VALUES ('1dc063dd-361b-44de-b0e3-c2ceece17f6d', '698c8c52-4678-4516-8242-927f31fa4e24', 'Salt & Pepper', 1, 'pinch');
INSERT INTO ingredients (id, recipe_id, name, quantity, unit) VALUES ('d59f5bb6-20bb-4e83-927e-365777ea2ab6', '698c8c52-4678-4516-8242-927f31fa4e24', 'Asparagus', 3, 'pinch');
INSERT INTO ingredients (id, recipe_id, name, quantity, unit) VALUES ('51447841-deb4-4934-8fad-90610f402b1c', '698c8c52-4678-4516-8242-927f31fa4e24', 'Zucchini', 4, 'head');
INSERT INTO ingredients (id, recipe_id, name, quantity, unit) VALUES ('fc066285-7b18-4ff2-9514-08ca6561292c', '698c8c52-4678-4516-8242-927f31fa4e24', 'Carrots', 4, 'tsp');
INSERT INTO recipe_dietary_tags (recipe_id, tag_id) VALUES ('698c8c52-4678-4516-8242-927f31fa4e24', 4);
INSERT INTO recipe_dietary_tags (recipe_id, tag_id) VALUES ('698c8c52-4678-4516-8242-927f31fa4e24', 1);

INSERT INTO recipes (id, user_id, title, description, instructions, image_url, servings, source_url, source_name, is_archived) VALUES ('6080f97c-74aa-4155-b2d9-d0146f59a921', 'admin-user-id', 'Lemon Garlic Sautéed Turkey Breast', 'A delicious and healthy Lemon Garlic Sautéed Turkey Breast served with Spinach and Couscous. Perfect for a quick weeknight dinner.', '1. Preheat oven to 400°F.
2. Season the Turkey Breast with Lemon Garlic spices.
3. Arrange Spinach and Kale on a baking sheet.
4. Sautéed for 20-25 minutes until cooked through.
5. Serve hot over Couscous.', 'https://images.unsplash.com/photo-1500000000173?auto=format&fit=crop&w=800&q=60', 7, 'https://www.allrecipes.com', 'AllRecipes', 0);
INSERT INTO ingredients (id, recipe_id, name, quantity, unit) VALUES ('9b4be80f-2726-4b1d-98e7-c698f6b5aaea', '6080f97c-74aa-4155-b2d9-d0146f59a921', 'Turkey Breast', 1, 'lb');
INSERT INTO ingredients (id, recipe_id, name, quantity, unit) VALUES ('1157671d-59bd-4f63-916a-dba20d76d8ab', '6080f97c-74aa-4155-b2d9-d0146f59a921', 'Spinach', 2, 'cup');
INSERT INTO ingredients (id, recipe_id, name, quantity, unit) VALUES ('eb5971a3-afcc-4425-8504-185cfa022bec', '6080f97c-74aa-4155-b2d9-d0146f59a921', 'Couscous', 3, 'cup');
INSERT INTO ingredients (id, recipe_id, name, quantity, unit) VALUES ('d5bfa7ac-dc47-43af-95b2-92a480dab0fa', '6080f97c-74aa-4155-b2d9-d0146f59a921', 'Olive Oil', 1, 'tbsp');
INSERT INTO ingredients (id, recipe_id, name, quantity, unit) VALUES ('ccca4deb-567e-470c-ba3e-06d604a86e8b', '6080f97c-74aa-4155-b2d9-d0146f59a921', 'Salt & Pepper', 1, 'pinch');
INSERT INTO ingredients (id, recipe_id, name, quantity, unit) VALUES ('32ce2cd0-c922-4291-8ea9-80eb4acf657d', '6080f97c-74aa-4155-b2d9-d0146f59a921', 'Broccoli', 1, 'pinch');
INSERT INTO ingredients (id, recipe_id, name, quantity, unit) VALUES ('be91d074-aa40-4b4d-8fde-2597523d2b21', '6080f97c-74aa-4155-b2d9-d0146f59a921', 'Cauliflower', 5, 'oz');
INSERT INTO recipe_dietary_tags (recipe_id, tag_id) VALUES ('6080f97c-74aa-4155-b2d9-d0146f59a921', 9);

INSERT INTO recipes (id, user_id, title, description, instructions, image_url, servings, source_url, source_name, is_archived) VALUES ('f25e0a8a-3908-44c7-9982-f4e25107aebf', 'admin-user-id', 'Lemon Garlic Grilled Ground Beef', 'A delicious and healthy Lemon Garlic Grilled Ground Beef served with Kale and Mashed Cauliflower. Perfect for a quick weeknight dinner.', '1. Preheat oven to 400°F.
2. Season the Ground Beef with Lemon Garlic spices.
3. Arrange Kale and Zucchini on a baking sheet.
4. Grilled for 20-25 minutes until cooked through.
5. Serve hot over Mashed Cauliflower.', 'https://images.unsplash.com/photo-1500000000174?auto=format&fit=crop&w=800&q=60', 8, 'https://www.bonappetit.com', 'Bon Appetit', 0);
INSERT INTO ingredients (id, recipe_id, name, quantity, unit) VALUES ('d235866c-43b5-4cc7-af76-4996fa303ae4', 'f25e0a8a-3908-44c7-9982-f4e25107aebf', 'Ground Beef', 2, 'lb');
INSERT INTO ingredients (id, recipe_id, name, quantity, unit) VALUES ('dbfae3bf-9b02-4e4d-98a2-77a584ce2593', 'f25e0a8a-3908-44c7-9982-f4e25107aebf', 'Kale', 1, 'bundle');
INSERT INTO ingredients (id, recipe_id, name, quantity, unit) VALUES ('f5145d08-2c7e-44c6-9cd3-f25cd70aaa2a', 'f25e0a8a-3908-44c7-9982-f4e25107aebf', 'Mashed Cauliflower', 1, 'cup');
INSERT INTO ingredients (id, recipe_id, name, quantity, unit) VALUES ('c42b63ca-f7ae-4bdd-8abf-a6e8469d1eb4', 'f25e0a8a-3908-44c7-9982-f4e25107aebf', 'Olive Oil', 2, 'tbsp');
INSERT INTO ingredients (id, recipe_id, name, quantity, unit) VALUES ('29d9a3e8-69db-4fad-b0e9-461dc6757739', 'f25e0a8a-3908-44c7-9982-f4e25107aebf', 'Salt & Pepper', 1, 'pinch');
INSERT INTO ingredients (id, recipe_id, name, quantity, unit) VALUES ('6bc1910c-71f7-4e34-bac4-9d1b295b6d6d', 'f25e0a8a-3908-44c7-9982-f4e25107aebf', 'Sweet Potatoes', 1, 'oz');
INSERT INTO ingredients (id, recipe_id, name, quantity, unit) VALUES ('baf425e0-f68d-4be9-a973-4be84f6850ef', 'f25e0a8a-3908-44c7-9982-f4e25107aebf', 'Butter', 1, 'cup');
INSERT INTO ingredients (id, recipe_id, name, quantity, unit) VALUES ('d9aa4efe-7e01-4fbc-abd3-aa49441ad7ea', 'f25e0a8a-3908-44c7-9982-f4e25107aebf', 'Ginger', 4, 'lb');
INSERT INTO ingredients (id, recipe_id, name, quantity, unit) VALUES ('4f1978d0-d624-40dc-a4ff-d56ad6942767', 'f25e0a8a-3908-44c7-9982-f4e25107aebf', 'Green Beans', 5, 'bundle');
INSERT INTO ingredients (id, recipe_id, name, quantity, unit) VALUES ('517a0b70-cf52-4d3a-8457-7b135bc5bf21', 'f25e0a8a-3908-44c7-9982-f4e25107aebf', 'Onion', 3, 'lb');
INSERT INTO ingredients (id, recipe_id, name, quantity, unit) VALUES ('41d274b7-fb7e-4ffc-aca8-c157320fb927', 'f25e0a8a-3908-44c7-9982-f4e25107aebf', 'Butter', 1, 'head');
INSERT INTO recipe_dietary_tags (recipe_id, tag_id) VALUES ('f25e0a8a-3908-44c7-9982-f4e25107aebf', 10);
INSERT INTO recipe_dietary_tags (recipe_id, tag_id) VALUES ('f25e0a8a-3908-44c7-9982-f4e25107aebf', 6);
INSERT INTO recipe_dietary_tags (recipe_id, tag_id) VALUES ('f25e0a8a-3908-44c7-9982-f4e25107aebf', 8);

INSERT INTO recipes (id, user_id, title, description, instructions, image_url, servings, source_url, source_name, is_archived) VALUES ('a109193d-8311-439f-87c3-418664f1bad6', 'admin-user-id', 'Balsamic Glaze Roasted Cod', 'A delicious and healthy Balsamic Glaze Roasted Cod served with Carrots and Mashed Cauliflower. Perfect for a quick weeknight dinner.', '1. Preheat oven to 400°F.
2. Season the Cod with Balsamic Glaze spices.
3. Arrange Carrots and Spinach on a baking sheet.
4. Roasted for 20-25 minutes until cooked through.
5. Serve hot over Mashed Cauliflower.', 'https://images.unsplash.com/photo-1500000000175?auto=format&fit=crop&w=800&q=60', 7, 'https://www.bonappetit.com', 'Bon Appetit', 0);
INSERT INTO ingredients (id, recipe_id, name, quantity, unit) VALUES ('2f83171d-7183-41f8-959f-449829c1ed12', 'a109193d-8311-439f-87c3-418664f1bad6', 'Cod', 1, 'oz');
INSERT INTO ingredients (id, recipe_id, name, quantity, unit) VALUES ('bbf24c09-1ce9-450d-b7e6-d8fa586fa6e4', 'a109193d-8311-439f-87c3-418664f1bad6', 'Carrots', 4, 'head');
INSERT INTO ingredients (id, recipe_id, name, quantity, unit) VALUES ('3105cbff-eeab-44a1-ad85-20d5fc528415', 'a109193d-8311-439f-87c3-418664f1bad6', 'Mashed Cauliflower', 2, 'cup');
INSERT INTO ingredients (id, recipe_id, name, quantity, unit) VALUES ('4fdc7825-bf61-4d0c-9485-16666d8d716a', 'a109193d-8311-439f-87c3-418664f1bad6', 'Olive Oil', 1, 'tbsp');
INSERT INTO ingredients (id, recipe_id, name, quantity, unit) VALUES ('f48dc4c7-7f4f-4ebf-a246-14b70f78bd2f', 'a109193d-8311-439f-87c3-418664f1bad6', 'Salt & Pepper', 1, 'pinch');
INSERT INTO ingredients (id, recipe_id, name, quantity, unit) VALUES ('3572e8e8-bb5b-4759-b24b-376b94e3eea5', 'a109193d-8311-439f-87c3-418664f1bad6', 'Carrots', 2, 'bundle');
INSERT INTO recipe_dietary_tags (recipe_id, tag_id) VALUES ('a109193d-8311-439f-87c3-418664f1bad6', 5);
INSERT INTO recipe_dietary_tags (recipe_id, tag_id) VALUES ('a109193d-8311-439f-87c3-418664f1bad6', 3);
INSERT INTO recipe_dietary_tags (recipe_id, tag_id) VALUES ('a109193d-8311-439f-87c3-418664f1bad6', 8);

INSERT INTO recipes (id, user_id, title, description, instructions, image_url, servings, source_url, source_name, is_archived) VALUES ('3d4c9a26-4fe8-4871-a2ad-be0dceacf8c8', 'admin-user-id', 'Teriyaki Baked Cod', 'A delicious and healthy Teriyaki Baked Cod served with Carrots and Quinoa. Perfect for a quick weeknight dinner.', '1. Preheat oven to 400°F.
2. Season the Cod with Teriyaki spices.
3. Arrange Carrots and Cauliflower on a baking sheet.
4. Baked for 20-25 minutes until cooked through.
5. Serve hot over Quinoa.', 'https://images.unsplash.com/photo-1500000000176?auto=format&fit=crop&w=800&q=60', 5, 'https://www.tasteofhome.com', 'Taste of Home', 0);
INSERT INTO ingredients (id, recipe_id, name, quantity, unit) VALUES ('1b7ac627-b691-4d34-91b0-0bde71fd5880', '3d4c9a26-4fe8-4871-a2ad-be0dceacf8c8', 'Cod', 2, 'lb');
INSERT INTO ingredients (id, recipe_id, name, quantity, unit) VALUES ('ca216059-5039-413d-b0fb-7c55fdcca3f0', '3d4c9a26-4fe8-4871-a2ad-be0dceacf8c8', 'Carrots', 1, 'cup');
INSERT INTO ingredients (id, recipe_id, name, quantity, unit) VALUES ('6605f7df-028b-49dd-8410-4dfaa375e397', '3d4c9a26-4fe8-4871-a2ad-be0dceacf8c8', 'Quinoa', 1, 'cup');
INSERT INTO ingredients (id, recipe_id, name, quantity, unit) VALUES ('a61ef215-8d7a-446e-91f2-46f52b4575fe', '3d4c9a26-4fe8-4871-a2ad-be0dceacf8c8', 'Olive Oil', 2, 'tbsp');
INSERT INTO ingredients (id, recipe_id, name, quantity, unit) VALUES ('de90e6fb-6698-48eb-bad5-de61f6d1d85a', '3d4c9a26-4fe8-4871-a2ad-be0dceacf8c8', 'Salt & Pepper', 1, 'pinch');
INSERT INTO ingredients (id, recipe_id, name, quantity, unit) VALUES ('cd6dc29e-1531-4c4a-952d-0c5bb27f29d4', '3d4c9a26-4fe8-4871-a2ad-be0dceacf8c8', 'Lemon', 5, 'g');
INSERT INTO ingredients (id, recipe_id, name, quantity, unit) VALUES ('20245c63-b94c-4e39-b231-8c3284b9f945', '3d4c9a26-4fe8-4871-a2ad-be0dceacf8c8', 'Onion', 2, 'lb');
INSERT INTO ingredients (id, recipe_id, name, quantity, unit) VALUES ('d8ce0f95-0d4b-4a48-bb15-4d15a36994e7', '3d4c9a26-4fe8-4871-a2ad-be0dceacf8c8', 'Onion', 4, 'bundle');
INSERT INTO ingredients (id, recipe_id, name, quantity, unit) VALUES ('ee3b824e-ca8a-402f-848d-c459ceac4768', '3d4c9a26-4fe8-4871-a2ad-be0dceacf8c8', 'Broccoli', 2, 'lb');
INSERT INTO ingredients (id, recipe_id, name, quantity, unit) VALUES ('0702805a-d3c5-4410-a922-fca6f2953f66', '3d4c9a26-4fe8-4871-a2ad-be0dceacf8c8', 'Sweet Potatoes', 1, 'oz');
INSERT INTO recipe_dietary_tags (recipe_id, tag_id) VALUES ('3d4c9a26-4fe8-4871-a2ad-be0dceacf8c8', 6);
INSERT INTO recipe_dietary_tags (recipe_id, tag_id) VALUES ('3d4c9a26-4fe8-4871-a2ad-be0dceacf8c8', 2);

INSERT INTO recipes (id, user_id, title, description, instructions, image_url, servings, source_url, source_name, is_archived) VALUES ('2b8aedd3-3b43-4d48-aa81-0c72bfcd4084', 'admin-user-id', 'Taco Seasoned Slow Cooked Salmon Fillet', 'A delicious and healthy Taco Seasoned Slow Cooked Salmon Fillet served with Sweet Potatoes and Roasted Potatoes. Perfect for a quick weeknight dinner.', '1. Preheat oven to 400°F.
2. Season the Salmon Fillet with Taco Seasoned spices.
3. Arrange Sweet Potatoes and Green Beans on a baking sheet.
4. Slow Cooked for 20-25 minutes until cooked through.
5. Serve hot over Roasted Potatoes.', 'https://images.unsplash.com/photo-1500000000177?auto=format&fit=crop&w=800&q=60', 3, 'https://www.bonappetit.com', 'Bon Appetit', 0);
INSERT INTO ingredients (id, recipe_id, name, quantity, unit) VALUES ('4a75c3fd-4c06-45d0-91c3-ea2ab0ee92a6', '2b8aedd3-3b43-4d48-aa81-0c72bfcd4084', 'Salmon Fillet', 2, 'lb');
INSERT INTO ingredients (id, recipe_id, name, quantity, unit) VALUES ('95eda126-5708-42d9-b91b-244fc0d38637', '2b8aedd3-3b43-4d48-aa81-0c72bfcd4084', 'Sweet Potatoes', 2, 'head');
INSERT INTO ingredients (id, recipe_id, name, quantity, unit) VALUES ('45be6f33-1291-4fe2-b298-6fe05e26d8c5', '2b8aedd3-3b43-4d48-aa81-0c72bfcd4084', 'Roasted Potatoes', 2, 'cup');
INSERT INTO ingredients (id, recipe_id, name, quantity, unit) VALUES ('68cc2bf1-8baa-4dc1-a9c6-c3befce29997', '2b8aedd3-3b43-4d48-aa81-0c72bfcd4084', 'Olive Oil', 2, 'tbsp');
INSERT INTO ingredients (id, recipe_id, name, quantity, unit) VALUES ('d6dd412a-7e38-4df4-9796-59aa8bd36231', '2b8aedd3-3b43-4d48-aa81-0c72bfcd4084', 'Salt & Pepper', 1, 'pinch');
INSERT INTO ingredients (id, recipe_id, name, quantity, unit) VALUES ('a5c715ad-19d4-4045-b620-581c01b634b7', '2b8aedd3-3b43-4d48-aa81-0c72bfcd4084', 'Zucchini', 1, 'cup');
INSERT INTO ingredients (id, recipe_id, name, quantity, unit) VALUES ('6a87c56a-b6af-43ec-b624-4739a303a7b5', '2b8aedd3-3b43-4d48-aa81-0c72bfcd4084', 'Carrots', 1, 'oz');
INSERT INTO ingredients (id, recipe_id, name, quantity, unit) VALUES ('306c0ad0-7928-4c38-8071-bf520053df87', '2b8aedd3-3b43-4d48-aa81-0c72bfcd4084', 'Garlic', 4, 'cup');
INSERT INTO ingredients (id, recipe_id, name, quantity, unit) VALUES ('097e8aea-ebe8-474d-ab5c-15697821b283', '2b8aedd3-3b43-4d48-aa81-0c72bfcd4084', 'Spinach', 3, 'tbsp');
INSERT INTO recipe_dietary_tags (recipe_id, tag_id) VALUES ('2b8aedd3-3b43-4d48-aa81-0c72bfcd4084', 1);
INSERT INTO recipe_dietary_tags (recipe_id, tag_id) VALUES ('2b8aedd3-3b43-4d48-aa81-0c72bfcd4084', 4);

INSERT INTO recipes (id, user_id, title, description, instructions, image_url, servings, source_url, source_name, is_archived) VALUES ('1d540ac6-f440-4171-a9e6-3cf159d111d2', 'admin-user-id', 'Smoky BBQ Grilled Salmon Fillet', 'A delicious and healthy Smoky BBQ Grilled Salmon Fillet served with Cauliflower and Cauliflower Rice. Perfect for a quick weeknight dinner.', '1. Preheat oven to 400°F.
2. Season the Salmon Fillet with Smoky BBQ spices.
3. Arrange Cauliflower and Cauliflower on a baking sheet.
4. Grilled for 20-25 minutes until cooked through.
5. Serve hot over Cauliflower Rice.', 'https://images.unsplash.com/photo-1500000000178?auto=format&fit=crop&w=800&q=60', 2, 'https://www.foodnetwork.com', 'Food Network', 0);
INSERT INTO ingredients (id, recipe_id, name, quantity, unit) VALUES ('4c9acef5-a654-4c6c-91c8-056c4be3afb9', '1d540ac6-f440-4171-a9e6-3cf159d111d2', 'Salmon Fillet', 2, 'lb');
INSERT INTO ingredients (id, recipe_id, name, quantity, unit) VALUES ('94052f03-995d-469e-8219-6aa05be80a45', '1d540ac6-f440-4171-a9e6-3cf159d111d2', 'Cauliflower', 3, 'bundle');
INSERT INTO ingredients (id, recipe_id, name, quantity, unit) VALUES ('726cdd77-31a8-4e60-9c66-159d90c8f40d', '1d540ac6-f440-4171-a9e6-3cf159d111d2', 'Cauliflower Rice', 2, 'cup');
INSERT INTO ingredients (id, recipe_id, name, quantity, unit) VALUES ('e431f9fb-c8e3-4147-8f6a-154ef2567b31', '1d540ac6-f440-4171-a9e6-3cf159d111d2', 'Olive Oil', 1, 'tbsp');
INSERT INTO ingredients (id, recipe_id, name, quantity, unit) VALUES ('3db86b1c-0902-4a78-b291-5c3b23a6c3bf', '1d540ac6-f440-4171-a9e6-3cf159d111d2', 'Salt & Pepper', 1, 'pinch');
INSERT INTO ingredients (id, recipe_id, name, quantity, unit) VALUES ('7cc1bfc2-5330-4c42-9d65-1b5edcfb8382', '1d540ac6-f440-4171-a9e6-3cf159d111d2', 'Lemon', 4, 'pinch');
INSERT INTO ingredients (id, recipe_id, name, quantity, unit) VALUES ('9f02b845-06a2-4573-925e-697f3a3bd19e', '1d540ac6-f440-4171-a9e6-3cf159d111d2', 'Garlic', 1, 'head');
INSERT INTO ingredients (id, recipe_id, name, quantity, unit) VALUES ('0c4f4060-4a35-4cec-9113-313c0abe313e', '1d540ac6-f440-4171-a9e6-3cf159d111d2', 'Garlic', 3, 'ml');
INSERT INTO ingredients (id, recipe_id, name, quantity, unit) VALUES ('c1fdefc5-1eb9-47b3-a985-223d831994d9', '1d540ac6-f440-4171-a9e6-3cf159d111d2', 'Sweet Potatoes', 1, 'pinch');
INSERT INTO ingredients (id, recipe_id, name, quantity, unit) VALUES ('188ee2cf-042c-4274-befe-f54fe27f5b6a', '1d540ac6-f440-4171-a9e6-3cf159d111d2', 'Green Beans', 5, 'clove');
INSERT INTO ingredients (id, recipe_id, name, quantity, unit) VALUES ('71954d77-152d-4513-bffa-334a16f89b83', '1d540ac6-f440-4171-a9e6-3cf159d111d2', 'Ginger', 1, 'bundle');
INSERT INTO ingredients (id, recipe_id, name, quantity, unit) VALUES ('17e5fbdf-3546-404b-89f2-41403af3823d', '1d540ac6-f440-4171-a9e6-3cf159d111d2', 'Brussels Sprouts', 3, 'oz');
INSERT INTO recipe_dietary_tags (recipe_id, tag_id) VALUES ('1d540ac6-f440-4171-a9e6-3cf159d111d2', 6);

INSERT INTO recipes (id, user_id, title, description, instructions, image_url, servings, source_url, source_name, is_archived) VALUES ('3085e745-3f4c-4e75-9ce8-8911443ffb7a', 'admin-user-id', 'Teriyaki Air Fried Steak', 'A delicious and healthy Teriyaki Air Fried Steak served with Kale and Roasted Potatoes. Perfect for a quick weeknight dinner.', '1. Preheat oven to 400°F.
2. Season the Steak with Teriyaki spices.
3. Arrange Kale and Asparagus on a baking sheet.
4. Air Fried for 20-25 minutes until cooked through.
5. Serve hot over Roasted Potatoes.', 'https://images.unsplash.com/photo-1500000000179?auto=format&fit=crop&w=800&q=60', 4, 'https://www.bonappetit.com', 'Bon Appetit', 0);
INSERT INTO ingredients (id, recipe_id, name, quantity, unit) VALUES ('ab6a62a7-e776-44a0-b123-a7a97ff8d916', '3085e745-3f4c-4e75-9ce8-8911443ffb7a', 'Steak', 1, 'lb');
INSERT INTO ingredients (id, recipe_id, name, quantity, unit) VALUES ('f9da96b4-7300-4160-acc9-d643dda61dbb', '3085e745-3f4c-4e75-9ce8-8911443ffb7a', 'Kale', 4, 'cup');
INSERT INTO ingredients (id, recipe_id, name, quantity, unit) VALUES ('21705dee-419e-4fbf-a753-aa79deba5f54', '3085e745-3f4c-4e75-9ce8-8911443ffb7a', 'Roasted Potatoes', 3, 'cup');
INSERT INTO ingredients (id, recipe_id, name, quantity, unit) VALUES ('2ce43c9c-13e1-4801-bd87-e398fa1183cf', '3085e745-3f4c-4e75-9ce8-8911443ffb7a', 'Olive Oil', 3, 'tbsp');
INSERT INTO ingredients (id, recipe_id, name, quantity, unit) VALUES ('19db82e1-d40b-4b8b-b2b7-4265c7d225e1', '3085e745-3f4c-4e75-9ce8-8911443ffb7a', 'Salt & Pepper', 1, 'pinch');
INSERT INTO ingredients (id, recipe_id, name, quantity, unit) VALUES ('8ae69a56-fb01-4a24-aee6-b4a249ca58f7', '3085e745-3f4c-4e75-9ce8-8911443ffb7a', 'Butter', 5, 'ml');
INSERT INTO recipe_dietary_tags (recipe_id, tag_id) VALUES ('3085e745-3f4c-4e75-9ce8-8911443ffb7a', 8);
INSERT INTO recipe_dietary_tags (recipe_id, tag_id) VALUES ('3085e745-3f4c-4e75-9ce8-8911443ffb7a', 2);

INSERT INTO recipes (id, user_id, title, description, instructions, image_url, servings, source_url, source_name, is_archived) VALUES ('076f3846-97ea-422a-9b29-8b0b4fe2808c', 'admin-user-id', 'Pesto Air Fried Lamb Chops', 'A delicious and healthy Pesto Air Fried Lamb Chops served with Cauliflower and Wild Rice. Perfect for a quick weeknight dinner.', '1. Preheat oven to 400°F.
2. Season the Lamb Chops with Pesto spices.
3. Arrange Cauliflower and Carrots on a baking sheet.
4. Air Fried for 20-25 minutes until cooked through.
5. Serve hot over Wild Rice.', 'https://images.unsplash.com/photo-1500000000180?auto=format&fit=crop&w=800&q=60', 5, 'https://www.epicurious.com', 'Epicurious', 0);
INSERT INTO ingredients (id, recipe_id, name, quantity, unit) VALUES ('f8333cdf-d2b1-4101-a2a5-b5ee43cbc2d0', '076f3846-97ea-422a-9b29-8b0b4fe2808c', 'Lamb Chops', 1, 'oz');
INSERT INTO ingredients (id, recipe_id, name, quantity, unit) VALUES ('2b2fe6a9-1483-4c7e-b831-1af1096e5c5d', '076f3846-97ea-422a-9b29-8b0b4fe2808c', 'Cauliflower', 4, 'bundle');
INSERT INTO ingredients (id, recipe_id, name, quantity, unit) VALUES ('c0fd534e-2dd8-4692-b7c0-795873fede3d', '076f3846-97ea-422a-9b29-8b0b4fe2808c', 'Wild Rice', 2, 'cup');
INSERT INTO ingredients (id, recipe_id, name, quantity, unit) VALUES ('9171a44d-7f49-4f4f-8900-6172fb339459', '076f3846-97ea-422a-9b29-8b0b4fe2808c', 'Olive Oil', 1, 'tbsp');
INSERT INTO ingredients (id, recipe_id, name, quantity, unit) VALUES ('37c7bd09-4a18-4bad-97b3-76b52f2e0b9e', '076f3846-97ea-422a-9b29-8b0b4fe2808c', 'Salt & Pepper', 1, 'pinch');
INSERT INTO ingredients (id, recipe_id, name, quantity, unit) VALUES ('d3836811-fbe4-49f3-9fc2-04f57fc0d91c', '076f3846-97ea-422a-9b29-8b0b4fe2808c', 'Brussels Sprouts', 2, 'lb');
INSERT INTO recipe_dietary_tags (recipe_id, tag_id) VALUES ('076f3846-97ea-422a-9b29-8b0b4fe2808c', 4);
INSERT INTO recipe_dietary_tags (recipe_id, tag_id) VALUES ('076f3846-97ea-422a-9b29-8b0b4fe2808c', 1);

INSERT INTO recipes (id, user_id, title, description, instructions, image_url, servings, source_url, source_name, is_archived) VALUES ('d5cd98c0-8bd1-4820-8104-106aa83a5174', 'admin-user-id', 'Balsamic Glaze Baked Steak', 'A delicious and healthy Balsamic Glaze Baked Steak served with Asparagus and Quinoa. Perfect for a quick weeknight dinner.', '1. Preheat oven to 400°F.
2. Season the Steak with Balsamic Glaze spices.
3. Arrange Asparagus and Green Beans on a baking sheet.
4. Baked for 20-25 minutes until cooked through.
5. Serve hot over Quinoa.', 'https://images.unsplash.com/photo-1500000000181?auto=format&fit=crop&w=800&q=60', 8, 'https://www.bonappetit.com', 'Bon Appetit', 0);
INSERT INTO ingredients (id, recipe_id, name, quantity, unit) VALUES ('a40dc50c-6354-49c3-960d-373331d0eb53', 'd5cd98c0-8bd1-4820-8104-106aa83a5174', 'Steak', 1, 'oz');
INSERT INTO ingredients (id, recipe_id, name, quantity, unit) VALUES ('b59251c5-68ae-452c-9ebf-c0300baa9013', 'd5cd98c0-8bd1-4820-8104-106aa83a5174', 'Asparagus', 2, 'head');
INSERT INTO ingredients (id, recipe_id, name, quantity, unit) VALUES ('65c11885-ba69-47c0-846b-76af534e9de9', 'd5cd98c0-8bd1-4820-8104-106aa83a5174', 'Quinoa', 1, 'cup');
INSERT INTO ingredients (id, recipe_id, name, quantity, unit) VALUES ('c68b7192-a238-4ad4-ad28-c7b091eaa41c', 'd5cd98c0-8bd1-4820-8104-106aa83a5174', 'Olive Oil', 1, 'tbsp');
INSERT INTO ingredients (id, recipe_id, name, quantity, unit) VALUES ('cfa161a8-35f4-4944-b6a5-a0c9ba5abec2', 'd5cd98c0-8bd1-4820-8104-106aa83a5174', 'Salt & Pepper', 1, 'pinch');
INSERT INTO ingredients (id, recipe_id, name, quantity, unit) VALUES ('5c4e0e02-b8bf-4cd3-a5f2-1eca94c39633', 'd5cd98c0-8bd1-4820-8104-106aa83a5174', 'Cauliflower', 4, 'lb');
INSERT INTO recipe_dietary_tags (recipe_id, tag_id) VALUES ('d5cd98c0-8bd1-4820-8104-106aa83a5174', 2);
INSERT INTO recipe_dietary_tags (recipe_id, tag_id) VALUES ('d5cd98c0-8bd1-4820-8104-106aa83a5174', 5);

INSERT INTO recipes (id, user_id, title, description, instructions, image_url, servings, source_url, source_name, is_archived) VALUES ('cc47938b-1af3-4d9d-a0dd-a1cae26f3f28', 'admin-user-id', 'Honey Sriracha Baked Eggs', 'A delicious and healthy Honey Sriracha Baked Eggs served with Kale and Cauliflower Rice. Perfect for a quick weeknight dinner.', '1. Preheat oven to 400°F.
2. Season the Eggs with Honey Sriracha spices.
3. Arrange Kale and Asparagus on a baking sheet.
4. Baked for 20-25 minutes until cooked through.
5. Serve hot over Cauliflower Rice.', 'https://images.unsplash.com/photo-1500000000182?auto=format&fit=crop&w=800&q=60', 7, 'https://www.epicurious.com', 'Epicurious', 0);
INSERT INTO ingredients (id, recipe_id, name, quantity, unit) VALUES ('a0aa800a-8cc6-4006-b64c-c76a9ddf8812', 'cc47938b-1af3-4d9d-a0dd-a1cae26f3f28', 'Eggs', 1, 'oz');
INSERT INTO ingredients (id, recipe_id, name, quantity, unit) VALUES ('6eb10e44-214e-411c-969b-4d7ee63248d1', 'cc47938b-1af3-4d9d-a0dd-a1cae26f3f28', 'Kale', 2, 'cup');
INSERT INTO ingredients (id, recipe_id, name, quantity, unit) VALUES ('db699574-ddfb-42a9-9aca-a0289a11bda0', 'cc47938b-1af3-4d9d-a0dd-a1cae26f3f28', 'Cauliflower Rice', 3, 'cup');
INSERT INTO ingredients (id, recipe_id, name, quantity, unit) VALUES ('993c828b-b026-4f64-82c8-2bbd269fd0c8', 'cc47938b-1af3-4d9d-a0dd-a1cae26f3f28', 'Olive Oil', 3, 'tbsp');
INSERT INTO ingredients (id, recipe_id, name, quantity, unit) VALUES ('ddcf73b5-f5ba-4be2-a730-4b37da3d4475', 'cc47938b-1af3-4d9d-a0dd-a1cae26f3f28', 'Salt & Pepper', 1, 'pinch');
INSERT INTO ingredients (id, recipe_id, name, quantity, unit) VALUES ('9920d190-7050-4507-8986-d33de40b6e80', 'cc47938b-1af3-4d9d-a0dd-a1cae26f3f28', 'Broccoli', 5, 'bundle');
INSERT INTO ingredients (id, recipe_id, name, quantity, unit) VALUES ('9477200b-11ed-4606-9345-529d7ca77fef', 'cc47938b-1af3-4d9d-a0dd-a1cae26f3f28', 'Asparagus', 2, 'pinch');
INSERT INTO ingredients (id, recipe_id, name, quantity, unit) VALUES ('373efa97-6d23-4da0-be79-3208334c7cfb', 'cc47938b-1af3-4d9d-a0dd-a1cae26f3f28', 'Sweet Potatoes', 5, 'g');
INSERT INTO ingredients (id, recipe_id, name, quantity, unit) VALUES ('aaa3faee-8e88-44cc-9c64-460a73619441', 'cc47938b-1af3-4d9d-a0dd-a1cae26f3f28', 'Sweet Potatoes', 2, 'cup');
INSERT INTO ingredients (id, recipe_id, name, quantity, unit) VALUES ('9b5e4ca9-73ed-4f82-8319-aa61363cf1d6', 'cc47938b-1af3-4d9d-a0dd-a1cae26f3f28', 'Ginger', 1, 'pinch');
INSERT INTO ingredients (id, recipe_id, name, quantity, unit) VALUES ('ae0ad2ec-c015-4c6e-9691-1c2153326466', 'cc47938b-1af3-4d9d-a0dd-a1cae26f3f28', 'Garlic', 3, 'g');
INSERT INTO ingredients (id, recipe_id, name, quantity, unit) VALUES ('c55bd816-9c11-4e45-a486-1780e37a27cf', 'cc47938b-1af3-4d9d-a0dd-a1cae26f3f28', 'Zucchini', 4, 'oz');
INSERT INTO recipe_dietary_tags (recipe_id, tag_id) VALUES ('cc47938b-1af3-4d9d-a0dd-a1cae26f3f28', 4);
INSERT INTO recipe_dietary_tags (recipe_id, tag_id) VALUES ('cc47938b-1af3-4d9d-a0dd-a1cae26f3f28', 8);
INSERT INTO recipe_dietary_tags (recipe_id, tag_id) VALUES ('cc47938b-1af3-4d9d-a0dd-a1cae26f3f28', 2);

INSERT INTO recipes (id, user_id, title, description, instructions, image_url, servings, source_url, source_name, is_archived) VALUES ('8ec15ea3-782b-473b-beb8-9fc0dff4d742', 'admin-user-id', 'Smoky BBQ Grilled Lentils', 'A delicious and healthy Smoky BBQ Grilled Lentils served with Green Beans and Lentil Pasta. Perfect for a quick weeknight dinner.', '1. Preheat oven to 400°F.
2. Season the Lentils with Smoky BBQ spices.
3. Arrange Green Beans and Carrots on a baking sheet.
4. Grilled for 20-25 minutes until cooked through.
5. Serve hot over Lentil Pasta.', 'https://images.unsplash.com/photo-1500000000183?auto=format&fit=crop&w=800&q=60', 4, 'https://www.epicurious.com', 'Epicurious', 0);
INSERT INTO ingredients (id, recipe_id, name, quantity, unit) VALUES ('be72ec0a-7a0a-42ca-a941-0349bde9ea14', '8ec15ea3-782b-473b-beb8-9fc0dff4d742', 'Lentils', 2, 'oz');
INSERT INTO ingredients (id, recipe_id, name, quantity, unit) VALUES ('c1005af4-c336-408c-9fc3-1de0a2c4b286', '8ec15ea3-782b-473b-beb8-9fc0dff4d742', 'Green Beans', 3, 'bundle');
INSERT INTO ingredients (id, recipe_id, name, quantity, unit) VALUES ('b4da702b-eb63-4f3c-94cd-3b8c6ff03cdf', '8ec15ea3-782b-473b-beb8-9fc0dff4d742', 'Lentil Pasta', 3, 'cup');
INSERT INTO ingredients (id, recipe_id, name, quantity, unit) VALUES ('f43c152b-da63-4e83-8b4f-e142d5b521fa', '8ec15ea3-782b-473b-beb8-9fc0dff4d742', 'Olive Oil', 2, 'tbsp');
INSERT INTO ingredients (id, recipe_id, name, quantity, unit) VALUES ('20743574-f7a4-4c56-8492-dadbbda117a7', '8ec15ea3-782b-473b-beb8-9fc0dff4d742', 'Salt & Pepper', 1, 'pinch');
INSERT INTO ingredients (id, recipe_id, name, quantity, unit) VALUES ('d9950213-82f3-4cdf-9792-0564d4885ea3', '8ec15ea3-782b-473b-beb8-9fc0dff4d742', 'Carrots', 5, 'g');
INSERT INTO ingredients (id, recipe_id, name, quantity, unit) VALUES ('268fce4a-26cb-4e5e-b0ad-b4c199485761', '8ec15ea3-782b-473b-beb8-9fc0dff4d742', 'Brussels Sprouts', 3, 'tbsp');
INSERT INTO ingredients (id, recipe_id, name, quantity, unit) VALUES ('3582ad61-1a71-4e92-8b7d-ac832e3addd1', '8ec15ea3-782b-473b-beb8-9fc0dff4d742', 'Carrots', 2, 'tsp');
INSERT INTO ingredients (id, recipe_id, name, quantity, unit) VALUES ('a12823f2-0942-4999-98ce-46e0a086ff57', '8ec15ea3-782b-473b-beb8-9fc0dff4d742', 'Lemon', 3, 'pinch');
INSERT INTO ingredients (id, recipe_id, name, quantity, unit) VALUES ('f7d71811-0ee2-4936-82cc-19e864509057', '8ec15ea3-782b-473b-beb8-9fc0dff4d742', 'Broccoli', 5, 'cup');
INSERT INTO ingredients (id, recipe_id, name, quantity, unit) VALUES ('3c1af1d1-eabc-482b-b2c2-07fe648fff30', '8ec15ea3-782b-473b-beb8-9fc0dff4d742', 'Carrots', 1, 'cup');
INSERT INTO recipe_dietary_tags (recipe_id, tag_id) VALUES ('8ec15ea3-782b-473b-beb8-9fc0dff4d742', 1);
INSERT INTO recipe_dietary_tags (recipe_id, tag_id) VALUES ('8ec15ea3-782b-473b-beb8-9fc0dff4d742', 2);

INSERT INTO recipes (id, user_id, title, description, instructions, image_url, servings, source_url, source_name, is_archived) VALUES ('3ddece98-d217-4766-b531-4a77b101e137', 'admin-user-id', 'Lemon Garlic Air Fried Black Beans', 'A delicious and healthy Lemon Garlic Air Fried Black Beans served with Kale and Roasted Potatoes. Perfect for a quick weeknight dinner.', '1. Preheat oven to 400°F.
2. Season the Black Beans with Lemon Garlic spices.
3. Arrange Kale and Brussels Sprouts on a baking sheet.
4. Air Fried for 20-25 minutes until cooked through.
5. Serve hot over Roasted Potatoes.', 'https://images.unsplash.com/photo-1500000000184?auto=format&fit=crop&w=800&q=60', 7, 'https://www.epicurious.com', 'Epicurious', 0);
INSERT INTO ingredients (id, recipe_id, name, quantity, unit) VALUES ('800fc2c8-c2ac-49e8-bdf6-d9c0f1cdc50e', '3ddece98-d217-4766-b531-4a77b101e137', 'Black Beans', 2, 'lb');
INSERT INTO ingredients (id, recipe_id, name, quantity, unit) VALUES ('9fc3e631-fcb6-476a-8766-b08a92dc69b3', '3ddece98-d217-4766-b531-4a77b101e137', 'Kale', 4, 'head');
INSERT INTO ingredients (id, recipe_id, name, quantity, unit) VALUES ('13cdbf0e-c9a6-49dd-b475-a5fd08a2ef84', '3ddece98-d217-4766-b531-4a77b101e137', 'Roasted Potatoes', 3, 'cup');
INSERT INTO ingredients (id, recipe_id, name, quantity, unit) VALUES ('e4516067-5f4c-4438-a464-48e434b443b6', '3ddece98-d217-4766-b531-4a77b101e137', 'Olive Oil', 2, 'tbsp');
INSERT INTO ingredients (id, recipe_id, name, quantity, unit) VALUES ('0de2462a-a4f8-4730-ad2d-7ff93406bd2e', '3ddece98-d217-4766-b531-4a77b101e137', 'Salt & Pepper', 1, 'pinch');
INSERT INTO ingredients (id, recipe_id, name, quantity, unit) VALUES ('a4b6bf56-e14b-4535-9a26-59f7a90ed624', '3ddece98-d217-4766-b531-4a77b101e137', 'Ginger', 3, 'head');
INSERT INTO ingredients (id, recipe_id, name, quantity, unit) VALUES ('1fe5b560-fa61-4041-ba4c-237a1f61b620', '3ddece98-d217-4766-b531-4a77b101e137', 'Lemon', 1, 'pinch');
INSERT INTO ingredients (id, recipe_id, name, quantity, unit) VALUES ('599a5169-3030-4cbc-ae4f-7d9ef1a6e467', '3ddece98-d217-4766-b531-4a77b101e137', 'Butter', 3, 'oz');
INSERT INTO ingredients (id, recipe_id, name, quantity, unit) VALUES ('02ca6216-8466-4117-a9bf-deb3eb69ae4b', '3ddece98-d217-4766-b531-4a77b101e137', 'Cauliflower', 1, 'g');
INSERT INTO ingredients (id, recipe_id, name, quantity, unit) VALUES ('f3bd2adc-0675-4644-9c80-0a67a787620d', '3ddece98-d217-4766-b531-4a77b101e137', 'Asparagus', 3, 'clove');
INSERT INTO ingredients (id, recipe_id, name, quantity, unit) VALUES ('afae0de8-fc09-4aea-aaeb-15bb9a1c937d', '3ddece98-d217-4766-b531-4a77b101e137', 'Asparagus', 4, 'pinch');
INSERT INTO ingredients (id, recipe_id, name, quantity, unit) VALUES ('bce0d346-9a39-499a-863e-2f20ede76700', '3ddece98-d217-4766-b531-4a77b101e137', 'Asparagus', 3, 'ml');
INSERT INTO recipe_dietary_tags (recipe_id, tag_id) VALUES ('3ddece98-d217-4766-b531-4a77b101e137', 3);
INSERT INTO recipe_dietary_tags (recipe_id, tag_id) VALUES ('3ddece98-d217-4766-b531-4a77b101e137', 4);

INSERT INTO recipes (id, user_id, title, description, instructions, image_url, servings, source_url, source_name, is_archived) VALUES ('ebc53e0e-b0da-49e0-87f5-69b47e160902', 'admin-user-id', 'Pesto Sautéed Cod', 'A delicious and healthy Pesto Sautéed Cod served with Carrots and Wild Rice. Perfect for a quick weeknight dinner.', '1. Preheat oven to 400°F.
2. Season the Cod with Pesto spices.
3. Arrange Carrots and Cauliflower on a baking sheet.
4. Sautéed for 20-25 minutes until cooked through.
5. Serve hot over Wild Rice.', 'https://images.unsplash.com/photo-1500000000185?auto=format&fit=crop&w=800&q=60', 6, 'https://www.foodnetwork.com', 'Food Network', 0);
INSERT INTO ingredients (id, recipe_id, name, quantity, unit) VALUES ('f3c65994-040f-4fb8-871e-8efcff07a838', 'ebc53e0e-b0da-49e0-87f5-69b47e160902', 'Cod', 1, 'oz');
INSERT INTO ingredients (id, recipe_id, name, quantity, unit) VALUES ('c6d0fbe5-cb09-4ff6-94c0-c335ad4a597c', 'ebc53e0e-b0da-49e0-87f5-69b47e160902', 'Carrots', 2, 'cup');
INSERT INTO ingredients (id, recipe_id, name, quantity, unit) VALUES ('ee71590a-c7bc-439f-a1cb-3bef0fd90e93', 'ebc53e0e-b0da-49e0-87f5-69b47e160902', 'Wild Rice', 2, 'cup');
INSERT INTO ingredients (id, recipe_id, name, quantity, unit) VALUES ('b1ed1c45-6edd-4912-94f0-3b020d0b19b2', 'ebc53e0e-b0da-49e0-87f5-69b47e160902', 'Olive Oil', 2, 'tbsp');
INSERT INTO ingredients (id, recipe_id, name, quantity, unit) VALUES ('c3170360-e936-4f0a-91a0-38c92235d1ca', 'ebc53e0e-b0da-49e0-87f5-69b47e160902', 'Salt & Pepper', 1, 'pinch');
INSERT INTO ingredients (id, recipe_id, name, quantity, unit) VALUES ('7c4d6c10-6a55-4a97-a174-9b254986467e', 'ebc53e0e-b0da-49e0-87f5-69b47e160902', 'Ginger', 5, 'head');
INSERT INTO ingredients (id, recipe_id, name, quantity, unit) VALUES ('fc13a92f-cfbd-42c8-97a2-32220d98cd65', 'ebc53e0e-b0da-49e0-87f5-69b47e160902', 'Sweet Potatoes', 4, 'ml');
INSERT INTO ingredients (id, recipe_id, name, quantity, unit) VALUES ('72bb38b4-7df9-48a1-8683-c612b6976825', 'ebc53e0e-b0da-49e0-87f5-69b47e160902', 'Green Beans', 3, 'lb');
INSERT INTO ingredients (id, recipe_id, name, quantity, unit) VALUES ('cac1b4c9-6d9c-4c14-8e2a-05093a63b52e', 'ebc53e0e-b0da-49e0-87f5-69b47e160902', 'Onion', 1, 'g');
INSERT INTO ingredients (id, recipe_id, name, quantity, unit) VALUES ('5f4919fd-ef25-4d76-82c8-2674e8adb91b', 'ebc53e0e-b0da-49e0-87f5-69b47e160902', 'Butter', 2, 'tbsp');
INSERT INTO recipe_dietary_tags (recipe_id, tag_id) VALUES ('ebc53e0e-b0da-49e0-87f5-69b47e160902', 8);
INSERT INTO recipe_dietary_tags (recipe_id, tag_id) VALUES ('ebc53e0e-b0da-49e0-87f5-69b47e160902', 5);

INSERT INTO recipes (id, user_id, title, description, instructions, image_url, servings, source_url, source_name, is_archived) VALUES ('39b50c12-bb19-4663-b77e-904bee6b1e8c', 'admin-user-id', 'Taco Seasoned Grilled Pork Loin', 'A delicious and healthy Taco Seasoned Grilled Pork Loin served with Brussels Sprouts and Zucchini Noodles. Perfect for a quick weeknight dinner.', '1. Preheat oven to 400°F.
2. Season the Pork Loin with Taco Seasoned spices.
3. Arrange Brussels Sprouts and Sweet Potatoes on a baking sheet.
4. Grilled for 20-25 minutes until cooked through.
5. Serve hot over Zucchini Noodles.', 'https://images.unsplash.com/photo-1500000000186?auto=format&fit=crop&w=800&q=60', 3, 'https://www.allrecipes.com', 'AllRecipes', 0);
INSERT INTO ingredients (id, recipe_id, name, quantity, unit) VALUES ('9ab4a285-6f1d-4624-88b3-e470509a945e', '39b50c12-bb19-4663-b77e-904bee6b1e8c', 'Pork Loin', 2, 'lb');
INSERT INTO ingredients (id, recipe_id, name, quantity, unit) VALUES ('0bc34b07-2f42-4bd4-b026-2c27e4e2a75e', '39b50c12-bb19-4663-b77e-904bee6b1e8c', 'Brussels Sprouts', 1, 'bundle');
INSERT INTO ingredients (id, recipe_id, name, quantity, unit) VALUES ('e56ebcba-76b0-4009-9d14-5e87f3ac70a4', '39b50c12-bb19-4663-b77e-904bee6b1e8c', 'Zucchini Noodles', 2, 'cup');
INSERT INTO ingredients (id, recipe_id, name, quantity, unit) VALUES ('236c48c5-bca4-4d2d-8a76-40eecdf2c541', '39b50c12-bb19-4663-b77e-904bee6b1e8c', 'Olive Oil', 3, 'tbsp');
INSERT INTO ingredients (id, recipe_id, name, quantity, unit) VALUES ('9f551134-516e-4281-9731-4675383023e4', '39b50c12-bb19-4663-b77e-904bee6b1e8c', 'Salt & Pepper', 1, 'pinch');
INSERT INTO ingredients (id, recipe_id, name, quantity, unit) VALUES ('6b0b6391-74e6-463b-982d-a1e414f475e3', '39b50c12-bb19-4663-b77e-904bee6b1e8c', 'Kale', 1, 'cup');
INSERT INTO recipe_dietary_tags (recipe_id, tag_id) VALUES ('39b50c12-bb19-4663-b77e-904bee6b1e8c', 8);
INSERT INTO recipe_dietary_tags (recipe_id, tag_id) VALUES ('39b50c12-bb19-4663-b77e-904bee6b1e8c', 10);

INSERT INTO recipes (id, user_id, title, description, instructions, image_url, servings, source_url, source_name, is_archived) VALUES ('96238d40-5bf7-459b-9623-8f0594535a2c', 'admin-user-id', 'Cajun Slow Cooked Turkey Breast', 'A delicious and healthy Cajun Slow Cooked Turkey Breast served with Sweet Potatoes and Cauliflower Rice. Perfect for a quick weeknight dinner.', '1. Preheat oven to 400°F.
2. Season the Turkey Breast with Cajun spices.
3. Arrange Sweet Potatoes and Cauliflower on a baking sheet.
4. Slow Cooked for 20-25 minutes until cooked through.
5. Serve hot over Cauliflower Rice.', 'https://images.unsplash.com/photo-1500000000187?auto=format&fit=crop&w=800&q=60', 5, 'https://www.epicurious.com', 'Epicurious', 0);
INSERT INTO ingredients (id, recipe_id, name, quantity, unit) VALUES ('627d6166-6ddf-4dc6-8620-8cb0f7e87eaf', '96238d40-5bf7-459b-9623-8f0594535a2c', 'Turkey Breast', 1, 'oz');
INSERT INTO ingredients (id, recipe_id, name, quantity, unit) VALUES ('e8eb9130-91d2-43ee-a7b3-0ea35a973218', '96238d40-5bf7-459b-9623-8f0594535a2c', 'Sweet Potatoes', 2, 'cup');
INSERT INTO ingredients (id, recipe_id, name, quantity, unit) VALUES ('5d433e2c-c774-4cc7-a25a-a9f64227a4c0', '96238d40-5bf7-459b-9623-8f0594535a2c', 'Cauliflower Rice', 2, 'cup');
INSERT INTO ingredients (id, recipe_id, name, quantity, unit) VALUES ('c5a2e209-63ad-4ecd-850d-50341b09a27b', '96238d40-5bf7-459b-9623-8f0594535a2c', 'Olive Oil', 2, 'tbsp');
INSERT INTO ingredients (id, recipe_id, name, quantity, unit) VALUES ('7c493b20-cabc-42f1-a4fe-8ac73bb2440f', '96238d40-5bf7-459b-9623-8f0594535a2c', 'Salt & Pepper', 1, 'pinch');
INSERT INTO ingredients (id, recipe_id, name, quantity, unit) VALUES ('e7868949-7048-45b8-ba08-fb2fb9792f37', '96238d40-5bf7-459b-9623-8f0594535a2c', 'Sweet Potatoes', 1, 'cup');
INSERT INTO ingredients (id, recipe_id, name, quantity, unit) VALUES ('48bce40c-5e11-40b4-924f-042635f43e19', '96238d40-5bf7-459b-9623-8f0594535a2c', 'Spinach', 5, 'g');
INSERT INTO recipe_dietary_tags (recipe_id, tag_id) VALUES ('96238d40-5bf7-459b-9623-8f0594535a2c', 7);
INSERT INTO recipe_dietary_tags (recipe_id, tag_id) VALUES ('96238d40-5bf7-459b-9623-8f0594535a2c', 5);

INSERT INTO recipes (id, user_id, title, description, instructions, image_url, servings, source_url, source_name, is_archived) VALUES ('e4ba69d3-72ad-4a35-8a56-2d8ab752b301', 'admin-user-id', 'Honey Sriracha Sautéed Salmon Fillet', 'A delicious and healthy Honey Sriracha Sautéed Salmon Fillet served with Spinach and Cauliflower Rice. Perfect for a quick weeknight dinner.', '1. Preheat oven to 400°F.
2. Season the Salmon Fillet with Honey Sriracha spices.
3. Arrange Spinach and Broccoli on a baking sheet.
4. Sautéed for 20-25 minutes until cooked through.
5. Serve hot over Cauliflower Rice.', 'https://images.unsplash.com/photo-1500000000188?auto=format&fit=crop&w=800&q=60', 8, 'https://www.epicurious.com', 'Epicurious', 0);
INSERT INTO ingredients (id, recipe_id, name, quantity, unit) VALUES ('cc7fd79c-1d41-490a-b3df-5974833de812', 'e4ba69d3-72ad-4a35-8a56-2d8ab752b301', 'Salmon Fillet', 1, 'oz');
INSERT INTO ingredients (id, recipe_id, name, quantity, unit) VALUES ('323a433d-0fef-4a10-a449-218407d2fef8', 'e4ba69d3-72ad-4a35-8a56-2d8ab752b301', 'Spinach', 4, 'bundle');
INSERT INTO ingredients (id, recipe_id, name, quantity, unit) VALUES ('75c97d0d-aa43-4bda-8ef4-e85985322609', 'e4ba69d3-72ad-4a35-8a56-2d8ab752b301', 'Cauliflower Rice', 2, 'cup');
INSERT INTO ingredients (id, recipe_id, name, quantity, unit) VALUES ('c9f621c8-aae6-4b1f-8cd7-3e562c52eea5', 'e4ba69d3-72ad-4a35-8a56-2d8ab752b301', 'Olive Oil', 3, 'tbsp');
INSERT INTO ingredients (id, recipe_id, name, quantity, unit) VALUES ('5457b176-5db9-4a93-a60e-e4e2cddaaf31', 'e4ba69d3-72ad-4a35-8a56-2d8ab752b301', 'Salt & Pepper', 1, 'pinch');
INSERT INTO ingredients (id, recipe_id, name, quantity, unit) VALUES ('98f3980d-2970-48f7-984a-780a38227a50', 'e4ba69d3-72ad-4a35-8a56-2d8ab752b301', 'Brussels Sprouts', 3, 'g');
INSERT INTO recipe_dietary_tags (recipe_id, tag_id) VALUES ('e4ba69d3-72ad-4a35-8a56-2d8ab752b301', 4);

INSERT INTO recipes (id, user_id, title, description, instructions, image_url, servings, source_url, source_name, is_archived) VALUES ('9879d113-4709-4b87-b1e1-14b650b559a8', 'admin-user-id', 'Balsamic Glaze Pan-Seared Eggs', 'A delicious and healthy Balsamic Glaze Pan-Seared Eggs served with Broccoli and Cauliflower Rice. Perfect for a quick weeknight dinner.', '1. Preheat oven to 400°F.
2. Season the Eggs with Balsamic Glaze spices.
3. Arrange Broccoli and Bell Peppers on a baking sheet.
4. Pan-Seared for 20-25 minutes until cooked through.
5. Serve hot over Cauliflower Rice.', 'https://images.unsplash.com/photo-1500000000189?auto=format&fit=crop&w=800&q=60', 4, 'https://www.epicurious.com', 'Epicurious', 0);
INSERT INTO ingredients (id, recipe_id, name, quantity, unit) VALUES ('53d29682-310c-4405-84b2-60ba135ca6fa', '9879d113-4709-4b87-b1e1-14b650b559a8', 'Eggs', 1, 'lb');
INSERT INTO ingredients (id, recipe_id, name, quantity, unit) VALUES ('fb101044-9a9e-478d-b62f-0605cc51cebc', '9879d113-4709-4b87-b1e1-14b650b559a8', 'Broccoli', 4, 'cup');
INSERT INTO ingredients (id, recipe_id, name, quantity, unit) VALUES ('c20546b0-4e07-4c6c-af42-7025f959f34c', '9879d113-4709-4b87-b1e1-14b650b559a8', 'Cauliflower Rice', 2, 'cup');
INSERT INTO ingredients (id, recipe_id, name, quantity, unit) VALUES ('53811060-fa6a-4bdc-9639-275572aec3d5', '9879d113-4709-4b87-b1e1-14b650b559a8', 'Olive Oil', 3, 'tbsp');
INSERT INTO ingredients (id, recipe_id, name, quantity, unit) VALUES ('ee7a29a2-1e1e-4443-9d60-fd0339a31fcc', '9879d113-4709-4b87-b1e1-14b650b559a8', 'Salt & Pepper', 1, 'pinch');
INSERT INTO ingredients (id, recipe_id, name, quantity, unit) VALUES ('1b1caf31-aadf-44ad-99bd-f4e94e1d2e50', '9879d113-4709-4b87-b1e1-14b650b559a8', 'Carrots', 1, 'bundle');
INSERT INTO ingredients (id, recipe_id, name, quantity, unit) VALUES ('f0366d8d-18d5-49b9-868f-b36c336ecc8d', '9879d113-4709-4b87-b1e1-14b650b559a8', 'Spinach', 3, 'cup');
INSERT INTO ingredients (id, recipe_id, name, quantity, unit) VALUES ('86dd025e-2db7-413f-b0b2-8f671aa3da96', '9879d113-4709-4b87-b1e1-14b650b559a8', 'Broccoli', 2, 'tbsp');
INSERT INTO ingredients (id, recipe_id, name, quantity, unit) VALUES ('429fb2f7-288c-4b13-85e7-0815f290a1b1', '9879d113-4709-4b87-b1e1-14b650b559a8', 'Green Beans', 2, 'head');
INSERT INTO ingredients (id, recipe_id, name, quantity, unit) VALUES ('de4711d3-2b35-4452-b079-ce8500653570', '9879d113-4709-4b87-b1e1-14b650b559a8', 'Sweet Potatoes', 1, 'bundle');
INSERT INTO recipe_dietary_tags (recipe_id, tag_id) VALUES ('9879d113-4709-4b87-b1e1-14b650b559a8', 8);

INSERT INTO recipes (id, user_id, title, description, instructions, image_url, servings, source_url, source_name, is_archived) VALUES ('347c2a2c-cb10-42c1-852d-8e9cd451c25d', 'admin-user-id', 'Smoky BBQ Air Fried Shrimp', 'A delicious and healthy Smoky BBQ Air Fried Shrimp served with Broccoli and Quinoa. Perfect for a quick weeknight dinner.', '1. Preheat oven to 400°F.
2. Season the Shrimp with Smoky BBQ spices.
3. Arrange Broccoli and Broccoli on a baking sheet.
4. Air Fried for 20-25 minutes until cooked through.
5. Serve hot over Quinoa.', 'https://images.unsplash.com/photo-1500000000190?auto=format&fit=crop&w=800&q=60', 3, 'https://www.epicurious.com', 'Epicurious', 0);
INSERT INTO ingredients (id, recipe_id, name, quantity, unit) VALUES ('18f0d7b3-d9eb-4cf9-8087-da6f6b17eea1', '347c2a2c-cb10-42c1-852d-8e9cd451c25d', 'Shrimp', 2, 'lb');
INSERT INTO ingredients (id, recipe_id, name, quantity, unit) VALUES ('d63960de-29f8-4237-ae8e-a207f5728fa7', '347c2a2c-cb10-42c1-852d-8e9cd451c25d', 'Broccoli', 4, 'bundle');
INSERT INTO ingredients (id, recipe_id, name, quantity, unit) VALUES ('f9ccffb7-8f84-4c0b-9556-9d21387f568d', '347c2a2c-cb10-42c1-852d-8e9cd451c25d', 'Quinoa', 1, 'cup');
INSERT INTO ingredients (id, recipe_id, name, quantity, unit) VALUES ('a1392b59-b19e-4c05-acda-85d9c5a397e1', '347c2a2c-cb10-42c1-852d-8e9cd451c25d', 'Olive Oil', 2, 'tbsp');
INSERT INTO ingredients (id, recipe_id, name, quantity, unit) VALUES ('ef284bab-dc2e-4a33-bebe-d8b73e040c44', '347c2a2c-cb10-42c1-852d-8e9cd451c25d', 'Salt & Pepper', 1, 'pinch');
INSERT INTO ingredients (id, recipe_id, name, quantity, unit) VALUES ('c9d8485c-9235-4046-a1af-52596b40c8bb', '347c2a2c-cb10-42c1-852d-8e9cd451c25d', 'Carrots', 3, 'clove');
INSERT INTO recipe_dietary_tags (recipe_id, tag_id) VALUES ('347c2a2c-cb10-42c1-852d-8e9cd451c25d', 7);

INSERT INTO recipes (id, user_id, title, description, instructions, image_url, servings, source_url, source_name, is_archived) VALUES ('c8422bde-daf4-4d5d-ab32-a7f7d2f64647', 'admin-user-id', 'Teriyaki Baked Chicken Breast', 'A delicious and healthy Teriyaki Baked Chicken Breast served with Broccoli and Couscous. Perfect for a quick weeknight dinner.', '1. Preheat oven to 400°F.
2. Season the Chicken Breast with Teriyaki spices.
3. Arrange Broccoli and Bell Peppers on a baking sheet.
4. Baked for 20-25 minutes until cooked through.
5. Serve hot over Couscous.', 'https://images.unsplash.com/photo-1500000000191?auto=format&fit=crop&w=800&q=60', 5, 'https://www.allrecipes.com', 'AllRecipes', 0);
INSERT INTO ingredients (id, recipe_id, name, quantity, unit) VALUES ('3bc8ec66-6c4f-484f-a56d-103a9422449d', 'c8422bde-daf4-4d5d-ab32-a7f7d2f64647', 'Chicken Breast', 1, 'oz');
INSERT INTO ingredients (id, recipe_id, name, quantity, unit) VALUES ('37aae69f-a0ef-41da-851d-a473df333297', 'c8422bde-daf4-4d5d-ab32-a7f7d2f64647', 'Broccoli', 2, 'cup');
INSERT INTO ingredients (id, recipe_id, name, quantity, unit) VALUES ('22467680-4d45-4c22-bc7f-13d21a0902cb', 'c8422bde-daf4-4d5d-ab32-a7f7d2f64647', 'Couscous', 2, 'cup');
INSERT INTO ingredients (id, recipe_id, name, quantity, unit) VALUES ('f602b711-c978-4f94-b92d-77d3c6e40a6d', 'c8422bde-daf4-4d5d-ab32-a7f7d2f64647', 'Olive Oil', 1, 'tbsp');
INSERT INTO ingredients (id, recipe_id, name, quantity, unit) VALUES ('87177080-2be4-40dd-bc89-baf9e9b7878b', 'c8422bde-daf4-4d5d-ab32-a7f7d2f64647', 'Salt & Pepper', 1, 'pinch');
INSERT INTO ingredients (id, recipe_id, name, quantity, unit) VALUES ('c58f9a93-bfaa-4529-a41e-e7e2e9c49113', 'c8422bde-daf4-4d5d-ab32-a7f7d2f64647', 'Lemon', 2, 'ml');
INSERT INTO ingredients (id, recipe_id, name, quantity, unit) VALUES ('0ca90196-7c2e-4e39-afb1-92c71b989b42', 'c8422bde-daf4-4d5d-ab32-a7f7d2f64647', 'Ginger', 5, 'clove');
INSERT INTO ingredients (id, recipe_id, name, quantity, unit) VALUES ('dab32917-06cc-47f0-9798-dc2ce25447f0', 'c8422bde-daf4-4d5d-ab32-a7f7d2f64647', 'Cauliflower', 4, 'tbsp');
INSERT INTO ingredients (id, recipe_id, name, quantity, unit) VALUES ('9221db17-3a7d-40a9-969c-5b81198f343b', 'c8422bde-daf4-4d5d-ab32-a7f7d2f64647', 'Lemon', 4, 'clove');
INSERT INTO recipe_dietary_tags (recipe_id, tag_id) VALUES ('c8422bde-daf4-4d5d-ab32-a7f7d2f64647', 4);
INSERT INTO recipe_dietary_tags (recipe_id, tag_id) VALUES ('c8422bde-daf4-4d5d-ab32-a7f7d2f64647', 3);
INSERT INTO recipe_dietary_tags (recipe_id, tag_id) VALUES ('c8422bde-daf4-4d5d-ab32-a7f7d2f64647', 7);

INSERT INTO recipes (id, user_id, title, description, instructions, image_url, servings, source_url, source_name, is_archived) VALUES ('d962d0a0-efef-4790-8533-c37d66544dff', 'admin-user-id', 'Balsamic Glaze Grilled Lentils', 'A delicious and healthy Balsamic Glaze Grilled Lentils served with Sweet Potatoes and Couscous. Perfect for a quick weeknight dinner.', '1. Preheat oven to 400°F.
2. Season the Lentils with Balsamic Glaze spices.
3. Arrange Sweet Potatoes and Broccoli on a baking sheet.
4. Grilled for 20-25 minutes until cooked through.
5. Serve hot over Couscous.', 'https://images.unsplash.com/photo-1500000000192?auto=format&fit=crop&w=800&q=60', 7, 'https://www.epicurious.com', 'Epicurious', 0);
INSERT INTO ingredients (id, recipe_id, name, quantity, unit) VALUES ('6f55cbf1-b913-4acf-923b-e2b0d58bb462', 'd962d0a0-efef-4790-8533-c37d66544dff', 'Lentils', 1, 'lb');
INSERT INTO ingredients (id, recipe_id, name, quantity, unit) VALUES ('2e1aab3f-44ba-4f63-95d9-ddf9d0cacd37', 'd962d0a0-efef-4790-8533-c37d66544dff', 'Sweet Potatoes', 3, 'bundle');
INSERT INTO ingredients (id, recipe_id, name, quantity, unit) VALUES ('69cd64a5-1b59-4e06-a4c4-50800a9badec', 'd962d0a0-efef-4790-8533-c37d66544dff', 'Couscous', 3, 'cup');
INSERT INTO ingredients (id, recipe_id, name, quantity, unit) VALUES ('7ab266d5-7a97-433f-9ec0-97049403059d', 'd962d0a0-efef-4790-8533-c37d66544dff', 'Olive Oil', 3, 'tbsp');
INSERT INTO ingredients (id, recipe_id, name, quantity, unit) VALUES ('30e513c5-c1c3-4259-be5f-5614da576f25', 'd962d0a0-efef-4790-8533-c37d66544dff', 'Salt & Pepper', 1, 'pinch');
INSERT INTO ingredients (id, recipe_id, name, quantity, unit) VALUES ('c654d5a3-9656-4d6e-a460-d4c7659b3491', 'd962d0a0-efef-4790-8533-c37d66544dff', 'Sweet Potatoes', 5, 'g');
INSERT INTO ingredients (id, recipe_id, name, quantity, unit) VALUES ('29d850b5-cd0d-4bc2-968d-207b1a0ed035', 'd962d0a0-efef-4790-8533-c37d66544dff', 'Spinach', 1, 'lb');
INSERT INTO ingredients (id, recipe_id, name, quantity, unit) VALUES ('e5f43054-9c10-4d8b-b51d-480cb9d4cddc', 'd962d0a0-efef-4790-8533-c37d66544dff', 'Asparagus', 4, 'tsp');
INSERT INTO ingredients (id, recipe_id, name, quantity, unit) VALUES ('d47cc2ca-cfa4-42ee-88c0-1363caaebe05', 'd962d0a0-efef-4790-8533-c37d66544dff', 'Carrots', 2, 'tbsp');
INSERT INTO ingredients (id, recipe_id, name, quantity, unit) VALUES ('ee2d96c4-c7ae-4ea4-a780-5e1dc5fd4aba', 'd962d0a0-efef-4790-8533-c37d66544dff', 'Broccoli', 5, 'cup');
INSERT INTO recipe_dietary_tags (recipe_id, tag_id) VALUES ('d962d0a0-efef-4790-8533-c37d66544dff', 4);
INSERT INTO recipe_dietary_tags (recipe_id, tag_id) VALUES ('d962d0a0-efef-4790-8533-c37d66544dff', 9);
INSERT INTO recipe_dietary_tags (recipe_id, tag_id) VALUES ('d962d0a0-efef-4790-8533-c37d66544dff', 6);

INSERT INTO recipes (id, user_id, title, description, instructions, image_url, servings, source_url, source_name, is_archived) VALUES ('84d75ca7-7a5b-4aab-bcc9-05057f470e55', 'admin-user-id', 'Herbes de Provence Baked Ground Beef', 'A delicious and healthy Herbes de Provence Baked Ground Beef served with Broccoli and Cauliflower Rice. Perfect for a quick weeknight dinner.', '1. Preheat oven to 400°F.
2. Season the Ground Beef with Herbes de Provence spices.
3. Arrange Broccoli and Asparagus on a baking sheet.
4. Baked for 20-25 minutes until cooked through.
5. Serve hot over Cauliflower Rice.', 'https://images.unsplash.com/photo-1500000000193?auto=format&fit=crop&w=800&q=60', 5, 'https://www.epicurious.com', 'Epicurious', 0);
INSERT INTO ingredients (id, recipe_id, name, quantity, unit) VALUES ('1ebd7eaa-d7c4-4558-bd83-1ae12b5852da', '84d75ca7-7a5b-4aab-bcc9-05057f470e55', 'Ground Beef', 1, 'lb');
INSERT INTO ingredients (id, recipe_id, name, quantity, unit) VALUES ('af93e165-40b0-433e-acf9-a00a69164232', '84d75ca7-7a5b-4aab-bcc9-05057f470e55', 'Broccoli', 2, 'head');
INSERT INTO ingredients (id, recipe_id, name, quantity, unit) VALUES ('07b32e39-1fcc-426e-8edb-60b5a9a91369', '84d75ca7-7a5b-4aab-bcc9-05057f470e55', 'Cauliflower Rice', 3, 'cup');
INSERT INTO ingredients (id, recipe_id, name, quantity, unit) VALUES ('958c36f7-b815-4139-a11a-7a1c8f985fb8', '84d75ca7-7a5b-4aab-bcc9-05057f470e55', 'Olive Oil', 3, 'tbsp');
INSERT INTO ingredients (id, recipe_id, name, quantity, unit) VALUES ('4d3fb3bf-ffa8-40e8-b974-a04e98a07d33', '84d75ca7-7a5b-4aab-bcc9-05057f470e55', 'Salt & Pepper', 1, 'pinch');
INSERT INTO recipe_dietary_tags (recipe_id, tag_id) VALUES ('84d75ca7-7a5b-4aab-bcc9-05057f470e55', 1);
INSERT INTO recipe_dietary_tags (recipe_id, tag_id) VALUES ('84d75ca7-7a5b-4aab-bcc9-05057f470e55', 6);

INSERT INTO recipes (id, user_id, title, description, instructions, image_url, servings, source_url, source_name, is_archived) VALUES ('b078b4f5-9397-46ff-bdd2-62a35006dea9', 'admin-user-id', 'Herbes de Provence Slow Cooked Steak', 'A delicious and healthy Herbes de Provence Slow Cooked Steak served with Carrots and Quinoa. Perfect for a quick weeknight dinner.', '1. Preheat oven to 400°F.
2. Season the Steak with Herbes de Provence spices.
3. Arrange Carrots and Sweet Potatoes on a baking sheet.
4. Slow Cooked for 20-25 minutes until cooked through.
5. Serve hot over Quinoa.', 'https://images.unsplash.com/photo-1500000000194?auto=format&fit=crop&w=800&q=60', 8, 'https://www.foodnetwork.com', 'Food Network', 0);
INSERT INTO ingredients (id, recipe_id, name, quantity, unit) VALUES ('dc3b0b02-ac50-40c3-932a-533ae8bfc9f1', 'b078b4f5-9397-46ff-bdd2-62a35006dea9', 'Steak', 2, 'oz');
INSERT INTO ingredients (id, recipe_id, name, quantity, unit) VALUES ('aca0b6c4-912b-43c5-8d80-9442fa76814f', 'b078b4f5-9397-46ff-bdd2-62a35006dea9', 'Carrots', 3, 'head');
INSERT INTO ingredients (id, recipe_id, name, quantity, unit) VALUES ('0ae69441-41ff-428a-97bf-2ad8cd296739', 'b078b4f5-9397-46ff-bdd2-62a35006dea9', 'Quinoa', 3, 'cup');
INSERT INTO ingredients (id, recipe_id, name, quantity, unit) VALUES ('117d39d2-c823-4926-80f1-c358083ec47f', 'b078b4f5-9397-46ff-bdd2-62a35006dea9', 'Olive Oil', 2, 'tbsp');
INSERT INTO ingredients (id, recipe_id, name, quantity, unit) VALUES ('527251f9-84d9-4275-b59c-a636ed8940c0', 'b078b4f5-9397-46ff-bdd2-62a35006dea9', 'Salt & Pepper', 1, 'pinch');
INSERT INTO ingredients (id, recipe_id, name, quantity, unit) VALUES ('ec0ba8f5-c5c1-4b6a-b0c4-158f43e6cdd7', 'b078b4f5-9397-46ff-bdd2-62a35006dea9', 'Brussels Sprouts', 1, 'clove');
INSERT INTO ingredients (id, recipe_id, name, quantity, unit) VALUES ('8f194062-8db9-4ba8-8f52-f46fdf65c998', 'b078b4f5-9397-46ff-bdd2-62a35006dea9', 'Asparagus', 1, 'tsp');
INSERT INTO ingredients (id, recipe_id, name, quantity, unit) VALUES ('45624961-84b7-4bf5-9802-ce5ff36c0fd6', 'b078b4f5-9397-46ff-bdd2-62a35006dea9', 'Carrots', 4, 'ml');
INSERT INTO ingredients (id, recipe_id, name, quantity, unit) VALUES ('f19c76ad-1a35-4628-8c99-5c0521092c66', 'b078b4f5-9397-46ff-bdd2-62a35006dea9', 'Spinach', 3, 'clove');
INSERT INTO ingredients (id, recipe_id, name, quantity, unit) VALUES ('04a57cfc-7871-48f6-ba86-15a3756b603a', 'b078b4f5-9397-46ff-bdd2-62a35006dea9', 'Garlic', 2, 'ml');
INSERT INTO recipe_dietary_tags (recipe_id, tag_id) VALUES ('b078b4f5-9397-46ff-bdd2-62a35006dea9', 7);
INSERT INTO recipe_dietary_tags (recipe_id, tag_id) VALUES ('b078b4f5-9397-46ff-bdd2-62a35006dea9', 9);

INSERT INTO recipes (id, user_id, title, description, instructions, image_url, servings, source_url, source_name, is_archived) VALUES ('47abbb37-0435-41b8-989e-c94c1902bd91', 'admin-user-id', 'Lemon Garlic Grilled Lentils', 'A delicious and healthy Lemon Garlic Grilled Lentils served with Cauliflower and Couscous. Perfect for a quick weeknight dinner.', '1. Preheat oven to 400°F.
2. Season the Lentils with Lemon Garlic spices.
3. Arrange Cauliflower and Green Beans on a baking sheet.
4. Grilled for 20-25 minutes until cooked through.
5. Serve hot over Couscous.', 'https://images.unsplash.com/photo-1500000000195?auto=format&fit=crop&w=800&q=60', 7, 'https://www.epicurious.com', 'Epicurious', 0);
INSERT INTO ingredients (id, recipe_id, name, quantity, unit) VALUES ('ab9922b4-38cc-441b-9a41-852a583756e1', '47abbb37-0435-41b8-989e-c94c1902bd91', 'Lentils', 1, 'oz');
INSERT INTO ingredients (id, recipe_id, name, quantity, unit) VALUES ('526481ed-6c4d-4931-a364-dc52a5a116e4', '47abbb37-0435-41b8-989e-c94c1902bd91', 'Cauliflower', 4, 'head');
INSERT INTO ingredients (id, recipe_id, name, quantity, unit) VALUES ('ea13f87e-dbb2-4d59-9f3e-45715befeff5', '47abbb37-0435-41b8-989e-c94c1902bd91', 'Couscous', 2, 'cup');
INSERT INTO ingredients (id, recipe_id, name, quantity, unit) VALUES ('a31eccc6-11ff-469a-8791-9dc4ae8d5171', '47abbb37-0435-41b8-989e-c94c1902bd91', 'Olive Oil', 3, 'tbsp');
INSERT INTO ingredients (id, recipe_id, name, quantity, unit) VALUES ('211a2ae0-8cda-46a9-91c6-262536e9aafe', '47abbb37-0435-41b8-989e-c94c1902bd91', 'Salt & Pepper', 1, 'pinch');
INSERT INTO ingredients (id, recipe_id, name, quantity, unit) VALUES ('934e9265-0718-4713-ab45-d7917f35a5a7', '47abbb37-0435-41b8-989e-c94c1902bd91', 'Sweet Potatoes', 3, 'bundle');
INSERT INTO recipe_dietary_tags (recipe_id, tag_id) VALUES ('47abbb37-0435-41b8-989e-c94c1902bd91', 10);
INSERT INTO recipe_dietary_tags (recipe_id, tag_id) VALUES ('47abbb37-0435-41b8-989e-c94c1902bd91', 5);

INSERT INTO recipes (id, user_id, title, description, instructions, image_url, servings, source_url, source_name, is_archived) VALUES ('65eb9515-8843-41b0-994f-3f87eef2f27e', 'admin-user-id', 'Cajun Pan-Seared Shrimp', 'A delicious and healthy Cajun Pan-Seared Shrimp served with Spinach and Quinoa. Perfect for a quick weeknight dinner.', '1. Preheat oven to 400°F.
2. Season the Shrimp with Cajun spices.
3. Arrange Spinach and Green Beans on a baking sheet.
4. Pan-Seared for 20-25 minutes until cooked through.
5. Serve hot over Quinoa.', 'https://images.unsplash.com/photo-1500000000196?auto=format&fit=crop&w=800&q=60', 4, 'https://www.allrecipes.com', 'AllRecipes', 0);
INSERT INTO ingredients (id, recipe_id, name, quantity, unit) VALUES ('14eec4f1-0fb3-430d-8dab-5a7190201d0d', '65eb9515-8843-41b0-994f-3f87eef2f27e', 'Shrimp', 1, 'oz');
INSERT INTO ingredients (id, recipe_id, name, quantity, unit) VALUES ('877b6b0c-e9bc-49b8-8e0e-694f7c664d89', '65eb9515-8843-41b0-994f-3f87eef2f27e', 'Spinach', 1, 'bundle');
INSERT INTO ingredients (id, recipe_id, name, quantity, unit) VALUES ('eb36563f-9f8e-457f-9b1b-337fb8354f60', '65eb9515-8843-41b0-994f-3f87eef2f27e', 'Quinoa', 1, 'cup');
INSERT INTO ingredients (id, recipe_id, name, quantity, unit) VALUES ('68dcf40c-6bde-4c6e-9761-94a25add3039', '65eb9515-8843-41b0-994f-3f87eef2f27e', 'Olive Oil', 1, 'tbsp');
INSERT INTO ingredients (id, recipe_id, name, quantity, unit) VALUES ('b0fc16d1-9ed9-4c5f-8018-c5ef7acf8132', '65eb9515-8843-41b0-994f-3f87eef2f27e', 'Salt & Pepper', 1, 'pinch');
INSERT INTO ingredients (id, recipe_id, name, quantity, unit) VALUES ('692aeac0-8a7b-47bb-bede-4f4b6e2190b3', '65eb9515-8843-41b0-994f-3f87eef2f27e', 'Zucchini', 3, 'head');
INSERT INTO ingredients (id, recipe_id, name, quantity, unit) VALUES ('bb4dca53-7552-4b29-98d8-6fde3aa58dc2', '65eb9515-8843-41b0-994f-3f87eef2f27e', 'Sweet Potatoes', 2, 'head');
INSERT INTO ingredients (id, recipe_id, name, quantity, unit) VALUES ('7dc55605-21ad-4b93-9c25-0ef7d2fdcb55', '65eb9515-8843-41b0-994f-3f87eef2f27e', 'Spinach', 2, 'lb');
INSERT INTO recipe_dietary_tags (recipe_id, tag_id) VALUES ('65eb9515-8843-41b0-994f-3f87eef2f27e', 3);
INSERT INTO recipe_dietary_tags (recipe_id, tag_id) VALUES ('65eb9515-8843-41b0-994f-3f87eef2f27e', 9);

INSERT INTO recipes (id, user_id, title, description, instructions, image_url, servings, source_url, source_name, is_archived) VALUES ('0d5a32d7-c0fd-4bb1-b92e-27acacdd71a8', 'admin-user-id', 'Lemon Garlic Slow Cooked Steak', 'A delicious and healthy Lemon Garlic Slow Cooked Steak served with Carrots and Couscous. Perfect for a quick weeknight dinner.', '1. Preheat oven to 400°F.
2. Season the Steak with Lemon Garlic spices.
3. Arrange Carrots and Kale on a baking sheet.
4. Slow Cooked for 20-25 minutes until cooked through.
5. Serve hot over Couscous.', 'https://images.unsplash.com/photo-1500000000197?auto=format&fit=crop&w=800&q=60', 7, 'https://www.foodnetwork.com', 'Food Network', 0);
INSERT INTO ingredients (id, recipe_id, name, quantity, unit) VALUES ('52721bfe-4c11-49eb-9668-b1685234afb4', '0d5a32d7-c0fd-4bb1-b92e-27acacdd71a8', 'Steak', 1, 'lb');
INSERT INTO ingredients (id, recipe_id, name, quantity, unit) VALUES ('cac4a2c7-8570-4b95-b76b-55bf4678cc0d', '0d5a32d7-c0fd-4bb1-b92e-27acacdd71a8', 'Carrots', 3, 'bundle');
INSERT INTO ingredients (id, recipe_id, name, quantity, unit) VALUES ('01c162bf-9d7a-4e9d-8c37-e15b0a347d59', '0d5a32d7-c0fd-4bb1-b92e-27acacdd71a8', 'Couscous', 2, 'cup');
INSERT INTO ingredients (id, recipe_id, name, quantity, unit) VALUES ('2140119b-b966-4165-976d-e520f23dc387', '0d5a32d7-c0fd-4bb1-b92e-27acacdd71a8', 'Olive Oil', 2, 'tbsp');
INSERT INTO ingredients (id, recipe_id, name, quantity, unit) VALUES ('6fb49839-e264-489d-9be2-46ee2c0fa3fd', '0d5a32d7-c0fd-4bb1-b92e-27acacdd71a8', 'Salt & Pepper', 1, 'pinch');
INSERT INTO ingredients (id, recipe_id, name, quantity, unit) VALUES ('23e23a5d-69f2-4ec8-9b1f-014dbf64f3d7', '0d5a32d7-c0fd-4bb1-b92e-27acacdd71a8', 'Sweet Potatoes', 1, 'ml');
INSERT INTO recipe_dietary_tags (recipe_id, tag_id) VALUES ('0d5a32d7-c0fd-4bb1-b92e-27acacdd71a8', 6);
INSERT INTO recipe_dietary_tags (recipe_id, tag_id) VALUES ('0d5a32d7-c0fd-4bb1-b92e-27acacdd71a8', 10);
INSERT INTO recipe_dietary_tags (recipe_id, tag_id) VALUES ('0d5a32d7-c0fd-4bb1-b92e-27acacdd71a8', 4);

INSERT INTO recipes (id, user_id, title, description, instructions, image_url, servings, source_url, source_name, is_archived) VALUES ('6c4b86ff-9b42-4e20-992a-939eaf60568f', 'admin-user-id', 'Cajun Baked Cod', 'A delicious and healthy Cajun Baked Cod served with Zucchini and Quinoa. Perfect for a quick weeknight dinner.', '1. Preheat oven to 400°F.
2. Season the Cod with Cajun spices.
3. Arrange Zucchini and Green Beans on a baking sheet.
4. Baked for 20-25 minutes until cooked through.
5. Serve hot over Quinoa.', 'https://images.unsplash.com/photo-1500000000198?auto=format&fit=crop&w=800&q=60', 7, 'https://www.epicurious.com', 'Epicurious', 0);
INSERT INTO ingredients (id, recipe_id, name, quantity, unit) VALUES ('84f70ba8-2177-4a85-ba2a-b38847926a12', '6c4b86ff-9b42-4e20-992a-939eaf60568f', 'Cod', 1, 'lb');
INSERT INTO ingredients (id, recipe_id, name, quantity, unit) VALUES ('1a8e65ba-5ac1-4698-9acd-6ecbacf50e4b', '6c4b86ff-9b42-4e20-992a-939eaf60568f', 'Zucchini', 1, 'cup');
INSERT INTO ingredients (id, recipe_id, name, quantity, unit) VALUES ('4152c108-4ceb-41a2-bfed-520dcf429ea5', '6c4b86ff-9b42-4e20-992a-939eaf60568f', 'Quinoa', 1, 'cup');
INSERT INTO ingredients (id, recipe_id, name, quantity, unit) VALUES ('05bc14a9-e6e4-4ee2-9cd5-f232307b93cf', '6c4b86ff-9b42-4e20-992a-939eaf60568f', 'Olive Oil', 3, 'tbsp');
INSERT INTO ingredients (id, recipe_id, name, quantity, unit) VALUES ('16298c1b-a700-467f-a562-04a6a9300f6d', '6c4b86ff-9b42-4e20-992a-939eaf60568f', 'Salt & Pepper', 1, 'pinch');
INSERT INTO ingredients (id, recipe_id, name, quantity, unit) VALUES ('0b872820-04eb-4bce-97be-653e18ab5b0b', '6c4b86ff-9b42-4e20-992a-939eaf60568f', 'Spinach', 3, 'clove');
INSERT INTO ingredients (id, recipe_id, name, quantity, unit) VALUES ('64d68b63-b83c-4136-88e9-3c6f93a908f0', '6c4b86ff-9b42-4e20-992a-939eaf60568f', 'Butter', 4, 'tsp');
INSERT INTO ingredients (id, recipe_id, name, quantity, unit) VALUES ('2ac3dc0d-fc2c-4b75-b1d3-2ef825e1b8df', '6c4b86ff-9b42-4e20-992a-939eaf60568f', 'Lemon', 4, 'tsp');
INSERT INTO recipe_dietary_tags (recipe_id, tag_id) VALUES ('6c4b86ff-9b42-4e20-992a-939eaf60568f', 8);
INSERT INTO recipe_dietary_tags (recipe_id, tag_id) VALUES ('6c4b86ff-9b42-4e20-992a-939eaf60568f', 10);

INSERT INTO recipes (id, user_id, title, description, instructions, image_url, servings, source_url, source_name, is_archived) VALUES ('89abc6f0-58a5-40d7-80d9-fd4aefe07293', 'admin-user-id', 'Pesto Steamed Salmon Fillet', 'A delicious and healthy Pesto Steamed Salmon Fillet served with Zucchini and Zucchini Noodles. Perfect for a quick weeknight dinner.', '1. Preheat oven to 400°F.
2. Season the Salmon Fillet with Pesto spices.
3. Arrange Zucchini and Spinach on a baking sheet.
4. Steamed for 20-25 minutes until cooked through.
5. Serve hot over Zucchini Noodles.', 'https://images.unsplash.com/photo-1500000000199?auto=format&fit=crop&w=800&q=60', 2, 'https://www.tasteofhome.com', 'Taste of Home', 0);
INSERT INTO ingredients (id, recipe_id, name, quantity, unit) VALUES ('8554e1c6-fe1f-4871-aa3a-b4e2943ebfbf', '89abc6f0-58a5-40d7-80d9-fd4aefe07293', 'Salmon Fillet', 2, 'oz');
INSERT INTO ingredients (id, recipe_id, name, quantity, unit) VALUES ('a37b092c-f67e-4df6-b67e-a5460c0f3870', '89abc6f0-58a5-40d7-80d9-fd4aefe07293', 'Zucchini', 3, 'head');
INSERT INTO ingredients (id, recipe_id, name, quantity, unit) VALUES ('80d8106b-0988-4459-832f-f930af7af7b4', '89abc6f0-58a5-40d7-80d9-fd4aefe07293', 'Zucchini Noodles', 2, 'cup');
INSERT INTO ingredients (id, recipe_id, name, quantity, unit) VALUES ('24da2238-304a-45e2-8e71-071189cb2084', '89abc6f0-58a5-40d7-80d9-fd4aefe07293', 'Olive Oil', 2, 'tbsp');
INSERT INTO ingredients (id, recipe_id, name, quantity, unit) VALUES ('6f985aeb-db2a-4ee1-98c9-1dcadbea2162', '89abc6f0-58a5-40d7-80d9-fd4aefe07293', 'Salt & Pepper', 1, 'pinch');
INSERT INTO ingredients (id, recipe_id, name, quantity, unit) VALUES ('c463cddc-39c3-404f-bd6d-f2d1f7fe2024', '89abc6f0-58a5-40d7-80d9-fd4aefe07293', 'Onion', 2, 'g');
INSERT INTO ingredients (id, recipe_id, name, quantity, unit) VALUES ('3fb02080-af22-407d-9cb9-5bc85a25341b', '89abc6f0-58a5-40d7-80d9-fd4aefe07293', 'Broccoli', 5, 'tsp');
INSERT INTO ingredients (id, recipe_id, name, quantity, unit) VALUES ('4f4e0b30-69a5-4159-a345-41e23ec80e22', '89abc6f0-58a5-40d7-80d9-fd4aefe07293', 'Sweet Potatoes', 3, 'ml');
INSERT INTO recipe_dietary_tags (recipe_id, tag_id) VALUES ('89abc6f0-58a5-40d7-80d9-fd4aefe07293', 7);
INSERT INTO recipe_dietary_tags (recipe_id, tag_id) VALUES ('89abc6f0-58a5-40d7-80d9-fd4aefe07293', 1);

INSERT INTO recipes (id, user_id, title, description, instructions, image_url, servings, source_url, source_name, is_archived) VALUES ('57c91b3b-1e36-44f5-9889-149731a6aabd', 'admin-user-id', 'Cajun Pan-Seared Ground Beef', 'A delicious and healthy Cajun Pan-Seared Ground Beef served with Broccoli and Zucchini Noodles. Perfect for a quick weeknight dinner.', '1. Preheat oven to 400°F.
2. Season the Ground Beef with Cajun spices.
3. Arrange Broccoli and Broccoli on a baking sheet.
4. Pan-Seared for 20-25 minutes until cooked through.
5. Serve hot over Zucchini Noodles.', 'https://images.unsplash.com/photo-1500000000200?auto=format&fit=crop&w=800&q=60', 2, 'https://www.allrecipes.com', 'AllRecipes', 0);
INSERT INTO ingredients (id, recipe_id, name, quantity, unit) VALUES ('5561d67a-60cd-4b93-b027-ed818d698e59', '57c91b3b-1e36-44f5-9889-149731a6aabd', 'Ground Beef', 2, 'oz');
INSERT INTO ingredients (id, recipe_id, name, quantity, unit) VALUES ('021ce7ec-b1c5-4a88-8d48-e09d8f22de63', '57c91b3b-1e36-44f5-9889-149731a6aabd', 'Broccoli', 2, 'head');
INSERT INTO ingredients (id, recipe_id, name, quantity, unit) VALUES ('5f07aae1-676b-4698-929e-28af8a903dd7', '57c91b3b-1e36-44f5-9889-149731a6aabd', 'Zucchini Noodles', 1, 'cup');
INSERT INTO ingredients (id, recipe_id, name, quantity, unit) VALUES ('b7bc8477-1230-4c8a-8093-836e4aa083b9', '57c91b3b-1e36-44f5-9889-149731a6aabd', 'Olive Oil', 1, 'tbsp');
INSERT INTO ingredients (id, recipe_id, name, quantity, unit) VALUES ('933eed82-9ad4-4ea1-8ef8-3bd75245ab86', '57c91b3b-1e36-44f5-9889-149731a6aabd', 'Salt & Pepper', 1, 'pinch');
INSERT INTO ingredients (id, recipe_id, name, quantity, unit) VALUES ('8b620279-e759-400d-925d-940bd84e6eaf', '57c91b3b-1e36-44f5-9889-149731a6aabd', 'Asparagus', 5, 'cup');
INSERT INTO ingredients (id, recipe_id, name, quantity, unit) VALUES ('2997fbd6-ef2d-460a-9c6a-e2269b574e17', '57c91b3b-1e36-44f5-9889-149731a6aabd', 'Brussels Sprouts', 3, 'tbsp');
INSERT INTO ingredients (id, recipe_id, name, quantity, unit) VALUES ('983f8975-4b95-4c4f-82c8-870a83a2fa35', '57c91b3b-1e36-44f5-9889-149731a6aabd', 'Ginger', 2, 'cup');
INSERT INTO ingredients (id, recipe_id, name, quantity, unit) VALUES ('f0f5059d-f02a-4a4a-9537-f464cbf87852', '57c91b3b-1e36-44f5-9889-149731a6aabd', 'Brussels Sprouts', 1, 'ml');
INSERT INTO ingredients (id, recipe_id, name, quantity, unit) VALUES ('aef348ec-fe57-4129-ae24-0a447eba5262', '57c91b3b-1e36-44f5-9889-149731a6aabd', 'Green Beans', 1, 'g');
INSERT INTO recipe_dietary_tags (recipe_id, tag_id) VALUES ('57c91b3b-1e36-44f5-9889-149731a6aabd', 6);
INSERT INTO recipe_dietary_tags (recipe_id, tag_id) VALUES ('57c91b3b-1e36-44f5-9889-149731a6aabd', 9);
INSERT INTO recipe_dietary_tags (recipe_id, tag_id) VALUES ('57c91b3b-1e36-44f5-9889-149731a6aabd', 5);

INSERT INTO recipes (id, user_id, title, description, instructions, image_url, servings, source_url, source_name, is_archived) VALUES ('9e6b0231-5483-470d-be29-f8e99e96b2c3', 'admin-user-id', 'Lemon Garlic Steamed Lamb Chops', 'A delicious and healthy Lemon Garlic Steamed Lamb Chops served with Bell Peppers and Brown Rice. Perfect for a quick weeknight dinner.', '1. Preheat oven to 400°F.
2. Season the Lamb Chops with Lemon Garlic spices.
3. Arrange Bell Peppers and Cauliflower on a baking sheet.
4. Steamed for 20-25 minutes until cooked through.
5. Serve hot over Brown Rice.', 'https://images.unsplash.com/photo-1500000000201?auto=format&fit=crop&w=800&q=60', 7, 'https://www.tasteofhome.com', 'Taste of Home', 0);
INSERT INTO ingredients (id, recipe_id, name, quantity, unit) VALUES ('7b7221d0-58c3-498b-b460-0070e45161ac', '9e6b0231-5483-470d-be29-f8e99e96b2c3', 'Lamb Chops', 2, 'oz');
INSERT INTO ingredients (id, recipe_id, name, quantity, unit) VALUES ('ee139119-c85c-4b86-b02a-82f2811aa46c', '9e6b0231-5483-470d-be29-f8e99e96b2c3', 'Bell Peppers', 1, 'cup');
INSERT INTO ingredients (id, recipe_id, name, quantity, unit) VALUES ('9dbf0464-5907-4081-b5e9-12eabfd4a371', '9e6b0231-5483-470d-be29-f8e99e96b2c3', 'Brown Rice', 3, 'cup');
INSERT INTO ingredients (id, recipe_id, name, quantity, unit) VALUES ('2794b8b6-8bf4-4fb9-92c5-a09e0835a879', '9e6b0231-5483-470d-be29-f8e99e96b2c3', 'Olive Oil', 2, 'tbsp');
INSERT INTO ingredients (id, recipe_id, name, quantity, unit) VALUES ('b01ad2d2-5f41-4e30-9903-53a40bfc7ec9', '9e6b0231-5483-470d-be29-f8e99e96b2c3', 'Salt & Pepper', 1, 'pinch');
INSERT INTO ingredients (id, recipe_id, name, quantity, unit) VALUES ('0c681cc3-a78d-4bfe-81e3-f064fea7f3d2', '9e6b0231-5483-470d-be29-f8e99e96b2c3', 'Butter', 1, 'clove');
INSERT INTO ingredients (id, recipe_id, name, quantity, unit) VALUES ('f2c69a8a-2234-41a6-88b1-bd44067b0cfc', '9e6b0231-5483-470d-be29-f8e99e96b2c3', 'Sweet Potatoes', 1, 'oz');
INSERT INTO ingredients (id, recipe_id, name, quantity, unit) VALUES ('d12bfb47-0ff1-4a68-8a1d-ec9af327396a', '9e6b0231-5483-470d-be29-f8e99e96b2c3', 'Brussels Sprouts', 3, 'cup');
INSERT INTO ingredients (id, recipe_id, name, quantity, unit) VALUES ('6f3f67ed-85e5-4a0d-a603-5162ee3dd7c2', '9e6b0231-5483-470d-be29-f8e99e96b2c3', 'Asparagus', 3, 'oz');
INSERT INTO recipe_dietary_tags (recipe_id, tag_id) VALUES ('9e6b0231-5483-470d-be29-f8e99e96b2c3', 5);

INSERT INTO recipes (id, user_id, title, description, instructions, image_url, servings, source_url, source_name, is_archived) VALUES ('4f1f9da4-37b4-4280-93c9-3fc4be3632fb', 'admin-user-id', 'Cajun Sautéed Salmon Fillet', 'A delicious and healthy Cajun Sautéed Salmon Fillet served with Green Beans and Brown Rice. Perfect for a quick weeknight dinner.', '1. Preheat oven to 400°F.
2. Season the Salmon Fillet with Cajun spices.
3. Arrange Green Beans and Zucchini on a baking sheet.
4. Sautéed for 20-25 minutes until cooked through.
5. Serve hot over Brown Rice.', 'https://images.unsplash.com/photo-1500000000202?auto=format&fit=crop&w=800&q=60', 8, 'https://www.allrecipes.com', 'AllRecipes', 0);
INSERT INTO ingredients (id, recipe_id, name, quantity, unit) VALUES ('eabedb2d-d005-43d4-9d14-df4d89fbfc2a', '4f1f9da4-37b4-4280-93c9-3fc4be3632fb', 'Salmon Fillet', 2, 'oz');
INSERT INTO ingredients (id, recipe_id, name, quantity, unit) VALUES ('66bc1410-8840-4e81-a2f7-cd293073ba9f', '4f1f9da4-37b4-4280-93c9-3fc4be3632fb', 'Green Beans', 2, 'head');
INSERT INTO ingredients (id, recipe_id, name, quantity, unit) VALUES ('aa8a81a6-cbcb-4e9e-8d1b-24056a338b3b', '4f1f9da4-37b4-4280-93c9-3fc4be3632fb', 'Brown Rice', 3, 'cup');
INSERT INTO ingredients (id, recipe_id, name, quantity, unit) VALUES ('39fb746e-47ce-4b2b-8be9-27ff14316958', '4f1f9da4-37b4-4280-93c9-3fc4be3632fb', 'Olive Oil', 3, 'tbsp');
INSERT INTO ingredients (id, recipe_id, name, quantity, unit) VALUES ('9d3e5bd7-0721-4294-8fb0-eba95c8b9280', '4f1f9da4-37b4-4280-93c9-3fc4be3632fb', 'Salt & Pepper', 1, 'pinch');
INSERT INTO ingredients (id, recipe_id, name, quantity, unit) VALUES ('7e79f393-cecb-42af-a62f-b7d998c47f81', '4f1f9da4-37b4-4280-93c9-3fc4be3632fb', 'Asparagus', 4, 'cup');
INSERT INTO recipe_dietary_tags (recipe_id, tag_id) VALUES ('4f1f9da4-37b4-4280-93c9-3fc4be3632fb', 6);
INSERT INTO recipe_dietary_tags (recipe_id, tag_id) VALUES ('4f1f9da4-37b4-4280-93c9-3fc4be3632fb', 7);
INSERT INTO recipe_dietary_tags (recipe_id, tag_id) VALUES ('4f1f9da4-37b4-4280-93c9-3fc4be3632fb', 5);

INSERT INTO recipes (id, user_id, title, description, instructions, image_url, servings, source_url, source_name, is_archived) VALUES ('a45ec974-81e8-420c-9b2b-93af03790f5a', 'admin-user-id', 'Smoky BBQ Pan-Seared Ground Beef', 'A delicious and healthy Smoky BBQ Pan-Seared Ground Beef served with Kale and Cauliflower Rice. Perfect for a quick weeknight dinner.', '1. Preheat oven to 400°F.
2. Season the Ground Beef with Smoky BBQ spices.
3. Arrange Kale and Bell Peppers on a baking sheet.
4. Pan-Seared for 20-25 minutes until cooked through.
5. Serve hot over Cauliflower Rice.', 'https://images.unsplash.com/photo-1500000000203?auto=format&fit=crop&w=800&q=60', 3, 'https://www.bonappetit.com', 'Bon Appetit', 0);
INSERT INTO ingredients (id, recipe_id, name, quantity, unit) VALUES ('dc2e4f68-124b-492a-9f54-4a3a001f00ce', 'a45ec974-81e8-420c-9b2b-93af03790f5a', 'Ground Beef', 1, 'lb');
INSERT INTO ingredients (id, recipe_id, name, quantity, unit) VALUES ('d6d5735d-7ad6-4b28-857b-81544c983bcf', 'a45ec974-81e8-420c-9b2b-93af03790f5a', 'Kale', 2, 'bundle');
INSERT INTO ingredients (id, recipe_id, name, quantity, unit) VALUES ('c76242a0-1452-4509-94c5-3f14bf928d66', 'a45ec974-81e8-420c-9b2b-93af03790f5a', 'Cauliflower Rice', 2, 'cup');
INSERT INTO ingredients (id, recipe_id, name, quantity, unit) VALUES ('691cc718-0f95-4850-b14a-3b5fe080bc30', 'a45ec974-81e8-420c-9b2b-93af03790f5a', 'Olive Oil', 2, 'tbsp');
INSERT INTO ingredients (id, recipe_id, name, quantity, unit) VALUES ('c3b6f6d0-f149-4648-8c5d-e0f0a9505095', 'a45ec974-81e8-420c-9b2b-93af03790f5a', 'Salt & Pepper', 1, 'pinch');
INSERT INTO ingredients (id, recipe_id, name, quantity, unit) VALUES ('3efad2ae-d5f0-43ec-ba86-e1cabc04ffa9', 'a45ec974-81e8-420c-9b2b-93af03790f5a', 'Broccoli', 5, 'g');
INSERT INTO ingredients (id, recipe_id, name, quantity, unit) VALUES ('afacb0ac-0750-4f1b-94f3-e212690e749e', 'a45ec974-81e8-420c-9b2b-93af03790f5a', 'Carrots', 5, 'tbsp');
INSERT INTO ingredients (id, recipe_id, name, quantity, unit) VALUES ('8a2f056e-2d88-483d-a693-3aa89b16426d', 'a45ec974-81e8-420c-9b2b-93af03790f5a', 'Broccoli', 4, 'head');
INSERT INTO ingredients (id, recipe_id, name, quantity, unit) VALUES ('43415e4b-5bef-467a-b2b1-a965ccc8ba7d', 'a45ec974-81e8-420c-9b2b-93af03790f5a', 'Onion', 1, 'clove');
INSERT INTO ingredients (id, recipe_id, name, quantity, unit) VALUES ('a0c1d56e-46f8-40e7-b545-180373c83b4e', 'a45ec974-81e8-420c-9b2b-93af03790f5a', 'Broccoli', 2, 'clove');
INSERT INTO ingredients (id, recipe_id, name, quantity, unit) VALUES ('40bdab2c-40f5-4ba7-8c8c-0ea2b7153623', 'a45ec974-81e8-420c-9b2b-93af03790f5a', 'Cauliflower', 3, 'head');
INSERT INTO recipe_dietary_tags (recipe_id, tag_id) VALUES ('a45ec974-81e8-420c-9b2b-93af03790f5a', 4);

INSERT INTO recipes (id, user_id, title, description, instructions, image_url, servings, source_url, source_name, is_archived) VALUES ('83324814-d8aa-487a-b589-56e897fe78a4', 'admin-user-id', 'Miso Ginger Grilled Shrimp', 'A delicious and healthy Miso Ginger Grilled Shrimp served with Bell Peppers and Cauliflower Rice. Perfect for a quick weeknight dinner.', '1. Preheat oven to 400°F.
2. Season the Shrimp with Miso Ginger spices.
3. Arrange Bell Peppers and Spinach on a baking sheet.
4. Grilled for 20-25 minutes until cooked through.
5. Serve hot over Cauliflower Rice.', 'https://images.unsplash.com/photo-1500000000204?auto=format&fit=crop&w=800&q=60', 6, 'https://www.foodnetwork.com', 'Food Network', 0);
INSERT INTO ingredients (id, recipe_id, name, quantity, unit) VALUES ('d93aca17-cb7b-4a32-9902-9bc1baa77b42', '83324814-d8aa-487a-b589-56e897fe78a4', 'Shrimp', 2, 'oz');
INSERT INTO ingredients (id, recipe_id, name, quantity, unit) VALUES ('54c9fc14-5019-4d5d-ae55-0379aff521f2', '83324814-d8aa-487a-b589-56e897fe78a4', 'Bell Peppers', 2, 'head');
INSERT INTO ingredients (id, recipe_id, name, quantity, unit) VALUES ('42338b5d-cbc1-4332-8bb9-18e7ace8d656', '83324814-d8aa-487a-b589-56e897fe78a4', 'Cauliflower Rice', 1, 'cup');
INSERT INTO ingredients (id, recipe_id, name, quantity, unit) VALUES ('c271042e-311b-4d04-a90a-6beab5940ce6', '83324814-d8aa-487a-b589-56e897fe78a4', 'Olive Oil', 1, 'tbsp');
INSERT INTO ingredients (id, recipe_id, name, quantity, unit) VALUES ('1a2a6b57-895c-4101-8822-cb1d0c31aeff', '83324814-d8aa-487a-b589-56e897fe78a4', 'Salt & Pepper', 1, 'pinch');
INSERT INTO ingredients (id, recipe_id, name, quantity, unit) VALUES ('6881bd0e-c3d3-4b65-b69f-57b938c9eedb', '83324814-d8aa-487a-b589-56e897fe78a4', 'Kale', 5, 'ml');
INSERT INTO ingredients (id, recipe_id, name, quantity, unit) VALUES ('4bd72589-af93-4cd2-b135-fed9b79f353a', '83324814-d8aa-487a-b589-56e897fe78a4', 'Zucchini', 1, 'lb');
INSERT INTO ingredients (id, recipe_id, name, quantity, unit) VALUES ('fd59893a-d2e0-4f11-9c5e-512f9b8a9437', '83324814-d8aa-487a-b589-56e897fe78a4', 'Cauliflower', 4, 'ml');
INSERT INTO ingredients (id, recipe_id, name, quantity, unit) VALUES ('eb1e7e62-5da1-4489-8a30-b625c7732618', '83324814-d8aa-487a-b589-56e897fe78a4', 'Carrots', 4, 'bundle');
INSERT INTO ingredients (id, recipe_id, name, quantity, unit) VALUES ('12f8409b-090e-480b-9173-b4d5765dd80a', '83324814-d8aa-487a-b589-56e897fe78a4', 'Green Beans', 2, 'head');
INSERT INTO ingredients (id, recipe_id, name, quantity, unit) VALUES ('6ca45a27-e974-4106-9a23-f6502f148358', '83324814-d8aa-487a-b589-56e897fe78a4', 'Ginger', 1, 'pinch');
INSERT INTO ingredients (id, recipe_id, name, quantity, unit) VALUES ('5d827443-a549-4d0d-8bb4-ade807f6c0bf', '83324814-d8aa-487a-b589-56e897fe78a4', 'Ginger', 4, 'head');
INSERT INTO recipe_dietary_tags (recipe_id, tag_id) VALUES ('83324814-d8aa-487a-b589-56e897fe78a4', 9);

INSERT INTO recipes (id, user_id, title, description, instructions, image_url, servings, source_url, source_name, is_archived) VALUES ('207f51e9-575a-4c4d-9173-dc4c4e33ac36', 'admin-user-id', 'Smoky BBQ Air Fried Lentils', 'A delicious and healthy Smoky BBQ Air Fried Lentils served with Asparagus and Couscous. Perfect for a quick weeknight dinner.', '1. Preheat oven to 400°F.
2. Season the Lentils with Smoky BBQ spices.
3. Arrange Asparagus and Zucchini on a baking sheet.
4. Air Fried for 20-25 minutes until cooked through.
5. Serve hot over Couscous.', 'https://images.unsplash.com/photo-1500000000205?auto=format&fit=crop&w=800&q=60', 7, 'https://www.bonappetit.com', 'Bon Appetit', 0);
INSERT INTO ingredients (id, recipe_id, name, quantity, unit) VALUES ('05dc0465-da81-40aa-aaae-77549080edac', '207f51e9-575a-4c4d-9173-dc4c4e33ac36', 'Lentils', 1, 'oz');
INSERT INTO ingredients (id, recipe_id, name, quantity, unit) VALUES ('338c5492-c352-4888-9297-5f9534ad54e1', '207f51e9-575a-4c4d-9173-dc4c4e33ac36', 'Asparagus', 4, 'cup');
INSERT INTO ingredients (id, recipe_id, name, quantity, unit) VALUES ('a803d39d-1c13-4bd0-a40a-cc4a3aa92df9', '207f51e9-575a-4c4d-9173-dc4c4e33ac36', 'Couscous', 3, 'cup');
INSERT INTO ingredients (id, recipe_id, name, quantity, unit) VALUES ('c5c93d1e-7485-4baa-83e3-55910836d9c3', '207f51e9-575a-4c4d-9173-dc4c4e33ac36', 'Olive Oil', 3, 'tbsp');
INSERT INTO ingredients (id, recipe_id, name, quantity, unit) VALUES ('446c403c-8246-4b2d-a0b3-2fede4ad0126', '207f51e9-575a-4c4d-9173-dc4c4e33ac36', 'Salt & Pepper', 1, 'pinch');
INSERT INTO ingredients (id, recipe_id, name, quantity, unit) VALUES ('c212bcea-12af-414a-8685-c5f03eef5a33', '207f51e9-575a-4c4d-9173-dc4c4e33ac36', 'Lemon', 5, 'tbsp');
INSERT INTO ingredients (id, recipe_id, name, quantity, unit) VALUES ('3547fb14-0007-4f87-8abc-4b6acfb16875', '207f51e9-575a-4c4d-9173-dc4c4e33ac36', 'Broccoli', 4, 'tbsp');
INSERT INTO recipe_dietary_tags (recipe_id, tag_id) VALUES ('207f51e9-575a-4c4d-9173-dc4c4e33ac36', 9);

INSERT INTO recipes (id, user_id, title, description, instructions, image_url, servings, source_url, source_name, is_archived) VALUES ('d220f74b-9961-4f7e-8436-39593377bf26', 'admin-user-id', 'Teriyaki Baked Steak', 'A delicious and healthy Teriyaki Baked Steak served with Spinach and Lentil Pasta. Perfect for a quick weeknight dinner.', '1. Preheat oven to 400°F.
2. Season the Steak with Teriyaki spices.
3. Arrange Spinach and Bell Peppers on a baking sheet.
4. Baked for 20-25 minutes until cooked through.
5. Serve hot over Lentil Pasta.', 'https://images.unsplash.com/photo-1500000000206?auto=format&fit=crop&w=800&q=60', 5, 'https://www.allrecipes.com', 'AllRecipes', 0);
INSERT INTO ingredients (id, recipe_id, name, quantity, unit) VALUES ('22064908-ecdc-448e-94fd-b0253cbb9d2b', 'd220f74b-9961-4f7e-8436-39593377bf26', 'Steak', 2, 'lb');
INSERT INTO ingredients (id, recipe_id, name, quantity, unit) VALUES ('cfa78fa0-d01a-44c9-81ae-43b37e253bf8', 'd220f74b-9961-4f7e-8436-39593377bf26', 'Spinach', 3, 'bundle');
INSERT INTO ingredients (id, recipe_id, name, quantity, unit) VALUES ('d29b4c3f-ee13-47ff-b00a-b58bd14961db', 'd220f74b-9961-4f7e-8436-39593377bf26', 'Lentil Pasta', 1, 'cup');
INSERT INTO ingredients (id, recipe_id, name, quantity, unit) VALUES ('931dd2bf-de15-448e-89cc-10e96ec910f5', 'd220f74b-9961-4f7e-8436-39593377bf26', 'Olive Oil', 1, 'tbsp');
INSERT INTO ingredients (id, recipe_id, name, quantity, unit) VALUES ('f411a5ae-8737-4e5c-9d84-45fb7b9c2a00', 'd220f74b-9961-4f7e-8436-39593377bf26', 'Salt & Pepper', 1, 'pinch');
INSERT INTO ingredients (id, recipe_id, name, quantity, unit) VALUES ('2296cc1b-aa23-4389-8582-63da972cfc4d', 'd220f74b-9961-4f7e-8436-39593377bf26', 'Brussels Sprouts', 3, 'tsp');
INSERT INTO ingredients (id, recipe_id, name, quantity, unit) VALUES ('5c3af9c8-435d-4853-bb72-cdbf2288ec0a', 'd220f74b-9961-4f7e-8436-39593377bf26', 'Zucchini', 5, 'ml');
INSERT INTO ingredients (id, recipe_id, name, quantity, unit) VALUES ('c7ecb6d9-b6fb-4218-bef8-299fd25c50c6', 'd220f74b-9961-4f7e-8436-39593377bf26', 'Sweet Potatoes', 4, 'cup');
INSERT INTO ingredients (id, recipe_id, name, quantity, unit) VALUES ('b409da52-200a-4a91-af1e-ac63b367370d', 'd220f74b-9961-4f7e-8436-39593377bf26', 'Ginger', 3, 'tbsp');
INSERT INTO recipe_dietary_tags (recipe_id, tag_id) VALUES ('d220f74b-9961-4f7e-8436-39593377bf26', 7);

INSERT INTO recipes (id, user_id, title, description, instructions, image_url, servings, source_url, source_name, is_archived) VALUES ('cbc3e1b4-edae-4640-9b71-3855e31dc607', 'admin-user-id', 'Lemon Garlic Roasted Ground Beef', 'A delicious and healthy Lemon Garlic Roasted Ground Beef served with Spinach and Wild Rice. Perfect for a quick weeknight dinner.', '1. Preheat oven to 400°F.
2. Season the Ground Beef with Lemon Garlic spices.
3. Arrange Spinach and Green Beans on a baking sheet.
4. Roasted for 20-25 minutes until cooked through.
5. Serve hot over Wild Rice.', 'https://images.unsplash.com/photo-1500000000207?auto=format&fit=crop&w=800&q=60', 5, 'https://www.epicurious.com', 'Epicurious', 0);
INSERT INTO ingredients (id, recipe_id, name, quantity, unit) VALUES ('7685bbc7-847e-432f-9e73-1515353f3262', 'cbc3e1b4-edae-4640-9b71-3855e31dc607', 'Ground Beef', 1, 'oz');
INSERT INTO ingredients (id, recipe_id, name, quantity, unit) VALUES ('977bce45-4036-468d-bf46-f756f73881a4', 'cbc3e1b4-edae-4640-9b71-3855e31dc607', 'Spinach', 3, 'head');
INSERT INTO ingredients (id, recipe_id, name, quantity, unit) VALUES ('561a1262-1259-4a93-9d8e-ab3a814e63de', 'cbc3e1b4-edae-4640-9b71-3855e31dc607', 'Wild Rice', 1, 'cup');
INSERT INTO ingredients (id, recipe_id, name, quantity, unit) VALUES ('7d47b437-5e71-4985-9cc3-3c38cb99301a', 'cbc3e1b4-edae-4640-9b71-3855e31dc607', 'Olive Oil', 1, 'tbsp');
INSERT INTO ingredients (id, recipe_id, name, quantity, unit) VALUES ('285ec362-663b-4874-905b-71e52024743d', 'cbc3e1b4-edae-4640-9b71-3855e31dc607', 'Salt & Pepper', 1, 'pinch');
INSERT INTO ingredients (id, recipe_id, name, quantity, unit) VALUES ('dae805e5-7558-4269-bdff-5a0d8e8e1803', 'cbc3e1b4-edae-4640-9b71-3855e31dc607', 'Brussels Sprouts', 3, 'g');
INSERT INTO ingredients (id, recipe_id, name, quantity, unit) VALUES ('b3b5a8dc-72fb-472e-87ff-e3d3c50b3666', 'cbc3e1b4-edae-4640-9b71-3855e31dc607', 'Spinach', 5, 'pinch');
INSERT INTO ingredients (id, recipe_id, name, quantity, unit) VALUES ('9630284a-7bed-44ce-a934-042eda7a99a5', 'cbc3e1b4-edae-4640-9b71-3855e31dc607', 'Spinach', 1, 'bundle');
INSERT INTO recipe_dietary_tags (recipe_id, tag_id) VALUES ('cbc3e1b4-edae-4640-9b71-3855e31dc607', 5);
INSERT INTO recipe_dietary_tags (recipe_id, tag_id) VALUES ('cbc3e1b4-edae-4640-9b71-3855e31dc607', 7);
INSERT INTO recipe_dietary_tags (recipe_id, tag_id) VALUES ('cbc3e1b4-edae-4640-9b71-3855e31dc607', 8);

INSERT INTO recipes (id, user_id, title, description, instructions, image_url, servings, source_url, source_name, is_archived) VALUES ('a55efc4e-340b-400f-8b82-78f5cec1b242', 'admin-user-id', 'Pesto Baked Steak', 'A delicious and healthy Pesto Baked Steak served with Brussels Sprouts and Wild Rice. Perfect for a quick weeknight dinner.', '1. Preheat oven to 400°F.
2. Season the Steak with Pesto spices.
3. Arrange Brussels Sprouts and Kale on a baking sheet.
4. Baked for 20-25 minutes until cooked through.
5. Serve hot over Wild Rice.', 'https://images.unsplash.com/photo-1500000000208?auto=format&fit=crop&w=800&q=60', 6, 'https://www.bonappetit.com', 'Bon Appetit', 0);
INSERT INTO ingredients (id, recipe_id, name, quantity, unit) VALUES ('554149db-0cd3-4823-93e9-80c794c9d110', 'a55efc4e-340b-400f-8b82-78f5cec1b242', 'Steak', 1, 'oz');
INSERT INTO ingredients (id, recipe_id, name, quantity, unit) VALUES ('bbe46267-9204-4814-a657-3260b032da71', 'a55efc4e-340b-400f-8b82-78f5cec1b242', 'Brussels Sprouts', 2, 'head');
INSERT INTO ingredients (id, recipe_id, name, quantity, unit) VALUES ('584b1c11-3e4a-4ea0-bcd6-6f4d226b2e46', 'a55efc4e-340b-400f-8b82-78f5cec1b242', 'Wild Rice', 2, 'cup');
INSERT INTO ingredients (id, recipe_id, name, quantity, unit) VALUES ('a462fe04-295a-4c99-bdea-dbfee1e268f9', 'a55efc4e-340b-400f-8b82-78f5cec1b242', 'Olive Oil', 2, 'tbsp');
INSERT INTO ingredients (id, recipe_id, name, quantity, unit) VALUES ('176a4c0e-6e53-4e26-a9dd-6c86052c9d30', 'a55efc4e-340b-400f-8b82-78f5cec1b242', 'Salt & Pepper', 1, 'pinch');
INSERT INTO ingredients (id, recipe_id, name, quantity, unit) VALUES ('b9a81a4d-f4b0-4dfc-a053-e8de0726d2bc', 'a55efc4e-340b-400f-8b82-78f5cec1b242', 'Sweet Potatoes', 4, 'pinch');
INSERT INTO ingredients (id, recipe_id, name, quantity, unit) VALUES ('bf465738-cbdc-484d-b4ff-004d5846b99b', 'a55efc4e-340b-400f-8b82-78f5cec1b242', 'Sweet Potatoes', 2, 'pinch');
INSERT INTO ingredients (id, recipe_id, name, quantity, unit) VALUES ('790eba6c-dca7-426b-be94-a33c17c2d745', 'a55efc4e-340b-400f-8b82-78f5cec1b242', 'Garlic', 4, 'cup');
INSERT INTO recipe_dietary_tags (recipe_id, tag_id) VALUES ('a55efc4e-340b-400f-8b82-78f5cec1b242', 2);

INSERT INTO recipes (id, user_id, title, description, instructions, image_url, servings, source_url, source_name, is_archived) VALUES ('06936ade-48a2-4e08-b009-290097d0b1b8', 'admin-user-id', 'Balsamic Glaze Slow Cooked Tofu', 'A delicious and healthy Balsamic Glaze Slow Cooked Tofu served with Carrots and Zucchini Noodles. Perfect for a quick weeknight dinner.', '1. Preheat oven to 400°F.
2. Season the Tofu with Balsamic Glaze spices.
3. Arrange Carrots and Broccoli on a baking sheet.
4. Slow Cooked for 20-25 minutes until cooked through.
5. Serve hot over Zucchini Noodles.', 'https://images.unsplash.com/photo-1500000000209?auto=format&fit=crop&w=800&q=60', 4, 'https://www.bonappetit.com', 'Bon Appetit', 0);
INSERT INTO ingredients (id, recipe_id, name, quantity, unit) VALUES ('fd3598f3-78ca-4fb6-8b48-fab0d918e733', '06936ade-48a2-4e08-b009-290097d0b1b8', 'Tofu', 2, 'lb');
INSERT INTO ingredients (id, recipe_id, name, quantity, unit) VALUES ('9e7147f7-b9c5-4fbd-aa07-a5eed4450e6a', '06936ade-48a2-4e08-b009-290097d0b1b8', 'Carrots', 1, 'bundle');
INSERT INTO ingredients (id, recipe_id, name, quantity, unit) VALUES ('bcf2f511-6086-4922-8b5f-2466aca4edf2', '06936ade-48a2-4e08-b009-290097d0b1b8', 'Zucchini Noodles', 3, 'cup');
INSERT INTO ingredients (id, recipe_id, name, quantity, unit) VALUES ('3ce63c4a-df12-4298-9561-ee2168793418', '06936ade-48a2-4e08-b009-290097d0b1b8', 'Olive Oil', 2, 'tbsp');
INSERT INTO ingredients (id, recipe_id, name, quantity, unit) VALUES ('1fc3e345-d728-4bd2-b7be-7a47989db5d6', '06936ade-48a2-4e08-b009-290097d0b1b8', 'Salt & Pepper', 1, 'pinch');
INSERT INTO ingredients (id, recipe_id, name, quantity, unit) VALUES ('5c755628-b813-412a-8381-f4ee976d8104', '06936ade-48a2-4e08-b009-290097d0b1b8', 'Broccoli', 4, 'clove');
INSERT INTO ingredients (id, recipe_id, name, quantity, unit) VALUES ('a8c4a1d3-fce1-420d-9eca-4d8e45f8774b', '06936ade-48a2-4e08-b009-290097d0b1b8', 'Green Beans', 5, 'tsp');
INSERT INTO ingredients (id, recipe_id, name, quantity, unit) VALUES ('46e06c4b-2d9b-4543-b9e8-888d0f3d41c8', '06936ade-48a2-4e08-b009-290097d0b1b8', 'Zucchini', 2, 'pinch');
INSERT INTO recipe_dietary_tags (recipe_id, tag_id) VALUES ('06936ade-48a2-4e08-b009-290097d0b1b8', 3);
INSERT INTO recipe_dietary_tags (recipe_id, tag_id) VALUES ('06936ade-48a2-4e08-b009-290097d0b1b8', 10);
INSERT INTO recipe_dietary_tags (recipe_id, tag_id) VALUES ('06936ade-48a2-4e08-b009-290097d0b1b8', 4);

INSERT INTO recipes (id, user_id, title, description, instructions, image_url, servings, source_url, source_name, is_archived) VALUES ('37ae682e-0cdc-44da-9f89-84217ad4e992', 'admin-user-id', 'Cajun Slow Cooked Tofu', 'A delicious and healthy Cajun Slow Cooked Tofu served with Carrots and Wild Rice. Perfect for a quick weeknight dinner.', '1. Preheat oven to 400°F.
2. Season the Tofu with Cajun spices.
3. Arrange Carrots and Broccoli on a baking sheet.
4. Slow Cooked for 20-25 minutes until cooked through.
5. Serve hot over Wild Rice.', 'https://images.unsplash.com/photo-1500000000210?auto=format&fit=crop&w=800&q=60', 3, 'https://www.foodnetwork.com', 'Food Network', 0);
INSERT INTO ingredients (id, recipe_id, name, quantity, unit) VALUES ('c5bd4df8-a8a6-426a-b09b-9e7b2e40ecf8', '37ae682e-0cdc-44da-9f89-84217ad4e992', 'Tofu', 2, 'oz');
INSERT INTO ingredients (id, recipe_id, name, quantity, unit) VALUES ('98ede683-b7f0-450d-a787-577692e5a0c0', '37ae682e-0cdc-44da-9f89-84217ad4e992', 'Carrots', 4, 'cup');
INSERT INTO ingredients (id, recipe_id, name, quantity, unit) VALUES ('fa3ffd0d-1e54-4acb-9941-716bf59ff7c5', '37ae682e-0cdc-44da-9f89-84217ad4e992', 'Wild Rice', 2, 'cup');
INSERT INTO ingredients (id, recipe_id, name, quantity, unit) VALUES ('09eef47d-6185-4e7f-b630-2e2cafdfc803', '37ae682e-0cdc-44da-9f89-84217ad4e992', 'Olive Oil', 3, 'tbsp');
INSERT INTO ingredients (id, recipe_id, name, quantity, unit) VALUES ('84377389-3ae8-456b-88e4-8ef3b646c890', '37ae682e-0cdc-44da-9f89-84217ad4e992', 'Salt & Pepper', 1, 'pinch');
INSERT INTO ingredients (id, recipe_id, name, quantity, unit) VALUES ('cf45ffb2-f342-48e6-a769-135f085fa0f6', '37ae682e-0cdc-44da-9f89-84217ad4e992', 'Broccoli', 1, 'bundle');
INSERT INTO ingredients (id, recipe_id, name, quantity, unit) VALUES ('f3e80ea4-b3db-4487-b69c-558c503f926e', '37ae682e-0cdc-44da-9f89-84217ad4e992', 'Sweet Potatoes', 4, 'clove');
INSERT INTO ingredients (id, recipe_id, name, quantity, unit) VALUES ('1b9c915a-d1ae-4140-b416-551077fecdcb', '37ae682e-0cdc-44da-9f89-84217ad4e992', 'Brussels Sprouts', 2, 'oz');
INSERT INTO ingredients (id, recipe_id, name, quantity, unit) VALUES ('0bb47d79-83b2-4340-b063-a6e57ba7cbc6', '37ae682e-0cdc-44da-9f89-84217ad4e992', 'Broccoli', 3, 'g');
INSERT INTO recipe_dietary_tags (recipe_id, tag_id) VALUES ('37ae682e-0cdc-44da-9f89-84217ad4e992', 10);
INSERT INTO recipe_dietary_tags (recipe_id, tag_id) VALUES ('37ae682e-0cdc-44da-9f89-84217ad4e992', 8);
INSERT INTO recipe_dietary_tags (recipe_id, tag_id) VALUES ('37ae682e-0cdc-44da-9f89-84217ad4e992', 2);

INSERT INTO recipes (id, user_id, title, description, instructions, image_url, servings, source_url, source_name, is_archived) VALUES ('50a85179-7cde-4985-97ef-b23c1e74221d', 'admin-user-id', 'Miso Ginger Baked Pork Loin', 'A delicious and healthy Miso Ginger Baked Pork Loin served with Zucchini and Roasted Potatoes. Perfect for a quick weeknight dinner.', '1. Preheat oven to 400°F.
2. Season the Pork Loin with Miso Ginger spices.
3. Arrange Zucchini and Kale on a baking sheet.
4. Baked for 20-25 minutes until cooked through.
5. Serve hot over Roasted Potatoes.', 'https://images.unsplash.com/photo-1500000000211?auto=format&fit=crop&w=800&q=60', 8, 'https://www.epicurious.com', 'Epicurious', 0);
INSERT INTO ingredients (id, recipe_id, name, quantity, unit) VALUES ('5f1749b0-5809-4c06-a5c1-000fe8a3e7de', '50a85179-7cde-4985-97ef-b23c1e74221d', 'Pork Loin', 1, 'lb');
INSERT INTO ingredients (id, recipe_id, name, quantity, unit) VALUES ('f5cf664d-c266-4ac9-99f0-76c03b0f0146', '50a85179-7cde-4985-97ef-b23c1e74221d', 'Zucchini', 1, 'bundle');
INSERT INTO ingredients (id, recipe_id, name, quantity, unit) VALUES ('89c324b3-1613-455c-8a18-630fc3b3aeb2', '50a85179-7cde-4985-97ef-b23c1e74221d', 'Roasted Potatoes', 1, 'cup');
INSERT INTO ingredients (id, recipe_id, name, quantity, unit) VALUES ('0bb698e5-0d8b-4e50-8e3b-22609df9cd50', '50a85179-7cde-4985-97ef-b23c1e74221d', 'Olive Oil', 1, 'tbsp');
INSERT INTO ingredients (id, recipe_id, name, quantity, unit) VALUES ('f69791a4-74b9-46d7-b2eb-c013bdae84bb', '50a85179-7cde-4985-97ef-b23c1e74221d', 'Salt & Pepper', 1, 'pinch');
INSERT INTO ingredients (id, recipe_id, name, quantity, unit) VALUES ('666ace67-d185-4c11-ac1a-7f52c5a10367', '50a85179-7cde-4985-97ef-b23c1e74221d', 'Bell Peppers', 5, 'g');
INSERT INTO ingredients (id, recipe_id, name, quantity, unit) VALUES ('1d350c50-96ff-492d-8ac7-a19bd055194a', '50a85179-7cde-4985-97ef-b23c1e74221d', 'Spinach', 4, 'clove');
INSERT INTO ingredients (id, recipe_id, name, quantity, unit) VALUES ('3ea53236-b1e5-4115-9ea7-eb95dc7e7740', '50a85179-7cde-4985-97ef-b23c1e74221d', 'Butter', 1, 'pinch');
INSERT INTO ingredients (id, recipe_id, name, quantity, unit) VALUES ('86521195-743a-47fc-bb84-039f9046cfc9', '50a85179-7cde-4985-97ef-b23c1e74221d', 'Lemon', 2, 'bundle');
INSERT INTO ingredients (id, recipe_id, name, quantity, unit) VALUES ('11cc4e54-87f3-482f-b34d-3a6c1da4a898', '50a85179-7cde-4985-97ef-b23c1e74221d', 'Spinach', 2, 'head');
INSERT INTO recipe_dietary_tags (recipe_id, tag_id) VALUES ('50a85179-7cde-4985-97ef-b23c1e74221d', 3);
INSERT INTO recipe_dietary_tags (recipe_id, tag_id) VALUES ('50a85179-7cde-4985-97ef-b23c1e74221d', 1);

INSERT INTO recipes (id, user_id, title, description, instructions, image_url, servings, source_url, source_name, is_archived) VALUES ('dcbc7254-6112-43ca-931f-7bba0a02c35f', 'admin-user-id', 'Cajun Slow Cooked Ground Beef', 'A delicious and healthy Cajun Slow Cooked Ground Beef served with Brussels Sprouts and Couscous. Perfect for a quick weeknight dinner.', '1. Preheat oven to 400°F.
2. Season the Ground Beef with Cajun spices.
3. Arrange Brussels Sprouts and Asparagus on a baking sheet.
4. Slow Cooked for 20-25 minutes until cooked through.
5. Serve hot over Couscous.', 'https://images.unsplash.com/photo-1500000000212?auto=format&fit=crop&w=800&q=60', 4, 'https://www.epicurious.com', 'Epicurious', 0);
INSERT INTO ingredients (id, recipe_id, name, quantity, unit) VALUES ('19ac948c-e655-4fa8-87c6-295b932ae0cc', 'dcbc7254-6112-43ca-931f-7bba0a02c35f', 'Ground Beef', 1, 'lb');
INSERT INTO ingredients (id, recipe_id, name, quantity, unit) VALUES ('45a98444-8c84-4aa1-8b71-5d05d0a59062', 'dcbc7254-6112-43ca-931f-7bba0a02c35f', 'Brussels Sprouts', 4, 'cup');
INSERT INTO ingredients (id, recipe_id, name, quantity, unit) VALUES ('1eb53f62-355a-404c-9a82-446fb09092a0', 'dcbc7254-6112-43ca-931f-7bba0a02c35f', 'Couscous', 1, 'cup');
INSERT INTO ingredients (id, recipe_id, name, quantity, unit) VALUES ('38c59fee-0855-4dc5-9b4d-a2ffad0e49f0', 'dcbc7254-6112-43ca-931f-7bba0a02c35f', 'Olive Oil', 1, 'tbsp');
INSERT INTO ingredients (id, recipe_id, name, quantity, unit) VALUES ('254052c8-a951-4374-87b8-77ef2606ee59', 'dcbc7254-6112-43ca-931f-7bba0a02c35f', 'Salt & Pepper', 1, 'pinch');
INSERT INTO ingredients (id, recipe_id, name, quantity, unit) VALUES ('7901748c-2788-4c0c-85d7-4ad9fc1a0c4c', 'dcbc7254-6112-43ca-931f-7bba0a02c35f', 'Butter', 3, 'g');
INSERT INTO ingredients (id, recipe_id, name, quantity, unit) VALUES ('f9fb80c1-4a69-4951-b9e3-747820b0d707', 'dcbc7254-6112-43ca-931f-7bba0a02c35f', 'Asparagus', 3, 'clove');
INSERT INTO ingredients (id, recipe_id, name, quantity, unit) VALUES ('47aa7e27-7089-41d0-ab3d-356c181ef958', 'dcbc7254-6112-43ca-931f-7bba0a02c35f', 'Carrots', 4, 'head');
INSERT INTO recipe_dietary_tags (recipe_id, tag_id) VALUES ('dcbc7254-6112-43ca-931f-7bba0a02c35f', 8);
INSERT INTO recipe_dietary_tags (recipe_id, tag_id) VALUES ('dcbc7254-6112-43ca-931f-7bba0a02c35f', 1);
INSERT INTO recipe_dietary_tags (recipe_id, tag_id) VALUES ('dcbc7254-6112-43ca-931f-7bba0a02c35f', 6);

INSERT INTO recipes (id, user_id, title, description, instructions, image_url, servings, source_url, source_name, is_archived) VALUES ('2b2ac0f0-173c-412f-ab6e-692c5af42257', 'admin-user-id', 'Pesto Air Fried Shrimp', 'A delicious and healthy Pesto Air Fried Shrimp served with Brussels Sprouts and Zucchini Noodles. Perfect for a quick weeknight dinner.', '1. Preheat oven to 400°F.
2. Season the Shrimp with Pesto spices.
3. Arrange Brussels Sprouts and Sweet Potatoes on a baking sheet.
4. Air Fried for 20-25 minutes until cooked through.
5. Serve hot over Zucchini Noodles.', 'https://images.unsplash.com/photo-1500000000213?auto=format&fit=crop&w=800&q=60', 7, 'https://www.bonappetit.com', 'Bon Appetit', 0);
INSERT INTO ingredients (id, recipe_id, name, quantity, unit) VALUES ('68b360ad-71f8-41f1-a15e-50fe13ff98c7', '2b2ac0f0-173c-412f-ab6e-692c5af42257', 'Shrimp', 2, 'lb');
INSERT INTO ingredients (id, recipe_id, name, quantity, unit) VALUES ('01c36525-3f83-4b37-959d-cd9900e51fdf', '2b2ac0f0-173c-412f-ab6e-692c5af42257', 'Brussels Sprouts', 2, 'head');
INSERT INTO ingredients (id, recipe_id, name, quantity, unit) VALUES ('4d503a7d-0dc0-455a-97ca-9350ebf5b9d7', '2b2ac0f0-173c-412f-ab6e-692c5af42257', 'Zucchini Noodles', 1, 'cup');
INSERT INTO ingredients (id, recipe_id, name, quantity, unit) VALUES ('7a8ff10b-1bf8-446f-a2c8-e83484779602', '2b2ac0f0-173c-412f-ab6e-692c5af42257', 'Olive Oil', 1, 'tbsp');
INSERT INTO ingredients (id, recipe_id, name, quantity, unit) VALUES ('e228a2c3-dd2d-4fe4-ac47-9d052863ffbd', '2b2ac0f0-173c-412f-ab6e-692c5af42257', 'Salt & Pepper', 1, 'pinch');
INSERT INTO ingredients (id, recipe_id, name, quantity, unit) VALUES ('83267423-7f67-45d1-8e7f-0866ce791b96', '2b2ac0f0-173c-412f-ab6e-692c5af42257', 'Carrots', 1, 'cup');
INSERT INTO ingredients (id, recipe_id, name, quantity, unit) VALUES ('1ade9f83-9c5b-44df-8db1-78f047d867e4', '2b2ac0f0-173c-412f-ab6e-692c5af42257', 'Ginger', 2, 'ml');
INSERT INTO ingredients (id, recipe_id, name, quantity, unit) VALUES ('55bb6bfe-d404-4603-a606-3e6136927b13', '2b2ac0f0-173c-412f-ab6e-692c5af42257', 'Butter', 5, 'oz');
INSERT INTO ingredients (id, recipe_id, name, quantity, unit) VALUES ('28e3cfc9-f99c-4378-9da6-9adfc8762471', '2b2ac0f0-173c-412f-ab6e-692c5af42257', 'Green Beans', 5, 'ml');
INSERT INTO recipe_dietary_tags (recipe_id, tag_id) VALUES ('2b2ac0f0-173c-412f-ab6e-692c5af42257', 1);
INSERT INTO recipe_dietary_tags (recipe_id, tag_id) VALUES ('2b2ac0f0-173c-412f-ab6e-692c5af42257', 8);

INSERT INTO recipes (id, user_id, title, description, instructions, image_url, servings, source_url, source_name, is_archived) VALUES ('fc886f0a-d750-4d14-a141-6a9bcaa0a54f', 'admin-user-id', 'Balsamic Glaze Grilled Pork Loin', 'A delicious and healthy Balsamic Glaze Grilled Pork Loin served with Zucchini and Quinoa. Perfect for a quick weeknight dinner.', '1. Preheat oven to 400°F.
2. Season the Pork Loin with Balsamic Glaze spices.
3. Arrange Zucchini and Cauliflower on a baking sheet.
4. Grilled for 20-25 minutes until cooked through.
5. Serve hot over Quinoa.', 'https://images.unsplash.com/photo-1500000000214?auto=format&fit=crop&w=800&q=60', 7, 'https://www.bonappetit.com', 'Bon Appetit', 0);
INSERT INTO ingredients (id, recipe_id, name, quantity, unit) VALUES ('9e005aaa-3aae-4ec0-98a1-d69819a56a7b', 'fc886f0a-d750-4d14-a141-6a9bcaa0a54f', 'Pork Loin', 1, 'lb');
INSERT INTO ingredients (id, recipe_id, name, quantity, unit) VALUES ('4d5471d2-1b37-45ab-bfae-d53196d27062', 'fc886f0a-d750-4d14-a141-6a9bcaa0a54f', 'Zucchini', 3, 'head');
INSERT INTO ingredients (id, recipe_id, name, quantity, unit) VALUES ('86d22396-954e-40c6-bfcf-59b022bacd11', 'fc886f0a-d750-4d14-a141-6a9bcaa0a54f', 'Quinoa', 3, 'cup');
INSERT INTO ingredients (id, recipe_id, name, quantity, unit) VALUES ('883af2ed-3042-4373-8e83-57cd8e0394a0', 'fc886f0a-d750-4d14-a141-6a9bcaa0a54f', 'Olive Oil', 3, 'tbsp');
INSERT INTO ingredients (id, recipe_id, name, quantity, unit) VALUES ('f52c81da-23c7-4238-be25-a9c74ecdd324', 'fc886f0a-d750-4d14-a141-6a9bcaa0a54f', 'Salt & Pepper', 1, 'pinch');
INSERT INTO recipe_dietary_tags (recipe_id, tag_id) VALUES ('fc886f0a-d750-4d14-a141-6a9bcaa0a54f', 10);
INSERT INTO recipe_dietary_tags (recipe_id, tag_id) VALUES ('fc886f0a-d750-4d14-a141-6a9bcaa0a54f', 3);
INSERT INTO recipe_dietary_tags (recipe_id, tag_id) VALUES ('fc886f0a-d750-4d14-a141-6a9bcaa0a54f', 8);

INSERT INTO recipes (id, user_id, title, description, instructions, image_url, servings, source_url, source_name, is_archived) VALUES ('4b5186a9-4512-447d-9573-1c65986e2c2a', 'admin-user-id', 'Cajun Steamed Chickpeas', 'A delicious and healthy Cajun Steamed Chickpeas served with Bell Peppers and Quinoa. Perfect for a quick weeknight dinner.', '1. Preheat oven to 400°F.
2. Season the Chickpeas with Cajun spices.
3. Arrange Bell Peppers and Green Beans on a baking sheet.
4. Steamed for 20-25 minutes until cooked through.
5. Serve hot over Quinoa.', 'https://images.unsplash.com/photo-1500000000215?auto=format&fit=crop&w=800&q=60', 6, 'https://www.epicurious.com', 'Epicurious', 0);
INSERT INTO ingredients (id, recipe_id, name, quantity, unit) VALUES ('20ad859a-faa0-4187-b197-829b9619d3dc', '4b5186a9-4512-447d-9573-1c65986e2c2a', 'Chickpeas', 1, 'oz');
INSERT INTO ingredients (id, recipe_id, name, quantity, unit) VALUES ('cfdc0b90-1107-445c-9f51-1e6a10ed7b78', '4b5186a9-4512-447d-9573-1c65986e2c2a', 'Bell Peppers', 4, 'cup');
INSERT INTO ingredients (id, recipe_id, name, quantity, unit) VALUES ('99a96b5b-1a6e-4d70-95f7-2929b2da9b89', '4b5186a9-4512-447d-9573-1c65986e2c2a', 'Quinoa', 3, 'cup');
INSERT INTO ingredients (id, recipe_id, name, quantity, unit) VALUES ('5cd5f06b-7b76-4c95-a9fe-0abdbb0a3780', '4b5186a9-4512-447d-9573-1c65986e2c2a', 'Olive Oil', 2, 'tbsp');
INSERT INTO ingredients (id, recipe_id, name, quantity, unit) VALUES ('28b2bbab-18b6-46f8-a357-2e731a561e88', '4b5186a9-4512-447d-9573-1c65986e2c2a', 'Salt & Pepper', 1, 'pinch');
INSERT INTO ingredients (id, recipe_id, name, quantity, unit) VALUES ('14b1d0b4-6a42-465a-b391-ed20d6e4e5d5', '4b5186a9-4512-447d-9573-1c65986e2c2a', 'Spinach', 2, 'ml');
INSERT INTO ingredients (id, recipe_id, name, quantity, unit) VALUES ('9b812fb0-4814-41c2-95d7-e069e61a2bb6', '4b5186a9-4512-447d-9573-1c65986e2c2a', 'Lemon', 1, 'oz');
INSERT INTO ingredients (id, recipe_id, name, quantity, unit) VALUES ('7d4be22e-cdb0-492e-861e-931773b65180', '4b5186a9-4512-447d-9573-1c65986e2c2a', 'Bell Peppers', 4, 'head');
INSERT INTO ingredients (id, recipe_id, name, quantity, unit) VALUES ('aeb95d38-1647-4d37-b13e-d5882648f816', '4b5186a9-4512-447d-9573-1c65986e2c2a', 'Cauliflower', 5, 'lb');
INSERT INTO ingredients (id, recipe_id, name, quantity, unit) VALUES ('b52bf70c-7cf2-414b-a168-a1cfea21c97c', '4b5186a9-4512-447d-9573-1c65986e2c2a', 'Onion', 2, 'ml');
INSERT INTO ingredients (id, recipe_id, name, quantity, unit) VALUES ('ef10a44d-60e5-4c7d-9221-d77ead689471', '4b5186a9-4512-447d-9573-1c65986e2c2a', 'Sweet Potatoes', 4, 'cup');
INSERT INTO ingredients (id, recipe_id, name, quantity, unit) VALUES ('87598024-e021-43ba-b2a0-95b6e951d187', '4b5186a9-4512-447d-9573-1c65986e2c2a', 'Ginger', 1, 'tbsp');
INSERT INTO recipe_dietary_tags (recipe_id, tag_id) VALUES ('4b5186a9-4512-447d-9573-1c65986e2c2a', 1);

INSERT INTO recipes (id, user_id, title, description, instructions, image_url, servings, source_url, source_name, is_archived) VALUES ('1e803203-3e5a-4375-8d88-3f0dfe3e7549', 'admin-user-id', 'Smoky BBQ Grilled Chickpeas', 'A delicious and healthy Smoky BBQ Grilled Chickpeas served with Green Beans and Couscous. Perfect for a quick weeknight dinner.', '1. Preheat oven to 400°F.
2. Season the Chickpeas with Smoky BBQ spices.
3. Arrange Green Beans and Spinach on a baking sheet.
4. Grilled for 20-25 minutes until cooked through.
5. Serve hot over Couscous.', 'https://images.unsplash.com/photo-1500000000216?auto=format&fit=crop&w=800&q=60', 4, 'https://www.foodnetwork.com', 'Food Network', 0);
INSERT INTO ingredients (id, recipe_id, name, quantity, unit) VALUES ('2c79598c-3724-4a9e-8a15-0d072e0a4324', '1e803203-3e5a-4375-8d88-3f0dfe3e7549', 'Chickpeas', 2, 'lb');
INSERT INTO ingredients (id, recipe_id, name, quantity, unit) VALUES ('8d253d95-19ec-4780-a1ac-a9f416c245d6', '1e803203-3e5a-4375-8d88-3f0dfe3e7549', 'Green Beans', 4, 'head');
INSERT INTO ingredients (id, recipe_id, name, quantity, unit) VALUES ('15dfb942-0247-4972-8b77-eed6cfe47e2e', '1e803203-3e5a-4375-8d88-3f0dfe3e7549', 'Couscous', 3, 'cup');
INSERT INTO ingredients (id, recipe_id, name, quantity, unit) VALUES ('d6963087-ce19-4fd3-a826-39cbc3d3bcc2', '1e803203-3e5a-4375-8d88-3f0dfe3e7549', 'Olive Oil', 2, 'tbsp');
INSERT INTO ingredients (id, recipe_id, name, quantity, unit) VALUES ('1a70cdbb-fe03-4b1d-bde4-86e0c4c17c2e', '1e803203-3e5a-4375-8d88-3f0dfe3e7549', 'Salt & Pepper', 1, 'pinch');
INSERT INTO ingredients (id, recipe_id, name, quantity, unit) VALUES ('0c90c10a-78bd-4142-a084-6da701216162', '1e803203-3e5a-4375-8d88-3f0dfe3e7549', 'Kale', 3, 'g');
INSERT INTO ingredients (id, recipe_id, name, quantity, unit) VALUES ('46633eb5-6241-4413-97d0-673d475c3d3b', '1e803203-3e5a-4375-8d88-3f0dfe3e7549', 'Carrots', 2, 'tsp');
INSERT INTO ingredients (id, recipe_id, name, quantity, unit) VALUES ('b0cf4a22-dd95-4619-a2d6-a63b520fa614', '1e803203-3e5a-4375-8d88-3f0dfe3e7549', 'Cauliflower', 5, 'bundle');
INSERT INTO ingredients (id, recipe_id, name, quantity, unit) VALUES ('20624768-587a-499b-a850-c83e02dcc15e', '1e803203-3e5a-4375-8d88-3f0dfe3e7549', 'Lemon', 3, 'oz');
INSERT INTO ingredients (id, recipe_id, name, quantity, unit) VALUES ('621730f6-99e1-421d-a058-861a14edb520', '1e803203-3e5a-4375-8d88-3f0dfe3e7549', 'Zucchini', 2, 'head');
INSERT INTO recipe_dietary_tags (recipe_id, tag_id) VALUES ('1e803203-3e5a-4375-8d88-3f0dfe3e7549', 9);
INSERT INTO recipe_dietary_tags (recipe_id, tag_id) VALUES ('1e803203-3e5a-4375-8d88-3f0dfe3e7549', 7);
INSERT INTO recipe_dietary_tags (recipe_id, tag_id) VALUES ('1e803203-3e5a-4375-8d88-3f0dfe3e7549', 8);

INSERT INTO recipes (id, user_id, title, description, instructions, image_url, servings, source_url, source_name, is_archived) VALUES ('c93f59fc-c580-4fe1-989b-9dc30d26fb0e', 'admin-user-id', 'Cajun Roasted Pork Loin', 'A delicious and healthy Cajun Roasted Pork Loin served with Carrots and Quinoa. Perfect for a quick weeknight dinner.', '1. Preheat oven to 400°F.
2. Season the Pork Loin with Cajun spices.
3. Arrange Carrots and Spinach on a baking sheet.
4. Roasted for 20-25 minutes until cooked through.
5. Serve hot over Quinoa.', 'https://images.unsplash.com/photo-1500000000217?auto=format&fit=crop&w=800&q=60', 6, 'https://www.tasteofhome.com', 'Taste of Home', 0);
INSERT INTO ingredients (id, recipe_id, name, quantity, unit) VALUES ('7350f6ad-a207-4ca4-ad89-b804c5a14f1d', 'c93f59fc-c580-4fe1-989b-9dc30d26fb0e', 'Pork Loin', 1, 'lb');
INSERT INTO ingredients (id, recipe_id, name, quantity, unit) VALUES ('7a690b1a-6fec-4df6-998e-26917fa152ea', 'c93f59fc-c580-4fe1-989b-9dc30d26fb0e', 'Carrots', 3, 'bundle');
INSERT INTO ingredients (id, recipe_id, name, quantity, unit) VALUES ('d72878ae-4e3f-4554-92ce-7c43c7c0820b', 'c93f59fc-c580-4fe1-989b-9dc30d26fb0e', 'Quinoa', 3, 'cup');
INSERT INTO ingredients (id, recipe_id, name, quantity, unit) VALUES ('4c8a8efd-4022-4246-9fb6-442d6ddd8d30', 'c93f59fc-c580-4fe1-989b-9dc30d26fb0e', 'Olive Oil', 3, 'tbsp');
INSERT INTO ingredients (id, recipe_id, name, quantity, unit) VALUES ('08ceb990-3b03-4578-9830-af3b65ebbac7', 'c93f59fc-c580-4fe1-989b-9dc30d26fb0e', 'Salt & Pepper', 1, 'pinch');
INSERT INTO ingredients (id, recipe_id, name, quantity, unit) VALUES ('356f07da-ca4b-41b5-8ab3-733776617c5a', 'c93f59fc-c580-4fe1-989b-9dc30d26fb0e', 'Zucchini', 2, 'oz');
INSERT INTO ingredients (id, recipe_id, name, quantity, unit) VALUES ('5e2b5ef9-8782-4bf7-94f6-3f3f7e93d03e', 'c93f59fc-c580-4fe1-989b-9dc30d26fb0e', 'Ginger', 5, 'ml');
INSERT INTO ingredients (id, recipe_id, name, quantity, unit) VALUES ('75d1775c-f90a-47d4-a221-ec228f2fe58c', 'c93f59fc-c580-4fe1-989b-9dc30d26fb0e', 'Onion', 1, 'ml');
INSERT INTO ingredients (id, recipe_id, name, quantity, unit) VALUES ('0be16974-2e85-4f6c-ba18-f8216d6683f4', 'c93f59fc-c580-4fe1-989b-9dc30d26fb0e', 'Asparagus', 2, 'ml');
INSERT INTO ingredients (id, recipe_id, name, quantity, unit) VALUES ('573e4578-9449-4116-8d35-1c320230ab8d', 'c93f59fc-c580-4fe1-989b-9dc30d26fb0e', 'Butter', 2, 'lb');
INSERT INTO ingredients (id, recipe_id, name, quantity, unit) VALUES ('5fe73159-8bbc-4fa2-9da8-272c93e83692', 'c93f59fc-c580-4fe1-989b-9dc30d26fb0e', 'Ginger', 2, 'g');
INSERT INTO ingredients (id, recipe_id, name, quantity, unit) VALUES ('5778eddf-afec-4292-a84d-6600c34945d2', 'c93f59fc-c580-4fe1-989b-9dc30d26fb0e', 'Onion', 3, 'tbsp');
INSERT INTO recipe_dietary_tags (recipe_id, tag_id) VALUES ('c93f59fc-c580-4fe1-989b-9dc30d26fb0e', 7);
INSERT INTO recipe_dietary_tags (recipe_id, tag_id) VALUES ('c93f59fc-c580-4fe1-989b-9dc30d26fb0e', 2);
INSERT INTO recipe_dietary_tags (recipe_id, tag_id) VALUES ('c93f59fc-c580-4fe1-989b-9dc30d26fb0e', 5);

INSERT INTO recipes (id, user_id, title, description, instructions, image_url, servings, source_url, source_name, is_archived) VALUES ('bfa93856-4c89-44cc-ab4b-bcda42bf315c', 'admin-user-id', 'Miso Ginger Sautéed Black Beans', 'A delicious and healthy Miso Ginger Sautéed Black Beans served with Kale and Mashed Cauliflower. Perfect for a quick weeknight dinner.', '1. Preheat oven to 400°F.
2. Season the Black Beans with Miso Ginger spices.
3. Arrange Kale and Zucchini on a baking sheet.
4. Sautéed for 20-25 minutes until cooked through.
5. Serve hot over Mashed Cauliflower.', 'https://images.unsplash.com/photo-1500000000218?auto=format&fit=crop&w=800&q=60', 2, 'https://www.allrecipes.com', 'AllRecipes', 0);
INSERT INTO ingredients (id, recipe_id, name, quantity, unit) VALUES ('20648488-2b73-4fe6-9f42-3540d19b41ab', 'bfa93856-4c89-44cc-ab4b-bcda42bf315c', 'Black Beans', 1, 'oz');
INSERT INTO ingredients (id, recipe_id, name, quantity, unit) VALUES ('6e023314-0b8f-46c6-87f1-85319847193d', 'bfa93856-4c89-44cc-ab4b-bcda42bf315c', 'Kale', 2, 'head');
INSERT INTO ingredients (id, recipe_id, name, quantity, unit) VALUES ('0c50a146-f9ea-47f4-94b1-58ef3f6515d6', 'bfa93856-4c89-44cc-ab4b-bcda42bf315c', 'Mashed Cauliflower', 1, 'cup');
INSERT INTO ingredients (id, recipe_id, name, quantity, unit) VALUES ('3cb9c9f2-0820-4c03-9dc5-9ed251ea8491', 'bfa93856-4c89-44cc-ab4b-bcda42bf315c', 'Olive Oil', 1, 'tbsp');
INSERT INTO ingredients (id, recipe_id, name, quantity, unit) VALUES ('43019888-cb41-4c55-b5c0-bcf18de863d5', 'bfa93856-4c89-44cc-ab4b-bcda42bf315c', 'Salt & Pepper', 1, 'pinch');
INSERT INTO ingredients (id, recipe_id, name, quantity, unit) VALUES ('54069f53-d240-499a-87a4-2aa8d45a72ae', 'bfa93856-4c89-44cc-ab4b-bcda42bf315c', 'Cauliflower', 2, 'g');
INSERT INTO recipe_dietary_tags (recipe_id, tag_id) VALUES ('bfa93856-4c89-44cc-ab4b-bcda42bf315c', 10);
INSERT INTO recipe_dietary_tags (recipe_id, tag_id) VALUES ('bfa93856-4c89-44cc-ab4b-bcda42bf315c', 9);
INSERT INTO recipe_dietary_tags (recipe_id, tag_id) VALUES ('bfa93856-4c89-44cc-ab4b-bcda42bf315c', 3);

INSERT INTO recipes (id, user_id, title, description, instructions, image_url, servings, source_url, source_name, is_archived) VALUES ('38df9585-440a-41ce-995f-0f306834b966', 'admin-user-id', 'Miso Ginger Grilled Shrimp', 'A delicious and healthy Miso Ginger Grilled Shrimp served with Asparagus and Wild Rice. Perfect for a quick weeknight dinner.', '1. Preheat oven to 400°F.
2. Season the Shrimp with Miso Ginger spices.
3. Arrange Asparagus and Bell Peppers on a baking sheet.
4. Grilled for 20-25 minutes until cooked through.
5. Serve hot over Wild Rice.', 'https://images.unsplash.com/photo-1500000000219?auto=format&fit=crop&w=800&q=60', 7, 'https://www.foodnetwork.com', 'Food Network', 0);
INSERT INTO ingredients (id, recipe_id, name, quantity, unit) VALUES ('3744fd51-4812-46c3-8bf9-f685eab83ccf', '38df9585-440a-41ce-995f-0f306834b966', 'Shrimp', 1, 'oz');
INSERT INTO ingredients (id, recipe_id, name, quantity, unit) VALUES ('a74ec701-aa33-4876-97c9-e47d7ee089ee', '38df9585-440a-41ce-995f-0f306834b966', 'Asparagus', 4, 'head');
INSERT INTO ingredients (id, recipe_id, name, quantity, unit) VALUES ('66ba60cd-ef74-4c33-971d-808cf5d8878a', '38df9585-440a-41ce-995f-0f306834b966', 'Wild Rice', 3, 'cup');
INSERT INTO ingredients (id, recipe_id, name, quantity, unit) VALUES ('0061d4b0-8d33-4e00-988c-4445c3eb3d99', '38df9585-440a-41ce-995f-0f306834b966', 'Olive Oil', 3, 'tbsp');
INSERT INTO ingredients (id, recipe_id, name, quantity, unit) VALUES ('130c8f37-def9-4ebd-bab3-be9887093314', '38df9585-440a-41ce-995f-0f306834b966', 'Salt & Pepper', 1, 'pinch');
INSERT INTO ingredients (id, recipe_id, name, quantity, unit) VALUES ('4a7e95de-9bad-49ae-9d03-4122ab0d3757', '38df9585-440a-41ce-995f-0f306834b966', 'Brussels Sprouts', 3, 'oz');
INSERT INTO recipe_dietary_tags (recipe_id, tag_id) VALUES ('38df9585-440a-41ce-995f-0f306834b966', 7);
INSERT INTO recipe_dietary_tags (recipe_id, tag_id) VALUES ('38df9585-440a-41ce-995f-0f306834b966', 1);
INSERT INTO recipe_dietary_tags (recipe_id, tag_id) VALUES ('38df9585-440a-41ce-995f-0f306834b966', 8);

INSERT INTO recipes (id, user_id, title, description, instructions, image_url, servings, source_url, source_name, is_archived) VALUES ('84def888-b5b5-4f1e-acbf-c862f6d2ec4c', 'admin-user-id', 'Balsamic Glaze Pan-Seared Lentils', 'A delicious and healthy Balsamic Glaze Pan-Seared Lentils served with Cauliflower and Lentil Pasta. Perfect for a quick weeknight dinner.', '1. Preheat oven to 400°F.
2. Season the Lentils with Balsamic Glaze spices.
3. Arrange Cauliflower and Brussels Sprouts on a baking sheet.
4. Pan-Seared for 20-25 minutes until cooked through.
5. Serve hot over Lentil Pasta.', 'https://images.unsplash.com/photo-1500000000220?auto=format&fit=crop&w=800&q=60', 8, 'https://www.allrecipes.com', 'AllRecipes', 0);
INSERT INTO ingredients (id, recipe_id, name, quantity, unit) VALUES ('f39d8eb7-9182-4ea2-986e-e62edca63ff8', '84def888-b5b5-4f1e-acbf-c862f6d2ec4c', 'Lentils', 2, 'lb');
INSERT INTO ingredients (id, recipe_id, name, quantity, unit) VALUES ('63dfbba6-f56c-4a6a-88e0-7befc687c889', '84def888-b5b5-4f1e-acbf-c862f6d2ec4c', 'Cauliflower', 3, 'head');
INSERT INTO ingredients (id, recipe_id, name, quantity, unit) VALUES ('e4595b7d-2efc-4272-b515-96c49defb7d5', '84def888-b5b5-4f1e-acbf-c862f6d2ec4c', 'Lentil Pasta', 3, 'cup');
INSERT INTO ingredients (id, recipe_id, name, quantity, unit) VALUES ('b824d0aa-2d44-4e68-bdd1-9b76dca338e4', '84def888-b5b5-4f1e-acbf-c862f6d2ec4c', 'Olive Oil', 1, 'tbsp');
INSERT INTO ingredients (id, recipe_id, name, quantity, unit) VALUES ('1d348643-434e-48ac-ba72-af81be23abe9', '84def888-b5b5-4f1e-acbf-c862f6d2ec4c', 'Salt & Pepper', 1, 'pinch');
INSERT INTO ingredients (id, recipe_id, name, quantity, unit) VALUES ('c09bd658-d448-49e4-b118-26a354ec346b', '84def888-b5b5-4f1e-acbf-c862f6d2ec4c', 'Cauliflower', 2, 'oz');
INSERT INTO ingredients (id, recipe_id, name, quantity, unit) VALUES ('1b971c9a-9ca4-426b-8d56-f1ffea78891e', '84def888-b5b5-4f1e-acbf-c862f6d2ec4c', 'Zucchini', 5, 'cup');
INSERT INTO ingredients (id, recipe_id, name, quantity, unit) VALUES ('4983b5aa-b932-4a83-a7f2-79a3b0fea858', '84def888-b5b5-4f1e-acbf-c862f6d2ec4c', 'Ginger', 1, 'clove');
INSERT INTO ingredients (id, recipe_id, name, quantity, unit) VALUES ('9ec839b7-4298-4a7b-a39c-63db62f5c9c6', '84def888-b5b5-4f1e-acbf-c862f6d2ec4c', 'Butter', 1, 'tbsp');
INSERT INTO ingredients (id, recipe_id, name, quantity, unit) VALUES ('22d8cebc-7e8b-4635-a7fd-8da08c49d52e', '84def888-b5b5-4f1e-acbf-c862f6d2ec4c', 'Spinach', 2, 'head');
INSERT INTO ingredients (id, recipe_id, name, quantity, unit) VALUES ('14d0fadb-8a01-4f73-aa2c-979f17c50a14', '84def888-b5b5-4f1e-acbf-c862f6d2ec4c', 'Broccoli', 5, 'ml');
INSERT INTO ingredients (id, recipe_id, name, quantity, unit) VALUES ('7edb1d80-d52f-4786-bc5b-1e2d8ad03f88', '84def888-b5b5-4f1e-acbf-c862f6d2ec4c', 'Onion', 4, 'clove');
INSERT INTO recipe_dietary_tags (recipe_id, tag_id) VALUES ('84def888-b5b5-4f1e-acbf-c862f6d2ec4c', 5);
INSERT INTO recipe_dietary_tags (recipe_id, tag_id) VALUES ('84def888-b5b5-4f1e-acbf-c862f6d2ec4c', 4);

INSERT INTO recipes (id, user_id, title, description, instructions, image_url, servings, source_url, source_name, is_archived) VALUES ('e58e015c-6582-4750-a4a1-f97ffd00da95', 'admin-user-id', 'Miso Ginger Steamed Lentils', 'A delicious and healthy Miso Ginger Steamed Lentils served with Kale and Quinoa. Perfect for a quick weeknight dinner.', '1. Preheat oven to 400°F.
2. Season the Lentils with Miso Ginger spices.
3. Arrange Kale and Cauliflower on a baking sheet.
4. Steamed for 20-25 minutes until cooked through.
5. Serve hot over Quinoa.', 'https://images.unsplash.com/photo-1500000000221?auto=format&fit=crop&w=800&q=60', 7, 'https://www.allrecipes.com', 'AllRecipes', 0);
INSERT INTO ingredients (id, recipe_id, name, quantity, unit) VALUES ('91a5a9c6-0976-4251-8b2f-db065ddb9e63', 'e58e015c-6582-4750-a4a1-f97ffd00da95', 'Lentils', 1, 'oz');
INSERT INTO ingredients (id, recipe_id, name, quantity, unit) VALUES ('ff77c06a-a147-411c-be45-dee326a4c598', 'e58e015c-6582-4750-a4a1-f97ffd00da95', 'Kale', 3, 'head');
INSERT INTO ingredients (id, recipe_id, name, quantity, unit) VALUES ('8ba9d018-edf3-4ff0-997f-c1b98315a425', 'e58e015c-6582-4750-a4a1-f97ffd00da95', 'Quinoa', 1, 'cup');
INSERT INTO ingredients (id, recipe_id, name, quantity, unit) VALUES ('51615a19-3bb4-46e3-9a9b-93513a636a9e', 'e58e015c-6582-4750-a4a1-f97ffd00da95', 'Olive Oil', 3, 'tbsp');
INSERT INTO ingredients (id, recipe_id, name, quantity, unit) VALUES ('e01bf4de-c71e-463e-9743-4bf7f88b38d0', 'e58e015c-6582-4750-a4a1-f97ffd00da95', 'Salt & Pepper', 1, 'pinch');
INSERT INTO recipe_dietary_tags (recipe_id, tag_id) VALUES ('e58e015c-6582-4750-a4a1-f97ffd00da95', 4);

INSERT INTO recipes (id, user_id, title, description, instructions, image_url, servings, source_url, source_name, is_archived) VALUES ('e997bde8-a6a7-404e-aa99-4e48df6eeaf0', 'admin-user-id', 'Taco Seasoned Roasted Steak', 'A delicious and healthy Taco Seasoned Roasted Steak served with Carrots and Mashed Cauliflower. Perfect for a quick weeknight dinner.', '1. Preheat oven to 400°F.
2. Season the Steak with Taco Seasoned spices.
3. Arrange Carrots and Zucchini on a baking sheet.
4. Roasted for 20-25 minutes until cooked through.
5. Serve hot over Mashed Cauliflower.', 'https://images.unsplash.com/photo-1500000000222?auto=format&fit=crop&w=800&q=60', 4, 'https://www.foodnetwork.com', 'Food Network', 0);
INSERT INTO ingredients (id, recipe_id, name, quantity, unit) VALUES ('960d2511-e6fb-4806-96b3-ae0a6a1c18ce', 'e997bde8-a6a7-404e-aa99-4e48df6eeaf0', 'Steak', 1, 'oz');
INSERT INTO ingredients (id, recipe_id, name, quantity, unit) VALUES ('2f459940-d30c-4bc5-9cf9-2bb39d9c2cbe', 'e997bde8-a6a7-404e-aa99-4e48df6eeaf0', 'Carrots', 1, 'bundle');
INSERT INTO ingredients (id, recipe_id, name, quantity, unit) VALUES ('0ebe5b1c-fb7b-4edf-b12b-a6a640a24c45', 'e997bde8-a6a7-404e-aa99-4e48df6eeaf0', 'Mashed Cauliflower', 1, 'cup');
INSERT INTO ingredients (id, recipe_id, name, quantity, unit) VALUES ('81c634ca-1971-4d0f-81ce-b7be310710b2', 'e997bde8-a6a7-404e-aa99-4e48df6eeaf0', 'Olive Oil', 3, 'tbsp');
INSERT INTO ingredients (id, recipe_id, name, quantity, unit) VALUES ('56ae5d4b-984d-4bc5-857d-2f74b6e6da06', 'e997bde8-a6a7-404e-aa99-4e48df6eeaf0', 'Salt & Pepper', 1, 'pinch');
INSERT INTO ingredients (id, recipe_id, name, quantity, unit) VALUES ('5e99be08-f6be-4334-add9-1209101382cd', 'e997bde8-a6a7-404e-aa99-4e48df6eeaf0', 'Broccoli', 3, 'pinch');
INSERT INTO ingredients (id, recipe_id, name, quantity, unit) VALUES ('4dface4c-f0eb-45d4-81eb-450bbbcc6ee6', 'e997bde8-a6a7-404e-aa99-4e48df6eeaf0', 'Cauliflower', 2, 'tbsp');
INSERT INTO ingredients (id, recipe_id, name, quantity, unit) VALUES ('150bf3f6-a536-434b-aaec-625e63bf7600', 'e997bde8-a6a7-404e-aa99-4e48df6eeaf0', 'Garlic', 5, 'g');
INSERT INTO ingredients (id, recipe_id, name, quantity, unit) VALUES ('d7ed606e-aa6f-4c79-88c2-107289e94c10', 'e997bde8-a6a7-404e-aa99-4e48df6eeaf0', 'Cauliflower', 5, 'cup');
INSERT INTO recipe_dietary_tags (recipe_id, tag_id) VALUES ('e997bde8-a6a7-404e-aa99-4e48df6eeaf0', 6);

INSERT INTO recipes (id, user_id, title, description, instructions, image_url, servings, source_url, source_name, is_archived) VALUES ('7727c51c-9388-450a-ba04-f049295e3165', 'admin-user-id', 'Lemon Garlic Baked Chicken Breast', 'A delicious and healthy Lemon Garlic Baked Chicken Breast served with Kale and Couscous. Perfect for a quick weeknight dinner.', '1. Preheat oven to 400°F.
2. Season the Chicken Breast with Lemon Garlic spices.
3. Arrange Kale and Bell Peppers on a baking sheet.
4. Baked for 20-25 minutes until cooked through.
5. Serve hot over Couscous.', 'https://images.unsplash.com/photo-1500000000223?auto=format&fit=crop&w=800&q=60', 4, 'https://www.bonappetit.com', 'Bon Appetit', 0);
INSERT INTO ingredients (id, recipe_id, name, quantity, unit) VALUES ('231edbaa-2516-4fce-a530-65ddb72a2bb4', '7727c51c-9388-450a-ba04-f049295e3165', 'Chicken Breast', 1, 'lb');
INSERT INTO ingredients (id, recipe_id, name, quantity, unit) VALUES ('88785f15-c9c7-43f9-94bf-968a9ea69d46', '7727c51c-9388-450a-ba04-f049295e3165', 'Kale', 1, 'head');
INSERT INTO ingredients (id, recipe_id, name, quantity, unit) VALUES ('b42bb891-f68a-4114-994e-b010a96ddbe1', '7727c51c-9388-450a-ba04-f049295e3165', 'Couscous', 3, 'cup');
INSERT INTO ingredients (id, recipe_id, name, quantity, unit) VALUES ('c341ca57-af0a-4ec6-b113-36c3433e16fe', '7727c51c-9388-450a-ba04-f049295e3165', 'Olive Oil', 1, 'tbsp');
INSERT INTO ingredients (id, recipe_id, name, quantity, unit) VALUES ('8298e842-531e-4c8c-a443-b1f49839c0b8', '7727c51c-9388-450a-ba04-f049295e3165', 'Salt & Pepper', 1, 'pinch');
INSERT INTO ingredients (id, recipe_id, name, quantity, unit) VALUES ('42fe6b75-20b8-455f-80eb-acc6c2fbfc89', '7727c51c-9388-450a-ba04-f049295e3165', 'Zucchini', 3, 'tbsp');
INSERT INTO ingredients (id, recipe_id, name, quantity, unit) VALUES ('d304bdcc-2f6a-455e-9853-748f90124239', '7727c51c-9388-450a-ba04-f049295e3165', 'Ginger', 3, 'g');
INSERT INTO ingredients (id, recipe_id, name, quantity, unit) VALUES ('789fdcd8-23ec-4050-8c11-202ee05cc13f', '7727c51c-9388-450a-ba04-f049295e3165', 'Butter', 2, 'head');
INSERT INTO recipe_dietary_tags (recipe_id, tag_id) VALUES ('7727c51c-9388-450a-ba04-f049295e3165', 1);

INSERT INTO recipes (id, user_id, title, description, instructions, image_url, servings, source_url, source_name, is_archived) VALUES ('3522ac71-2e4c-4dc0-b42b-773b8d549989', 'admin-user-id', 'Honey Sriracha Pan-Seared Tofu', 'A delicious and healthy Honey Sriracha Pan-Seared Tofu served with Sweet Potatoes and Quinoa. Perfect for a quick weeknight dinner.', '1. Preheat oven to 400°F.
2. Season the Tofu with Honey Sriracha spices.
3. Arrange Sweet Potatoes and Brussels Sprouts on a baking sheet.
4. Pan-Seared for 20-25 minutes until cooked through.
5. Serve hot over Quinoa.', 'https://images.unsplash.com/photo-1500000000224?auto=format&fit=crop&w=800&q=60', 8, 'https://www.tasteofhome.com', 'Taste of Home', 0);
INSERT INTO ingredients (id, recipe_id, name, quantity, unit) VALUES ('773ca155-04d4-4cf2-9efe-812fe783e48d', '3522ac71-2e4c-4dc0-b42b-773b8d549989', 'Tofu', 2, 'oz');
INSERT INTO ingredients (id, recipe_id, name, quantity, unit) VALUES ('d62ca544-8ca8-4925-a9fa-048ef9346e33', '3522ac71-2e4c-4dc0-b42b-773b8d549989', 'Sweet Potatoes', 2, 'cup');
INSERT INTO ingredients (id, recipe_id, name, quantity, unit) VALUES ('99b752eb-02a7-45fc-8139-1062b41f363d', '3522ac71-2e4c-4dc0-b42b-773b8d549989', 'Quinoa', 1, 'cup');
INSERT INTO ingredients (id, recipe_id, name, quantity, unit) VALUES ('7f0e8d3d-f153-4f6a-bf20-51854c0d7fc7', '3522ac71-2e4c-4dc0-b42b-773b8d549989', 'Olive Oil', 1, 'tbsp');
INSERT INTO ingredients (id, recipe_id, name, quantity, unit) VALUES ('dc9dcb17-5bd2-42be-b767-f6ccd0f25203', '3522ac71-2e4c-4dc0-b42b-773b8d549989', 'Salt & Pepper', 1, 'pinch');
INSERT INTO recipe_dietary_tags (recipe_id, tag_id) VALUES ('3522ac71-2e4c-4dc0-b42b-773b8d549989', 10);

INSERT INTO recipes (id, user_id, title, description, instructions, image_url, servings, source_url, source_name, is_archived) VALUES ('51f9fa2a-2bfb-4876-a259-96ed079829c2', 'admin-user-id', 'Pesto Roasted Lentils', 'A delicious and healthy Pesto Roasted Lentils served with Asparagus and Quinoa. Perfect for a quick weeknight dinner.', '1. Preheat oven to 400°F.
2. Season the Lentils with Pesto spices.
3. Arrange Asparagus and Brussels Sprouts on a baking sheet.
4. Roasted for 20-25 minutes until cooked through.
5. Serve hot over Quinoa.', 'https://images.unsplash.com/photo-1500000000225?auto=format&fit=crop&w=800&q=60', 4, 'https://www.bonappetit.com', 'Bon Appetit', 0);
INSERT INTO ingredients (id, recipe_id, name, quantity, unit) VALUES ('a5bc8195-99d7-4ad8-b9c2-69af78126c47', '51f9fa2a-2bfb-4876-a259-96ed079829c2', 'Lentils', 1, 'oz');
INSERT INTO ingredients (id, recipe_id, name, quantity, unit) VALUES ('0b8a11b2-d3d9-4f5a-8b63-59cb06b01d45', '51f9fa2a-2bfb-4876-a259-96ed079829c2', 'Asparagus', 2, 'cup');
INSERT INTO ingredients (id, recipe_id, name, quantity, unit) VALUES ('95567b0f-874e-4219-85fa-3b45fa8ae6da', '51f9fa2a-2bfb-4876-a259-96ed079829c2', 'Quinoa', 1, 'cup');
INSERT INTO ingredients (id, recipe_id, name, quantity, unit) VALUES ('5d473eb5-02e4-4755-8571-ba5cca6e0a88', '51f9fa2a-2bfb-4876-a259-96ed079829c2', 'Olive Oil', 1, 'tbsp');
INSERT INTO ingredients (id, recipe_id, name, quantity, unit) VALUES ('7f0585c2-b1cd-4c3f-a0e1-fc5504815090', '51f9fa2a-2bfb-4876-a259-96ed079829c2', 'Salt & Pepper', 1, 'pinch');
INSERT INTO ingredients (id, recipe_id, name, quantity, unit) VALUES ('c07ce594-1fc0-41fc-9b42-29cc6ebf28cc', '51f9fa2a-2bfb-4876-a259-96ed079829c2', 'Lemon', 3, 'cup');
INSERT INTO ingredients (id, recipe_id, name, quantity, unit) VALUES ('bd188c2e-a08d-4d68-8450-a5883d03a1bc', '51f9fa2a-2bfb-4876-a259-96ed079829c2', 'Ginger', 5, 'lb');
INSERT INTO ingredients (id, recipe_id, name, quantity, unit) VALUES ('7c1ff8e1-390b-4de8-a988-8c1a4b704350', '51f9fa2a-2bfb-4876-a259-96ed079829c2', 'Kale', 3, 'clove');
INSERT INTO ingredients (id, recipe_id, name, quantity, unit) VALUES ('61d2f4a6-1689-42d2-b2c9-115821314bee', '51f9fa2a-2bfb-4876-a259-96ed079829c2', 'Kale', 2, 'bundle');
INSERT INTO ingredients (id, recipe_id, name, quantity, unit) VALUES ('3162cd6f-59a5-4784-b750-6186ff506eb8', '51f9fa2a-2bfb-4876-a259-96ed079829c2', 'Butter', 1, 'bundle');
INSERT INTO ingredients (id, recipe_id, name, quantity, unit) VALUES ('db379c16-c965-4dbd-a4f9-399b6df16f46', '51f9fa2a-2bfb-4876-a259-96ed079829c2', 'Green Beans', 3, 'tsp');
INSERT INTO recipe_dietary_tags (recipe_id, tag_id) VALUES ('51f9fa2a-2bfb-4876-a259-96ed079829c2', 1);
INSERT INTO recipe_dietary_tags (recipe_id, tag_id) VALUES ('51f9fa2a-2bfb-4876-a259-96ed079829c2', 8);

INSERT INTO recipes (id, user_id, title, description, instructions, image_url, servings, source_url, source_name, is_archived) VALUES ('e3bbc215-21e1-4f9f-a72c-138a515c3909', 'admin-user-id', 'Lemon Garlic Air Fried Chickpeas', 'A delicious and healthy Lemon Garlic Air Fried Chickpeas served with Spinach and Cauliflower Rice. Perfect for a quick weeknight dinner.', '1. Preheat oven to 400°F.
2. Season the Chickpeas with Lemon Garlic spices.
3. Arrange Spinach and Carrots on a baking sheet.
4. Air Fried for 20-25 minutes until cooked through.
5. Serve hot over Cauliflower Rice.', 'https://images.unsplash.com/photo-1500000000226?auto=format&fit=crop&w=800&q=60', 6, 'https://www.allrecipes.com', 'AllRecipes', 0);
INSERT INTO ingredients (id, recipe_id, name, quantity, unit) VALUES ('7debd433-fdab-4026-877b-8c2ef43a2674', 'e3bbc215-21e1-4f9f-a72c-138a515c3909', 'Chickpeas', 2, 'lb');
INSERT INTO ingredients (id, recipe_id, name, quantity, unit) VALUES ('a55e0eca-38be-4696-80bb-c7e214b82055', 'e3bbc215-21e1-4f9f-a72c-138a515c3909', 'Spinach', 1, 'bundle');
INSERT INTO ingredients (id, recipe_id, name, quantity, unit) VALUES ('83c33e4b-091b-4280-bc47-69f0fdf692c6', 'e3bbc215-21e1-4f9f-a72c-138a515c3909', 'Cauliflower Rice', 1, 'cup');
INSERT INTO ingredients (id, recipe_id, name, quantity, unit) VALUES ('58161a8e-e30f-422b-8db0-4d5c141bec60', 'e3bbc215-21e1-4f9f-a72c-138a515c3909', 'Olive Oil', 1, 'tbsp');
INSERT INTO ingredients (id, recipe_id, name, quantity, unit) VALUES ('04df4e7b-0057-4816-b98c-a8f68aeca66f', 'e3bbc215-21e1-4f9f-a72c-138a515c3909', 'Salt & Pepper', 1, 'pinch');
INSERT INTO ingredients (id, recipe_id, name, quantity, unit) VALUES ('892da1c8-7d24-4534-8162-5577dc19d135', 'e3bbc215-21e1-4f9f-a72c-138a515c3909', 'Zucchini', 5, 'tsp');
INSERT INTO ingredients (id, recipe_id, name, quantity, unit) VALUES ('18fdfde4-fbc5-4707-a39e-d48c8c867469', 'e3bbc215-21e1-4f9f-a72c-138a515c3909', 'Asparagus', 4, 'clove');
INSERT INTO ingredients (id, recipe_id, name, quantity, unit) VALUES ('80defca7-40d9-49b4-b6a2-8f22203ecbc5', 'e3bbc215-21e1-4f9f-a72c-138a515c3909', 'Lemon', 5, 'g');
INSERT INTO ingredients (id, recipe_id, name, quantity, unit) VALUES ('6dd91b77-c001-4833-8a87-bfc51d58b451', 'e3bbc215-21e1-4f9f-a72c-138a515c3909', 'Broccoli', 4, 'pinch');
INSERT INTO recipe_dietary_tags (recipe_id, tag_id) VALUES ('e3bbc215-21e1-4f9f-a72c-138a515c3909', 6);
INSERT INTO recipe_dietary_tags (recipe_id, tag_id) VALUES ('e3bbc215-21e1-4f9f-a72c-138a515c3909', 7);

INSERT INTO recipes (id, user_id, title, description, instructions, image_url, servings, source_url, source_name, is_archived) VALUES ('8adb3ca8-315f-47c2-83a5-b5a55cfb74c3', 'admin-user-id', 'Curry Steamed Shrimp', 'A delicious and healthy Curry Steamed Shrimp served with Cauliflower and Wild Rice. Perfect for a quick weeknight dinner.', '1. Preheat oven to 400°F.
2. Season the Shrimp with Curry spices.
3. Arrange Cauliflower and Broccoli on a baking sheet.
4. Steamed for 20-25 minutes until cooked through.
5. Serve hot over Wild Rice.', 'https://images.unsplash.com/photo-1500000000227?auto=format&fit=crop&w=800&q=60', 5, 'https://www.bonappetit.com', 'Bon Appetit', 0);
INSERT INTO ingredients (id, recipe_id, name, quantity, unit) VALUES ('1c4fb9dc-82b8-49c4-b404-91f7eaac564f', '8adb3ca8-315f-47c2-83a5-b5a55cfb74c3', 'Shrimp', 1, 'oz');
INSERT INTO ingredients (id, recipe_id, name, quantity, unit) VALUES ('ca0d3ff1-f005-4eeb-8286-08097caacba3', '8adb3ca8-315f-47c2-83a5-b5a55cfb74c3', 'Cauliflower', 3, 'cup');
INSERT INTO ingredients (id, recipe_id, name, quantity, unit) VALUES ('093d7f14-6574-4f32-94e7-58d653709725', '8adb3ca8-315f-47c2-83a5-b5a55cfb74c3', 'Wild Rice', 3, 'cup');
INSERT INTO ingredients (id, recipe_id, name, quantity, unit) VALUES ('9a8e2bca-4f71-4a2a-ab7f-383fcd7539f1', '8adb3ca8-315f-47c2-83a5-b5a55cfb74c3', 'Olive Oil', 3, 'tbsp');
INSERT INTO ingredients (id, recipe_id, name, quantity, unit) VALUES ('4c2236a3-9ee2-4b97-8990-c2a5567ee653', '8adb3ca8-315f-47c2-83a5-b5a55cfb74c3', 'Salt & Pepper', 1, 'pinch');
INSERT INTO ingredients (id, recipe_id, name, quantity, unit) VALUES ('c1b4a556-e2a2-4495-91ca-d2550e2afd0f', '8adb3ca8-315f-47c2-83a5-b5a55cfb74c3', 'Carrots', 5, 'bundle');
INSERT INTO ingredients (id, recipe_id, name, quantity, unit) VALUES ('f53851d4-e7ef-4445-af14-3cb1b131fa7a', '8adb3ca8-315f-47c2-83a5-b5a55cfb74c3', 'Sweet Potatoes', 1, 'tbsp');
INSERT INTO recipe_dietary_tags (recipe_id, tag_id) VALUES ('8adb3ca8-315f-47c2-83a5-b5a55cfb74c3', 3);

INSERT INTO recipes (id, user_id, title, description, instructions, image_url, servings, source_url, source_name, is_archived) VALUES ('6fdc527c-8377-4467-99ee-47153be1c97d', 'admin-user-id', 'Teriyaki Slow Cooked Turkey Breast', 'A delicious and healthy Teriyaki Slow Cooked Turkey Breast served with Cauliflower and Quinoa. Perfect for a quick weeknight dinner.', '1. Preheat oven to 400°F.
2. Season the Turkey Breast with Teriyaki spices.
3. Arrange Cauliflower and Sweet Potatoes on a baking sheet.
4. Slow Cooked for 20-25 minutes until cooked through.
5. Serve hot over Quinoa.', 'https://images.unsplash.com/photo-1500000000228?auto=format&fit=crop&w=800&q=60', 4, 'https://www.bonappetit.com', 'Bon Appetit', 0);
INSERT INTO ingredients (id, recipe_id, name, quantity, unit) VALUES ('0ef0c77e-264b-4177-9b23-9355e232b804', '6fdc527c-8377-4467-99ee-47153be1c97d', 'Turkey Breast', 2, 'oz');
INSERT INTO ingredients (id, recipe_id, name, quantity, unit) VALUES ('d3c84e5c-c8df-4910-8f37-2ac079955ca2', '6fdc527c-8377-4467-99ee-47153be1c97d', 'Cauliflower', 3, 'cup');
INSERT INTO ingredients (id, recipe_id, name, quantity, unit) VALUES ('93596539-0d4e-4c26-8d52-9c4d673eb67c', '6fdc527c-8377-4467-99ee-47153be1c97d', 'Quinoa', 1, 'cup');
INSERT INTO ingredients (id, recipe_id, name, quantity, unit) VALUES ('b0e13ef6-a5e2-49e5-85c2-e45b2b49caf5', '6fdc527c-8377-4467-99ee-47153be1c97d', 'Olive Oil', 2, 'tbsp');
INSERT INTO ingredients (id, recipe_id, name, quantity, unit) VALUES ('05ee2a4b-4755-467a-af44-229a940eecfb', '6fdc527c-8377-4467-99ee-47153be1c97d', 'Salt & Pepper', 1, 'pinch');
INSERT INTO ingredients (id, recipe_id, name, quantity, unit) VALUES ('1b3c1840-12d2-4d14-9ac7-08a70b86fe80', '6fdc527c-8377-4467-99ee-47153be1c97d', 'Carrots', 5, 'cup');
INSERT INTO ingredients (id, recipe_id, name, quantity, unit) VALUES ('49d781a4-7de4-4162-b0b5-8b4753956d90', '6fdc527c-8377-4467-99ee-47153be1c97d', 'Butter', 4, 'g');
INSERT INTO recipe_dietary_tags (recipe_id, tag_id) VALUES ('6fdc527c-8377-4467-99ee-47153be1c97d', 7);
INSERT INTO recipe_dietary_tags (recipe_id, tag_id) VALUES ('6fdc527c-8377-4467-99ee-47153be1c97d', 2);

INSERT INTO recipes (id, user_id, title, description, instructions, image_url, servings, source_url, source_name, is_archived) VALUES ('179f48b5-ed7f-4e41-885c-6f81de2c595e', 'admin-user-id', 'Honey Sriracha Sautéed Black Beans', 'A delicious and healthy Honey Sriracha Sautéed Black Beans served with Asparagus and Wild Rice. Perfect for a quick weeknight dinner.', '1. Preheat oven to 400°F.
2. Season the Black Beans with Honey Sriracha spices.
3. Arrange Asparagus and Sweet Potatoes on a baking sheet.
4. Sautéed for 20-25 minutes until cooked through.
5. Serve hot over Wild Rice.', 'https://images.unsplash.com/photo-1500000000229?auto=format&fit=crop&w=800&q=60', 3, 'https://www.bonappetit.com', 'Bon Appetit', 0);
INSERT INTO ingredients (id, recipe_id, name, quantity, unit) VALUES ('070258b7-222a-40f4-b8b4-6d805a5dea6b', '179f48b5-ed7f-4e41-885c-6f81de2c595e', 'Black Beans', 2, 'oz');
INSERT INTO ingredients (id, recipe_id, name, quantity, unit) VALUES ('2a28c28a-469b-4de1-9e75-c60d599c5ba8', '179f48b5-ed7f-4e41-885c-6f81de2c595e', 'Asparagus', 2, 'cup');
INSERT INTO ingredients (id, recipe_id, name, quantity, unit) VALUES ('7d9689b3-5128-4741-a192-01f6013ed668', '179f48b5-ed7f-4e41-885c-6f81de2c595e', 'Wild Rice', 2, 'cup');
INSERT INTO ingredients (id, recipe_id, name, quantity, unit) VALUES ('e04faf2b-f51c-4641-98ea-30fa9ea68995', '179f48b5-ed7f-4e41-885c-6f81de2c595e', 'Olive Oil', 3, 'tbsp');
INSERT INTO ingredients (id, recipe_id, name, quantity, unit) VALUES ('db9d9dc2-a33e-453f-8866-91592fc448c2', '179f48b5-ed7f-4e41-885c-6f81de2c595e', 'Salt & Pepper', 1, 'pinch');
INSERT INTO ingredients (id, recipe_id, name, quantity, unit) VALUES ('b6e359e1-fe7b-40e9-892d-ea1b1800ffd0', '179f48b5-ed7f-4e41-885c-6f81de2c595e', 'Cauliflower', 3, 'tsp');
INSERT INTO ingredients (id, recipe_id, name, quantity, unit) VALUES ('21fa32bd-18d6-4af5-98f0-4a8f17d8eda8', '179f48b5-ed7f-4e41-885c-6f81de2c595e', 'Spinach', 1, 'cup');
INSERT INTO ingredients (id, recipe_id, name, quantity, unit) VALUES ('93dd2bd9-909d-4d1d-b87e-e9167b92d9d0', '179f48b5-ed7f-4e41-885c-6f81de2c595e', 'Zucchini', 5, 'clove');
INSERT INTO ingredients (id, recipe_id, name, quantity, unit) VALUES ('386ac72c-c663-42db-9359-f345c61294a3', '179f48b5-ed7f-4e41-885c-6f81de2c595e', 'Broccoli', 3, 'pinch');
INSERT INTO recipe_dietary_tags (recipe_id, tag_id) VALUES ('179f48b5-ed7f-4e41-885c-6f81de2c595e', 7);

INSERT INTO recipes (id, user_id, title, description, instructions, image_url, servings, source_url, source_name, is_archived) VALUES ('413086b1-2646-4cc2-9144-ef0063ed6fbf', 'admin-user-id', 'Cajun Roasted Steak', 'A delicious and healthy Cajun Roasted Steak served with Zucchini and Quinoa. Perfect for a quick weeknight dinner.', '1. Preheat oven to 400°F.
2. Season the Steak with Cajun spices.
3. Arrange Zucchini and Cauliflower on a baking sheet.
4. Roasted for 20-25 minutes until cooked through.
5. Serve hot over Quinoa.', 'https://images.unsplash.com/photo-1500000000230?auto=format&fit=crop&w=800&q=60', 2, 'https://www.bonappetit.com', 'Bon Appetit', 0);
INSERT INTO ingredients (id, recipe_id, name, quantity, unit) VALUES ('08da229c-33df-478c-bcc2-852572c8d407', '413086b1-2646-4cc2-9144-ef0063ed6fbf', 'Steak', 2, 'oz');
INSERT INTO ingredients (id, recipe_id, name, quantity, unit) VALUES ('459d8750-92f4-41fa-8d6f-de35f07edea1', '413086b1-2646-4cc2-9144-ef0063ed6fbf', 'Zucchini', 3, 'bundle');
INSERT INTO ingredients (id, recipe_id, name, quantity, unit) VALUES ('30b05589-811a-437e-bee4-582a3c5897df', '413086b1-2646-4cc2-9144-ef0063ed6fbf', 'Quinoa', 2, 'cup');
INSERT INTO ingredients (id, recipe_id, name, quantity, unit) VALUES ('6d909e8b-b7de-4040-8d39-5a5af609675e', '413086b1-2646-4cc2-9144-ef0063ed6fbf', 'Olive Oil', 1, 'tbsp');
INSERT INTO ingredients (id, recipe_id, name, quantity, unit) VALUES ('a8cd5ae8-40a1-4f01-9b9f-c618460f1d7d', '413086b1-2646-4cc2-9144-ef0063ed6fbf', 'Salt & Pepper', 1, 'pinch');
INSERT INTO ingredients (id, recipe_id, name, quantity, unit) VALUES ('b362348a-20d6-4c88-b6a8-24568dc6412e', '413086b1-2646-4cc2-9144-ef0063ed6fbf', 'Bell Peppers', 5, 'g');
INSERT INTO ingredients (id, recipe_id, name, quantity, unit) VALUES ('18e70294-7c0d-4aa7-93a3-7d63a19b1948', '413086b1-2646-4cc2-9144-ef0063ed6fbf', 'Garlic', 5, 'head');
INSERT INTO ingredients (id, recipe_id, name, quantity, unit) VALUES ('055021a8-1712-49b7-bc92-d4976e163cf7', '413086b1-2646-4cc2-9144-ef0063ed6fbf', 'Zucchini', 3, 'cup');
INSERT INTO ingredients (id, recipe_id, name, quantity, unit) VALUES ('0309fd13-b60a-40c1-9687-1f6d53134238', '413086b1-2646-4cc2-9144-ef0063ed6fbf', 'Brussels Sprouts', 1, 'bundle');
INSERT INTO recipe_dietary_tags (recipe_id, tag_id) VALUES ('413086b1-2646-4cc2-9144-ef0063ed6fbf', 2);

INSERT INTO recipes (id, user_id, title, description, instructions, image_url, servings, source_url, source_name, is_archived) VALUES ('9e62e3ba-bcaf-49fd-b31b-c67555d278d3', 'admin-user-id', 'Miso Ginger Pan-Seared Tofu', 'A delicious and healthy Miso Ginger Pan-Seared Tofu served with Kale and Wild Rice. Perfect for a quick weeknight dinner.', '1. Preheat oven to 400°F.
2. Season the Tofu with Miso Ginger spices.
3. Arrange Kale and Bell Peppers on a baking sheet.
4. Pan-Seared for 20-25 minutes until cooked through.
5. Serve hot over Wild Rice.', 'https://images.unsplash.com/photo-1500000000231?auto=format&fit=crop&w=800&q=60', 7, 'https://www.allrecipes.com', 'AllRecipes', 0);
INSERT INTO ingredients (id, recipe_id, name, quantity, unit) VALUES ('cf3e2170-a668-4b5a-a8be-6c1767ba32aa', '9e62e3ba-bcaf-49fd-b31b-c67555d278d3', 'Tofu', 2, 'oz');
INSERT INTO ingredients (id, recipe_id, name, quantity, unit) VALUES ('a48c6b87-1264-4299-b429-986066dd8bbb', '9e62e3ba-bcaf-49fd-b31b-c67555d278d3', 'Kale', 3, 'cup');
INSERT INTO ingredients (id, recipe_id, name, quantity, unit) VALUES ('052eca8e-6d9c-49ff-ba60-5bf08e10fa4b', '9e62e3ba-bcaf-49fd-b31b-c67555d278d3', 'Wild Rice', 1, 'cup');
INSERT INTO ingredients (id, recipe_id, name, quantity, unit) VALUES ('657a3bdd-b791-4001-a295-17b152d4e025', '9e62e3ba-bcaf-49fd-b31b-c67555d278d3', 'Olive Oil', 1, 'tbsp');
INSERT INTO ingredients (id, recipe_id, name, quantity, unit) VALUES ('5de5918d-1f3d-48ac-be10-209069936a5d', '9e62e3ba-bcaf-49fd-b31b-c67555d278d3', 'Salt & Pepper', 1, 'pinch');
INSERT INTO ingredients (id, recipe_id, name, quantity, unit) VALUES ('7b86c073-37a8-417a-9c1c-13917c795b5e', '9e62e3ba-bcaf-49fd-b31b-c67555d278d3', 'Lemon', 1, 'bundle');
INSERT INTO ingredients (id, recipe_id, name, quantity, unit) VALUES ('feb78aaa-f6bb-4dc3-91c7-b2aab611f479', '9e62e3ba-bcaf-49fd-b31b-c67555d278d3', 'Carrots', 1, 'head');
INSERT INTO recipe_dietary_tags (recipe_id, tag_id) VALUES ('9e62e3ba-bcaf-49fd-b31b-c67555d278d3', 2);
INSERT INTO recipe_dietary_tags (recipe_id, tag_id) VALUES ('9e62e3ba-bcaf-49fd-b31b-c67555d278d3', 10);
INSERT INTO recipe_dietary_tags (recipe_id, tag_id) VALUES ('9e62e3ba-bcaf-49fd-b31b-c67555d278d3', 7);

INSERT INTO recipes (id, user_id, title, description, instructions, image_url, servings, source_url, source_name, is_archived) VALUES ('e601b940-eea7-4bd8-b648-e78d195a2c92', 'admin-user-id', 'Cajun Grilled Pork Loin', 'A delicious and healthy Cajun Grilled Pork Loin served with Asparagus and Wild Rice. Perfect for a quick weeknight dinner.', '1. Preheat oven to 400°F.
2. Season the Pork Loin with Cajun spices.
3. Arrange Asparagus and Bell Peppers on a baking sheet.
4. Grilled for 20-25 minutes until cooked through.
5. Serve hot over Wild Rice.', 'https://images.unsplash.com/photo-1500000000232?auto=format&fit=crop&w=800&q=60', 5, 'https://www.foodnetwork.com', 'Food Network', 0);
INSERT INTO ingredients (id, recipe_id, name, quantity, unit) VALUES ('4b212002-d671-47ee-82f1-8b90b83be65d', 'e601b940-eea7-4bd8-b648-e78d195a2c92', 'Pork Loin', 2, 'lb');
INSERT INTO ingredients (id, recipe_id, name, quantity, unit) VALUES ('dd8034f6-9c09-4fc4-8bf2-e2a1c02a3cf0', 'e601b940-eea7-4bd8-b648-e78d195a2c92', 'Asparagus', 4, 'head');
INSERT INTO ingredients (id, recipe_id, name, quantity, unit) VALUES ('5152af9a-ead2-47ae-8202-146abbe97554', 'e601b940-eea7-4bd8-b648-e78d195a2c92', 'Wild Rice', 1, 'cup');
INSERT INTO ingredients (id, recipe_id, name, quantity, unit) VALUES ('8628c336-f839-49e3-8f41-058c2262e26a', 'e601b940-eea7-4bd8-b648-e78d195a2c92', 'Olive Oil', 1, 'tbsp');
INSERT INTO ingredients (id, recipe_id, name, quantity, unit) VALUES ('ca6a99c2-74c7-4fd3-ac18-5862d609a035', 'e601b940-eea7-4bd8-b648-e78d195a2c92', 'Salt & Pepper', 1, 'pinch');
INSERT INTO ingredients (id, recipe_id, name, quantity, unit) VALUES ('5dbb8c32-a2b0-4ce0-97f2-75d32b589510', 'e601b940-eea7-4bd8-b648-e78d195a2c92', 'Kale', 2, 'pinch');
INSERT INTO ingredients (id, recipe_id, name, quantity, unit) VALUES ('d416bea3-81de-48e5-b177-27a500d73b8f', 'e601b940-eea7-4bd8-b648-e78d195a2c92', 'Asparagus', 5, 'head');
INSERT INTO ingredients (id, recipe_id, name, quantity, unit) VALUES ('34542e7b-d33c-4e02-a157-1e495d98af90', 'e601b940-eea7-4bd8-b648-e78d195a2c92', 'Green Beans', 1, 'ml');
INSERT INTO ingredients (id, recipe_id, name, quantity, unit) VALUES ('5f712098-9533-47a9-8ad4-90c372f3dc72', 'e601b940-eea7-4bd8-b648-e78d195a2c92', 'Garlic', 5, 'head');
INSERT INTO ingredients (id, recipe_id, name, quantity, unit) VALUES ('09e09451-e5c3-4c6c-b630-05395569553d', 'e601b940-eea7-4bd8-b648-e78d195a2c92', 'Lemon', 1, 'head');
INSERT INTO ingredients (id, recipe_id, name, quantity, unit) VALUES ('a803bb6d-06cb-4acd-9842-c922f16b4194', 'e601b940-eea7-4bd8-b648-e78d195a2c92', 'Onion', 3, 'clove');
INSERT INTO recipe_dietary_tags (recipe_id, tag_id) VALUES ('e601b940-eea7-4bd8-b648-e78d195a2c92', 9);
INSERT INTO recipe_dietary_tags (recipe_id, tag_id) VALUES ('e601b940-eea7-4bd8-b648-e78d195a2c92', 3);
INSERT INTO recipe_dietary_tags (recipe_id, tag_id) VALUES ('e601b940-eea7-4bd8-b648-e78d195a2c92', 4);

INSERT INTO recipes (id, user_id, title, description, instructions, image_url, servings, source_url, source_name, is_archived) VALUES ('4250c904-d511-4c2c-93e6-265f5e668ac0', 'admin-user-id', 'Honey Sriracha Sautéed Steak', 'A delicious and healthy Honey Sriracha Sautéed Steak served with Brussels Sprouts and Lentil Pasta. Perfect for a quick weeknight dinner.', '1. Preheat oven to 400°F.
2. Season the Steak with Honey Sriracha spices.
3. Arrange Brussels Sprouts and Brussels Sprouts on a baking sheet.
4. Sautéed for 20-25 minutes until cooked through.
5. Serve hot over Lentil Pasta.', 'https://images.unsplash.com/photo-1500000000233?auto=format&fit=crop&w=800&q=60', 3, 'https://www.epicurious.com', 'Epicurious', 0);
INSERT INTO ingredients (id, recipe_id, name, quantity, unit) VALUES ('43011dbd-eded-45bc-bf67-895ee67b5349', '4250c904-d511-4c2c-93e6-265f5e668ac0', 'Steak', 1, 'oz');
INSERT INTO ingredients (id, recipe_id, name, quantity, unit) VALUES ('2c38a986-c785-456d-8061-048528a6c3fa', '4250c904-d511-4c2c-93e6-265f5e668ac0', 'Brussels Sprouts', 2, 'cup');
INSERT INTO ingredients (id, recipe_id, name, quantity, unit) VALUES ('3b1c0a77-6e6f-418a-b448-a4ed7080fc05', '4250c904-d511-4c2c-93e6-265f5e668ac0', 'Lentil Pasta', 2, 'cup');
INSERT INTO ingredients (id, recipe_id, name, quantity, unit) VALUES ('191bbcd5-bae1-44f1-b7dd-335c7af87d66', '4250c904-d511-4c2c-93e6-265f5e668ac0', 'Olive Oil', 3, 'tbsp');
INSERT INTO ingredients (id, recipe_id, name, quantity, unit) VALUES ('6e084d56-bd6e-4493-920c-f76b6d3c8ae3', '4250c904-d511-4c2c-93e6-265f5e668ac0', 'Salt & Pepper', 1, 'pinch');
INSERT INTO ingredients (id, recipe_id, name, quantity, unit) VALUES ('d0aed8e4-ee71-4327-89ea-d0f864cdccaa', '4250c904-d511-4c2c-93e6-265f5e668ac0', 'Green Beans', 1, 'clove');
INSERT INTO ingredients (id, recipe_id, name, quantity, unit) VALUES ('f02c0249-e0f8-4d10-b4bb-567df22cd714', '4250c904-d511-4c2c-93e6-265f5e668ac0', 'Asparagus', 5, 'clove');
INSERT INTO ingredients (id, recipe_id, name, quantity, unit) VALUES ('1a204e66-1d12-49e9-b3ff-f07e606260b6', '4250c904-d511-4c2c-93e6-265f5e668ac0', 'Kale', 2, 'g');
INSERT INTO ingredients (id, recipe_id, name, quantity, unit) VALUES ('fd77d4f6-9511-4d18-a3e4-66798f048472', '4250c904-d511-4c2c-93e6-265f5e668ac0', 'Bell Peppers', 1, 'oz');
INSERT INTO recipe_dietary_tags (recipe_id, tag_id) VALUES ('4250c904-d511-4c2c-93e6-265f5e668ac0', 8);
INSERT INTO recipe_dietary_tags (recipe_id, tag_id) VALUES ('4250c904-d511-4c2c-93e6-265f5e668ac0', 5);

INSERT INTO recipes (id, user_id, title, description, instructions, image_url, servings, source_url, source_name, is_archived) VALUES ('e18bdd0f-edb2-47f7-af04-3a4bae5d2d22', 'admin-user-id', 'Teriyaki Roasted Chicken Breast', 'A delicious and healthy Teriyaki Roasted Chicken Breast served with Zucchini and Lentil Pasta. Perfect for a quick weeknight dinner.', '1. Preheat oven to 400°F.
2. Season the Chicken Breast with Teriyaki spices.
3. Arrange Zucchini and Carrots on a baking sheet.
4. Roasted for 20-25 minutes until cooked through.
5. Serve hot over Lentil Pasta.', 'https://images.unsplash.com/photo-1500000000234?auto=format&fit=crop&w=800&q=60', 2, 'https://www.tasteofhome.com', 'Taste of Home', 0);
INSERT INTO ingredients (id, recipe_id, name, quantity, unit) VALUES ('1d849fd3-7455-4c43-8772-4fd896003f03', 'e18bdd0f-edb2-47f7-af04-3a4bae5d2d22', 'Chicken Breast', 2, 'oz');
INSERT INTO ingredients (id, recipe_id, name, quantity, unit) VALUES ('fdb0c144-2ef9-4458-8ae0-c3aeedcab1df', 'e18bdd0f-edb2-47f7-af04-3a4bae5d2d22', 'Zucchini', 1, 'bundle');
INSERT INTO ingredients (id, recipe_id, name, quantity, unit) VALUES ('8223cc9e-6e2d-4066-b583-40f4e4052a0b', 'e18bdd0f-edb2-47f7-af04-3a4bae5d2d22', 'Lentil Pasta', 2, 'cup');
INSERT INTO ingredients (id, recipe_id, name, quantity, unit) VALUES ('ce258262-24fe-4ed6-8f4e-d06f4c5f79d1', 'e18bdd0f-edb2-47f7-af04-3a4bae5d2d22', 'Olive Oil', 3, 'tbsp');
INSERT INTO ingredients (id, recipe_id, name, quantity, unit) VALUES ('c5161c94-2ca6-4940-9ed6-2f79da42e56a', 'e18bdd0f-edb2-47f7-af04-3a4bae5d2d22', 'Salt & Pepper', 1, 'pinch');
INSERT INTO ingredients (id, recipe_id, name, quantity, unit) VALUES ('34d2f250-1f98-4179-9e46-1eb1c76f7d1e', 'e18bdd0f-edb2-47f7-af04-3a4bae5d2d22', 'Lemon', 1, 'ml');
INSERT INTO ingredients (id, recipe_id, name, quantity, unit) VALUES ('27f6c839-60ca-4621-849b-ba94abe2e688', 'e18bdd0f-edb2-47f7-af04-3a4bae5d2d22', 'Zucchini', 1, 'tbsp');
INSERT INTO ingredients (id, recipe_id, name, quantity, unit) VALUES ('8bfa53b0-efd9-4426-a0ae-ab3633693fdb', 'e18bdd0f-edb2-47f7-af04-3a4bae5d2d22', 'Butter', 1, 'bundle');
INSERT INTO ingredients (id, recipe_id, name, quantity, unit) VALUES ('b64f44dc-3516-40ff-ac77-60ff68f909cd', 'e18bdd0f-edb2-47f7-af04-3a4bae5d2d22', 'Lemon', 2, 'tbsp');
INSERT INTO ingredients (id, recipe_id, name, quantity, unit) VALUES ('adeea32f-c66d-476d-ac82-8c48a5ad9663', 'e18bdd0f-edb2-47f7-af04-3a4bae5d2d22', 'Carrots', 3, 'tbsp');
INSERT INTO ingredients (id, recipe_id, name, quantity, unit) VALUES ('e0c83120-51b1-46f3-9a70-994762502cae', 'e18bdd0f-edb2-47f7-af04-3a4bae5d2d22', 'Brussels Sprouts', 5, 'clove');
INSERT INTO recipe_dietary_tags (recipe_id, tag_id) VALUES ('e18bdd0f-edb2-47f7-af04-3a4bae5d2d22', 6);

INSERT INTO recipes (id, user_id, title, description, instructions, image_url, servings, source_url, source_name, is_archived) VALUES ('b0dbe4b8-fb34-4b16-a542-95582c95e38e', 'admin-user-id', 'Herbes de Provence Slow Cooked Eggs', 'A delicious and healthy Herbes de Provence Slow Cooked Eggs served with Carrots and Wild Rice. Perfect for a quick weeknight dinner.', '1. Preheat oven to 400°F.
2. Season the Eggs with Herbes de Provence spices.
3. Arrange Carrots and Green Beans on a baking sheet.
4. Slow Cooked for 20-25 minutes until cooked through.
5. Serve hot over Wild Rice.', 'https://images.unsplash.com/photo-1500000000235?auto=format&fit=crop&w=800&q=60', 5, 'https://www.epicurious.com', 'Epicurious', 0);
INSERT INTO ingredients (id, recipe_id, name, quantity, unit) VALUES ('4fe47f77-a52d-44af-a594-8cc542682f0b', 'b0dbe4b8-fb34-4b16-a542-95582c95e38e', 'Eggs', 1, 'oz');
INSERT INTO ingredients (id, recipe_id, name, quantity, unit) VALUES ('68849d41-68ff-4bf9-87ce-18d0acb7d536', 'b0dbe4b8-fb34-4b16-a542-95582c95e38e', 'Carrots', 1, 'head');
INSERT INTO ingredients (id, recipe_id, name, quantity, unit) VALUES ('d9c7a2d6-ef61-4ecb-8524-9dc359db3cd4', 'b0dbe4b8-fb34-4b16-a542-95582c95e38e', 'Wild Rice', 2, 'cup');
INSERT INTO ingredients (id, recipe_id, name, quantity, unit) VALUES ('ed38b328-afb3-4d80-80f7-af237aeefaf4', 'b0dbe4b8-fb34-4b16-a542-95582c95e38e', 'Olive Oil', 3, 'tbsp');
INSERT INTO ingredients (id, recipe_id, name, quantity, unit) VALUES ('fe28afbb-f774-4cdc-a411-1958cea97ed1', 'b0dbe4b8-fb34-4b16-a542-95582c95e38e', 'Salt & Pepper', 1, 'pinch');
INSERT INTO ingredients (id, recipe_id, name, quantity, unit) VALUES ('91df4051-447d-4e4b-bc53-1b87cd7d3747', 'b0dbe4b8-fb34-4b16-a542-95582c95e38e', 'Kale', 4, 'pinch');
INSERT INTO ingredients (id, recipe_id, name, quantity, unit) VALUES ('075e19e7-7ba0-4da0-ac85-cbb7a84a2ae2', 'b0dbe4b8-fb34-4b16-a542-95582c95e38e', 'Onion', 5, 'pinch');
INSERT INTO ingredients (id, recipe_id, name, quantity, unit) VALUES ('e983c785-e3d1-4c58-8bd0-eedb79ba7006', 'b0dbe4b8-fb34-4b16-a542-95582c95e38e', 'Bell Peppers', 3, 'pinch');
INSERT INTO ingredients (id, recipe_id, name, quantity, unit) VALUES ('71d6e915-ad0d-4a57-8c87-f4b07cfc219a', 'b0dbe4b8-fb34-4b16-a542-95582c95e38e', 'Lemon', 1, 'clove');
INSERT INTO ingredients (id, recipe_id, name, quantity, unit) VALUES ('ede698e5-75d8-4ab3-b456-8f16349a64f8', 'b0dbe4b8-fb34-4b16-a542-95582c95e38e', 'Cauliflower', 2, 'bundle');
INSERT INTO ingredients (id, recipe_id, name, quantity, unit) VALUES ('a957805f-3590-4f6d-a920-d294d89ac64c', 'b0dbe4b8-fb34-4b16-a542-95582c95e38e', 'Sweet Potatoes', 1, 'lb');
INSERT INTO ingredients (id, recipe_id, name, quantity, unit) VALUES ('0a70e66a-513a-4771-8e79-83ab4b753813', 'b0dbe4b8-fb34-4b16-a542-95582c95e38e', 'Kale', 4, 'pinch');
INSERT INTO recipe_dietary_tags (recipe_id, tag_id) VALUES ('b0dbe4b8-fb34-4b16-a542-95582c95e38e', 4);
INSERT INTO recipe_dietary_tags (recipe_id, tag_id) VALUES ('b0dbe4b8-fb34-4b16-a542-95582c95e38e', 9);
INSERT INTO recipe_dietary_tags (recipe_id, tag_id) VALUES ('b0dbe4b8-fb34-4b16-a542-95582c95e38e', 3);

INSERT INTO recipes (id, user_id, title, description, instructions, image_url, servings, source_url, source_name, is_archived) VALUES ('1b505bb0-04d4-4942-8c22-15d54634e18a', 'admin-user-id', 'Balsamic Glaze Air Fried Black Beans', 'A delicious and healthy Balsamic Glaze Air Fried Black Beans served with Green Beans and Cauliflower Rice. Perfect for a quick weeknight dinner.', '1. Preheat oven to 400°F.
2. Season the Black Beans with Balsamic Glaze spices.
3. Arrange Green Beans and Cauliflower on a baking sheet.
4. Air Fried for 20-25 minutes until cooked through.
5. Serve hot over Cauliflower Rice.', 'https://images.unsplash.com/photo-1500000000236?auto=format&fit=crop&w=800&q=60', 8, 'https://www.allrecipes.com', 'AllRecipes', 0);
INSERT INTO ingredients (id, recipe_id, name, quantity, unit) VALUES ('0634492b-4711-4865-97e0-edf48febbee2', '1b505bb0-04d4-4942-8c22-15d54634e18a', 'Black Beans', 2, 'oz');
INSERT INTO ingredients (id, recipe_id, name, quantity, unit) VALUES ('2f47bc0e-9316-4d0d-a7fd-5155c5181f28', '1b505bb0-04d4-4942-8c22-15d54634e18a', 'Green Beans', 1, 'bundle');
INSERT INTO ingredients (id, recipe_id, name, quantity, unit) VALUES ('4697e04b-9e26-44c3-b480-b649cf2a2b19', '1b505bb0-04d4-4942-8c22-15d54634e18a', 'Cauliflower Rice', 1, 'cup');
INSERT INTO ingredients (id, recipe_id, name, quantity, unit) VALUES ('e2afea93-7b6d-491c-ba1f-c33692bbccb5', '1b505bb0-04d4-4942-8c22-15d54634e18a', 'Olive Oil', 1, 'tbsp');
INSERT INTO ingredients (id, recipe_id, name, quantity, unit) VALUES ('dc2fb9bf-e61e-44ea-99da-bb3005cfe34c', '1b505bb0-04d4-4942-8c22-15d54634e18a', 'Salt & Pepper', 1, 'pinch');
INSERT INTO recipe_dietary_tags (recipe_id, tag_id) VALUES ('1b505bb0-04d4-4942-8c22-15d54634e18a', 6);
INSERT INTO recipe_dietary_tags (recipe_id, tag_id) VALUES ('1b505bb0-04d4-4942-8c22-15d54634e18a', 3);

INSERT INTO recipes (id, user_id, title, description, instructions, image_url, servings, source_url, source_name, is_archived) VALUES ('35ea9b13-f030-499c-a0c5-48538c662e99', 'admin-user-id', 'Miso Ginger Slow Cooked Turkey Breast', 'A delicious and healthy Miso Ginger Slow Cooked Turkey Breast served with Sweet Potatoes and Couscous. Perfect for a quick weeknight dinner.', '1. Preheat oven to 400°F.
2. Season the Turkey Breast with Miso Ginger spices.
3. Arrange Sweet Potatoes and Broccoli on a baking sheet.
4. Slow Cooked for 20-25 minutes until cooked through.
5. Serve hot over Couscous.', 'https://images.unsplash.com/photo-1500000000237?auto=format&fit=crop&w=800&q=60', 2, 'https://www.bonappetit.com', 'Bon Appetit', 0);
INSERT INTO ingredients (id, recipe_id, name, quantity, unit) VALUES ('8d6243e5-f369-48a0-ab87-12385e14f68e', '35ea9b13-f030-499c-a0c5-48538c662e99', 'Turkey Breast', 1, 'oz');
INSERT INTO ingredients (id, recipe_id, name, quantity, unit) VALUES ('08299550-9075-477f-a402-36a3f695c631', '35ea9b13-f030-499c-a0c5-48538c662e99', 'Sweet Potatoes', 4, 'bundle');
INSERT INTO ingredients (id, recipe_id, name, quantity, unit) VALUES ('ca869826-e710-4fe5-82dc-5df9837a55e5', '35ea9b13-f030-499c-a0c5-48538c662e99', 'Couscous', 3, 'cup');
INSERT INTO ingredients (id, recipe_id, name, quantity, unit) VALUES ('bcc9e833-cf9f-4bfc-a9c7-71cab1081be3', '35ea9b13-f030-499c-a0c5-48538c662e99', 'Olive Oil', 3, 'tbsp');
INSERT INTO ingredients (id, recipe_id, name, quantity, unit) VALUES ('84fdee46-edb8-476d-90cc-06e9a8e7efa1', '35ea9b13-f030-499c-a0c5-48538c662e99', 'Salt & Pepper', 1, 'pinch');
INSERT INTO ingredients (id, recipe_id, name, quantity, unit) VALUES ('24d74058-8138-45b5-9433-89ac15df21a1', '35ea9b13-f030-499c-a0c5-48538c662e99', 'Ginger', 5, 'ml');
INSERT INTO ingredients (id, recipe_id, name, quantity, unit) VALUES ('e6aabe36-0a53-482e-8c68-413876dfc182', '35ea9b13-f030-499c-a0c5-48538c662e99', 'Ginger', 3, 'head');
INSERT INTO ingredients (id, recipe_id, name, quantity, unit) VALUES ('3f0febe3-f5ec-479a-bf10-776f191ecdba', '35ea9b13-f030-499c-a0c5-48538c662e99', 'Butter', 1, 'head');
INSERT INTO ingredients (id, recipe_id, name, quantity, unit) VALUES ('820160a6-3ecb-4471-9666-84f69aed59c8', '35ea9b13-f030-499c-a0c5-48538c662e99', 'Broccoli', 3, 'oz');
INSERT INTO ingredients (id, recipe_id, name, quantity, unit) VALUES ('47692091-4cab-48b1-b141-2b5d523da97b', '35ea9b13-f030-499c-a0c5-48538c662e99', 'Cauliflower', 1, 'head');
INSERT INTO ingredients (id, recipe_id, name, quantity, unit) VALUES ('6733877e-4f57-453d-9316-bc89f2438d02', '35ea9b13-f030-499c-a0c5-48538c662e99', 'Butter', 5, 'pinch');
INSERT INTO recipe_dietary_tags (recipe_id, tag_id) VALUES ('35ea9b13-f030-499c-a0c5-48538c662e99', 8);
INSERT INTO recipe_dietary_tags (recipe_id, tag_id) VALUES ('35ea9b13-f030-499c-a0c5-48538c662e99', 3);
INSERT INTO recipe_dietary_tags (recipe_id, tag_id) VALUES ('35ea9b13-f030-499c-a0c5-48538c662e99', 4);

INSERT INTO recipes (id, user_id, title, description, instructions, image_url, servings, source_url, source_name, is_archived) VALUES ('afe2aa1d-086a-416e-a07b-f50e2f5db206', 'admin-user-id', 'Balsamic Glaze Pan-Seared Tofu', 'A delicious and healthy Balsamic Glaze Pan-Seared Tofu served with Brussels Sprouts and Cauliflower Rice. Perfect for a quick weeknight dinner.', '1. Preheat oven to 400°F.
2. Season the Tofu with Balsamic Glaze spices.
3. Arrange Brussels Sprouts and Spinach on a baking sheet.
4. Pan-Seared for 20-25 minutes until cooked through.
5. Serve hot over Cauliflower Rice.', 'https://images.unsplash.com/photo-1500000000238?auto=format&fit=crop&w=800&q=60', 5, 'https://www.bonappetit.com', 'Bon Appetit', 0);
INSERT INTO ingredients (id, recipe_id, name, quantity, unit) VALUES ('ed28fcc8-f93c-4b87-8f03-601620aabed5', 'afe2aa1d-086a-416e-a07b-f50e2f5db206', 'Tofu', 2, 'oz');
INSERT INTO ingredients (id, recipe_id, name, quantity, unit) VALUES ('76129cd3-7d2f-4bb1-a371-9ed5c8248690', 'afe2aa1d-086a-416e-a07b-f50e2f5db206', 'Brussels Sprouts', 1, 'cup');
INSERT INTO ingredients (id, recipe_id, name, quantity, unit) VALUES ('55bc989a-ef3a-42cf-acc3-4861e2773f48', 'afe2aa1d-086a-416e-a07b-f50e2f5db206', 'Cauliflower Rice', 2, 'cup');
INSERT INTO ingredients (id, recipe_id, name, quantity, unit) VALUES ('6d1a0785-ed7a-4571-8b42-da1f4f3a4291', 'afe2aa1d-086a-416e-a07b-f50e2f5db206', 'Olive Oil', 2, 'tbsp');
INSERT INTO ingredients (id, recipe_id, name, quantity, unit) VALUES ('01dc6f98-4241-4047-994a-dca71d5b2466', 'afe2aa1d-086a-416e-a07b-f50e2f5db206', 'Salt & Pepper', 1, 'pinch');
INSERT INTO ingredients (id, recipe_id, name, quantity, unit) VALUES ('cf580b30-4746-4433-a148-c0900f783e31', 'afe2aa1d-086a-416e-a07b-f50e2f5db206', 'Green Beans', 2, 'tsp');
INSERT INTO ingredients (id, recipe_id, name, quantity, unit) VALUES ('2ddc5ea5-6c04-40f3-acbe-5f68795b2c0f', 'afe2aa1d-086a-416e-a07b-f50e2f5db206', 'Broccoli', 5, 'tbsp');
INSERT INTO ingredients (id, recipe_id, name, quantity, unit) VALUES ('287bb601-3479-455a-8f43-a488e915304e', 'afe2aa1d-086a-416e-a07b-f50e2f5db206', 'Onion', 1, 'pinch');
INSERT INTO recipe_dietary_tags (recipe_id, tag_id) VALUES ('afe2aa1d-086a-416e-a07b-f50e2f5db206', 4);
INSERT INTO recipe_dietary_tags (recipe_id, tag_id) VALUES ('afe2aa1d-086a-416e-a07b-f50e2f5db206', 8);

INSERT INTO recipes (id, user_id, title, description, instructions, image_url, servings, source_url, source_name, is_archived) VALUES ('a71e102c-36e5-43f0-8f3e-829afa90dd3d', 'admin-user-id', 'Cajun Air Fried Turkey Breast', 'A delicious and healthy Cajun Air Fried Turkey Breast served with Spinach and Roasted Potatoes. Perfect for a quick weeknight dinner.', '1. Preheat oven to 400°F.
2. Season the Turkey Breast with Cajun spices.
3. Arrange Spinach and Spinach on a baking sheet.
4. Air Fried for 20-25 minutes until cooked through.
5. Serve hot over Roasted Potatoes.', 'https://images.unsplash.com/photo-1500000000239?auto=format&fit=crop&w=800&q=60', 3, 'https://www.allrecipes.com', 'AllRecipes', 0);
INSERT INTO ingredients (id, recipe_id, name, quantity, unit) VALUES ('ce203da6-0d1d-4b08-8fdd-7889caaa9662', 'a71e102c-36e5-43f0-8f3e-829afa90dd3d', 'Turkey Breast', 1, 'lb');
INSERT INTO ingredients (id, recipe_id, name, quantity, unit) VALUES ('c6d5e0fd-a3ce-467a-b2e3-6b1c967d3aad', 'a71e102c-36e5-43f0-8f3e-829afa90dd3d', 'Spinach', 4, 'bundle');
INSERT INTO ingredients (id, recipe_id, name, quantity, unit) VALUES ('49f5c908-ab8b-4ab0-b434-bf58a369aaea', 'a71e102c-36e5-43f0-8f3e-829afa90dd3d', 'Roasted Potatoes', 3, 'cup');
INSERT INTO ingredients (id, recipe_id, name, quantity, unit) VALUES ('9329602d-4afd-458a-a10f-a8fe2d456a72', 'a71e102c-36e5-43f0-8f3e-829afa90dd3d', 'Olive Oil', 2, 'tbsp');
INSERT INTO ingredients (id, recipe_id, name, quantity, unit) VALUES ('a28e605d-643e-48ab-8f84-2f7a4bcec18b', 'a71e102c-36e5-43f0-8f3e-829afa90dd3d', 'Salt & Pepper', 1, 'pinch');
INSERT INTO ingredients (id, recipe_id, name, quantity, unit) VALUES ('d216dd3a-f404-44c5-823b-713198dfe28c', 'a71e102c-36e5-43f0-8f3e-829afa90dd3d', 'Spinach', 1, 'pinch');
INSERT INTO ingredients (id, recipe_id, name, quantity, unit) VALUES ('d6262763-c731-4fa0-9919-76132a36e134', 'a71e102c-36e5-43f0-8f3e-829afa90dd3d', 'Sweet Potatoes', 4, 'pinch');
INSERT INTO ingredients (id, recipe_id, name, quantity, unit) VALUES ('dcb8fd56-2756-426e-a72c-c91b34273daa', 'a71e102c-36e5-43f0-8f3e-829afa90dd3d', 'Ginger', 5, 'tsp');
INSERT INTO ingredients (id, recipe_id, name, quantity, unit) VALUES ('bfd5f5da-2497-43c5-9c10-9dde72c1a307', 'a71e102c-36e5-43f0-8f3e-829afa90dd3d', 'Kale', 4, 'pinch');
INSERT INTO ingredients (id, recipe_id, name, quantity, unit) VALUES ('b4e4494e-59ef-4795-b88e-46eb1d851bf2', 'a71e102c-36e5-43f0-8f3e-829afa90dd3d', 'Ginger', 1, 'g');
INSERT INTO recipe_dietary_tags (recipe_id, tag_id) VALUES ('a71e102c-36e5-43f0-8f3e-829afa90dd3d', 1);

INSERT INTO recipes (id, user_id, title, description, instructions, image_url, servings, source_url, source_name, is_archived) VALUES ('bba08f3b-fb1b-43f1-8777-c148bd6c2df0', 'admin-user-id', 'Pesto Roasted Steak', 'A delicious and healthy Pesto Roasted Steak served with Broccoli and Cauliflower Rice. Perfect for a quick weeknight dinner.', '1. Preheat oven to 400°F.
2. Season the Steak with Pesto spices.
3. Arrange Broccoli and Spinach on a baking sheet.
4. Roasted for 20-25 minutes until cooked through.
5. Serve hot over Cauliflower Rice.', 'https://images.unsplash.com/photo-1500000000240?auto=format&fit=crop&w=800&q=60', 8, 'https://www.tasteofhome.com', 'Taste of Home', 0);
INSERT INTO ingredients (id, recipe_id, name, quantity, unit) VALUES ('ec162873-f381-4216-b49e-c72516dc1f96', 'bba08f3b-fb1b-43f1-8777-c148bd6c2df0', 'Steak', 1, 'lb');
INSERT INTO ingredients (id, recipe_id, name, quantity, unit) VALUES ('5cd68d97-c26d-44c2-8e67-9ebff24d362a', 'bba08f3b-fb1b-43f1-8777-c148bd6c2df0', 'Broccoli', 2, 'cup');
INSERT INTO ingredients (id, recipe_id, name, quantity, unit) VALUES ('f284d5e5-f525-4172-95ad-edd832927781', 'bba08f3b-fb1b-43f1-8777-c148bd6c2df0', 'Cauliflower Rice', 1, 'cup');
INSERT INTO ingredients (id, recipe_id, name, quantity, unit) VALUES ('eeee748a-acec-4889-b33e-484d318bdb74', 'bba08f3b-fb1b-43f1-8777-c148bd6c2df0', 'Olive Oil', 2, 'tbsp');
INSERT INTO ingredients (id, recipe_id, name, quantity, unit) VALUES ('ab9d6b03-cad4-4bb6-82c6-b73e7c321958', 'bba08f3b-fb1b-43f1-8777-c148bd6c2df0', 'Salt & Pepper', 1, 'pinch');
INSERT INTO recipe_dietary_tags (recipe_id, tag_id) VALUES ('bba08f3b-fb1b-43f1-8777-c148bd6c2df0', 5);
INSERT INTO recipe_dietary_tags (recipe_id, tag_id) VALUES ('bba08f3b-fb1b-43f1-8777-c148bd6c2df0', 1);

INSERT INTO recipes (id, user_id, title, description, instructions, image_url, servings, source_url, source_name, is_archived) VALUES ('159a6971-8274-4b51-80eb-41e902683eb4', 'admin-user-id', 'Pesto Slow Cooked Chicken Breast', 'A delicious and healthy Pesto Slow Cooked Chicken Breast served with Spinach and Brown Rice. Perfect for a quick weeknight dinner.', '1. Preheat oven to 400°F.
2. Season the Chicken Breast with Pesto spices.
3. Arrange Spinach and Carrots on a baking sheet.
4. Slow Cooked for 20-25 minutes until cooked through.
5. Serve hot over Brown Rice.', 'https://images.unsplash.com/photo-1500000000241?auto=format&fit=crop&w=800&q=60', 2, 'https://www.tasteofhome.com', 'Taste of Home', 0);
INSERT INTO ingredients (id, recipe_id, name, quantity, unit) VALUES ('030346e6-674b-4716-9282-9181b87834c7', '159a6971-8274-4b51-80eb-41e902683eb4', 'Chicken Breast', 2, 'lb');
INSERT INTO ingredients (id, recipe_id, name, quantity, unit) VALUES ('a7608cc5-2f8b-4d59-9608-617061fe8988', '159a6971-8274-4b51-80eb-41e902683eb4', 'Spinach', 1, 'cup');
INSERT INTO ingredients (id, recipe_id, name, quantity, unit) VALUES ('993e617b-ebad-40a1-b637-11f46e1510f9', '159a6971-8274-4b51-80eb-41e902683eb4', 'Brown Rice', 1, 'cup');
INSERT INTO ingredients (id, recipe_id, name, quantity, unit) VALUES ('74a3f8d8-1f2e-4b7e-8f12-bf0e13b4441e', '159a6971-8274-4b51-80eb-41e902683eb4', 'Olive Oil', 1, 'tbsp');
INSERT INTO ingredients (id, recipe_id, name, quantity, unit) VALUES ('3080c071-2fc6-41ae-8d24-2d994a0fe5be', '159a6971-8274-4b51-80eb-41e902683eb4', 'Salt & Pepper', 1, 'pinch');
INSERT INTO ingredients (id, recipe_id, name, quantity, unit) VALUES ('006525dc-4422-4f2c-8009-facbb1308e0c', '159a6971-8274-4b51-80eb-41e902683eb4', 'Carrots', 2, 'tbsp');
INSERT INTO ingredients (id, recipe_id, name, quantity, unit) VALUES ('fa915f16-a503-4dad-8534-47a0d01e2e2b', '159a6971-8274-4b51-80eb-41e902683eb4', 'Cauliflower', 3, 'clove');
INSERT INTO ingredients (id, recipe_id, name, quantity, unit) VALUES ('2356502f-27e5-490e-8855-a324793fc5a1', '159a6971-8274-4b51-80eb-41e902683eb4', 'Carrots', 1, 'head');
INSERT INTO ingredients (id, recipe_id, name, quantity, unit) VALUES ('224b51af-b9a4-4958-a20a-0a48ca35e37a', '159a6971-8274-4b51-80eb-41e902683eb4', 'Spinach', 3, 'clove');
INSERT INTO ingredients (id, recipe_id, name, quantity, unit) VALUES ('d4858a20-11ad-4031-bef3-5ca7f0de7451', '159a6971-8274-4b51-80eb-41e902683eb4', 'Carrots', 5, 'head');
INSERT INTO recipe_dietary_tags (recipe_id, tag_id) VALUES ('159a6971-8274-4b51-80eb-41e902683eb4', 5);
INSERT INTO recipe_dietary_tags (recipe_id, tag_id) VALUES ('159a6971-8274-4b51-80eb-41e902683eb4', 8);

INSERT INTO recipes (id, user_id, title, description, instructions, image_url, servings, source_url, source_name, is_archived) VALUES ('e775e31d-f158-408e-b02a-080bac9b5321', 'admin-user-id', 'Smoky BBQ Sautéed Pork Loin', 'A delicious and healthy Smoky BBQ Sautéed Pork Loin served with Cauliflower and Quinoa. Perfect for a quick weeknight dinner.', '1. Preheat oven to 400°F.
2. Season the Pork Loin with Smoky BBQ spices.
3. Arrange Cauliflower and Cauliflower on a baking sheet.
4. Sautéed for 20-25 minutes until cooked through.
5. Serve hot over Quinoa.', 'https://images.unsplash.com/photo-1500000000242?auto=format&fit=crop&w=800&q=60', 4, 'https://www.allrecipes.com', 'AllRecipes', 0);
INSERT INTO ingredients (id, recipe_id, name, quantity, unit) VALUES ('31a769e5-b1c4-4dc7-a3ee-ce69709d8ccf', 'e775e31d-f158-408e-b02a-080bac9b5321', 'Pork Loin', 2, 'oz');
INSERT INTO ingredients (id, recipe_id, name, quantity, unit) VALUES ('ac393eaa-eee4-4425-8e78-98d690634cd7', 'e775e31d-f158-408e-b02a-080bac9b5321', 'Cauliflower', 2, 'head');
INSERT INTO ingredients (id, recipe_id, name, quantity, unit) VALUES ('25913e96-ff07-400c-93dd-b7fa8745084f', 'e775e31d-f158-408e-b02a-080bac9b5321', 'Quinoa', 3, 'cup');
INSERT INTO ingredients (id, recipe_id, name, quantity, unit) VALUES ('43cc132c-470c-44c6-9d17-075d37098f39', 'e775e31d-f158-408e-b02a-080bac9b5321', 'Olive Oil', 1, 'tbsp');
INSERT INTO ingredients (id, recipe_id, name, quantity, unit) VALUES ('1e66ea01-3fa0-4f84-96b7-13af646ff2b8', 'e775e31d-f158-408e-b02a-080bac9b5321', 'Salt & Pepper', 1, 'pinch');
INSERT INTO ingredients (id, recipe_id, name, quantity, unit) VALUES ('5e86a5ac-739f-41e0-be6c-99f71569f1cc', 'e775e31d-f158-408e-b02a-080bac9b5321', 'Brussels Sprouts', 4, 'cup');
INSERT INTO ingredients (id, recipe_id, name, quantity, unit) VALUES ('3c13ecdc-db25-4e92-837d-ed2d78981afe', 'e775e31d-f158-408e-b02a-080bac9b5321', 'Lemon', 2, 'tsp');
INSERT INTO ingredients (id, recipe_id, name, quantity, unit) VALUES ('9e9f6506-3cd7-4b0e-b109-fb54b8f4a3be', 'e775e31d-f158-408e-b02a-080bac9b5321', 'Zucchini', 1, 'lb');
INSERT INTO recipe_dietary_tags (recipe_id, tag_id) VALUES ('e775e31d-f158-408e-b02a-080bac9b5321', 7);
INSERT INTO recipe_dietary_tags (recipe_id, tag_id) VALUES ('e775e31d-f158-408e-b02a-080bac9b5321', 1);
INSERT INTO recipe_dietary_tags (recipe_id, tag_id) VALUES ('e775e31d-f158-408e-b02a-080bac9b5321', 8);

INSERT INTO recipes (id, user_id, title, description, instructions, image_url, servings, source_url, source_name, is_archived) VALUES ('bbf69cc9-bc60-4939-b4b1-f002aad072ab', 'admin-user-id', 'Miso Ginger Grilled Steak', 'A delicious and healthy Miso Ginger Grilled Steak served with Cauliflower and Couscous. Perfect for a quick weeknight dinner.', '1. Preheat oven to 400°F.
2. Season the Steak with Miso Ginger spices.
3. Arrange Cauliflower and Green Beans on a baking sheet.
4. Grilled for 20-25 minutes until cooked through.
5. Serve hot over Couscous.', 'https://images.unsplash.com/photo-1500000000243?auto=format&fit=crop&w=800&q=60', 6, 'https://www.allrecipes.com', 'AllRecipes', 0);
INSERT INTO ingredients (id, recipe_id, name, quantity, unit) VALUES ('56eba57b-59ae-4415-b19f-56435d291bdc', 'bbf69cc9-bc60-4939-b4b1-f002aad072ab', 'Steak', 1, 'oz');
INSERT INTO ingredients (id, recipe_id, name, quantity, unit) VALUES ('2b2be0b3-e0f4-4db1-bda4-cb21a6ee6380', 'bbf69cc9-bc60-4939-b4b1-f002aad072ab', 'Cauliflower', 4, 'head');
INSERT INTO ingredients (id, recipe_id, name, quantity, unit) VALUES ('17493876-c212-4640-9b8d-10e566192c61', 'bbf69cc9-bc60-4939-b4b1-f002aad072ab', 'Couscous', 2, 'cup');
INSERT INTO ingredients (id, recipe_id, name, quantity, unit) VALUES ('7d0f42e7-17cb-4c23-b322-f9b8dd507f79', 'bbf69cc9-bc60-4939-b4b1-f002aad072ab', 'Olive Oil', 3, 'tbsp');
INSERT INTO ingredients (id, recipe_id, name, quantity, unit) VALUES ('1c91dc73-119e-4e34-a4d1-1cf0a89c5e64', 'bbf69cc9-bc60-4939-b4b1-f002aad072ab', 'Salt & Pepper', 1, 'pinch');
INSERT INTO ingredients (id, recipe_id, name, quantity, unit) VALUES ('59488b36-5811-427a-a133-75466b01243b', 'bbf69cc9-bc60-4939-b4b1-f002aad072ab', 'Ginger', 1, 'ml');
INSERT INTO ingredients (id, recipe_id, name, quantity, unit) VALUES ('89868d94-bfff-4c55-927c-44b1dc831f6d', 'bbf69cc9-bc60-4939-b4b1-f002aad072ab', 'Spinach', 2, 'bundle');
INSERT INTO recipe_dietary_tags (recipe_id, tag_id) VALUES ('bbf69cc9-bc60-4939-b4b1-f002aad072ab', 9);
INSERT INTO recipe_dietary_tags (recipe_id, tag_id) VALUES ('bbf69cc9-bc60-4939-b4b1-f002aad072ab', 5);
INSERT INTO recipe_dietary_tags (recipe_id, tag_id) VALUES ('bbf69cc9-bc60-4939-b4b1-f002aad072ab', 10);

INSERT INTO recipes (id, user_id, title, description, instructions, image_url, servings, source_url, source_name, is_archived) VALUES ('23245a78-7cbf-4403-9581-a94b20a78f18', 'admin-user-id', 'Teriyaki Steamed Tofu', 'A delicious and healthy Teriyaki Steamed Tofu served with Sweet Potatoes and Zucchini Noodles. Perfect for a quick weeknight dinner.', '1. Preheat oven to 400°F.
2. Season the Tofu with Teriyaki spices.
3. Arrange Sweet Potatoes and Sweet Potatoes on a baking sheet.
4. Steamed for 20-25 minutes until cooked through.
5. Serve hot over Zucchini Noodles.', 'https://images.unsplash.com/photo-1500000000244?auto=format&fit=crop&w=800&q=60', 7, 'https://www.bonappetit.com', 'Bon Appetit', 0);
INSERT INTO ingredients (id, recipe_id, name, quantity, unit) VALUES ('a04621e4-326d-4460-9caf-f31a21a0e034', '23245a78-7cbf-4403-9581-a94b20a78f18', 'Tofu', 2, 'oz');
INSERT INTO ingredients (id, recipe_id, name, quantity, unit) VALUES ('d3179d1c-24b6-48f0-a4b0-7a0fe5c93fac', '23245a78-7cbf-4403-9581-a94b20a78f18', 'Sweet Potatoes', 2, 'head');
INSERT INTO ingredients (id, recipe_id, name, quantity, unit) VALUES ('37e24cab-09e8-4b9d-a24f-214ddad4d662', '23245a78-7cbf-4403-9581-a94b20a78f18', 'Zucchini Noodles', 3, 'cup');
INSERT INTO ingredients (id, recipe_id, name, quantity, unit) VALUES ('1192d2e6-85fb-45b1-b01a-8a2f8498745b', '23245a78-7cbf-4403-9581-a94b20a78f18', 'Olive Oil', 1, 'tbsp');
INSERT INTO ingredients (id, recipe_id, name, quantity, unit) VALUES ('599ca742-a040-4b2f-b4bb-33d6a48bba58', '23245a78-7cbf-4403-9581-a94b20a78f18', 'Salt & Pepper', 1, 'pinch');
INSERT INTO ingredients (id, recipe_id, name, quantity, unit) VALUES ('cdeb7dc6-aa21-43de-8e14-25382971c1e8', '23245a78-7cbf-4403-9581-a94b20a78f18', 'Green Beans', 5, 'g');
INSERT INTO ingredients (id, recipe_id, name, quantity, unit) VALUES ('1486cc73-d550-411f-ab6d-fe74bd9827d1', '23245a78-7cbf-4403-9581-a94b20a78f18', 'Broccoli', 5, 'g');
INSERT INTO ingredients (id, recipe_id, name, quantity, unit) VALUES ('eed3a100-8279-47e5-8f43-82c9155a69aa', '23245a78-7cbf-4403-9581-a94b20a78f18', 'Brussels Sprouts', 1, 'ml');
INSERT INTO recipe_dietary_tags (recipe_id, tag_id) VALUES ('23245a78-7cbf-4403-9581-a94b20a78f18', 5);
INSERT INTO recipe_dietary_tags (recipe_id, tag_id) VALUES ('23245a78-7cbf-4403-9581-a94b20a78f18', 10);
INSERT INTO recipe_dietary_tags (recipe_id, tag_id) VALUES ('23245a78-7cbf-4403-9581-a94b20a78f18', 4);

INSERT INTO recipes (id, user_id, title, description, instructions, image_url, servings, source_url, source_name, is_archived) VALUES ('e6babb74-55f1-4f9c-b7c9-fa451ca869dd', 'admin-user-id', 'Honey Sriracha Baked Steak', 'A delicious and healthy Honey Sriracha Baked Steak served with Sweet Potatoes and Lentil Pasta. Perfect for a quick weeknight dinner.', '1. Preheat oven to 400°F.
2. Season the Steak with Honey Sriracha spices.
3. Arrange Sweet Potatoes and Asparagus on a baking sheet.
4. Baked for 20-25 minutes until cooked through.
5. Serve hot over Lentil Pasta.', 'https://images.unsplash.com/photo-1500000000245?auto=format&fit=crop&w=800&q=60', 6, 'https://www.bonappetit.com', 'Bon Appetit', 0);
INSERT INTO ingredients (id, recipe_id, name, quantity, unit) VALUES ('351d4da8-dbb1-43f0-83bf-387b11bbcf8e', 'e6babb74-55f1-4f9c-b7c9-fa451ca869dd', 'Steak', 1, 'oz');
INSERT INTO ingredients (id, recipe_id, name, quantity, unit) VALUES ('d379158a-b115-4da5-b87c-13bb66d82b00', 'e6babb74-55f1-4f9c-b7c9-fa451ca869dd', 'Sweet Potatoes', 1, 'bundle');
INSERT INTO ingredients (id, recipe_id, name, quantity, unit) VALUES ('35f23d1d-66ac-4f1a-9304-60d43fe5c237', 'e6babb74-55f1-4f9c-b7c9-fa451ca869dd', 'Lentil Pasta', 2, 'cup');
INSERT INTO ingredients (id, recipe_id, name, quantity, unit) VALUES ('e0cc9573-d068-4d4e-a86b-e4c1914ec9c7', 'e6babb74-55f1-4f9c-b7c9-fa451ca869dd', 'Olive Oil', 1, 'tbsp');
INSERT INTO ingredients (id, recipe_id, name, quantity, unit) VALUES ('3e21c7a8-6203-4205-ae3d-4e879bc787a2', 'e6babb74-55f1-4f9c-b7c9-fa451ca869dd', 'Salt & Pepper', 1, 'pinch');
INSERT INTO ingredients (id, recipe_id, name, quantity, unit) VALUES ('199efe20-c720-4ec0-9ecf-dbf1ceabd36a', 'e6babb74-55f1-4f9c-b7c9-fa451ca869dd', 'Brussels Sprouts', 1, 'head');
INSERT INTO ingredients (id, recipe_id, name, quantity, unit) VALUES ('4565ae5e-ea9d-4377-8ffe-a535cc2043bd', 'e6babb74-55f1-4f9c-b7c9-fa451ca869dd', 'Ginger', 4, 'lb');
INSERT INTO ingredients (id, recipe_id, name, quantity, unit) VALUES ('d79de178-ebc4-4bc6-ae0b-965c1b6fbb21', 'e6babb74-55f1-4f9c-b7c9-fa451ca869dd', 'Ginger', 3, 'clove');
INSERT INTO recipe_dietary_tags (recipe_id, tag_id) VALUES ('e6babb74-55f1-4f9c-b7c9-fa451ca869dd', 4);
INSERT INTO recipe_dietary_tags (recipe_id, tag_id) VALUES ('e6babb74-55f1-4f9c-b7c9-fa451ca869dd', 7);

INSERT INTO recipes (id, user_id, title, description, instructions, image_url, servings, source_url, source_name, is_archived) VALUES ('aa04ed7f-966a-41e9-87b3-d021f86796b6', 'admin-user-id', 'Cajun Steamed Turkey Breast', 'A delicious and healthy Cajun Steamed Turkey Breast served with Broccoli and Couscous. Perfect for a quick weeknight dinner.', '1. Preheat oven to 400°F.
2. Season the Turkey Breast with Cajun spices.
3. Arrange Broccoli and Asparagus on a baking sheet.
4. Steamed for 20-25 minutes until cooked through.
5. Serve hot over Couscous.', 'https://images.unsplash.com/photo-1500000000246?auto=format&fit=crop&w=800&q=60', 6, 'https://www.foodnetwork.com', 'Food Network', 0);
INSERT INTO ingredients (id, recipe_id, name, quantity, unit) VALUES ('83a31898-3a38-4bb0-8fdf-6a964576cfba', 'aa04ed7f-966a-41e9-87b3-d021f86796b6', 'Turkey Breast', 2, 'lb');
INSERT INTO ingredients (id, recipe_id, name, quantity, unit) VALUES ('841825e4-0e0e-4d7b-bd7c-2f88d705e727', 'aa04ed7f-966a-41e9-87b3-d021f86796b6', 'Broccoli', 2, 'head');
INSERT INTO ingredients (id, recipe_id, name, quantity, unit) VALUES ('891f2461-1f70-4462-8ba8-6f95c5533668', 'aa04ed7f-966a-41e9-87b3-d021f86796b6', 'Couscous', 3, 'cup');
INSERT INTO ingredients (id, recipe_id, name, quantity, unit) VALUES ('2cf043f7-472b-4f62-a663-b32062292c6e', 'aa04ed7f-966a-41e9-87b3-d021f86796b6', 'Olive Oil', 2, 'tbsp');
INSERT INTO ingredients (id, recipe_id, name, quantity, unit) VALUES ('a082d7b6-5569-4d7e-93c5-39ace7525d99', 'aa04ed7f-966a-41e9-87b3-d021f86796b6', 'Salt & Pepper', 1, 'pinch');
INSERT INTO recipe_dietary_tags (recipe_id, tag_id) VALUES ('aa04ed7f-966a-41e9-87b3-d021f86796b6', 1);
INSERT INTO recipe_dietary_tags (recipe_id, tag_id) VALUES ('aa04ed7f-966a-41e9-87b3-d021f86796b6', 5);
INSERT INTO recipe_dietary_tags (recipe_id, tag_id) VALUES ('aa04ed7f-966a-41e9-87b3-d021f86796b6', 6);

INSERT INTO recipes (id, user_id, title, description, instructions, image_url, servings, source_url, source_name, is_archived) VALUES ('e7b144fa-82f4-46fb-b3d0-6da142d3af1c', 'admin-user-id', 'Cajun Sautéed Salmon Fillet', 'A delicious and healthy Cajun Sautéed Salmon Fillet served with Carrots and Lentil Pasta. Perfect for a quick weeknight dinner.', '1. Preheat oven to 400°F.
2. Season the Salmon Fillet with Cajun spices.
3. Arrange Carrots and Zucchini on a baking sheet.
4. Sautéed for 20-25 minutes until cooked through.
5. Serve hot over Lentil Pasta.', 'https://images.unsplash.com/photo-1500000000247?auto=format&fit=crop&w=800&q=60', 7, 'https://www.epicurious.com', 'Epicurious', 0);
INSERT INTO ingredients (id, recipe_id, name, quantity, unit) VALUES ('5f605b2f-87f6-4db3-83cf-b53749f05099', 'e7b144fa-82f4-46fb-b3d0-6da142d3af1c', 'Salmon Fillet', 1, 'oz');
INSERT INTO ingredients (id, recipe_id, name, quantity, unit) VALUES ('6bc3b97f-7ef2-46ae-9994-97db04fb209e', 'e7b144fa-82f4-46fb-b3d0-6da142d3af1c', 'Carrots', 1, 'head');
INSERT INTO ingredients (id, recipe_id, name, quantity, unit) VALUES ('6058031b-3426-42d0-ab4c-e8e68adaf6c8', 'e7b144fa-82f4-46fb-b3d0-6da142d3af1c', 'Lentil Pasta', 2, 'cup');
INSERT INTO ingredients (id, recipe_id, name, quantity, unit) VALUES ('73d0baf2-bcda-49b8-8895-f99b865fe5e7', 'e7b144fa-82f4-46fb-b3d0-6da142d3af1c', 'Olive Oil', 2, 'tbsp');
INSERT INTO ingredients (id, recipe_id, name, quantity, unit) VALUES ('955f76b4-ea90-4ab6-a9a8-ccb86b9281e8', 'e7b144fa-82f4-46fb-b3d0-6da142d3af1c', 'Salt & Pepper', 1, 'pinch');
INSERT INTO ingredients (id, recipe_id, name, quantity, unit) VALUES ('fd6f8bdf-0dbf-4ed5-88fa-10674d109878', 'e7b144fa-82f4-46fb-b3d0-6da142d3af1c', 'Bell Peppers', 1, 'cup');
INSERT INTO ingredients (id, recipe_id, name, quantity, unit) VALUES ('82e6b785-5dc0-4097-a4d2-1c550250b6d8', 'e7b144fa-82f4-46fb-b3d0-6da142d3af1c', 'Green Beans', 3, 'ml');
INSERT INTO ingredients (id, recipe_id, name, quantity, unit) VALUES ('18255b9f-ddd4-47f3-b551-2d43583ac68d', 'e7b144fa-82f4-46fb-b3d0-6da142d3af1c', 'Asparagus', 1, 'bundle');
INSERT INTO ingredients (id, recipe_id, name, quantity, unit) VALUES ('b0bcd8e0-e6b6-4c36-bdae-04f24aed7d30', 'e7b144fa-82f4-46fb-b3d0-6da142d3af1c', 'Bell Peppers', 4, 'bundle');
INSERT INTO recipe_dietary_tags (recipe_id, tag_id) VALUES ('e7b144fa-82f4-46fb-b3d0-6da142d3af1c', 9);
INSERT INTO recipe_dietary_tags (recipe_id, tag_id) VALUES ('e7b144fa-82f4-46fb-b3d0-6da142d3af1c', 8);
INSERT INTO recipe_dietary_tags (recipe_id, tag_id) VALUES ('e7b144fa-82f4-46fb-b3d0-6da142d3af1c', 3);

INSERT INTO recipes (id, user_id, title, description, instructions, image_url, servings, source_url, source_name, is_archived) VALUES ('43662570-39fc-474e-a56e-d5577f638234', 'admin-user-id', 'Pesto Baked Black Beans', 'A delicious and healthy Pesto Baked Black Beans served with Spinach and Brown Rice. Perfect for a quick weeknight dinner.', '1. Preheat oven to 400°F.
2. Season the Black Beans with Pesto spices.
3. Arrange Spinach and Carrots on a baking sheet.
4. Baked for 20-25 minutes until cooked through.
5. Serve hot over Brown Rice.', 'https://images.unsplash.com/photo-1500000000248?auto=format&fit=crop&w=800&q=60', 6, 'https://www.bonappetit.com', 'Bon Appetit', 0);
INSERT INTO ingredients (id, recipe_id, name, quantity, unit) VALUES ('d298d834-2ee0-4564-b55e-f23453557c15', '43662570-39fc-474e-a56e-d5577f638234', 'Black Beans', 2, 'lb');
INSERT INTO ingredients (id, recipe_id, name, quantity, unit) VALUES ('332e9243-6c2e-47c8-a770-9e4f63aa6dfc', '43662570-39fc-474e-a56e-d5577f638234', 'Spinach', 3, 'head');
INSERT INTO ingredients (id, recipe_id, name, quantity, unit) VALUES ('86a12070-64fc-4f18-a1b5-9bf0bae71baa', '43662570-39fc-474e-a56e-d5577f638234', 'Brown Rice', 2, 'cup');
INSERT INTO ingredients (id, recipe_id, name, quantity, unit) VALUES ('936230c7-514a-4df7-9fcd-0e68dde1a8f1', '43662570-39fc-474e-a56e-d5577f638234', 'Olive Oil', 2, 'tbsp');
INSERT INTO ingredients (id, recipe_id, name, quantity, unit) VALUES ('05451f21-642d-4e70-8415-9fbde3caa3d6', '43662570-39fc-474e-a56e-d5577f638234', 'Salt & Pepper', 1, 'pinch');
INSERT INTO ingredients (id, recipe_id, name, quantity, unit) VALUES ('a28b9072-5f98-412a-a941-5136ffa7b4da', '43662570-39fc-474e-a56e-d5577f638234', 'Broccoli', 1, 'ml');
INSERT INTO ingredients (id, recipe_id, name, quantity, unit) VALUES ('c91a5ad4-c035-48fa-9362-e84851faaec2', '43662570-39fc-474e-a56e-d5577f638234', 'Bell Peppers', 5, 'pinch');
INSERT INTO recipe_dietary_tags (recipe_id, tag_id) VALUES ('43662570-39fc-474e-a56e-d5577f638234', 10);

INSERT INTO recipes (id, user_id, title, description, instructions, image_url, servings, source_url, source_name, is_archived) VALUES ('177d84d6-b05f-4dc4-99e8-1ffc39843d41', 'admin-user-id', 'Herbes de Provence Slow Cooked Steak', 'A delicious and healthy Herbes de Provence Slow Cooked Steak served with Bell Peppers and Lentil Pasta. Perfect for a quick weeknight dinner.', '1. Preheat oven to 400°F.
2. Season the Steak with Herbes de Provence spices.
3. Arrange Bell Peppers and Bell Peppers on a baking sheet.
4. Slow Cooked for 20-25 minutes until cooked through.
5. Serve hot over Lentil Pasta.', 'https://images.unsplash.com/photo-1500000000249?auto=format&fit=crop&w=800&q=60', 6, 'https://www.epicurious.com', 'Epicurious', 0);
INSERT INTO ingredients (id, recipe_id, name, quantity, unit) VALUES ('fe147a40-7311-4c04-afa8-bc76790969b6', '177d84d6-b05f-4dc4-99e8-1ffc39843d41', 'Steak', 1, 'lb');
INSERT INTO ingredients (id, recipe_id, name, quantity, unit) VALUES ('f54b358a-9cc0-4514-915c-c11de74f9230', '177d84d6-b05f-4dc4-99e8-1ffc39843d41', 'Bell Peppers', 2, 'cup');
INSERT INTO ingredients (id, recipe_id, name, quantity, unit) VALUES ('268788f7-713b-4319-bd3f-86fbe0983e10', '177d84d6-b05f-4dc4-99e8-1ffc39843d41', 'Lentil Pasta', 1, 'cup');
INSERT INTO ingredients (id, recipe_id, name, quantity, unit) VALUES ('67963be2-d048-44cc-b286-22d2dd07f3c8', '177d84d6-b05f-4dc4-99e8-1ffc39843d41', 'Olive Oil', 2, 'tbsp');
INSERT INTO ingredients (id, recipe_id, name, quantity, unit) VALUES ('efdc2dbd-d968-47d7-9b1e-7d37cc5a756e', '177d84d6-b05f-4dc4-99e8-1ffc39843d41', 'Salt & Pepper', 1, 'pinch');
INSERT INTO ingredients (id, recipe_id, name, quantity, unit) VALUES ('e7494789-cb0d-4754-93fd-38b1ac7fbfe1', '177d84d6-b05f-4dc4-99e8-1ffc39843d41', 'Sweet Potatoes', 4, 'tbsp');
INSERT INTO recipe_dietary_tags (recipe_id, tag_id) VALUES ('177d84d6-b05f-4dc4-99e8-1ffc39843d41', 7);

INSERT INTO recipes (id, user_id, title, description, instructions, image_url, servings, source_url, source_name, is_archived) VALUES ('0a8684cf-7599-43aa-b049-c5fe57fd4ec7', 'admin-user-id', 'Pesto Sautéed Shrimp', 'A delicious and healthy Pesto Sautéed Shrimp served with Carrots and Mashed Cauliflower. Perfect for a quick weeknight dinner.', '1. Preheat oven to 400°F.
2. Season the Shrimp with Pesto spices.
3. Arrange Carrots and Cauliflower on a baking sheet.
4. Sautéed for 20-25 minutes until cooked through.
5. Serve hot over Mashed Cauliflower.', 'https://images.unsplash.com/photo-1500000000250?auto=format&fit=crop&w=800&q=60', 5, 'https://www.foodnetwork.com', 'Food Network', 0);
INSERT INTO ingredients (id, recipe_id, name, quantity, unit) VALUES ('b13851f4-3c59-4b33-8522-4f37cb403fc9', '0a8684cf-7599-43aa-b049-c5fe57fd4ec7', 'Shrimp', 2, 'oz');
INSERT INTO ingredients (id, recipe_id, name, quantity, unit) VALUES ('d6cf2242-86a8-4c85-97dd-d4d93f14554f', '0a8684cf-7599-43aa-b049-c5fe57fd4ec7', 'Carrots', 2, 'cup');
INSERT INTO ingredients (id, recipe_id, name, quantity, unit) VALUES ('4bea4760-4e7d-4e2c-9563-c4d69a4402b5', '0a8684cf-7599-43aa-b049-c5fe57fd4ec7', 'Mashed Cauliflower', 1, 'cup');
INSERT INTO ingredients (id, recipe_id, name, quantity, unit) VALUES ('6a98dc30-23a4-4ae8-89d9-86d64dc85da8', '0a8684cf-7599-43aa-b049-c5fe57fd4ec7', 'Olive Oil', 2, 'tbsp');
INSERT INTO ingredients (id, recipe_id, name, quantity, unit) VALUES ('3d264ac0-a556-4065-91e0-76142310ed60', '0a8684cf-7599-43aa-b049-c5fe57fd4ec7', 'Salt & Pepper', 1, 'pinch');
INSERT INTO recipe_dietary_tags (recipe_id, tag_id) VALUES ('0a8684cf-7599-43aa-b049-c5fe57fd4ec7', 5);
INSERT INTO recipe_dietary_tags (recipe_id, tag_id) VALUES ('0a8684cf-7599-43aa-b049-c5fe57fd4ec7', 9);

INSERT INTO recipes (id, user_id, title, description, instructions, image_url, servings, source_url, source_name, is_archived) VALUES ('3e0988f7-e98d-4bae-9352-f880805c46a1', 'admin-user-id', 'Honey Sriracha Steamed Lentils', 'A delicious and healthy Honey Sriracha Steamed Lentils served with Bell Peppers and Couscous. Perfect for a quick weeknight dinner.', '1. Preheat oven to 400°F.
2. Season the Lentils with Honey Sriracha spices.
3. Arrange Bell Peppers and Green Beans on a baking sheet.
4. Steamed for 20-25 minutes until cooked through.
5. Serve hot over Couscous.', 'https://images.unsplash.com/photo-1500000000251?auto=format&fit=crop&w=800&q=60', 7, 'https://www.foodnetwork.com', 'Food Network', 0);
INSERT INTO ingredients (id, recipe_id, name, quantity, unit) VALUES ('585c84a6-f255-488c-a832-434b094621ae', '3e0988f7-e98d-4bae-9352-f880805c46a1', 'Lentils', 1, 'lb');
INSERT INTO ingredients (id, recipe_id, name, quantity, unit) VALUES ('d2eef94c-d3a7-4319-9753-a488be8c5b1d', '3e0988f7-e98d-4bae-9352-f880805c46a1', 'Bell Peppers', 1, 'head');
INSERT INTO ingredients (id, recipe_id, name, quantity, unit) VALUES ('7c3f9d04-1d1d-4d66-b934-653a5e679b6b', '3e0988f7-e98d-4bae-9352-f880805c46a1', 'Couscous', 1, 'cup');
INSERT INTO ingredients (id, recipe_id, name, quantity, unit) VALUES ('6d387b7e-d2b9-490c-8718-af84842780a8', '3e0988f7-e98d-4bae-9352-f880805c46a1', 'Olive Oil', 2, 'tbsp');
INSERT INTO ingredients (id, recipe_id, name, quantity, unit) VALUES ('3909d552-d738-4f85-91ce-0bb0be3ae9e5', '3e0988f7-e98d-4bae-9352-f880805c46a1', 'Salt & Pepper', 1, 'pinch');
INSERT INTO ingredients (id, recipe_id, name, quantity, unit) VALUES ('e0b69a14-cc2b-4f60-8ce9-bc82947025a5', '3e0988f7-e98d-4bae-9352-f880805c46a1', 'Asparagus', 3, 'tsp');
INSERT INTO ingredients (id, recipe_id, name, quantity, unit) VALUES ('b9ad50f5-6dea-4ecc-be2b-a05d972fc023', '3e0988f7-e98d-4bae-9352-f880805c46a1', 'Bell Peppers', 2, 'ml');
INSERT INTO recipe_dietary_tags (recipe_id, tag_id) VALUES ('3e0988f7-e98d-4bae-9352-f880805c46a1', 9);
INSERT INTO recipe_dietary_tags (recipe_id, tag_id) VALUES ('3e0988f7-e98d-4bae-9352-f880805c46a1', 4);

INSERT INTO recipes (id, user_id, title, description, instructions, image_url, servings, source_url, source_name, is_archived) VALUES ('7ec62878-7a20-408f-a357-d3be451cbd9f', 'admin-user-id', 'Curry Grilled Chickpeas', 'A delicious and healthy Curry Grilled Chickpeas served with Green Beans and Cauliflower Rice. Perfect for a quick weeknight dinner.', '1. Preheat oven to 400°F.
2. Season the Chickpeas with Curry spices.
3. Arrange Green Beans and Kale on a baking sheet.
4. Grilled for 20-25 minutes until cooked through.
5. Serve hot over Cauliflower Rice.', 'https://images.unsplash.com/photo-1500000000252?auto=format&fit=crop&w=800&q=60', 3, 'https://www.bonappetit.com', 'Bon Appetit', 0);
INSERT INTO ingredients (id, recipe_id, name, quantity, unit) VALUES ('79556420-7b25-4e80-81ec-52ba58bc2f16', '7ec62878-7a20-408f-a357-d3be451cbd9f', 'Chickpeas', 1, 'oz');
INSERT INTO ingredients (id, recipe_id, name, quantity, unit) VALUES ('82ec3729-6f15-4df5-9af4-123eae40c6e6', '7ec62878-7a20-408f-a357-d3be451cbd9f', 'Green Beans', 1, 'head');
INSERT INTO ingredients (id, recipe_id, name, quantity, unit) VALUES ('14560d3c-7312-434a-8ff8-87ad30361a81', '7ec62878-7a20-408f-a357-d3be451cbd9f', 'Cauliflower Rice', 1, 'cup');
INSERT INTO ingredients (id, recipe_id, name, quantity, unit) VALUES ('0a4e8722-c1cc-457c-bd07-9e2a04aa6dc6', '7ec62878-7a20-408f-a357-d3be451cbd9f', 'Olive Oil', 2, 'tbsp');
INSERT INTO ingredients (id, recipe_id, name, quantity, unit) VALUES ('9811fa8b-08af-4ec4-b86c-f8598ce22813', '7ec62878-7a20-408f-a357-d3be451cbd9f', 'Salt & Pepper', 1, 'pinch');
INSERT INTO ingredients (id, recipe_id, name, quantity, unit) VALUES ('eea4493f-4aab-4ab2-9570-4549f2cb79b2', '7ec62878-7a20-408f-a357-d3be451cbd9f', 'Butter', 3, 'pinch');
INSERT INTO ingredients (id, recipe_id, name, quantity, unit) VALUES ('530b112f-23b3-4ce2-8db8-42fff63bdb3e', '7ec62878-7a20-408f-a357-d3be451cbd9f', 'Carrots', 4, 'oz');
INSERT INTO ingredients (id, recipe_id, name, quantity, unit) VALUES ('17935be4-79fa-4b2c-baf2-7c4c85e7e864', '7ec62878-7a20-408f-a357-d3be451cbd9f', 'Sweet Potatoes', 2, 'pinch');
INSERT INTO ingredients (id, recipe_id, name, quantity, unit) VALUES ('fd709b9c-44e4-4dbb-960b-6591675cb36f', '7ec62878-7a20-408f-a357-d3be451cbd9f', 'Cauliflower', 4, 'lb');
INSERT INTO recipe_dietary_tags (recipe_id, tag_id) VALUES ('7ec62878-7a20-408f-a357-d3be451cbd9f', 4);
INSERT INTO recipe_dietary_tags (recipe_id, tag_id) VALUES ('7ec62878-7a20-408f-a357-d3be451cbd9f', 10);

INSERT INTO recipes (id, user_id, title, description, instructions, image_url, servings, source_url, source_name, is_archived) VALUES ('5904e800-70a7-4d74-87f2-a464e8ed6259', 'admin-user-id', 'Miso Ginger Sautéed Turkey Breast', 'A delicious and healthy Miso Ginger Sautéed Turkey Breast served with Kale and Zucchini Noodles. Perfect for a quick weeknight dinner.', '1. Preheat oven to 400°F.
2. Season the Turkey Breast with Miso Ginger spices.
3. Arrange Kale and Broccoli on a baking sheet.
4. Sautéed for 20-25 minutes until cooked through.
5. Serve hot over Zucchini Noodles.', 'https://images.unsplash.com/photo-1500000000253?auto=format&fit=crop&w=800&q=60', 3, 'https://www.allrecipes.com', 'AllRecipes', 0);
INSERT INTO ingredients (id, recipe_id, name, quantity, unit) VALUES ('5bb6b1f5-2ab9-4d44-bad8-18122476a424', '5904e800-70a7-4d74-87f2-a464e8ed6259', 'Turkey Breast', 2, 'oz');
INSERT INTO ingredients (id, recipe_id, name, quantity, unit) VALUES ('f6c7fea0-1828-44db-8250-cd8daecb2008', '5904e800-70a7-4d74-87f2-a464e8ed6259', 'Kale', 1, 'cup');
INSERT INTO ingredients (id, recipe_id, name, quantity, unit) VALUES ('601ec24f-f15e-4599-83be-20064b439508', '5904e800-70a7-4d74-87f2-a464e8ed6259', 'Zucchini Noodles', 3, 'cup');
INSERT INTO ingredients (id, recipe_id, name, quantity, unit) VALUES ('a4120ff0-0181-47c2-9d46-f20447df1621', '5904e800-70a7-4d74-87f2-a464e8ed6259', 'Olive Oil', 2, 'tbsp');
INSERT INTO ingredients (id, recipe_id, name, quantity, unit) VALUES ('b904c85e-d5b2-4f8b-ae13-c205536b5497', '5904e800-70a7-4d74-87f2-a464e8ed6259', 'Salt & Pepper', 1, 'pinch');
INSERT INTO ingredients (id, recipe_id, name, quantity, unit) VALUES ('cc1dab2d-5726-4c60-8f5b-2c46157e000a', '5904e800-70a7-4d74-87f2-a464e8ed6259', 'Kale', 1, 'clove');
INSERT INTO ingredients (id, recipe_id, name, quantity, unit) VALUES ('b337eaeb-65c2-46fa-95c2-f2e48d45f3f6', '5904e800-70a7-4d74-87f2-a464e8ed6259', 'Carrots', 5, 'clove');
INSERT INTO ingredients (id, recipe_id, name, quantity, unit) VALUES ('bf803bc6-2bdc-4f62-90bf-8c415a6089ad', '5904e800-70a7-4d74-87f2-a464e8ed6259', 'Lemon', 4, 'clove');
INSERT INTO recipe_dietary_tags (recipe_id, tag_id) VALUES ('5904e800-70a7-4d74-87f2-a464e8ed6259', 6);
INSERT INTO recipe_dietary_tags (recipe_id, tag_id) VALUES ('5904e800-70a7-4d74-87f2-a464e8ed6259', 3);
INSERT INTO recipe_dietary_tags (recipe_id, tag_id) VALUES ('5904e800-70a7-4d74-87f2-a464e8ed6259', 7);

INSERT INTO recipes (id, user_id, title, description, instructions, image_url, servings, source_url, source_name, is_archived) VALUES ('9429d79b-6c8e-4be6-9e01-25a2509b061c', 'admin-user-id', 'Taco Seasoned Air Fried Lentils', 'A delicious and healthy Taco Seasoned Air Fried Lentils served with Zucchini and Lentil Pasta. Perfect for a quick weeknight dinner.', '1. Preheat oven to 400°F.
2. Season the Lentils with Taco Seasoned spices.
3. Arrange Zucchini and Green Beans on a baking sheet.
4. Air Fried for 20-25 minutes until cooked through.
5. Serve hot over Lentil Pasta.', 'https://images.unsplash.com/photo-1500000000254?auto=format&fit=crop&w=800&q=60', 2, 'https://www.allrecipes.com', 'AllRecipes', 0);
INSERT INTO ingredients (id, recipe_id, name, quantity, unit) VALUES ('57eb9b7d-c2f6-42ef-9f57-fbb977f39f35', '9429d79b-6c8e-4be6-9e01-25a2509b061c', 'Lentils', 1, 'lb');
INSERT INTO ingredients (id, recipe_id, name, quantity, unit) VALUES ('9399c7ad-f014-409d-b8d5-7a83ed079c38', '9429d79b-6c8e-4be6-9e01-25a2509b061c', 'Zucchini', 2, 'head');
INSERT INTO ingredients (id, recipe_id, name, quantity, unit) VALUES ('dcfb640f-fb32-4d1f-938d-b7d84614b435', '9429d79b-6c8e-4be6-9e01-25a2509b061c', 'Lentil Pasta', 3, 'cup');
INSERT INTO ingredients (id, recipe_id, name, quantity, unit) VALUES ('7b919728-324f-45e8-8d63-a8f0c79dfba9', '9429d79b-6c8e-4be6-9e01-25a2509b061c', 'Olive Oil', 2, 'tbsp');
INSERT INTO ingredients (id, recipe_id, name, quantity, unit) VALUES ('e626bca5-6c22-469e-8966-8a53fd4fcddd', '9429d79b-6c8e-4be6-9e01-25a2509b061c', 'Salt & Pepper', 1, 'pinch');
INSERT INTO ingredients (id, recipe_id, name, quantity, unit) VALUES ('799afbe8-2cfa-46a0-a677-75c0164fb6a7', '9429d79b-6c8e-4be6-9e01-25a2509b061c', 'Carrots', 4, 'head');
INSERT INTO ingredients (id, recipe_id, name, quantity, unit) VALUES ('b00311f9-5f74-46be-a506-6208a0326cf1', '9429d79b-6c8e-4be6-9e01-25a2509b061c', 'Broccoli', 2, 'g');
INSERT INTO ingredients (id, recipe_id, name, quantity, unit) VALUES ('d4d9ac0b-71a6-42cd-be6a-5444e1699b7b', '9429d79b-6c8e-4be6-9e01-25a2509b061c', 'Brussels Sprouts', 1, 'oz');
INSERT INTO ingredients (id, recipe_id, name, quantity, unit) VALUES ('ff977dd6-df24-4a12-8f36-62c2c8ed7ecb', '9429d79b-6c8e-4be6-9e01-25a2509b061c', 'Cauliflower', 2, 'head');
INSERT INTO ingredients (id, recipe_id, name, quantity, unit) VALUES ('1586b475-b711-45b3-b638-ff777b57db0c', '9429d79b-6c8e-4be6-9e01-25a2509b061c', 'Asparagus', 3, 'oz');
INSERT INTO ingredients (id, recipe_id, name, quantity, unit) VALUES ('c0374869-8bf1-4416-b2a7-6e184c829fc6', '9429d79b-6c8e-4be6-9e01-25a2509b061c', 'Zucchini', 4, 'clove');
INSERT INTO ingredients (id, recipe_id, name, quantity, unit) VALUES ('7430c5d8-83b8-492c-8035-2f5a2357808f', '9429d79b-6c8e-4be6-9e01-25a2509b061c', 'Garlic', 2, 'g');
INSERT INTO recipe_dietary_tags (recipe_id, tag_id) VALUES ('9429d79b-6c8e-4be6-9e01-25a2509b061c', 4);

INSERT INTO recipes (id, user_id, title, description, instructions, image_url, servings, source_url, source_name, is_archived) VALUES ('6ce688c1-f403-4235-a90c-76bb68ada3d1', 'admin-user-id', 'Lemon Garlic Air Fried Salmon Fillet', 'A delicious and healthy Lemon Garlic Air Fried Salmon Fillet served with Green Beans and Zucchini Noodles. Perfect for a quick weeknight dinner.', '1. Preheat oven to 400°F.
2. Season the Salmon Fillet with Lemon Garlic spices.
3. Arrange Green Beans and Spinach on a baking sheet.
4. Air Fried for 20-25 minutes until cooked through.
5. Serve hot over Zucchini Noodles.', 'https://images.unsplash.com/photo-1500000000255?auto=format&fit=crop&w=800&q=60', 4, 'https://www.epicurious.com', 'Epicurious', 0);
INSERT INTO ingredients (id, recipe_id, name, quantity, unit) VALUES ('d535c069-27c9-4a7c-bc83-14b7faf574fc', '6ce688c1-f403-4235-a90c-76bb68ada3d1', 'Salmon Fillet', 2, 'lb');
INSERT INTO ingredients (id, recipe_id, name, quantity, unit) VALUES ('5f86e244-dcc9-4d3b-a0f1-732b32c1de39', '6ce688c1-f403-4235-a90c-76bb68ada3d1', 'Green Beans', 2, 'cup');
INSERT INTO ingredients (id, recipe_id, name, quantity, unit) VALUES ('0f90d3dd-2baf-4f4a-bb24-8cf5e5779409', '6ce688c1-f403-4235-a90c-76bb68ada3d1', 'Zucchini Noodles', 3, 'cup');
INSERT INTO ingredients (id, recipe_id, name, quantity, unit) VALUES ('e2637280-1379-4f08-a19e-3f5a5acd2016', '6ce688c1-f403-4235-a90c-76bb68ada3d1', 'Olive Oil', 2, 'tbsp');
INSERT INTO ingredients (id, recipe_id, name, quantity, unit) VALUES ('a221f4f5-b831-479a-a38c-3b97b4ce2039', '6ce688c1-f403-4235-a90c-76bb68ada3d1', 'Salt & Pepper', 1, 'pinch');
INSERT INTO ingredients (id, recipe_id, name, quantity, unit) VALUES ('d718ed79-a8d8-445f-9b0f-24825fce8b32', '6ce688c1-f403-4235-a90c-76bb68ada3d1', 'Zucchini', 5, 'tsp');
INSERT INTO ingredients (id, recipe_id, name, quantity, unit) VALUES ('b4e34ba9-ed0a-402f-be4a-e60231417ca5', '6ce688c1-f403-4235-a90c-76bb68ada3d1', 'Onion', 1, 'tbsp');
INSERT INTO ingredients (id, recipe_id, name, quantity, unit) VALUES ('8f1a32a0-037d-4df2-87cb-791369ea42d3', '6ce688c1-f403-4235-a90c-76bb68ada3d1', 'Ginger', 5, 'g');
INSERT INTO ingredients (id, recipe_id, name, quantity, unit) VALUES ('477d114c-b9cf-41ba-9b03-589e01b10599', '6ce688c1-f403-4235-a90c-76bb68ada3d1', 'Broccoli', 1, 'head');
INSERT INTO recipe_dietary_tags (recipe_id, tag_id) VALUES ('6ce688c1-f403-4235-a90c-76bb68ada3d1', 4);
INSERT INTO recipe_dietary_tags (recipe_id, tag_id) VALUES ('6ce688c1-f403-4235-a90c-76bb68ada3d1', 5);

INSERT INTO recipes (id, user_id, title, description, instructions, image_url, servings, source_url, source_name, is_archived) VALUES ('d6b607db-cc5d-4f5e-a8fe-0b4f79f35c22', 'admin-user-id', 'Teriyaki Grilled Lentils', 'A delicious and healthy Teriyaki Grilled Lentils served with Brussels Sprouts and Cauliflower Rice. Perfect for a quick weeknight dinner.', '1. Preheat oven to 400°F.
2. Season the Lentils with Teriyaki spices.
3. Arrange Brussels Sprouts and Spinach on a baking sheet.
4. Grilled for 20-25 minutes until cooked through.
5. Serve hot over Cauliflower Rice.', 'https://images.unsplash.com/photo-1500000000256?auto=format&fit=crop&w=800&q=60', 6, 'https://www.bonappetit.com', 'Bon Appetit', 0);
INSERT INTO ingredients (id, recipe_id, name, quantity, unit) VALUES ('408d3b07-186e-414c-9a67-2fb74ac95f23', 'd6b607db-cc5d-4f5e-a8fe-0b4f79f35c22', 'Lentils', 2, 'oz');
INSERT INTO ingredients (id, recipe_id, name, quantity, unit) VALUES ('06c39abb-e9ca-4fde-86c5-2e4bfd1632e4', 'd6b607db-cc5d-4f5e-a8fe-0b4f79f35c22', 'Brussels Sprouts', 4, 'head');
INSERT INTO ingredients (id, recipe_id, name, quantity, unit) VALUES ('14fb0765-6319-4984-9354-567de702a5ee', 'd6b607db-cc5d-4f5e-a8fe-0b4f79f35c22', 'Cauliflower Rice', 3, 'cup');
INSERT INTO ingredients (id, recipe_id, name, quantity, unit) VALUES ('1f019af9-f7e7-40ad-befe-6fa17f696730', 'd6b607db-cc5d-4f5e-a8fe-0b4f79f35c22', 'Olive Oil', 1, 'tbsp');
INSERT INTO ingredients (id, recipe_id, name, quantity, unit) VALUES ('f01467b2-b124-4519-bf0d-9e0cf8c6e020', 'd6b607db-cc5d-4f5e-a8fe-0b4f79f35c22', 'Salt & Pepper', 1, 'pinch');
INSERT INTO ingredients (id, recipe_id, name, quantity, unit) VALUES ('64f26178-b9ca-4e5d-945b-b04a23b5a90c', 'd6b607db-cc5d-4f5e-a8fe-0b4f79f35c22', 'Kale', 2, 'head');
INSERT INTO ingredients (id, recipe_id, name, quantity, unit) VALUES ('11845583-67cc-41a3-a2b5-64c813088d34', 'd6b607db-cc5d-4f5e-a8fe-0b4f79f35c22', 'Spinach', 1, 'lb');
INSERT INTO ingredients (id, recipe_id, name, quantity, unit) VALUES ('b6a23649-f24f-412a-a9ec-c189ea8adece', 'd6b607db-cc5d-4f5e-a8fe-0b4f79f35c22', 'Onion', 4, 'tbsp');
INSERT INTO ingredients (id, recipe_id, name, quantity, unit) VALUES ('404cd173-936e-4698-8acc-51a1ae0cc11d', 'd6b607db-cc5d-4f5e-a8fe-0b4f79f35c22', 'Kale', 5, 'tbsp');
INSERT INTO ingredients (id, recipe_id, name, quantity, unit) VALUES ('dbc306be-1ba7-4440-ba34-6ddcee67bd98', 'd6b607db-cc5d-4f5e-a8fe-0b4f79f35c22', 'Onion', 1, 'oz');
INSERT INTO recipe_dietary_tags (recipe_id, tag_id) VALUES ('d6b607db-cc5d-4f5e-a8fe-0b4f79f35c22', 9);
INSERT INTO recipe_dietary_tags (recipe_id, tag_id) VALUES ('d6b607db-cc5d-4f5e-a8fe-0b4f79f35c22', 3);
INSERT INTO recipe_dietary_tags (recipe_id, tag_id) VALUES ('d6b607db-cc5d-4f5e-a8fe-0b4f79f35c22', 6);

INSERT INTO recipes (id, user_id, title, description, instructions, image_url, servings, source_url, source_name, is_archived) VALUES ('c99d2f2a-df4b-4360-b2d6-ddaf4459de77', 'admin-user-id', 'Pesto Baked Chicken Breast', 'A delicious and healthy Pesto Baked Chicken Breast served with Zucchini and Couscous. Perfect for a quick weeknight dinner.', '1. Preheat oven to 400°F.
2. Season the Chicken Breast with Pesto spices.
3. Arrange Zucchini and Carrots on a baking sheet.
4. Baked for 20-25 minutes until cooked through.
5. Serve hot over Couscous.', 'https://images.unsplash.com/photo-1500000000257?auto=format&fit=crop&w=800&q=60', 3, 'https://www.allrecipes.com', 'AllRecipes', 0);
INSERT INTO ingredients (id, recipe_id, name, quantity, unit) VALUES ('01aa9ace-dfef-4309-b27b-50e7db033b58', 'c99d2f2a-df4b-4360-b2d6-ddaf4459de77', 'Chicken Breast', 1, 'oz');
INSERT INTO ingredients (id, recipe_id, name, quantity, unit) VALUES ('2fc0cdb1-51c6-41e1-b3c7-33123cd5d969', 'c99d2f2a-df4b-4360-b2d6-ddaf4459de77', 'Zucchini', 1, 'bundle');
INSERT INTO ingredients (id, recipe_id, name, quantity, unit) VALUES ('eeef5118-e335-4b5d-a0cf-168824cb1bb8', 'c99d2f2a-df4b-4360-b2d6-ddaf4459de77', 'Couscous', 1, 'cup');
INSERT INTO ingredients (id, recipe_id, name, quantity, unit) VALUES ('ae882b96-cbee-484a-9df3-3ad97314138d', 'c99d2f2a-df4b-4360-b2d6-ddaf4459de77', 'Olive Oil', 2, 'tbsp');
INSERT INTO ingredients (id, recipe_id, name, quantity, unit) VALUES ('961e80e8-4182-4acd-8774-dc9167c16d9c', 'c99d2f2a-df4b-4360-b2d6-ddaf4459de77', 'Salt & Pepper', 1, 'pinch');
INSERT INTO ingredients (id, recipe_id, name, quantity, unit) VALUES ('01b03b76-8deb-43b3-b180-da3bfdeeaa31', 'c99d2f2a-df4b-4360-b2d6-ddaf4459de77', 'Butter', 1, 'pinch');
INSERT INTO ingredients (id, recipe_id, name, quantity, unit) VALUES ('44760a34-9a64-4187-a5e2-b2f30c0c91ce', 'c99d2f2a-df4b-4360-b2d6-ddaf4459de77', 'Butter', 2, 'clove');
INSERT INTO ingredients (id, recipe_id, name, quantity, unit) VALUES ('b84d4a0d-2fab-40b8-8e2e-fcb95ecb314d', 'c99d2f2a-df4b-4360-b2d6-ddaf4459de77', 'Spinach', 1, 'cup');
INSERT INTO ingredients (id, recipe_id, name, quantity, unit) VALUES ('cb14268a-7704-42a5-af32-950de6ef62df', 'c99d2f2a-df4b-4360-b2d6-ddaf4459de77', 'Sweet Potatoes', 1, 'ml');
INSERT INTO ingredients (id, recipe_id, name, quantity, unit) VALUES ('93b051d7-002d-4c36-a3a5-52dfd9ca71e6', 'c99d2f2a-df4b-4360-b2d6-ddaf4459de77', 'Onion', 3, 'bundle');
INSERT INTO recipe_dietary_tags (recipe_id, tag_id) VALUES ('c99d2f2a-df4b-4360-b2d6-ddaf4459de77', 5);
INSERT INTO recipe_dietary_tags (recipe_id, tag_id) VALUES ('c99d2f2a-df4b-4360-b2d6-ddaf4459de77', 3);
INSERT INTO recipe_dietary_tags (recipe_id, tag_id) VALUES ('c99d2f2a-df4b-4360-b2d6-ddaf4459de77', 4);

INSERT INTO recipes (id, user_id, title, description, instructions, image_url, servings, source_url, source_name, is_archived) VALUES ('9fc74213-c7bb-4c4e-b5cb-14c90c3f7111', 'admin-user-id', 'Teriyaki Air Fried Eggs', 'A delicious and healthy Teriyaki Air Fried Eggs served with Bell Peppers and Brown Rice. Perfect for a quick weeknight dinner.', '1. Preheat oven to 400°F.
2. Season the Eggs with Teriyaki spices.
3. Arrange Bell Peppers and Bell Peppers on a baking sheet.
4. Air Fried for 20-25 minutes until cooked through.
5. Serve hot over Brown Rice.', 'https://images.unsplash.com/photo-1500000000258?auto=format&fit=crop&w=800&q=60', 2, 'https://www.bonappetit.com', 'Bon Appetit', 0);
INSERT INTO ingredients (id, recipe_id, name, quantity, unit) VALUES ('5241650d-33e5-48b1-90d0-ef5e5ccc1267', '9fc74213-c7bb-4c4e-b5cb-14c90c3f7111', 'Eggs', 2, 'lb');
INSERT INTO ingredients (id, recipe_id, name, quantity, unit) VALUES ('1daf91fc-2c99-418f-886f-292bd8d25a46', '9fc74213-c7bb-4c4e-b5cb-14c90c3f7111', 'Bell Peppers', 4, 'bundle');
INSERT INTO ingredients (id, recipe_id, name, quantity, unit) VALUES ('ff3b0766-f435-476e-9d16-2d2abd47ded8', '9fc74213-c7bb-4c4e-b5cb-14c90c3f7111', 'Brown Rice', 2, 'cup');
INSERT INTO ingredients (id, recipe_id, name, quantity, unit) VALUES ('89b5d65e-a731-4581-ae83-c6015d37430f', '9fc74213-c7bb-4c4e-b5cb-14c90c3f7111', 'Olive Oil', 1, 'tbsp');
INSERT INTO ingredients (id, recipe_id, name, quantity, unit) VALUES ('20059756-421d-425c-99b9-13b912cb2f64', '9fc74213-c7bb-4c4e-b5cb-14c90c3f7111', 'Salt & Pepper', 1, 'pinch');
INSERT INTO recipe_dietary_tags (recipe_id, tag_id) VALUES ('9fc74213-c7bb-4c4e-b5cb-14c90c3f7111', 2);
INSERT INTO recipe_dietary_tags (recipe_id, tag_id) VALUES ('9fc74213-c7bb-4c4e-b5cb-14c90c3f7111', 8);
INSERT INTO recipe_dietary_tags (recipe_id, tag_id) VALUES ('9fc74213-c7bb-4c4e-b5cb-14c90c3f7111', 10);

INSERT INTO recipes (id, user_id, title, description, instructions, image_url, servings, source_url, source_name, is_archived) VALUES ('98c1b2b8-81d5-45cb-be58-035eb565494c', 'admin-user-id', 'Miso Ginger Baked Eggs', 'A delicious and healthy Miso Ginger Baked Eggs served with Carrots and Lentil Pasta. Perfect for a quick weeknight dinner.', '1. Preheat oven to 400°F.
2. Season the Eggs with Miso Ginger spices.
3. Arrange Carrots and Kale on a baking sheet.
4. Baked for 20-25 minutes until cooked through.
5. Serve hot over Lentil Pasta.', 'https://images.unsplash.com/photo-1500000000259?auto=format&fit=crop&w=800&q=60', 8, 'https://www.epicurious.com', 'Epicurious', 0);
INSERT INTO ingredients (id, recipe_id, name, quantity, unit) VALUES ('1f49ddeb-68b0-406c-b35d-888cfc43a136', '98c1b2b8-81d5-45cb-be58-035eb565494c', 'Eggs', 1, 'oz');
INSERT INTO ingredients (id, recipe_id, name, quantity, unit) VALUES ('4dd46f3e-6db7-4fbe-930d-2647306ae22e', '98c1b2b8-81d5-45cb-be58-035eb565494c', 'Carrots', 4, 'bundle');
INSERT INTO ingredients (id, recipe_id, name, quantity, unit) VALUES ('13b831f8-23fa-4929-a07f-78c563bc159e', '98c1b2b8-81d5-45cb-be58-035eb565494c', 'Lentil Pasta', 1, 'cup');
INSERT INTO ingredients (id, recipe_id, name, quantity, unit) VALUES ('01b9f843-c514-443e-8ed9-c2d84a266e5c', '98c1b2b8-81d5-45cb-be58-035eb565494c', 'Olive Oil', 3, 'tbsp');
INSERT INTO ingredients (id, recipe_id, name, quantity, unit) VALUES ('a0a0abce-d0f8-4168-80d6-bc6079a2c04b', '98c1b2b8-81d5-45cb-be58-035eb565494c', 'Salt & Pepper', 1, 'pinch');
INSERT INTO ingredients (id, recipe_id, name, quantity, unit) VALUES ('063ce2d6-112d-4952-9fbb-33989dd43dd6', '98c1b2b8-81d5-45cb-be58-035eb565494c', 'Green Beans', 2, 'cup');
INSERT INTO ingredients (id, recipe_id, name, quantity, unit) VALUES ('90d8a8e0-33f3-413d-8523-3800d6fca9b9', '98c1b2b8-81d5-45cb-be58-035eb565494c', 'Butter', 1, 'cup');
INSERT INTO recipe_dietary_tags (recipe_id, tag_id) VALUES ('98c1b2b8-81d5-45cb-be58-035eb565494c', 2);
INSERT INTO recipe_dietary_tags (recipe_id, tag_id) VALUES ('98c1b2b8-81d5-45cb-be58-035eb565494c', 8);
INSERT INTO recipe_dietary_tags (recipe_id, tag_id) VALUES ('98c1b2b8-81d5-45cb-be58-035eb565494c', 6);

INSERT INTO recipes (id, user_id, title, description, instructions, image_url, servings, source_url, source_name, is_archived) VALUES ('d509a53b-7e6b-4952-8354-daddf30e8e64', 'admin-user-id', 'Pesto Pan-Seared Steak', 'A delicious and healthy Pesto Pan-Seared Steak served with Sweet Potatoes and Lentil Pasta. Perfect for a quick weeknight dinner.', '1. Preheat oven to 400°F.
2. Season the Steak with Pesto spices.
3. Arrange Sweet Potatoes and Broccoli on a baking sheet.
4. Pan-Seared for 20-25 minutes until cooked through.
5. Serve hot over Lentil Pasta.', 'https://images.unsplash.com/photo-1500000000260?auto=format&fit=crop&w=800&q=60', 7, 'https://www.foodnetwork.com', 'Food Network', 0);
INSERT INTO ingredients (id, recipe_id, name, quantity, unit) VALUES ('f7123c04-4acb-455f-b7d9-b1d40a7fc934', 'd509a53b-7e6b-4952-8354-daddf30e8e64', 'Steak', 1, 'oz');
INSERT INTO ingredients (id, recipe_id, name, quantity, unit) VALUES ('a8ac2b77-c67d-46d9-9d90-7bfb093c7fd8', 'd509a53b-7e6b-4952-8354-daddf30e8e64', 'Sweet Potatoes', 2, 'head');
INSERT INTO ingredients (id, recipe_id, name, quantity, unit) VALUES ('0f52a8bb-845b-40bc-9134-8680d215390d', 'd509a53b-7e6b-4952-8354-daddf30e8e64', 'Lentil Pasta', 1, 'cup');
INSERT INTO ingredients (id, recipe_id, name, quantity, unit) VALUES ('db3e6c22-8eca-40a6-b8b9-d77b03877ab4', 'd509a53b-7e6b-4952-8354-daddf30e8e64', 'Olive Oil', 2, 'tbsp');
INSERT INTO ingredients (id, recipe_id, name, quantity, unit) VALUES ('71aa4b5a-89ae-44cd-9bc6-c0e689c7b48b', 'd509a53b-7e6b-4952-8354-daddf30e8e64', 'Salt & Pepper', 1, 'pinch');
INSERT INTO ingredients (id, recipe_id, name, quantity, unit) VALUES ('fa66fa21-7fd3-4722-be5b-a44d542f0047', 'd509a53b-7e6b-4952-8354-daddf30e8e64', 'Bell Peppers', 1, 'oz');
INSERT INTO ingredients (id, recipe_id, name, quantity, unit) VALUES ('3dbeecf4-3e97-4746-ad9a-66e0c61ecb5f', 'd509a53b-7e6b-4952-8354-daddf30e8e64', 'Bell Peppers', 2, 'bundle');
INSERT INTO recipe_dietary_tags (recipe_id, tag_id) VALUES ('d509a53b-7e6b-4952-8354-daddf30e8e64', 6);
INSERT INTO recipe_dietary_tags (recipe_id, tag_id) VALUES ('d509a53b-7e6b-4952-8354-daddf30e8e64', 2);

INSERT INTO recipes (id, user_id, title, description, instructions, image_url, servings, source_url, source_name, is_archived) VALUES ('3fcb88fb-39af-4e6c-b672-fc8f164979bb', 'admin-user-id', 'Pesto Steamed Chickpeas', 'A delicious and healthy Pesto Steamed Chickpeas served with Carrots and Quinoa. Perfect for a quick weeknight dinner.', '1. Preheat oven to 400°F.
2. Season the Chickpeas with Pesto spices.
3. Arrange Carrots and Sweet Potatoes on a baking sheet.
4. Steamed for 20-25 minutes until cooked through.
5. Serve hot over Quinoa.', 'https://images.unsplash.com/photo-1500000000261?auto=format&fit=crop&w=800&q=60', 2, 'https://www.epicurious.com', 'Epicurious', 0);
INSERT INTO ingredients (id, recipe_id, name, quantity, unit) VALUES ('6af6c630-631a-4f4d-bd63-7d6391ade5c2', '3fcb88fb-39af-4e6c-b672-fc8f164979bb', 'Chickpeas', 1, 'lb');
INSERT INTO ingredients (id, recipe_id, name, quantity, unit) VALUES ('b0a33be2-f177-41eb-a87f-8c3a9de18e42', '3fcb88fb-39af-4e6c-b672-fc8f164979bb', 'Carrots', 4, 'cup');
INSERT INTO ingredients (id, recipe_id, name, quantity, unit) VALUES ('4de456ee-051e-410c-8803-6ff5eef6d272', '3fcb88fb-39af-4e6c-b672-fc8f164979bb', 'Quinoa', 1, 'cup');
INSERT INTO ingredients (id, recipe_id, name, quantity, unit) VALUES ('1798196c-65a7-4840-97ac-ba29a5db49ce', '3fcb88fb-39af-4e6c-b672-fc8f164979bb', 'Olive Oil', 1, 'tbsp');
INSERT INTO ingredients (id, recipe_id, name, quantity, unit) VALUES ('7c4da238-f140-4384-b05c-cf7c7c3182db', '3fcb88fb-39af-4e6c-b672-fc8f164979bb', 'Salt & Pepper', 1, 'pinch');
INSERT INTO ingredients (id, recipe_id, name, quantity, unit) VALUES ('bb6f6281-fe48-4576-8542-fe735ba598c7', '3fcb88fb-39af-4e6c-b672-fc8f164979bb', 'Broccoli', 5, 'head');
INSERT INTO recipe_dietary_tags (recipe_id, tag_id) VALUES ('3fcb88fb-39af-4e6c-b672-fc8f164979bb', 2);

INSERT INTO recipes (id, user_id, title, description, instructions, image_url, servings, source_url, source_name, is_archived) VALUES ('d6bbaac3-1b74-4b54-bf8a-1cbac854cf38', 'admin-user-id', 'Lemon Garlic Baked Eggs', 'A delicious and healthy Lemon Garlic Baked Eggs served with Kale and Brown Rice. Perfect for a quick weeknight dinner.', '1. Preheat oven to 400°F.
2. Season the Eggs with Lemon Garlic spices.
3. Arrange Kale and Carrots on a baking sheet.
4. Baked for 20-25 minutes until cooked through.
5. Serve hot over Brown Rice.', 'https://images.unsplash.com/photo-1500000000262?auto=format&fit=crop&w=800&q=60', 7, 'https://www.bonappetit.com', 'Bon Appetit', 0);
INSERT INTO ingredients (id, recipe_id, name, quantity, unit) VALUES ('020f13d8-e577-434e-a63c-048649e6c8a4', 'd6bbaac3-1b74-4b54-bf8a-1cbac854cf38', 'Eggs', 2, 'oz');
INSERT INTO ingredients (id, recipe_id, name, quantity, unit) VALUES ('c1a54913-6c7d-41c2-9867-60a5a55dbf6d', 'd6bbaac3-1b74-4b54-bf8a-1cbac854cf38', 'Kale', 4, 'head');
INSERT INTO ingredients (id, recipe_id, name, quantity, unit) VALUES ('098743a7-a010-42f1-a46d-fa16d13279f2', 'd6bbaac3-1b74-4b54-bf8a-1cbac854cf38', 'Brown Rice', 3, 'cup');
INSERT INTO ingredients (id, recipe_id, name, quantity, unit) VALUES ('78fbb05c-06d5-4700-9107-e259627de7fe', 'd6bbaac3-1b74-4b54-bf8a-1cbac854cf38', 'Olive Oil', 2, 'tbsp');
INSERT INTO ingredients (id, recipe_id, name, quantity, unit) VALUES ('cfd2fd43-3f9f-4a43-89df-54a77b9f7c5e', 'd6bbaac3-1b74-4b54-bf8a-1cbac854cf38', 'Salt & Pepper', 1, 'pinch');
INSERT INTO ingredients (id, recipe_id, name, quantity, unit) VALUES ('96db1c46-b136-453d-8b44-a0af1e744754', 'd6bbaac3-1b74-4b54-bf8a-1cbac854cf38', 'Ginger', 2, 'ml');
INSERT INTO ingredients (id, recipe_id, name, quantity, unit) VALUES ('51f03edb-1d5e-45ef-bc55-57a7048a269c', 'd6bbaac3-1b74-4b54-bf8a-1cbac854cf38', 'Ginger', 5, 'oz');
INSERT INTO ingredients (id, recipe_id, name, quantity, unit) VALUES ('89400059-ca05-40de-aefe-031d4349e6b4', 'd6bbaac3-1b74-4b54-bf8a-1cbac854cf38', 'Spinach', 5, 'g');
INSERT INTO ingredients (id, recipe_id, name, quantity, unit) VALUES ('3a2a8099-eda1-4934-adae-92c4dc520d57', 'd6bbaac3-1b74-4b54-bf8a-1cbac854cf38', 'Ginger', 4, 'bundle');
INSERT INTO ingredients (id, recipe_id, name, quantity, unit) VALUES ('de09a356-35c7-48f3-9f63-311a7666d9cb', 'd6bbaac3-1b74-4b54-bf8a-1cbac854cf38', 'Ginger', 2, 'g');
INSERT INTO ingredients (id, recipe_id, name, quantity, unit) VALUES ('8325711d-ad9c-416a-b531-827b072e5719', 'd6bbaac3-1b74-4b54-bf8a-1cbac854cf38', 'Kale', 4, 'ml');
INSERT INTO recipe_dietary_tags (recipe_id, tag_id) VALUES ('d6bbaac3-1b74-4b54-bf8a-1cbac854cf38', 1);
INSERT INTO recipe_dietary_tags (recipe_id, tag_id) VALUES ('d6bbaac3-1b74-4b54-bf8a-1cbac854cf38', 4);

INSERT INTO recipes (id, user_id, title, description, instructions, image_url, servings, source_url, source_name, is_archived) VALUES ('82dfdbb6-cee9-49c7-a413-59ed7a361383', 'admin-user-id', 'Cajun Roasted Chickpeas', 'A delicious and healthy Cajun Roasted Chickpeas served with Broccoli and Wild Rice. Perfect for a quick weeknight dinner.', '1. Preheat oven to 400°F.
2. Season the Chickpeas with Cajun spices.
3. Arrange Broccoli and Brussels Sprouts on a baking sheet.
4. Roasted for 20-25 minutes until cooked through.
5. Serve hot over Wild Rice.', 'https://images.unsplash.com/photo-1500000000263?auto=format&fit=crop&w=800&q=60', 6, 'https://www.epicurious.com', 'Epicurious', 0);
INSERT INTO ingredients (id, recipe_id, name, quantity, unit) VALUES ('39dad9d5-f944-47cb-816f-b41f5d222f91', '82dfdbb6-cee9-49c7-a413-59ed7a361383', 'Chickpeas', 2, 'lb');
INSERT INTO ingredients (id, recipe_id, name, quantity, unit) VALUES ('ea049fab-d66b-479f-bd01-15670aa7ae4a', '82dfdbb6-cee9-49c7-a413-59ed7a361383', 'Broccoli', 3, 'bundle');
INSERT INTO ingredients (id, recipe_id, name, quantity, unit) VALUES ('1bba370b-6e98-44e9-8a69-87fb6bb24232', '82dfdbb6-cee9-49c7-a413-59ed7a361383', 'Wild Rice', 2, 'cup');
INSERT INTO ingredients (id, recipe_id, name, quantity, unit) VALUES ('b03865d2-2765-4bce-ad98-ca5a3fcc2cb9', '82dfdbb6-cee9-49c7-a413-59ed7a361383', 'Olive Oil', 1, 'tbsp');
INSERT INTO ingredients (id, recipe_id, name, quantity, unit) VALUES ('bc56de9d-87a1-4cd9-89ab-32009568525f', '82dfdbb6-cee9-49c7-a413-59ed7a361383', 'Salt & Pepper', 1, 'pinch');
INSERT INTO ingredients (id, recipe_id, name, quantity, unit) VALUES ('5cd4ddff-ade6-4358-b810-5626ee36e957', '82dfdbb6-cee9-49c7-a413-59ed7a361383', 'Ginger', 2, 'bundle');
INSERT INTO ingredients (id, recipe_id, name, quantity, unit) VALUES ('ed4b8f82-9739-4d7a-9d58-1a74c09879e3', '82dfdbb6-cee9-49c7-a413-59ed7a361383', 'Bell Peppers', 5, 'cup');
INSERT INTO recipe_dietary_tags (recipe_id, tag_id) VALUES ('82dfdbb6-cee9-49c7-a413-59ed7a361383', 4);
INSERT INTO recipe_dietary_tags (recipe_id, tag_id) VALUES ('82dfdbb6-cee9-49c7-a413-59ed7a361383', 10);

INSERT INTO recipes (id, user_id, title, description, instructions, image_url, servings, source_url, source_name, is_archived) VALUES ('03386716-855f-4cb7-86d2-a9400dcfa7d4', 'admin-user-id', 'Curry Air Fried Ground Beef', 'A delicious and healthy Curry Air Fried Ground Beef served with Broccoli and Couscous. Perfect for a quick weeknight dinner.', '1. Preheat oven to 400°F.
2. Season the Ground Beef with Curry spices.
3. Arrange Broccoli and Spinach on a baking sheet.
4. Air Fried for 20-25 minutes until cooked through.
5. Serve hot over Couscous.', 'https://images.unsplash.com/photo-1500000000264?auto=format&fit=crop&w=800&q=60', 6, 'https://www.bonappetit.com', 'Bon Appetit', 0);
INSERT INTO ingredients (id, recipe_id, name, quantity, unit) VALUES ('577911da-b924-4175-9305-9e7357c4da47', '03386716-855f-4cb7-86d2-a9400dcfa7d4', 'Ground Beef', 1, 'oz');
INSERT INTO ingredients (id, recipe_id, name, quantity, unit) VALUES ('14328421-2d11-418b-ae7b-f3c75031507f', '03386716-855f-4cb7-86d2-a9400dcfa7d4', 'Broccoli', 2, 'bundle');
INSERT INTO ingredients (id, recipe_id, name, quantity, unit) VALUES ('32c5335b-7278-493e-a204-487e5d15a654', '03386716-855f-4cb7-86d2-a9400dcfa7d4', 'Couscous', 2, 'cup');
INSERT INTO ingredients (id, recipe_id, name, quantity, unit) VALUES ('0e1c9838-23f8-4092-868b-476b7882bc4d', '03386716-855f-4cb7-86d2-a9400dcfa7d4', 'Olive Oil', 2, 'tbsp');
INSERT INTO ingredients (id, recipe_id, name, quantity, unit) VALUES ('d93adf34-40b9-40e0-840e-e63bb327efd7', '03386716-855f-4cb7-86d2-a9400dcfa7d4', 'Salt & Pepper', 1, 'pinch');
INSERT INTO ingredients (id, recipe_id, name, quantity, unit) VALUES ('d043e65c-4a01-43ad-957f-add991465d77', '03386716-855f-4cb7-86d2-a9400dcfa7d4', 'Asparagus', 1, 'head');
INSERT INTO ingredients (id, recipe_id, name, quantity, unit) VALUES ('49f90e14-c745-4a85-96f2-8d380b898f76', '03386716-855f-4cb7-86d2-a9400dcfa7d4', 'Ginger', 1, 'g');
INSERT INTO ingredients (id, recipe_id, name, quantity, unit) VALUES ('411fe779-dc83-4150-8dce-a86341018d57', '03386716-855f-4cb7-86d2-a9400dcfa7d4', 'Butter', 3, 'bundle');
INSERT INTO ingredients (id, recipe_id, name, quantity, unit) VALUES ('674701e3-5bdb-43b1-bc85-ab557f14a37e', '03386716-855f-4cb7-86d2-a9400dcfa7d4', 'Lemon', 4, 'bundle');
INSERT INTO ingredients (id, recipe_id, name, quantity, unit) VALUES ('122aa328-8526-430a-9c4a-1d09e7e11fd1', '03386716-855f-4cb7-86d2-a9400dcfa7d4', 'Bell Peppers', 3, 'pinch');
INSERT INTO ingredients (id, recipe_id, name, quantity, unit) VALUES ('33045929-85bb-4f51-b087-3494453f6d0c', '03386716-855f-4cb7-86d2-a9400dcfa7d4', 'Kale', 2, 'cup');
INSERT INTO recipe_dietary_tags (recipe_id, tag_id) VALUES ('03386716-855f-4cb7-86d2-a9400dcfa7d4', 10);

INSERT INTO recipes (id, user_id, title, description, instructions, image_url, servings, source_url, source_name, is_archived) VALUES ('d9afb35f-f505-42b4-8683-c031c852249d', 'admin-user-id', 'Curry Pan-Seared Shrimp', 'A delicious and healthy Curry Pan-Seared Shrimp served with Broccoli and Quinoa. Perfect for a quick weeknight dinner.', '1. Preheat oven to 400°F.
2. Season the Shrimp with Curry spices.
3. Arrange Broccoli and Brussels Sprouts on a baking sheet.
4. Pan-Seared for 20-25 minutes until cooked through.
5. Serve hot over Quinoa.', 'https://images.unsplash.com/photo-1500000000265?auto=format&fit=crop&w=800&q=60', 4, 'https://www.tasteofhome.com', 'Taste of Home', 0);
INSERT INTO ingredients (id, recipe_id, name, quantity, unit) VALUES ('ba6ab266-27bf-4524-ba70-6b58b4a6d669', 'd9afb35f-f505-42b4-8683-c031c852249d', 'Shrimp', 1, 'oz');
INSERT INTO ingredients (id, recipe_id, name, quantity, unit) VALUES ('755445a9-26cc-43d7-aee9-7426c29d6544', 'd9afb35f-f505-42b4-8683-c031c852249d', 'Broccoli', 3, 'cup');
INSERT INTO ingredients (id, recipe_id, name, quantity, unit) VALUES ('799bcb2a-8582-4e8d-8243-9c3b1efdbb23', 'd9afb35f-f505-42b4-8683-c031c852249d', 'Quinoa', 1, 'cup');
INSERT INTO ingredients (id, recipe_id, name, quantity, unit) VALUES ('e5e3bccf-3583-4f1f-ae3c-f1d6002b260f', 'd9afb35f-f505-42b4-8683-c031c852249d', 'Olive Oil', 2, 'tbsp');
INSERT INTO ingredients (id, recipe_id, name, quantity, unit) VALUES ('082ca401-acfb-4994-a632-073a61b29c2d', 'd9afb35f-f505-42b4-8683-c031c852249d', 'Salt & Pepper', 1, 'pinch');
INSERT INTO ingredients (id, recipe_id, name, quantity, unit) VALUES ('a9ec7546-84a6-4edd-bfff-da7ae988be71', 'd9afb35f-f505-42b4-8683-c031c852249d', 'Lemon', 1, 'tsp');
INSERT INTO recipe_dietary_tags (recipe_id, tag_id) VALUES ('d9afb35f-f505-42b4-8683-c031c852249d', 10);
INSERT INTO recipe_dietary_tags (recipe_id, tag_id) VALUES ('d9afb35f-f505-42b4-8683-c031c852249d', 8);
INSERT INTO recipe_dietary_tags (recipe_id, tag_id) VALUES ('d9afb35f-f505-42b4-8683-c031c852249d', 5);

INSERT INTO recipes (id, user_id, title, description, instructions, image_url, servings, source_url, source_name, is_archived) VALUES ('9075cc91-5a8c-4f51-8103-7f59ad5333a8', 'admin-user-id', 'Miso Ginger Steamed Lentils', 'A delicious and healthy Miso Ginger Steamed Lentils served with Kale and Brown Rice. Perfect for a quick weeknight dinner.', '1. Preheat oven to 400°F.
2. Season the Lentils with Miso Ginger spices.
3. Arrange Kale and Broccoli on a baking sheet.
4. Steamed for 20-25 minutes until cooked through.
5. Serve hot over Brown Rice.', 'https://images.unsplash.com/photo-1500000000266?auto=format&fit=crop&w=800&q=60', 4, 'https://www.bonappetit.com', 'Bon Appetit', 0);
INSERT INTO ingredients (id, recipe_id, name, quantity, unit) VALUES ('da2c95af-87c4-4f37-86c0-8a21b0408c6a', '9075cc91-5a8c-4f51-8103-7f59ad5333a8', 'Lentils', 2, 'oz');
INSERT INTO ingredients (id, recipe_id, name, quantity, unit) VALUES ('37fa9878-078e-4a6f-a648-23e61a561198', '9075cc91-5a8c-4f51-8103-7f59ad5333a8', 'Kale', 1, 'bundle');
INSERT INTO ingredients (id, recipe_id, name, quantity, unit) VALUES ('ad91d0e0-566b-450b-b837-6c2680b706d8', '9075cc91-5a8c-4f51-8103-7f59ad5333a8', 'Brown Rice', 3, 'cup');
INSERT INTO ingredients (id, recipe_id, name, quantity, unit) VALUES ('876b3740-dce4-411a-8aab-79eedc8b0314', '9075cc91-5a8c-4f51-8103-7f59ad5333a8', 'Olive Oil', 3, 'tbsp');
INSERT INTO ingredients (id, recipe_id, name, quantity, unit) VALUES ('d5b0265c-d0bf-4388-8a02-3608e94f8191', '9075cc91-5a8c-4f51-8103-7f59ad5333a8', 'Salt & Pepper', 1, 'pinch');
INSERT INTO recipe_dietary_tags (recipe_id, tag_id) VALUES ('9075cc91-5a8c-4f51-8103-7f59ad5333a8', 5);
INSERT INTO recipe_dietary_tags (recipe_id, tag_id) VALUES ('9075cc91-5a8c-4f51-8103-7f59ad5333a8', 7);

INSERT INTO recipes (id, user_id, title, description, instructions, image_url, servings, source_url, source_name, is_archived) VALUES ('01e40e06-ef0b-42a8-a84c-ce4bbdb237fd', 'admin-user-id', 'Smoky BBQ Air Fried Shrimp', 'A delicious and healthy Smoky BBQ Air Fried Shrimp served with Brussels Sprouts and Zucchini Noodles. Perfect for a quick weeknight dinner.', '1. Preheat oven to 400°F.
2. Season the Shrimp with Smoky BBQ spices.
3. Arrange Brussels Sprouts and Spinach on a baking sheet.
4. Air Fried for 20-25 minutes until cooked through.
5. Serve hot over Zucchini Noodles.', 'https://images.unsplash.com/photo-1500000000267?auto=format&fit=crop&w=800&q=60', 6, 'https://www.epicurious.com', 'Epicurious', 0);
INSERT INTO ingredients (id, recipe_id, name, quantity, unit) VALUES ('1bc39abd-8f77-4018-8d5e-79be5a9533d4', '01e40e06-ef0b-42a8-a84c-ce4bbdb237fd', 'Shrimp', 2, 'lb');
INSERT INTO ingredients (id, recipe_id, name, quantity, unit) VALUES ('a13dae7e-f340-4fba-a64a-b24725ee3af0', '01e40e06-ef0b-42a8-a84c-ce4bbdb237fd', 'Brussels Sprouts', 2, 'cup');
INSERT INTO ingredients (id, recipe_id, name, quantity, unit) VALUES ('75886d0e-018e-40bc-b341-321fa4e02709', '01e40e06-ef0b-42a8-a84c-ce4bbdb237fd', 'Zucchini Noodles', 1, 'cup');
INSERT INTO ingredients (id, recipe_id, name, quantity, unit) VALUES ('c28444b9-79f8-4616-bb07-de66e4d4d40e', '01e40e06-ef0b-42a8-a84c-ce4bbdb237fd', 'Olive Oil', 3, 'tbsp');
INSERT INTO ingredients (id, recipe_id, name, quantity, unit) VALUES ('847820cd-2d6a-4f4e-b113-8195d14ec3a1', '01e40e06-ef0b-42a8-a84c-ce4bbdb237fd', 'Salt & Pepper', 1, 'pinch');
INSERT INTO ingredients (id, recipe_id, name, quantity, unit) VALUES ('aa38d408-ea17-45d9-8911-8eeb98443f11', '01e40e06-ef0b-42a8-a84c-ce4bbdb237fd', 'Brussels Sprouts', 3, 'bundle');
INSERT INTO ingredients (id, recipe_id, name, quantity, unit) VALUES ('168f7cc8-cd11-4c0b-94f7-68d84fe777b3', '01e40e06-ef0b-42a8-a84c-ce4bbdb237fd', 'Spinach', 3, 'lb');
INSERT INTO ingredients (id, recipe_id, name, quantity, unit) VALUES ('cf132369-a966-454a-9d8d-b4f76c284723', '01e40e06-ef0b-42a8-a84c-ce4bbdb237fd', 'Garlic', 5, 'tbsp');
INSERT INTO ingredients (id, recipe_id, name, quantity, unit) VALUES ('c7d46e7b-eec8-46cd-bbf9-fff5c9f2e310', '01e40e06-ef0b-42a8-a84c-ce4bbdb237fd', 'Carrots', 2, 'oz');
INSERT INTO ingredients (id, recipe_id, name, quantity, unit) VALUES ('77e3022b-e1c0-484b-a054-fbf448cd6d32', '01e40e06-ef0b-42a8-a84c-ce4bbdb237fd', 'Cauliflower', 5, 'clove');
INSERT INTO ingredients (id, recipe_id, name, quantity, unit) VALUES ('5d641e80-f160-4b71-83b2-fffdafae9ed7', '01e40e06-ef0b-42a8-a84c-ce4bbdb237fd', 'Carrots', 2, 'tbsp');
INSERT INTO recipe_dietary_tags (recipe_id, tag_id) VALUES ('01e40e06-ef0b-42a8-a84c-ce4bbdb237fd', 5);
INSERT INTO recipe_dietary_tags (recipe_id, tag_id) VALUES ('01e40e06-ef0b-42a8-a84c-ce4bbdb237fd', 6);

INSERT INTO recipes (id, user_id, title, description, instructions, image_url, servings, source_url, source_name, is_archived) VALUES ('e515f7b7-0637-40b0-85c8-dbfc41527b97', 'admin-user-id', 'Lemon Garlic Air Fried Pork Loin', 'A delicious and healthy Lemon Garlic Air Fried Pork Loin served with Brussels Sprouts and Wild Rice. Perfect for a quick weeknight dinner.', '1. Preheat oven to 400°F.
2. Season the Pork Loin with Lemon Garlic spices.
3. Arrange Brussels Sprouts and Green Beans on a baking sheet.
4. Air Fried for 20-25 minutes until cooked through.
5. Serve hot over Wild Rice.', 'https://images.unsplash.com/photo-1500000000268?auto=format&fit=crop&w=800&q=60', 6, 'https://www.epicurious.com', 'Epicurious', 0);
INSERT INTO ingredients (id, recipe_id, name, quantity, unit) VALUES ('f0bf60a2-59ad-4121-bd35-f6665909945a', 'e515f7b7-0637-40b0-85c8-dbfc41527b97', 'Pork Loin', 1, 'lb');
INSERT INTO ingredients (id, recipe_id, name, quantity, unit) VALUES ('77beca3c-9cfc-44bf-acdd-573902befd41', 'e515f7b7-0637-40b0-85c8-dbfc41527b97', 'Brussels Sprouts', 3, 'bundle');
INSERT INTO ingredients (id, recipe_id, name, quantity, unit) VALUES ('56c7f169-17db-4ca3-8330-c4a2c26b3f4f', 'e515f7b7-0637-40b0-85c8-dbfc41527b97', 'Wild Rice', 2, 'cup');
INSERT INTO ingredients (id, recipe_id, name, quantity, unit) VALUES ('87de6b20-a27a-4293-80ae-4c31454432d0', 'e515f7b7-0637-40b0-85c8-dbfc41527b97', 'Olive Oil', 3, 'tbsp');
INSERT INTO ingredients (id, recipe_id, name, quantity, unit) VALUES ('394ae97f-a493-40c3-8b6c-e2cb25d3d8b6', 'e515f7b7-0637-40b0-85c8-dbfc41527b97', 'Salt & Pepper', 1, 'pinch');
INSERT INTO ingredients (id, recipe_id, name, quantity, unit) VALUES ('8e444058-b2ea-4ff7-b9a6-73ef1eae571b', 'e515f7b7-0637-40b0-85c8-dbfc41527b97', 'Ginger', 2, 'pinch');
INSERT INTO ingredients (id, recipe_id, name, quantity, unit) VALUES ('c75c4227-8a83-452d-bc9b-ffb59a6868d6', 'e515f7b7-0637-40b0-85c8-dbfc41527b97', 'Carrots', 1, 'clove');
INSERT INTO recipe_dietary_tags (recipe_id, tag_id) VALUES ('e515f7b7-0637-40b0-85c8-dbfc41527b97', 3);
INSERT INTO recipe_dietary_tags (recipe_id, tag_id) VALUES ('e515f7b7-0637-40b0-85c8-dbfc41527b97', 10);
INSERT INTO recipe_dietary_tags (recipe_id, tag_id) VALUES ('e515f7b7-0637-40b0-85c8-dbfc41527b97', 5);

INSERT INTO recipes (id, user_id, title, description, instructions, image_url, servings, source_url, source_name, is_archived) VALUES ('eb01a393-5698-4bff-8f65-ede7cd456cd9', 'admin-user-id', 'Teriyaki Grilled Cod', 'A delicious and healthy Teriyaki Grilled Cod served with Cauliflower and Roasted Potatoes. Perfect for a quick weeknight dinner.', '1. Preheat oven to 400°F.
2. Season the Cod with Teriyaki spices.
3. Arrange Cauliflower and Cauliflower on a baking sheet.
4. Grilled for 20-25 minutes until cooked through.
5. Serve hot over Roasted Potatoes.', 'https://images.unsplash.com/photo-1500000000269?auto=format&fit=crop&w=800&q=60', 7, 'https://www.bonappetit.com', 'Bon Appetit', 0);
INSERT INTO ingredients (id, recipe_id, name, quantity, unit) VALUES ('b77554e0-025f-4f33-9e41-d0efaa445ff6', 'eb01a393-5698-4bff-8f65-ede7cd456cd9', 'Cod', 1, 'lb');
INSERT INTO ingredients (id, recipe_id, name, quantity, unit) VALUES ('fde0c296-50f0-4068-946c-4875815bc5f8', 'eb01a393-5698-4bff-8f65-ede7cd456cd9', 'Cauliflower', 1, 'cup');
INSERT INTO ingredients (id, recipe_id, name, quantity, unit) VALUES ('9f5cbb75-ce53-4fb9-a70c-074d5dabaed1', 'eb01a393-5698-4bff-8f65-ede7cd456cd9', 'Roasted Potatoes', 2, 'cup');
INSERT INTO ingredients (id, recipe_id, name, quantity, unit) VALUES ('55e2d5bb-32d9-4872-abc7-cb4d1781946f', 'eb01a393-5698-4bff-8f65-ede7cd456cd9', 'Olive Oil', 1, 'tbsp');
INSERT INTO ingredients (id, recipe_id, name, quantity, unit) VALUES ('f39e9e54-43fd-4687-b1e3-8d53cab7ea2b', 'eb01a393-5698-4bff-8f65-ede7cd456cd9', 'Salt & Pepper', 1, 'pinch');
INSERT INTO ingredients (id, recipe_id, name, quantity, unit) VALUES ('f2a93ed3-214a-4260-ab12-2e5d7c1f9f4f', 'eb01a393-5698-4bff-8f65-ede7cd456cd9', 'Broccoli', 5, 'tbsp');
INSERT INTO recipe_dietary_tags (recipe_id, tag_id) VALUES ('eb01a393-5698-4bff-8f65-ede7cd456cd9', 3);
INSERT INTO recipe_dietary_tags (recipe_id, tag_id) VALUES ('eb01a393-5698-4bff-8f65-ede7cd456cd9', 7);
INSERT INTO recipe_dietary_tags (recipe_id, tag_id) VALUES ('eb01a393-5698-4bff-8f65-ede7cd456cd9', 2);

INSERT INTO recipes (id, user_id, title, description, instructions, image_url, servings, source_url, source_name, is_archived) VALUES ('ab463b4a-d27f-4884-a280-52b60ed13671', 'admin-user-id', 'Smoky BBQ Pan-Seared Turkey Breast', 'A delicious and healthy Smoky BBQ Pan-Seared Turkey Breast served with Bell Peppers and Wild Rice. Perfect for a quick weeknight dinner.', '1. Preheat oven to 400°F.
2. Season the Turkey Breast with Smoky BBQ spices.
3. Arrange Bell Peppers and Green Beans on a baking sheet.
4. Pan-Seared for 20-25 minutes until cooked through.
5. Serve hot over Wild Rice.', 'https://images.unsplash.com/photo-1500000000270?auto=format&fit=crop&w=800&q=60', 7, 'https://www.foodnetwork.com', 'Food Network', 0);
INSERT INTO ingredients (id, recipe_id, name, quantity, unit) VALUES ('73f20d98-d24d-4c80-98de-400bddc1dffb', 'ab463b4a-d27f-4884-a280-52b60ed13671', 'Turkey Breast', 1, 'lb');
INSERT INTO ingredients (id, recipe_id, name, quantity, unit) VALUES ('10b0720b-5c1d-48db-8284-3e302eb99d3f', 'ab463b4a-d27f-4884-a280-52b60ed13671', 'Bell Peppers', 3, 'bundle');
INSERT INTO ingredients (id, recipe_id, name, quantity, unit) VALUES ('861d2a1d-59dd-475d-bd78-73a35b759db9', 'ab463b4a-d27f-4884-a280-52b60ed13671', 'Wild Rice', 1, 'cup');
INSERT INTO ingredients (id, recipe_id, name, quantity, unit) VALUES ('cda2acad-354f-4524-ac9b-7592906f94f6', 'ab463b4a-d27f-4884-a280-52b60ed13671', 'Olive Oil', 3, 'tbsp');
INSERT INTO ingredients (id, recipe_id, name, quantity, unit) VALUES ('92ab28af-2663-4102-bff0-30f1827a1016', 'ab463b4a-d27f-4884-a280-52b60ed13671', 'Salt & Pepper', 1, 'pinch');
INSERT INTO ingredients (id, recipe_id, name, quantity, unit) VALUES ('5c08817d-b018-4851-b552-f98e0785edf6', 'ab463b4a-d27f-4884-a280-52b60ed13671', 'Butter', 1, 'head');
INSERT INTO ingredients (id, recipe_id, name, quantity, unit) VALUES ('4b2d757a-7e08-4c72-a182-8bb0f866fd0c', 'ab463b4a-d27f-4884-a280-52b60ed13671', 'Garlic', 3, 'tsp');
INSERT INTO recipe_dietary_tags (recipe_id, tag_id) VALUES ('ab463b4a-d27f-4884-a280-52b60ed13671', 3);

INSERT INTO recipes (id, user_id, title, description, instructions, image_url, servings, source_url, source_name, is_archived) VALUES ('c311e64d-840a-4343-8cdf-ab37d8457675', 'admin-user-id', 'Miso Ginger Grilled Turkey Breast', 'A delicious and healthy Miso Ginger Grilled Turkey Breast served with Brussels Sprouts and Roasted Potatoes. Perfect for a quick weeknight dinner.', '1. Preheat oven to 400°F.
2. Season the Turkey Breast with Miso Ginger spices.
3. Arrange Brussels Sprouts and Sweet Potatoes on a baking sheet.
4. Grilled for 20-25 minutes until cooked through.
5. Serve hot over Roasted Potatoes.', 'https://images.unsplash.com/photo-1500000000271?auto=format&fit=crop&w=800&q=60', 7, 'https://www.epicurious.com', 'Epicurious', 0);
INSERT INTO ingredients (id, recipe_id, name, quantity, unit) VALUES ('5cad773b-6901-4657-9da0-62df820284c7', 'c311e64d-840a-4343-8cdf-ab37d8457675', 'Turkey Breast', 1, 'oz');
INSERT INTO ingredients (id, recipe_id, name, quantity, unit) VALUES ('669ef9bc-3774-4f26-aec4-b23572b29b12', 'c311e64d-840a-4343-8cdf-ab37d8457675', 'Brussels Sprouts', 3, 'head');
INSERT INTO ingredients (id, recipe_id, name, quantity, unit) VALUES ('7da42738-24f7-42d3-9c53-717993889898', 'c311e64d-840a-4343-8cdf-ab37d8457675', 'Roasted Potatoes', 3, 'cup');
INSERT INTO ingredients (id, recipe_id, name, quantity, unit) VALUES ('4c76af3f-bc01-4eb2-ba07-0515bf925303', 'c311e64d-840a-4343-8cdf-ab37d8457675', 'Olive Oil', 1, 'tbsp');
INSERT INTO ingredients (id, recipe_id, name, quantity, unit) VALUES ('987394c9-d7f2-4ee0-b6d7-599c2f1ed531', 'c311e64d-840a-4343-8cdf-ab37d8457675', 'Salt & Pepper', 1, 'pinch');
INSERT INTO ingredients (id, recipe_id, name, quantity, unit) VALUES ('e6ce602d-4f5d-453d-92d9-2a0264ff0992', 'c311e64d-840a-4343-8cdf-ab37d8457675', 'Garlic', 4, 'pinch');
INSERT INTO ingredients (id, recipe_id, name, quantity, unit) VALUES ('135df2fd-0f0c-49ad-8262-ded0a4bcd207', 'c311e64d-840a-4343-8cdf-ab37d8457675', 'Ginger', 1, 'tsp');
INSERT INTO ingredients (id, recipe_id, name, quantity, unit) VALUES ('0ce0be29-b1f6-4b11-82d6-d9af008bbfe7', 'c311e64d-840a-4343-8cdf-ab37d8457675', 'Butter', 2, 'lb');
INSERT INTO recipe_dietary_tags (recipe_id, tag_id) VALUES ('c311e64d-840a-4343-8cdf-ab37d8457675', 1);
INSERT INTO recipe_dietary_tags (recipe_id, tag_id) VALUES ('c311e64d-840a-4343-8cdf-ab37d8457675', 7);

INSERT INTO recipes (id, user_id, title, description, instructions, image_url, servings, source_url, source_name, is_archived) VALUES ('1b027bad-77a8-4169-a4a0-0b01c5458d29', 'admin-user-id', 'Taco Seasoned Baked Shrimp', 'A delicious and healthy Taco Seasoned Baked Shrimp served with Asparagus and Mashed Cauliflower. Perfect for a quick weeknight dinner.', '1. Preheat oven to 400°F.
2. Season the Shrimp with Taco Seasoned spices.
3. Arrange Asparagus and Kale on a baking sheet.
4. Baked for 20-25 minutes until cooked through.
5. Serve hot over Mashed Cauliflower.', 'https://images.unsplash.com/photo-1500000000272?auto=format&fit=crop&w=800&q=60', 5, 'https://www.epicurious.com', 'Epicurious', 0);
INSERT INTO ingredients (id, recipe_id, name, quantity, unit) VALUES ('fa5d4b26-a527-445c-9d68-62e15e1035fd', '1b027bad-77a8-4169-a4a0-0b01c5458d29', 'Shrimp', 2, 'lb');
INSERT INTO ingredients (id, recipe_id, name, quantity, unit) VALUES ('8ddcbcfe-0ce1-4984-9944-28c5d65d9a3b', '1b027bad-77a8-4169-a4a0-0b01c5458d29', 'Asparagus', 1, 'head');
INSERT INTO ingredients (id, recipe_id, name, quantity, unit) VALUES ('647d395a-3b00-49f4-88c0-0959ce333090', '1b027bad-77a8-4169-a4a0-0b01c5458d29', 'Mashed Cauliflower', 1, 'cup');
INSERT INTO ingredients (id, recipe_id, name, quantity, unit) VALUES ('c2989295-f731-471f-8007-925767e7c9cd', '1b027bad-77a8-4169-a4a0-0b01c5458d29', 'Olive Oil', 1, 'tbsp');
INSERT INTO ingredients (id, recipe_id, name, quantity, unit) VALUES ('590a7c74-dea6-4809-851a-bf6da1679916', '1b027bad-77a8-4169-a4a0-0b01c5458d29', 'Salt & Pepper', 1, 'pinch');
INSERT INTO recipe_dietary_tags (recipe_id, tag_id) VALUES ('1b027bad-77a8-4169-a4a0-0b01c5458d29', 10);
INSERT INTO recipe_dietary_tags (recipe_id, tag_id) VALUES ('1b027bad-77a8-4169-a4a0-0b01c5458d29', 4);

INSERT INTO recipes (id, user_id, title, description, instructions, image_url, servings, source_url, source_name, is_archived) VALUES ('a1407aad-73a8-40cb-b3de-d769e06d7a7f', 'admin-user-id', 'Lemon Garlic Grilled Chickpeas', 'A delicious and healthy Lemon Garlic Grilled Chickpeas served with Broccoli and Lentil Pasta. Perfect for a quick weeknight dinner.', '1. Preheat oven to 400°F.
2. Season the Chickpeas with Lemon Garlic spices.
3. Arrange Broccoli and Sweet Potatoes on a baking sheet.
4. Grilled for 20-25 minutes until cooked through.
5. Serve hot over Lentil Pasta.', 'https://images.unsplash.com/photo-1500000000273?auto=format&fit=crop&w=800&q=60', 8, 'https://www.allrecipes.com', 'AllRecipes', 0);
INSERT INTO ingredients (id, recipe_id, name, quantity, unit) VALUES ('af5c2670-6bdd-4bf5-bb47-37c8a0d04fcd', 'a1407aad-73a8-40cb-b3de-d769e06d7a7f', 'Chickpeas', 1, 'lb');
INSERT INTO ingredients (id, recipe_id, name, quantity, unit) VALUES ('1b3352e4-a481-4081-b62b-2cd0d8094dfe', 'a1407aad-73a8-40cb-b3de-d769e06d7a7f', 'Broccoli', 1, 'head');
INSERT INTO ingredients (id, recipe_id, name, quantity, unit) VALUES ('bf67da2b-5b4d-40ac-82a6-d216a75dc8b4', 'a1407aad-73a8-40cb-b3de-d769e06d7a7f', 'Lentil Pasta', 3, 'cup');
INSERT INTO ingredients (id, recipe_id, name, quantity, unit) VALUES ('88403a44-ab31-4936-81a4-106182ec9920', 'a1407aad-73a8-40cb-b3de-d769e06d7a7f', 'Olive Oil', 3, 'tbsp');
INSERT INTO ingredients (id, recipe_id, name, quantity, unit) VALUES ('a84703aa-dd75-485a-b7ce-a2e22d94f3fa', 'a1407aad-73a8-40cb-b3de-d769e06d7a7f', 'Salt & Pepper', 1, 'pinch');
INSERT INTO ingredients (id, recipe_id, name, quantity, unit) VALUES ('37632401-3016-4a8e-afef-1bb66430dd65', 'a1407aad-73a8-40cb-b3de-d769e06d7a7f', 'Cauliflower', 2, 'pinch');
INSERT INTO ingredients (id, recipe_id, name, quantity, unit) VALUES ('2332b93c-09b9-40ad-9503-101dc765b90b', 'a1407aad-73a8-40cb-b3de-d769e06d7a7f', 'Onion', 3, 'cup');
INSERT INTO recipe_dietary_tags (recipe_id, tag_id) VALUES ('a1407aad-73a8-40cb-b3de-d769e06d7a7f', 5);
INSERT INTO recipe_dietary_tags (recipe_id, tag_id) VALUES ('a1407aad-73a8-40cb-b3de-d769e06d7a7f', 3);
INSERT INTO recipe_dietary_tags (recipe_id, tag_id) VALUES ('a1407aad-73a8-40cb-b3de-d769e06d7a7f', 8);

INSERT INTO recipes (id, user_id, title, description, instructions, image_url, servings, source_url, source_name, is_archived) VALUES ('0a85a4c5-3788-4c20-ba99-0bf87e1d2dff', 'admin-user-id', 'Cajun Roasted Shrimp', 'A delicious and healthy Cajun Roasted Shrimp served with Broccoli and Mashed Cauliflower. Perfect for a quick weeknight dinner.', '1. Preheat oven to 400°F.
2. Season the Shrimp with Cajun spices.
3. Arrange Broccoli and Zucchini on a baking sheet.
4. Roasted for 20-25 minutes until cooked through.
5. Serve hot over Mashed Cauliflower.', 'https://images.unsplash.com/photo-1500000000274?auto=format&fit=crop&w=800&q=60', 7, 'https://www.bonappetit.com', 'Bon Appetit', 0);
INSERT INTO ingredients (id, recipe_id, name, quantity, unit) VALUES ('0c5f0553-47e6-4fd1-85f6-ffb610515ffb', '0a85a4c5-3788-4c20-ba99-0bf87e1d2dff', 'Shrimp', 2, 'oz');
INSERT INTO ingredients (id, recipe_id, name, quantity, unit) VALUES ('342b4619-b8bf-412a-b836-78a3de0f4bf3', '0a85a4c5-3788-4c20-ba99-0bf87e1d2dff', 'Broccoli', 4, 'head');
INSERT INTO ingredients (id, recipe_id, name, quantity, unit) VALUES ('f737c773-7bc9-490d-a0f5-4a8efcab5bf9', '0a85a4c5-3788-4c20-ba99-0bf87e1d2dff', 'Mashed Cauliflower', 3, 'cup');
INSERT INTO ingredients (id, recipe_id, name, quantity, unit) VALUES ('eadf7cc1-1bb5-41f1-960f-5af4b41ac37d', '0a85a4c5-3788-4c20-ba99-0bf87e1d2dff', 'Olive Oil', 3, 'tbsp');
INSERT INTO ingredients (id, recipe_id, name, quantity, unit) VALUES ('3adf7da4-fdb9-4317-a3ab-f907260aa9ee', '0a85a4c5-3788-4c20-ba99-0bf87e1d2dff', 'Salt & Pepper', 1, 'pinch');
INSERT INTO ingredients (id, recipe_id, name, quantity, unit) VALUES ('21546e03-4a0c-4d5a-bf7c-abf65868b697', '0a85a4c5-3788-4c20-ba99-0bf87e1d2dff', 'Sweet Potatoes', 1, 'oz');
INSERT INTO ingredients (id, recipe_id, name, quantity, unit) VALUES ('68d77fc5-4495-4b8d-98a2-2cc4933a39ff', '0a85a4c5-3788-4c20-ba99-0bf87e1d2dff', 'Spinach', 4, 'lb');
INSERT INTO ingredients (id, recipe_id, name, quantity, unit) VALUES ('ae5839c5-9ea4-40fb-bafc-67c8d2559300', '0a85a4c5-3788-4c20-ba99-0bf87e1d2dff', 'Green Beans', 1, 'pinch');
INSERT INTO ingredients (id, recipe_id, name, quantity, unit) VALUES ('a6966fc9-a466-4563-b0b7-f4cfd0afb2d4', '0a85a4c5-3788-4c20-ba99-0bf87e1d2dff', 'Carrots', 3, 'lb');
INSERT INTO ingredients (id, recipe_id, name, quantity, unit) VALUES ('ba51f43b-046f-4df5-8bb1-d96c5758bd88', '0a85a4c5-3788-4c20-ba99-0bf87e1d2dff', 'Green Beans', 2, 'ml');
INSERT INTO recipe_dietary_tags (recipe_id, tag_id) VALUES ('0a85a4c5-3788-4c20-ba99-0bf87e1d2dff', 3);

INSERT INTO recipes (id, user_id, title, description, instructions, image_url, servings, source_url, source_name, is_archived) VALUES ('e7f6868d-05a4-411d-a8dc-1b932faf2907', 'admin-user-id', 'Curry Roasted Lentils', 'A delicious and healthy Curry Roasted Lentils served with Sweet Potatoes and Couscous. Perfect for a quick weeknight dinner.', '1. Preheat oven to 400°F.
2. Season the Lentils with Curry spices.
3. Arrange Sweet Potatoes and Green Beans on a baking sheet.
4. Roasted for 20-25 minutes until cooked through.
5. Serve hot over Couscous.', 'https://images.unsplash.com/photo-1500000000275?auto=format&fit=crop&w=800&q=60', 4, 'https://www.bonappetit.com', 'Bon Appetit', 0);
INSERT INTO ingredients (id, recipe_id, name, quantity, unit) VALUES ('d3d8dfce-7976-46f4-9bc5-e624bf6adeab', 'e7f6868d-05a4-411d-a8dc-1b932faf2907', 'Lentils', 1, 'lb');
INSERT INTO ingredients (id, recipe_id, name, quantity, unit) VALUES ('c97ba423-5edf-4f70-862b-19287f2e0873', 'e7f6868d-05a4-411d-a8dc-1b932faf2907', 'Sweet Potatoes', 1, 'cup');
INSERT INTO ingredients (id, recipe_id, name, quantity, unit) VALUES ('193975fa-ec16-4097-b9f8-5e2d8f2ee165', 'e7f6868d-05a4-411d-a8dc-1b932faf2907', 'Couscous', 3, 'cup');
INSERT INTO ingredients (id, recipe_id, name, quantity, unit) VALUES ('e020d39a-2194-46ed-999c-530592ffbcc6', 'e7f6868d-05a4-411d-a8dc-1b932faf2907', 'Olive Oil', 2, 'tbsp');
INSERT INTO ingredients (id, recipe_id, name, quantity, unit) VALUES ('f456bec2-2cbb-4225-b9a9-612fc27929b3', 'e7f6868d-05a4-411d-a8dc-1b932faf2907', 'Salt & Pepper', 1, 'pinch');
INSERT INTO ingredients (id, recipe_id, name, quantity, unit) VALUES ('8f0d1274-e92c-49c0-aeca-004dc5808e8f', 'e7f6868d-05a4-411d-a8dc-1b932faf2907', 'Bell Peppers', 1, 'pinch');
INSERT INTO ingredients (id, recipe_id, name, quantity, unit) VALUES ('207ed7a8-8734-45d1-81f2-fb964a887d72', 'e7f6868d-05a4-411d-a8dc-1b932faf2907', 'Kale', 1, 'pinch');
INSERT INTO ingredients (id, recipe_id, name, quantity, unit) VALUES ('45cccc78-3d33-4917-a72e-e63c4094cc9b', 'e7f6868d-05a4-411d-a8dc-1b932faf2907', 'Butter', 2, 'oz');
INSERT INTO ingredients (id, recipe_id, name, quantity, unit) VALUES ('43fc2df1-c391-4380-98a6-1d37381227a1', 'e7f6868d-05a4-411d-a8dc-1b932faf2907', 'Garlic', 4, 'bundle');
INSERT INTO ingredients (id, recipe_id, name, quantity, unit) VALUES ('4da1c9b1-b824-422c-9694-9cd0ee7c3e84', 'e7f6868d-05a4-411d-a8dc-1b932faf2907', 'Carrots', 2, 'ml');
INSERT INTO recipe_dietary_tags (recipe_id, tag_id) VALUES ('e7f6868d-05a4-411d-a8dc-1b932faf2907', 6);

INSERT INTO recipes (id, user_id, title, description, instructions, image_url, servings, source_url, source_name, is_archived) VALUES ('639580b8-6a7c-4e75-af88-afc5a7889c34', 'admin-user-id', 'Cajun Air Fried Turkey Breast', 'A delicious and healthy Cajun Air Fried Turkey Breast served with Broccoli and Quinoa. Perfect for a quick weeknight dinner.', '1. Preheat oven to 400°F.
2. Season the Turkey Breast with Cajun spices.
3. Arrange Broccoli and Zucchini on a baking sheet.
4. Air Fried for 20-25 minutes until cooked through.
5. Serve hot over Quinoa.', 'https://images.unsplash.com/photo-1500000000276?auto=format&fit=crop&w=800&q=60', 3, 'https://www.epicurious.com', 'Epicurious', 0);
INSERT INTO ingredients (id, recipe_id, name, quantity, unit) VALUES ('c17d9e7c-4520-432f-ab09-9e8c1b726eb0', '639580b8-6a7c-4e75-af88-afc5a7889c34', 'Turkey Breast', 2, 'lb');
INSERT INTO ingredients (id, recipe_id, name, quantity, unit) VALUES ('b72b4b97-39cc-460d-949d-a6b48047e057', '639580b8-6a7c-4e75-af88-afc5a7889c34', 'Broccoli', 4, 'head');
INSERT INTO ingredients (id, recipe_id, name, quantity, unit) VALUES ('d0084b04-25c6-41ff-b672-ad46b4ac8f9a', '639580b8-6a7c-4e75-af88-afc5a7889c34', 'Quinoa', 2, 'cup');
INSERT INTO ingredients (id, recipe_id, name, quantity, unit) VALUES ('eab249e9-b563-4448-855c-bec2dc911f77', '639580b8-6a7c-4e75-af88-afc5a7889c34', 'Olive Oil', 3, 'tbsp');
INSERT INTO ingredients (id, recipe_id, name, quantity, unit) VALUES ('5946ed0a-f344-4058-959f-efda9d161380', '639580b8-6a7c-4e75-af88-afc5a7889c34', 'Salt & Pepper', 1, 'pinch');
INSERT INTO ingredients (id, recipe_id, name, quantity, unit) VALUES ('8a774df2-413a-4a4f-a8d0-4cd2ab295a8e', '639580b8-6a7c-4e75-af88-afc5a7889c34', 'Lemon', 5, 'g');
INSERT INTO recipe_dietary_tags (recipe_id, tag_id) VALUES ('639580b8-6a7c-4e75-af88-afc5a7889c34', 10);
INSERT INTO recipe_dietary_tags (recipe_id, tag_id) VALUES ('639580b8-6a7c-4e75-af88-afc5a7889c34', 6);
INSERT INTO recipe_dietary_tags (recipe_id, tag_id) VALUES ('639580b8-6a7c-4e75-af88-afc5a7889c34', 3);

INSERT INTO recipes (id, user_id, title, description, instructions, image_url, servings, source_url, source_name, is_archived) VALUES ('5352e37b-6db1-40a3-bc0f-43dff4d97611', 'admin-user-id', 'Taco Seasoned Grilled Pork Loin', 'A delicious and healthy Taco Seasoned Grilled Pork Loin served with Zucchini and Lentil Pasta. Perfect for a quick weeknight dinner.', '1. Preheat oven to 400°F.
2. Season the Pork Loin with Taco Seasoned spices.
3. Arrange Zucchini and Brussels Sprouts on a baking sheet.
4. Grilled for 20-25 minutes until cooked through.
5. Serve hot over Lentil Pasta.', 'https://images.unsplash.com/photo-1500000000277?auto=format&fit=crop&w=800&q=60', 5, 'https://www.allrecipes.com', 'AllRecipes', 0);
INSERT INTO ingredients (id, recipe_id, name, quantity, unit) VALUES ('d282a311-b045-48cd-aa2e-3d38bad4cc90', '5352e37b-6db1-40a3-bc0f-43dff4d97611', 'Pork Loin', 1, 'oz');
INSERT INTO ingredients (id, recipe_id, name, quantity, unit) VALUES ('e7a5e51e-4ccb-41b3-899d-9e0ecb0cd872', '5352e37b-6db1-40a3-bc0f-43dff4d97611', 'Zucchini', 3, 'head');
INSERT INTO ingredients (id, recipe_id, name, quantity, unit) VALUES ('7f0ca668-0b29-47af-b25c-3bb01711ce28', '5352e37b-6db1-40a3-bc0f-43dff4d97611', 'Lentil Pasta', 1, 'cup');
INSERT INTO ingredients (id, recipe_id, name, quantity, unit) VALUES ('f9c2623f-ece8-4fac-aadf-cf2df0206029', '5352e37b-6db1-40a3-bc0f-43dff4d97611', 'Olive Oil', 1, 'tbsp');
INSERT INTO ingredients (id, recipe_id, name, quantity, unit) VALUES ('d0a05c92-09c7-4234-819d-73379e22e32b', '5352e37b-6db1-40a3-bc0f-43dff4d97611', 'Salt & Pepper', 1, 'pinch');
INSERT INTO ingredients (id, recipe_id, name, quantity, unit) VALUES ('a5d7c9c2-7e6e-457f-9c51-f5d796ae7a9e', '5352e37b-6db1-40a3-bc0f-43dff4d97611', 'Lemon', 2, 'tbsp');
INSERT INTO ingredients (id, recipe_id, name, quantity, unit) VALUES ('66767f43-a6aa-4c1d-bc77-6c7289795c96', '5352e37b-6db1-40a3-bc0f-43dff4d97611', 'Asparagus', 3, 'ml');
INSERT INTO ingredients (id, recipe_id, name, quantity, unit) VALUES ('bca2f8fd-ffca-42fc-85b3-721b3aeb8a8a', '5352e37b-6db1-40a3-bc0f-43dff4d97611', 'Spinach', 1, 'lb');
INSERT INTO ingredients (id, recipe_id, name, quantity, unit) VALUES ('4ec0ee78-688b-4470-ad87-8935e0d0edb3', '5352e37b-6db1-40a3-bc0f-43dff4d97611', 'Carrots', 2, 'cup');
INSERT INTO recipe_dietary_tags (recipe_id, tag_id) VALUES ('5352e37b-6db1-40a3-bc0f-43dff4d97611', 7);
INSERT INTO recipe_dietary_tags (recipe_id, tag_id) VALUES ('5352e37b-6db1-40a3-bc0f-43dff4d97611', 2);
INSERT INTO recipe_dietary_tags (recipe_id, tag_id) VALUES ('5352e37b-6db1-40a3-bc0f-43dff4d97611', 4);

INSERT INTO recipes (id, user_id, title, description, instructions, image_url, servings, source_url, source_name, is_archived) VALUES ('978912a3-6e5e-467f-acac-1c430f5f1686', 'admin-user-id', 'Cajun Steamed Pork Loin', 'A delicious and healthy Cajun Steamed Pork Loin served with Bell Peppers and Brown Rice. Perfect for a quick weeknight dinner.', '1. Preheat oven to 400°F.
2. Season the Pork Loin with Cajun spices.
3. Arrange Bell Peppers and Spinach on a baking sheet.
4. Steamed for 20-25 minutes until cooked through.
5. Serve hot over Brown Rice.', 'https://images.unsplash.com/photo-1500000000278?auto=format&fit=crop&w=800&q=60', 7, 'https://www.epicurious.com', 'Epicurious', 0);
INSERT INTO ingredients (id, recipe_id, name, quantity, unit) VALUES ('f5a668ae-47d7-4371-8d15-61875a5ace43', '978912a3-6e5e-467f-acac-1c430f5f1686', 'Pork Loin', 1, 'oz');
INSERT INTO ingredients (id, recipe_id, name, quantity, unit) VALUES ('be333c92-2afe-43c4-a6b8-63c9c149e6d2', '978912a3-6e5e-467f-acac-1c430f5f1686', 'Bell Peppers', 1, 'bundle');
INSERT INTO ingredients (id, recipe_id, name, quantity, unit) VALUES ('8a272bf1-c259-43c6-bb37-cafc0a4f9fd9', '978912a3-6e5e-467f-acac-1c430f5f1686', 'Brown Rice', 2, 'cup');
INSERT INTO ingredients (id, recipe_id, name, quantity, unit) VALUES ('c7ffff23-29d9-4866-9903-4177cd694a04', '978912a3-6e5e-467f-acac-1c430f5f1686', 'Olive Oil', 2, 'tbsp');
INSERT INTO ingredients (id, recipe_id, name, quantity, unit) VALUES ('d285ebbd-10d2-4bf9-b1de-619ee0258ba1', '978912a3-6e5e-467f-acac-1c430f5f1686', 'Salt & Pepper', 1, 'pinch');
INSERT INTO ingredients (id, recipe_id, name, quantity, unit) VALUES ('be0918c7-909e-4501-9810-4e8e23be39a3', '978912a3-6e5e-467f-acac-1c430f5f1686', 'Garlic', 5, 'pinch');
INSERT INTO recipe_dietary_tags (recipe_id, tag_id) VALUES ('978912a3-6e5e-467f-acac-1c430f5f1686', 1);

INSERT INTO recipes (id, user_id, title, description, instructions, image_url, servings, source_url, source_name, is_archived) VALUES ('a249fb17-620a-4947-9d70-700492bdf40a', 'admin-user-id', 'Smoky BBQ Sautéed Chickpeas', 'A delicious and healthy Smoky BBQ Sautéed Chickpeas served with Zucchini and Lentil Pasta. Perfect for a quick weeknight dinner.', '1. Preheat oven to 400°F.
2. Season the Chickpeas with Smoky BBQ spices.
3. Arrange Zucchini and Bell Peppers on a baking sheet.
4. Sautéed for 20-25 minutes until cooked through.
5. Serve hot over Lentil Pasta.', 'https://images.unsplash.com/photo-1500000000279?auto=format&fit=crop&w=800&q=60', 8, 'https://www.foodnetwork.com', 'Food Network', 0);
INSERT INTO ingredients (id, recipe_id, name, quantity, unit) VALUES ('5119e1a4-29ab-4eb1-b4ef-ff55f8221306', 'a249fb17-620a-4947-9d70-700492bdf40a', 'Chickpeas', 2, 'oz');
INSERT INTO ingredients (id, recipe_id, name, quantity, unit) VALUES ('c4a8d4d0-2d83-4d80-8261-33080dc933eb', 'a249fb17-620a-4947-9d70-700492bdf40a', 'Zucchini', 2, 'head');
INSERT INTO ingredients (id, recipe_id, name, quantity, unit) VALUES ('700bfed9-6245-4176-9f7c-9a2f5fcb0293', 'a249fb17-620a-4947-9d70-700492bdf40a', 'Lentil Pasta', 1, 'cup');
INSERT INTO ingredients (id, recipe_id, name, quantity, unit) VALUES ('b8708539-7327-4e85-bcbf-ff878c51d827', 'a249fb17-620a-4947-9d70-700492bdf40a', 'Olive Oil', 2, 'tbsp');
INSERT INTO ingredients (id, recipe_id, name, quantity, unit) VALUES ('7730d5b3-5b9e-44b4-9eb6-c7217e898700', 'a249fb17-620a-4947-9d70-700492bdf40a', 'Salt & Pepper', 1, 'pinch');
INSERT INTO ingredients (id, recipe_id, name, quantity, unit) VALUES ('12f81d41-2f7a-4439-90c1-5b164cac6693', 'a249fb17-620a-4947-9d70-700492bdf40a', 'Onion', 1, 'cup');
INSERT INTO ingredients (id, recipe_id, name, quantity, unit) VALUES ('e75a1fd6-36c9-4ba2-a1fe-8592116b482b', 'a249fb17-620a-4947-9d70-700492bdf40a', 'Spinach', 5, 'lb');
INSERT INTO ingredients (id, recipe_id, name, quantity, unit) VALUES ('a989e377-33ec-4a4f-93f7-da03e450c50b', 'a249fb17-620a-4947-9d70-700492bdf40a', 'Onion', 4, 'pinch');
INSERT INTO ingredients (id, recipe_id, name, quantity, unit) VALUES ('52eb5450-1d84-42a8-9030-d24d52b294cc', 'a249fb17-620a-4947-9d70-700492bdf40a', 'Green Beans', 5, 'lb');
INSERT INTO recipe_dietary_tags (recipe_id, tag_id) VALUES ('a249fb17-620a-4947-9d70-700492bdf40a', 1);
INSERT INTO recipe_dietary_tags (recipe_id, tag_id) VALUES ('a249fb17-620a-4947-9d70-700492bdf40a', 4);
INSERT INTO recipe_dietary_tags (recipe_id, tag_id) VALUES ('a249fb17-620a-4947-9d70-700492bdf40a', 8);

INSERT INTO recipes (id, user_id, title, description, instructions, image_url, servings, source_url, source_name, is_archived) VALUES ('3c40f35b-178d-4e53-b9e5-d537df00944f', 'admin-user-id', 'Taco Seasoned Slow Cooked Salmon Fillet', 'A delicious and healthy Taco Seasoned Slow Cooked Salmon Fillet served with Green Beans and Roasted Potatoes. Perfect for a quick weeknight dinner.', '1. Preheat oven to 400°F.
2. Season the Salmon Fillet with Taco Seasoned spices.
3. Arrange Green Beans and Spinach on a baking sheet.
4. Slow Cooked for 20-25 minutes until cooked through.
5. Serve hot over Roasted Potatoes.', 'https://images.unsplash.com/photo-1500000000280?auto=format&fit=crop&w=800&q=60', 6, 'https://www.bonappetit.com', 'Bon Appetit', 0);
INSERT INTO ingredients (id, recipe_id, name, quantity, unit) VALUES ('093cdc8a-2276-40f1-9adf-fbe2220be5f8', '3c40f35b-178d-4e53-b9e5-d537df00944f', 'Salmon Fillet', 2, 'lb');
INSERT INTO ingredients (id, recipe_id, name, quantity, unit) VALUES ('831ad82d-58ce-4b36-9937-dfb80e70346c', '3c40f35b-178d-4e53-b9e5-d537df00944f', 'Green Beans', 1, 'head');
INSERT INTO ingredients (id, recipe_id, name, quantity, unit) VALUES ('93a725bf-52dd-4a52-8bda-0ab756f118cd', '3c40f35b-178d-4e53-b9e5-d537df00944f', 'Roasted Potatoes', 1, 'cup');
INSERT INTO ingredients (id, recipe_id, name, quantity, unit) VALUES ('c2b59e0d-15e3-40bc-ac3c-7dca7120a085', '3c40f35b-178d-4e53-b9e5-d537df00944f', 'Olive Oil', 1, 'tbsp');
INSERT INTO ingredients (id, recipe_id, name, quantity, unit) VALUES ('b2c13183-b498-4e5c-8a0a-5c854fabeaf3', '3c40f35b-178d-4e53-b9e5-d537df00944f', 'Salt & Pepper', 1, 'pinch');
INSERT INTO ingredients (id, recipe_id, name, quantity, unit) VALUES ('6b6aaa18-4df6-44c3-a6ef-99972cdc5f9c', '3c40f35b-178d-4e53-b9e5-d537df00944f', 'Ginger', 1, 'ml');
INSERT INTO ingredients (id, recipe_id, name, quantity, unit) VALUES ('6ae3b1de-a1f2-4999-b333-70ab1ed9afe6', '3c40f35b-178d-4e53-b9e5-d537df00944f', 'Kale', 3, 'g');
INSERT INTO ingredients (id, recipe_id, name, quantity, unit) VALUES ('f5e29d65-ec6a-4828-89aa-7b58c5be58a7', '3c40f35b-178d-4e53-b9e5-d537df00944f', 'Onion', 1, 'cup');
INSERT INTO ingredients (id, recipe_id, name, quantity, unit) VALUES ('97209be5-84e8-4df9-b11a-77eb411c09f2', '3c40f35b-178d-4e53-b9e5-d537df00944f', 'Cauliflower', 4, 'head');
INSERT INTO ingredients (id, recipe_id, name, quantity, unit) VALUES ('ea0916cc-4edb-47a9-974f-a423dbcf3721', '3c40f35b-178d-4e53-b9e5-d537df00944f', 'Cauliflower', 5, 'oz');
INSERT INTO ingredients (id, recipe_id, name, quantity, unit) VALUES ('3493baed-221a-4ac5-a6dd-987e5cb54ada', '3c40f35b-178d-4e53-b9e5-d537df00944f', 'Carrots', 1, 'head');
INSERT INTO ingredients (id, recipe_id, name, quantity, unit) VALUES ('c12c2d46-1f34-456f-985e-9768708ef3ec', '3c40f35b-178d-4e53-b9e5-d537df00944f', 'Bell Peppers', 1, 'ml');
INSERT INTO recipe_dietary_tags (recipe_id, tag_id) VALUES ('3c40f35b-178d-4e53-b9e5-d537df00944f', 9);
INSERT INTO recipe_dietary_tags (recipe_id, tag_id) VALUES ('3c40f35b-178d-4e53-b9e5-d537df00944f', 2);

INSERT INTO recipes (id, user_id, title, description, instructions, image_url, servings, source_url, source_name, is_archived) VALUES ('956e00bb-af36-4ba0-99e5-d07db469e431', 'admin-user-id', 'Honey Sriracha Baked Turkey Breast', 'A delicious and healthy Honey Sriracha Baked Turkey Breast served with Cauliflower and Couscous. Perfect for a quick weeknight dinner.', '1. Preheat oven to 400°F.
2. Season the Turkey Breast with Honey Sriracha spices.
3. Arrange Cauliflower and Brussels Sprouts on a baking sheet.
4. Baked for 20-25 minutes until cooked through.
5. Serve hot over Couscous.', 'https://images.unsplash.com/photo-1500000000281?auto=format&fit=crop&w=800&q=60', 5, 'https://www.tasteofhome.com', 'Taste of Home', 0);
INSERT INTO ingredients (id, recipe_id, name, quantity, unit) VALUES ('8e833599-7576-465c-8473-d8571319d0dd', '956e00bb-af36-4ba0-99e5-d07db469e431', 'Turkey Breast', 2, 'oz');
INSERT INTO ingredients (id, recipe_id, name, quantity, unit) VALUES ('d2801f4f-6aea-415b-82fd-0733069bb634', '956e00bb-af36-4ba0-99e5-d07db469e431', 'Cauliflower', 3, 'head');
INSERT INTO ingredients (id, recipe_id, name, quantity, unit) VALUES ('ac283926-2a22-4b8e-aefc-6a121dcb2752', '956e00bb-af36-4ba0-99e5-d07db469e431', 'Couscous', 2, 'cup');
INSERT INTO ingredients (id, recipe_id, name, quantity, unit) VALUES ('db80fb3d-99ee-498a-832b-97db444308c4', '956e00bb-af36-4ba0-99e5-d07db469e431', 'Olive Oil', 2, 'tbsp');
INSERT INTO ingredients (id, recipe_id, name, quantity, unit) VALUES ('fbc615e8-fb40-4edd-ba5a-3541542ea0b5', '956e00bb-af36-4ba0-99e5-d07db469e431', 'Salt & Pepper', 1, 'pinch');
INSERT INTO recipe_dietary_tags (recipe_id, tag_id) VALUES ('956e00bb-af36-4ba0-99e5-d07db469e431', 9);
INSERT INTO recipe_dietary_tags (recipe_id, tag_id) VALUES ('956e00bb-af36-4ba0-99e5-d07db469e431', 5);
INSERT INTO recipe_dietary_tags (recipe_id, tag_id) VALUES ('956e00bb-af36-4ba0-99e5-d07db469e431', 10);

INSERT INTO recipes (id, user_id, title, description, instructions, image_url, servings, source_url, source_name, is_archived) VALUES ('d6accb24-7a7a-44dc-919a-1634d8564737', 'admin-user-id', 'Lemon Garlic Sautéed Shrimp', 'A delicious and healthy Lemon Garlic Sautéed Shrimp served with Green Beans and Roasted Potatoes. Perfect for a quick weeknight dinner.', '1. Preheat oven to 400°F.
2. Season the Shrimp with Lemon Garlic spices.
3. Arrange Green Beans and Green Beans on a baking sheet.
4. Sautéed for 20-25 minutes until cooked through.
5. Serve hot over Roasted Potatoes.', 'https://images.unsplash.com/photo-1500000000282?auto=format&fit=crop&w=800&q=60', 7, 'https://www.bonappetit.com', 'Bon Appetit', 0);
INSERT INTO ingredients (id, recipe_id, name, quantity, unit) VALUES ('ab7a5484-159b-4b2c-af13-954c6e600fc0', 'd6accb24-7a7a-44dc-919a-1634d8564737', 'Shrimp', 2, 'lb');
INSERT INTO ingredients (id, recipe_id, name, quantity, unit) VALUES ('ec40133c-9c16-4823-820c-4ddefee53290', 'd6accb24-7a7a-44dc-919a-1634d8564737', 'Green Beans', 1, 'cup');
INSERT INTO ingredients (id, recipe_id, name, quantity, unit) VALUES ('fa24eb56-3f5f-4949-aaa4-fa8ec07fb90a', 'd6accb24-7a7a-44dc-919a-1634d8564737', 'Roasted Potatoes', 2, 'cup');
INSERT INTO ingredients (id, recipe_id, name, quantity, unit) VALUES ('2f269c1d-e407-4057-9391-f4607f6fa010', 'd6accb24-7a7a-44dc-919a-1634d8564737', 'Olive Oil', 2, 'tbsp');
INSERT INTO ingredients (id, recipe_id, name, quantity, unit) VALUES ('68c27e09-41bd-4ffb-87b5-6d7ce0351cfc', 'd6accb24-7a7a-44dc-919a-1634d8564737', 'Salt & Pepper', 1, 'pinch');
INSERT INTO ingredients (id, recipe_id, name, quantity, unit) VALUES ('8e5f096f-a8cd-43e4-9763-329a62a042d4', 'd6accb24-7a7a-44dc-919a-1634d8564737', 'Bell Peppers', 1, 'pinch');
INSERT INTO recipe_dietary_tags (recipe_id, tag_id) VALUES ('d6accb24-7a7a-44dc-919a-1634d8564737', 3);
INSERT INTO recipe_dietary_tags (recipe_id, tag_id) VALUES ('d6accb24-7a7a-44dc-919a-1634d8564737', 4);

INSERT INTO recipes (id, user_id, title, description, instructions, image_url, servings, source_url, source_name, is_archived) VALUES ('2ea5df3e-3d6a-4062-9f1f-030cd4e6bc55', 'admin-user-id', 'Herbes de Provence Slow Cooked Tofu', 'A delicious and healthy Herbes de Provence Slow Cooked Tofu served with Broccoli and Wild Rice. Perfect for a quick weeknight dinner.', '1. Preheat oven to 400°F.
2. Season the Tofu with Herbes de Provence spices.
3. Arrange Broccoli and Bell Peppers on a baking sheet.
4. Slow Cooked for 20-25 minutes until cooked through.
5. Serve hot over Wild Rice.', 'https://images.unsplash.com/photo-1500000000283?auto=format&fit=crop&w=800&q=60', 4, 'https://www.bonappetit.com', 'Bon Appetit', 0);
INSERT INTO ingredients (id, recipe_id, name, quantity, unit) VALUES ('34c51bd8-d29a-4358-acaa-8a0f2948e608', '2ea5df3e-3d6a-4062-9f1f-030cd4e6bc55', 'Tofu', 2, 'lb');
INSERT INTO ingredients (id, recipe_id, name, quantity, unit) VALUES ('d3e3d515-bcab-41b6-b6d9-3426a90a5918', '2ea5df3e-3d6a-4062-9f1f-030cd4e6bc55', 'Broccoli', 2, 'bundle');
INSERT INTO ingredients (id, recipe_id, name, quantity, unit) VALUES ('816e7f64-16a6-4f05-959f-c7961b975e4a', '2ea5df3e-3d6a-4062-9f1f-030cd4e6bc55', 'Wild Rice', 3, 'cup');
INSERT INTO ingredients (id, recipe_id, name, quantity, unit) VALUES ('2d0ae11c-1280-4665-b790-785365acbeb3', '2ea5df3e-3d6a-4062-9f1f-030cd4e6bc55', 'Olive Oil', 2, 'tbsp');
INSERT INTO ingredients (id, recipe_id, name, quantity, unit) VALUES ('b03e3586-c518-4b43-8720-d9f74cf49d3d', '2ea5df3e-3d6a-4062-9f1f-030cd4e6bc55', 'Salt & Pepper', 1, 'pinch');
INSERT INTO ingredients (id, recipe_id, name, quantity, unit) VALUES ('dfe1155c-a368-4156-8b8c-f8d27f007941', '2ea5df3e-3d6a-4062-9f1f-030cd4e6bc55', 'Butter', 4, 'head');
INSERT INTO ingredients (id, recipe_id, name, quantity, unit) VALUES ('75fe5804-c829-43d2-a196-dbce91e5c489', '2ea5df3e-3d6a-4062-9f1f-030cd4e6bc55', 'Green Beans', 4, 'tsp');
INSERT INTO ingredients (id, recipe_id, name, quantity, unit) VALUES ('7a2b513d-e86f-43fa-89db-e812ba144c17', '2ea5df3e-3d6a-4062-9f1f-030cd4e6bc55', 'Lemon', 4, 'oz');
INSERT INTO ingredients (id, recipe_id, name, quantity, unit) VALUES ('db8e17db-ae88-48d7-8881-8026bb0c8089', '2ea5df3e-3d6a-4062-9f1f-030cd4e6bc55', 'Broccoli', 5, 'pinch');
INSERT INTO recipe_dietary_tags (recipe_id, tag_id) VALUES ('2ea5df3e-3d6a-4062-9f1f-030cd4e6bc55', 4);
INSERT INTO recipe_dietary_tags (recipe_id, tag_id) VALUES ('2ea5df3e-3d6a-4062-9f1f-030cd4e6bc55', 2);

INSERT INTO recipes (id, user_id, title, description, instructions, image_url, servings, source_url, source_name, is_archived) VALUES ('8bce8b8c-ebd7-4eb2-82aa-0c6b0169e1ae', 'admin-user-id', 'Taco Seasoned Roasted Pork Loin', 'A delicious and healthy Taco Seasoned Roasted Pork Loin served with Broccoli and Mashed Cauliflower. Perfect for a quick weeknight dinner.', '1. Preheat oven to 400°F.
2. Season the Pork Loin with Taco Seasoned spices.
3. Arrange Broccoli and Spinach on a baking sheet.
4. Roasted for 20-25 minutes until cooked through.
5. Serve hot over Mashed Cauliflower.', 'https://images.unsplash.com/photo-1500000000284?auto=format&fit=crop&w=800&q=60', 2, 'https://www.allrecipes.com', 'AllRecipes', 0);
INSERT INTO ingredients (id, recipe_id, name, quantity, unit) VALUES ('9ca96218-d19b-47d3-a56d-17722479aa52', '8bce8b8c-ebd7-4eb2-82aa-0c6b0169e1ae', 'Pork Loin', 2, 'oz');
INSERT INTO ingredients (id, recipe_id, name, quantity, unit) VALUES ('c609a7a8-3459-49eb-a853-7e479d170261', '8bce8b8c-ebd7-4eb2-82aa-0c6b0169e1ae', 'Broccoli', 4, 'cup');
INSERT INTO ingredients (id, recipe_id, name, quantity, unit) VALUES ('d2bfc612-c852-4cba-a137-2c7dab11ace1', '8bce8b8c-ebd7-4eb2-82aa-0c6b0169e1ae', 'Mashed Cauliflower', 3, 'cup');
INSERT INTO ingredients (id, recipe_id, name, quantity, unit) VALUES ('e763f052-2467-4e8a-8c00-bda95746a2ea', '8bce8b8c-ebd7-4eb2-82aa-0c6b0169e1ae', 'Olive Oil', 1, 'tbsp');
INSERT INTO ingredients (id, recipe_id, name, quantity, unit) VALUES ('99ae9211-c136-4f94-96f8-10e939945232', '8bce8b8c-ebd7-4eb2-82aa-0c6b0169e1ae', 'Salt & Pepper', 1, 'pinch');
INSERT INTO ingredients (id, recipe_id, name, quantity, unit) VALUES ('554c825f-a553-47e0-872f-53bcc6228275', '8bce8b8c-ebd7-4eb2-82aa-0c6b0169e1ae', 'Sweet Potatoes', 2, 'ml');
INSERT INTO ingredients (id, recipe_id, name, quantity, unit) VALUES ('8f995aca-11e1-4529-b54e-20d8ae18e385', '8bce8b8c-ebd7-4eb2-82aa-0c6b0169e1ae', 'Zucchini', 2, 'tsp');
INSERT INTO ingredients (id, recipe_id, name, quantity, unit) VALUES ('cb94ed7e-2be6-43bb-a785-734c8c6e1d5a', '8bce8b8c-ebd7-4eb2-82aa-0c6b0169e1ae', 'Garlic', 1, 'lb');
INSERT INTO ingredients (id, recipe_id, name, quantity, unit) VALUES ('c861737f-0a8c-423b-ae89-5850e91a68bb', '8bce8b8c-ebd7-4eb2-82aa-0c6b0169e1ae', 'Zucchini', 3, 'head');
INSERT INTO ingredients (id, recipe_id, name, quantity, unit) VALUES ('83e9bcc7-f34f-464e-b186-314a7b513efc', '8bce8b8c-ebd7-4eb2-82aa-0c6b0169e1ae', 'Carrots', 2, 'oz');
INSERT INTO ingredients (id, recipe_id, name, quantity, unit) VALUES ('1c54a3c3-4f81-42e4-9144-e740372b459f', '8bce8b8c-ebd7-4eb2-82aa-0c6b0169e1ae', 'Green Beans', 1, 'bundle');
INSERT INTO ingredients (id, recipe_id, name, quantity, unit) VALUES ('ddcfe0df-2609-4287-b6ad-6eacb3c6a72f', '8bce8b8c-ebd7-4eb2-82aa-0c6b0169e1ae', 'Broccoli', 5, 'g');
INSERT INTO recipe_dietary_tags (recipe_id, tag_id) VALUES ('8bce8b8c-ebd7-4eb2-82aa-0c6b0169e1ae', 9);
INSERT INTO recipe_dietary_tags (recipe_id, tag_id) VALUES ('8bce8b8c-ebd7-4eb2-82aa-0c6b0169e1ae', 10);
INSERT INTO recipe_dietary_tags (recipe_id, tag_id) VALUES ('8bce8b8c-ebd7-4eb2-82aa-0c6b0169e1ae', 8);

INSERT INTO recipes (id, user_id, title, description, instructions, image_url, servings, source_url, source_name, is_archived) VALUES ('15d3d470-58a8-4739-b055-2c19e51190b9', 'admin-user-id', 'Teriyaki Roasted Eggs', 'A delicious and healthy Teriyaki Roasted Eggs served with Kale and Mashed Cauliflower. Perfect for a quick weeknight dinner.', '1. Preheat oven to 400°F.
2. Season the Eggs with Teriyaki spices.
3. Arrange Kale and Bell Peppers on a baking sheet.
4. Roasted for 20-25 minutes until cooked through.
5. Serve hot over Mashed Cauliflower.', 'https://images.unsplash.com/photo-1500000000285?auto=format&fit=crop&w=800&q=60', 8, 'https://www.epicurious.com', 'Epicurious', 0);
INSERT INTO ingredients (id, recipe_id, name, quantity, unit) VALUES ('81df48ba-08e9-4a7c-a56a-5a736043f9bf', '15d3d470-58a8-4739-b055-2c19e51190b9', 'Eggs', 1, 'lb');
INSERT INTO ingredients (id, recipe_id, name, quantity, unit) VALUES ('d18cc50d-72a2-4083-9a1c-381c9c8e5b8d', '15d3d470-58a8-4739-b055-2c19e51190b9', 'Kale', 3, 'cup');
INSERT INTO ingredients (id, recipe_id, name, quantity, unit) VALUES ('1d5bba6f-07c2-4eda-8aaa-de79a1f0c000', '15d3d470-58a8-4739-b055-2c19e51190b9', 'Mashed Cauliflower', 2, 'cup');
INSERT INTO ingredients (id, recipe_id, name, quantity, unit) VALUES ('e1cef8c4-424e-477c-a4f9-018c3933b4e0', '15d3d470-58a8-4739-b055-2c19e51190b9', 'Olive Oil', 3, 'tbsp');
INSERT INTO ingredients (id, recipe_id, name, quantity, unit) VALUES ('9f860de1-6cd0-4302-8eb2-839b1894a64f', '15d3d470-58a8-4739-b055-2c19e51190b9', 'Salt & Pepper', 1, 'pinch');
INSERT INTO ingredients (id, recipe_id, name, quantity, unit) VALUES ('f9d6da18-0875-4737-b5bb-48aa7047808f', '15d3d470-58a8-4739-b055-2c19e51190b9', 'Cauliflower', 4, 'tsp');
INSERT INTO ingredients (id, recipe_id, name, quantity, unit) VALUES ('e11f2218-f2f5-45ea-837d-6180a793b35a', '15d3d470-58a8-4739-b055-2c19e51190b9', 'Spinach', 5, 'clove');
INSERT INTO ingredients (id, recipe_id, name, quantity, unit) VALUES ('1395b469-00b9-456d-b76c-ed2ed8af5821', '15d3d470-58a8-4739-b055-2c19e51190b9', 'Asparagus', 3, 'clove');
INSERT INTO ingredients (id, recipe_id, name, quantity, unit) VALUES ('ca2c43fc-0bfc-4463-8c56-15ad239ebd82', '15d3d470-58a8-4739-b055-2c19e51190b9', 'Ginger', 4, 'ml');
INSERT INTO recipe_dietary_tags (recipe_id, tag_id) VALUES ('15d3d470-58a8-4739-b055-2c19e51190b9', 8);
INSERT INTO recipe_dietary_tags (recipe_id, tag_id) VALUES ('15d3d470-58a8-4739-b055-2c19e51190b9', 9);
INSERT INTO recipe_dietary_tags (recipe_id, tag_id) VALUES ('15d3d470-58a8-4739-b055-2c19e51190b9', 5);

INSERT INTO recipes (id, user_id, title, description, instructions, image_url, servings, source_url, source_name, is_archived) VALUES ('4b367e39-5ad9-4502-96c3-ac72c3e46cf0', 'admin-user-id', 'Teriyaki Roasted Black Beans', 'A delicious and healthy Teriyaki Roasted Black Beans served with Spinach and Roasted Potatoes. Perfect for a quick weeknight dinner.', '1. Preheat oven to 400°F.
2. Season the Black Beans with Teriyaki spices.
3. Arrange Spinach and Kale on a baking sheet.
4. Roasted for 20-25 minutes until cooked through.
5. Serve hot over Roasted Potatoes.', 'https://images.unsplash.com/photo-1500000000286?auto=format&fit=crop&w=800&q=60', 8, 'https://www.foodnetwork.com', 'Food Network', 0);
INSERT INTO ingredients (id, recipe_id, name, quantity, unit) VALUES ('bcd07dde-57e3-4677-9d57-020475d11a56', '4b367e39-5ad9-4502-96c3-ac72c3e46cf0', 'Black Beans', 2, 'lb');
INSERT INTO ingredients (id, recipe_id, name, quantity, unit) VALUES ('0e9e7ec7-3821-491c-ac6d-94f4a0a908de', '4b367e39-5ad9-4502-96c3-ac72c3e46cf0', 'Spinach', 3, 'head');
INSERT INTO ingredients (id, recipe_id, name, quantity, unit) VALUES ('2b3d6581-e41e-4e5a-a28f-9c15434e646d', '4b367e39-5ad9-4502-96c3-ac72c3e46cf0', 'Roasted Potatoes', 2, 'cup');
INSERT INTO ingredients (id, recipe_id, name, quantity, unit) VALUES ('7abbbe51-e795-49d8-bcf6-f852c6595720', '4b367e39-5ad9-4502-96c3-ac72c3e46cf0', 'Olive Oil', 1, 'tbsp');
INSERT INTO ingredients (id, recipe_id, name, quantity, unit) VALUES ('e45b144a-11e0-4c4b-93eb-f2a6132df9b4', '4b367e39-5ad9-4502-96c3-ac72c3e46cf0', 'Salt & Pepper', 1, 'pinch');
INSERT INTO recipe_dietary_tags (recipe_id, tag_id) VALUES ('4b367e39-5ad9-4502-96c3-ac72c3e46cf0', 1);

INSERT INTO recipes (id, user_id, title, description, instructions, image_url, servings, source_url, source_name, is_archived) VALUES ('4be44ef0-b6c5-4b0a-8005-cffd4787f105', 'admin-user-id', 'Taco Seasoned Grilled Shrimp', 'A delicious and healthy Taco Seasoned Grilled Shrimp served with Sweet Potatoes and Cauliflower Rice. Perfect for a quick weeknight dinner.', '1. Preheat oven to 400°F.
2. Season the Shrimp with Taco Seasoned spices.
3. Arrange Sweet Potatoes and Spinach on a baking sheet.
4. Grilled for 20-25 minutes until cooked through.
5. Serve hot over Cauliflower Rice.', 'https://images.unsplash.com/photo-1500000000287?auto=format&fit=crop&w=800&q=60', 8, 'https://www.foodnetwork.com', 'Food Network', 0);
INSERT INTO ingredients (id, recipe_id, name, quantity, unit) VALUES ('93f7eb4d-171a-4105-8751-c4aaf0cb85cf', '4be44ef0-b6c5-4b0a-8005-cffd4787f105', 'Shrimp', 2, 'lb');
INSERT INTO ingredients (id, recipe_id, name, quantity, unit) VALUES ('67258156-ee81-4efc-a1bd-eef734fa9a80', '4be44ef0-b6c5-4b0a-8005-cffd4787f105', 'Sweet Potatoes', 3, 'cup');
INSERT INTO ingredients (id, recipe_id, name, quantity, unit) VALUES ('c3daf156-5b29-408e-bf10-86554e4a3216', '4be44ef0-b6c5-4b0a-8005-cffd4787f105', 'Cauliflower Rice', 3, 'cup');
INSERT INTO ingredients (id, recipe_id, name, quantity, unit) VALUES ('47909032-4e31-4918-bf95-3caf1e9d9aa0', '4be44ef0-b6c5-4b0a-8005-cffd4787f105', 'Olive Oil', 2, 'tbsp');
INSERT INTO ingredients (id, recipe_id, name, quantity, unit) VALUES ('a910b11d-d755-4192-bc56-a89e0ca85cd0', '4be44ef0-b6c5-4b0a-8005-cffd4787f105', 'Salt & Pepper', 1, 'pinch');
INSERT INTO ingredients (id, recipe_id, name, quantity, unit) VALUES ('2e69c9bd-7658-43e9-bdba-9656d0e472e5', '4be44ef0-b6c5-4b0a-8005-cffd4787f105', 'Kale', 5, 'tbsp');
INSERT INTO ingredients (id, recipe_id, name, quantity, unit) VALUES ('ded92001-4dd6-4496-ba83-09323388ec99', '4be44ef0-b6c5-4b0a-8005-cffd4787f105', 'Zucchini', 5, 'lb');
INSERT INTO ingredients (id, recipe_id, name, quantity, unit) VALUES ('409cf3c1-690e-4512-ae68-c76bcdbd2879', '4be44ef0-b6c5-4b0a-8005-cffd4787f105', 'Broccoli', 5, 'pinch');
INSERT INTO ingredients (id, recipe_id, name, quantity, unit) VALUES ('923ecb05-6aa4-429e-a09d-19584259c2bc', '4be44ef0-b6c5-4b0a-8005-cffd4787f105', 'Green Beans', 4, 'clove');
INSERT INTO ingredients (id, recipe_id, name, quantity, unit) VALUES ('9212c9e5-4d36-4d59-b333-483724e327d5', '4be44ef0-b6c5-4b0a-8005-cffd4787f105', 'Broccoli', 4, 'cup');
INSERT INTO ingredients (id, recipe_id, name, quantity, unit) VALUES ('f1bd4d2a-53fc-48f3-8cd3-8f5b1e69e322', '4be44ef0-b6c5-4b0a-8005-cffd4787f105', 'Carrots', 2, 'tbsp');
INSERT INTO recipe_dietary_tags (recipe_id, tag_id) VALUES ('4be44ef0-b6c5-4b0a-8005-cffd4787f105', 5);
INSERT INTO recipe_dietary_tags (recipe_id, tag_id) VALUES ('4be44ef0-b6c5-4b0a-8005-cffd4787f105', 8);

INSERT INTO recipes (id, user_id, title, description, instructions, image_url, servings, source_url, source_name, is_archived) VALUES ('3a03334d-f89a-4d56-af8a-7d6060374e8a', 'admin-user-id', 'Honey Sriracha Baked Black Beans', 'A delicious and healthy Honey Sriracha Baked Black Beans served with Bell Peppers and Zucchini Noodles. Perfect for a quick weeknight dinner.', '1. Preheat oven to 400°F.
2. Season the Black Beans with Honey Sriracha spices.
3. Arrange Bell Peppers and Zucchini on a baking sheet.
4. Baked for 20-25 minutes until cooked through.
5. Serve hot over Zucchini Noodles.', 'https://images.unsplash.com/photo-1500000000288?auto=format&fit=crop&w=800&q=60', 5, 'https://www.bonappetit.com', 'Bon Appetit', 0);
INSERT INTO ingredients (id, recipe_id, name, quantity, unit) VALUES ('2041cdb9-f9f7-4b7e-9629-66a8dbb0e078', '3a03334d-f89a-4d56-af8a-7d6060374e8a', 'Black Beans', 1, 'lb');
INSERT INTO ingredients (id, recipe_id, name, quantity, unit) VALUES ('584885fe-9b45-42b1-8426-77259cdd28e4', '3a03334d-f89a-4d56-af8a-7d6060374e8a', 'Bell Peppers', 3, 'head');
INSERT INTO ingredients (id, recipe_id, name, quantity, unit) VALUES ('ef43f9b6-6682-40e3-8c6f-a975a8c093ba', '3a03334d-f89a-4d56-af8a-7d6060374e8a', 'Zucchini Noodles', 3, 'cup');
INSERT INTO ingredients (id, recipe_id, name, quantity, unit) VALUES ('acd6694a-84f6-46c5-b408-68a42ddbe4a8', '3a03334d-f89a-4d56-af8a-7d6060374e8a', 'Olive Oil', 2, 'tbsp');
INSERT INTO ingredients (id, recipe_id, name, quantity, unit) VALUES ('cbcdb747-c63c-4014-a28c-e406fe75b106', '3a03334d-f89a-4d56-af8a-7d6060374e8a', 'Salt & Pepper', 1, 'pinch');
INSERT INTO ingredients (id, recipe_id, name, quantity, unit) VALUES ('33b10138-da75-4681-ab86-79ffdaeca14c', '3a03334d-f89a-4d56-af8a-7d6060374e8a', 'Broccoli', 1, 'oz');
INSERT INTO ingredients (id, recipe_id, name, quantity, unit) VALUES ('a39f99de-266a-4df8-add5-b4cdc9972e16', '3a03334d-f89a-4d56-af8a-7d6060374e8a', 'Sweet Potatoes', 1, 'ml');
INSERT INTO recipe_dietary_tags (recipe_id, tag_id) VALUES ('3a03334d-f89a-4d56-af8a-7d6060374e8a', 8);
INSERT INTO recipe_dietary_tags (recipe_id, tag_id) VALUES ('3a03334d-f89a-4d56-af8a-7d6060374e8a', 7);
INSERT INTO recipe_dietary_tags (recipe_id, tag_id) VALUES ('3a03334d-f89a-4d56-af8a-7d6060374e8a', 1);

INSERT INTO recipes (id, user_id, title, description, instructions, image_url, servings, source_url, source_name, is_archived) VALUES ('d36e17d8-70b5-4c6b-8593-cccd8cb301c0', 'admin-user-id', 'Taco Seasoned Baked Black Beans', 'A delicious and healthy Taco Seasoned Baked Black Beans served with Asparagus and Lentil Pasta. Perfect for a quick weeknight dinner.', '1. Preheat oven to 400°F.
2. Season the Black Beans with Taco Seasoned spices.
3. Arrange Asparagus and Brussels Sprouts on a baking sheet.
4. Baked for 20-25 minutes until cooked through.
5. Serve hot over Lentil Pasta.', 'https://images.unsplash.com/photo-1500000000289?auto=format&fit=crop&w=800&q=60', 6, 'https://www.allrecipes.com', 'AllRecipes', 0);
INSERT INTO ingredients (id, recipe_id, name, quantity, unit) VALUES ('29065719-811a-4f79-941e-1fa480791288', 'd36e17d8-70b5-4c6b-8593-cccd8cb301c0', 'Black Beans', 2, 'oz');
INSERT INTO ingredients (id, recipe_id, name, quantity, unit) VALUES ('48e6a3dc-4550-454f-a603-e750734e7aac', 'd36e17d8-70b5-4c6b-8593-cccd8cb301c0', 'Asparagus', 3, 'cup');
INSERT INTO ingredients (id, recipe_id, name, quantity, unit) VALUES ('78ede51b-1d21-4f7b-8eaf-2288a127fbb0', 'd36e17d8-70b5-4c6b-8593-cccd8cb301c0', 'Lentil Pasta', 3, 'cup');
INSERT INTO ingredients (id, recipe_id, name, quantity, unit) VALUES ('2424c3f0-e1e0-4328-8b28-d18e1eddf8e2', 'd36e17d8-70b5-4c6b-8593-cccd8cb301c0', 'Olive Oil', 3, 'tbsp');
INSERT INTO ingredients (id, recipe_id, name, quantity, unit) VALUES ('967da526-47be-4b44-b958-3022f3358120', 'd36e17d8-70b5-4c6b-8593-cccd8cb301c0', 'Salt & Pepper', 1, 'pinch');
INSERT INTO ingredients (id, recipe_id, name, quantity, unit) VALUES ('42eb1b90-1fae-405b-b07c-ffde1c46e9ae', 'd36e17d8-70b5-4c6b-8593-cccd8cb301c0', 'Bell Peppers', 5, 'ml');
INSERT INTO recipe_dietary_tags (recipe_id, tag_id) VALUES ('d36e17d8-70b5-4c6b-8593-cccd8cb301c0', 1);
INSERT INTO recipe_dietary_tags (recipe_id, tag_id) VALUES ('d36e17d8-70b5-4c6b-8593-cccd8cb301c0', 10);

INSERT INTO recipes (id, user_id, title, description, instructions, image_url, servings, source_url, source_name, is_archived) VALUES ('495a0ecc-d4e7-475d-ab5c-2faa96cc90bb', 'admin-user-id', 'Balsamic Glaze Pan-Seared Tofu', 'A delicious and healthy Balsamic Glaze Pan-Seared Tofu served with Spinach and Zucchini Noodles. Perfect for a quick weeknight dinner.', '1. Preheat oven to 400°F.
2. Season the Tofu with Balsamic Glaze spices.
3. Arrange Spinach and Green Beans on a baking sheet.
4. Pan-Seared for 20-25 minutes until cooked through.
5. Serve hot over Zucchini Noodles.', 'https://images.unsplash.com/photo-1500000000290?auto=format&fit=crop&w=800&q=60', 8, 'https://www.epicurious.com', 'Epicurious', 0);
INSERT INTO ingredients (id, recipe_id, name, quantity, unit) VALUES ('75d428d9-c5a9-4c8c-892d-1f140f7beb98', '495a0ecc-d4e7-475d-ab5c-2faa96cc90bb', 'Tofu', 2, 'oz');
INSERT INTO ingredients (id, recipe_id, name, quantity, unit) VALUES ('19147601-2dc9-4663-8d26-277c1a9c5778', '495a0ecc-d4e7-475d-ab5c-2faa96cc90bb', 'Spinach', 2, 'head');
INSERT INTO ingredients (id, recipe_id, name, quantity, unit) VALUES ('3fe465db-a75d-4b91-aa7d-898c21743070', '495a0ecc-d4e7-475d-ab5c-2faa96cc90bb', 'Zucchini Noodles', 1, 'cup');
INSERT INTO ingredients (id, recipe_id, name, quantity, unit) VALUES ('9ce3c2dd-811c-418b-99a6-9f0dda791280', '495a0ecc-d4e7-475d-ab5c-2faa96cc90bb', 'Olive Oil', 2, 'tbsp');
INSERT INTO ingredients (id, recipe_id, name, quantity, unit) VALUES ('1306663a-13c2-4492-9939-05630bdfe495', '495a0ecc-d4e7-475d-ab5c-2faa96cc90bb', 'Salt & Pepper', 1, 'pinch');
INSERT INTO ingredients (id, recipe_id, name, quantity, unit) VALUES ('61c1664b-c9d2-474c-86f1-fbb0639d77c1', '495a0ecc-d4e7-475d-ab5c-2faa96cc90bb', 'Cauliflower', 1, 'tsp');
INSERT INTO ingredients (id, recipe_id, name, quantity, unit) VALUES ('edd99b30-0370-4da0-86f4-05e9ddc2e0f7', '495a0ecc-d4e7-475d-ab5c-2faa96cc90bb', 'Zucchini', 1, 'tbsp');
INSERT INTO ingredients (id, recipe_id, name, quantity, unit) VALUES ('5a8b5cd3-c4f5-4c79-b97d-2a7537670a1d', '495a0ecc-d4e7-475d-ab5c-2faa96cc90bb', 'Onion', 2, 'lb');
INSERT INTO recipe_dietary_tags (recipe_id, tag_id) VALUES ('495a0ecc-d4e7-475d-ab5c-2faa96cc90bb', 1);
INSERT INTO recipe_dietary_tags (recipe_id, tag_id) VALUES ('495a0ecc-d4e7-475d-ab5c-2faa96cc90bb', 7);

INSERT INTO recipes (id, user_id, title, description, instructions, image_url, servings, source_url, source_name, is_archived) VALUES ('038a1202-ed1d-49e9-8374-71c000ca3ad5', 'admin-user-id', 'Miso Ginger Air Fried Lentils', 'A delicious and healthy Miso Ginger Air Fried Lentils served with Cauliflower and Mashed Cauliflower. Perfect for a quick weeknight dinner.', '1. Preheat oven to 400°F.
2. Season the Lentils with Miso Ginger spices.
3. Arrange Cauliflower and Cauliflower on a baking sheet.
4. Air Fried for 20-25 minutes until cooked through.
5. Serve hot over Mashed Cauliflower.', 'https://images.unsplash.com/photo-1500000000291?auto=format&fit=crop&w=800&q=60', 4, 'https://www.allrecipes.com', 'AllRecipes', 0);
INSERT INTO ingredients (id, recipe_id, name, quantity, unit) VALUES ('1503daaf-4c90-45c5-aa96-8cd811fc9777', '038a1202-ed1d-49e9-8374-71c000ca3ad5', 'Lentils', 1, 'oz');
INSERT INTO ingredients (id, recipe_id, name, quantity, unit) VALUES ('9a0158bf-3c1e-49df-91a1-00c78b302574', '038a1202-ed1d-49e9-8374-71c000ca3ad5', 'Cauliflower', 2, 'cup');
INSERT INTO ingredients (id, recipe_id, name, quantity, unit) VALUES ('094aa3e0-106f-4abf-8108-3e0d6f271ed1', '038a1202-ed1d-49e9-8374-71c000ca3ad5', 'Mashed Cauliflower', 3, 'cup');
INSERT INTO ingredients (id, recipe_id, name, quantity, unit) VALUES ('99d1caf6-5ae1-49ff-bdf4-c3dd60f08a7d', '038a1202-ed1d-49e9-8374-71c000ca3ad5', 'Olive Oil', 1, 'tbsp');
INSERT INTO ingredients (id, recipe_id, name, quantity, unit) VALUES ('fcf8e189-4b67-4344-87dc-e7f1f0649f63', '038a1202-ed1d-49e9-8374-71c000ca3ad5', 'Salt & Pepper', 1, 'pinch');
INSERT INTO ingredients (id, recipe_id, name, quantity, unit) VALUES ('79b49b2b-cb3b-4873-9172-fe2cff6669fa', '038a1202-ed1d-49e9-8374-71c000ca3ad5', 'Ginger', 3, 'cup');
INSERT INTO ingredients (id, recipe_id, name, quantity, unit) VALUES ('b44bf314-68bd-4606-a829-744413e25101', '038a1202-ed1d-49e9-8374-71c000ca3ad5', 'Lemon', 2, 'clove');
INSERT INTO ingredients (id, recipe_id, name, quantity, unit) VALUES ('fa730fb2-6bbe-4a6b-8d0a-2d3b1b4434d6', '038a1202-ed1d-49e9-8374-71c000ca3ad5', 'Ginger', 3, 'tbsp');
INSERT INTO ingredients (id, recipe_id, name, quantity, unit) VALUES ('10e95171-b63d-4b1b-a5dd-0d10f8c0d1dc', '038a1202-ed1d-49e9-8374-71c000ca3ad5', 'Broccoli', 2, 'oz');
INSERT INTO ingredients (id, recipe_id, name, quantity, unit) VALUES ('12d4e293-1d54-4d15-b0c3-d2f34a76cb40', '038a1202-ed1d-49e9-8374-71c000ca3ad5', 'Broccoli', 3, 'lb');
INSERT INTO recipe_dietary_tags (recipe_id, tag_id) VALUES ('038a1202-ed1d-49e9-8374-71c000ca3ad5', 6);
INSERT INTO recipe_dietary_tags (recipe_id, tag_id) VALUES ('038a1202-ed1d-49e9-8374-71c000ca3ad5', 7);
INSERT INTO recipe_dietary_tags (recipe_id, tag_id) VALUES ('038a1202-ed1d-49e9-8374-71c000ca3ad5', 8);

INSERT INTO recipes (id, user_id, title, description, instructions, image_url, servings, source_url, source_name, is_archived) VALUES ('10a4c90f-77ca-486c-897c-33da3740b6dd', 'admin-user-id', 'Balsamic Glaze Baked Pork Loin', 'A delicious and healthy Balsamic Glaze Baked Pork Loin served with Broccoli and Quinoa. Perfect for a quick weeknight dinner.', '1. Preheat oven to 400°F.
2. Season the Pork Loin with Balsamic Glaze spices.
3. Arrange Broccoli and Cauliflower on a baking sheet.
4. Baked for 20-25 minutes until cooked through.
5. Serve hot over Quinoa.', 'https://images.unsplash.com/photo-1500000000292?auto=format&fit=crop&w=800&q=60', 3, 'https://www.epicurious.com', 'Epicurious', 0);
INSERT INTO ingredients (id, recipe_id, name, quantity, unit) VALUES ('084f8777-8680-4154-ae1f-24ba8cf8d0a9', '10a4c90f-77ca-486c-897c-33da3740b6dd', 'Pork Loin', 2, 'lb');
INSERT INTO ingredients (id, recipe_id, name, quantity, unit) VALUES ('cf7cc821-908f-4438-90b2-ed8caa2018df', '10a4c90f-77ca-486c-897c-33da3740b6dd', 'Broccoli', 2, 'bundle');
INSERT INTO ingredients (id, recipe_id, name, quantity, unit) VALUES ('eb4d6183-e594-4031-ac91-f40df6b12dd4', '10a4c90f-77ca-486c-897c-33da3740b6dd', 'Quinoa', 3, 'cup');
INSERT INTO ingredients (id, recipe_id, name, quantity, unit) VALUES ('762de671-c8cd-4b18-890a-3cbdf64d4fa9', '10a4c90f-77ca-486c-897c-33da3740b6dd', 'Olive Oil', 2, 'tbsp');
INSERT INTO ingredients (id, recipe_id, name, quantity, unit) VALUES ('66ae478e-718b-4230-af0f-09bd2571efba', '10a4c90f-77ca-486c-897c-33da3740b6dd', 'Salt & Pepper', 1, 'pinch');
INSERT INTO ingredients (id, recipe_id, name, quantity, unit) VALUES ('f4f83ab6-8138-45a5-8675-561095ad9b77', '10a4c90f-77ca-486c-897c-33da3740b6dd', 'Green Beans', 3, 'pinch');
INSERT INTO ingredients (id, recipe_id, name, quantity, unit) VALUES ('4447cd94-28f1-4ab8-a968-e00eb9afbf05', '10a4c90f-77ca-486c-897c-33da3740b6dd', 'Ginger', 1, 'ml');
INSERT INTO ingredients (id, recipe_id, name, quantity, unit) VALUES ('9f5e1712-0b0f-4071-a5b0-edbe728e446b', '10a4c90f-77ca-486c-897c-33da3740b6dd', 'Broccoli', 2, 'tsp');
INSERT INTO ingredients (id, recipe_id, name, quantity, unit) VALUES ('11831d87-c716-44ad-9cb1-8141d80cb636', '10a4c90f-77ca-486c-897c-33da3740b6dd', 'Brussels Sprouts', 5, 'cup');
INSERT INTO ingredients (id, recipe_id, name, quantity, unit) VALUES ('48583551-5b8c-47db-91d9-aaee31769155', '10a4c90f-77ca-486c-897c-33da3740b6dd', 'Garlic', 1, 'bundle');
INSERT INTO ingredients (id, recipe_id, name, quantity, unit) VALUES ('cf625a94-417f-4da5-85f1-7febd19b6982', '10a4c90f-77ca-486c-897c-33da3740b6dd', 'Garlic', 4, 'head');
INSERT INTO recipe_dietary_tags (recipe_id, tag_id) VALUES ('10a4c90f-77ca-486c-897c-33da3740b6dd', 2);
INSERT INTO recipe_dietary_tags (recipe_id, tag_id) VALUES ('10a4c90f-77ca-486c-897c-33da3740b6dd', 3);
INSERT INTO recipe_dietary_tags (recipe_id, tag_id) VALUES ('10a4c90f-77ca-486c-897c-33da3740b6dd', 10);

INSERT INTO recipes (id, user_id, title, description, instructions, image_url, servings, source_url, source_name, is_archived) VALUES ('fb5ab47e-bddf-4ed4-a6a3-3cffe63ea9b6', 'admin-user-id', 'Taco Seasoned Grilled Pork Loin', 'A delicious and healthy Taco Seasoned Grilled Pork Loin served with Sweet Potatoes and Cauliflower Rice. Perfect for a quick weeknight dinner.', '1. Preheat oven to 400°F.
2. Season the Pork Loin with Taco Seasoned spices.
3. Arrange Sweet Potatoes and Broccoli on a baking sheet.
4. Grilled for 20-25 minutes until cooked through.
5. Serve hot over Cauliflower Rice.', 'https://images.unsplash.com/photo-1500000000293?auto=format&fit=crop&w=800&q=60', 5, 'https://www.foodnetwork.com', 'Food Network', 0);
INSERT INTO ingredients (id, recipe_id, name, quantity, unit) VALUES ('c57fa919-c759-4ed7-9f32-ef1d8d5db719', 'fb5ab47e-bddf-4ed4-a6a3-3cffe63ea9b6', 'Pork Loin', 1, 'lb');
INSERT INTO ingredients (id, recipe_id, name, quantity, unit) VALUES ('129a0b9c-ab94-409f-9998-aa5008224c92', 'fb5ab47e-bddf-4ed4-a6a3-3cffe63ea9b6', 'Sweet Potatoes', 4, 'head');
INSERT INTO ingredients (id, recipe_id, name, quantity, unit) VALUES ('c5dbf2b6-9f2e-4d64-8526-60c7589c8a6b', 'fb5ab47e-bddf-4ed4-a6a3-3cffe63ea9b6', 'Cauliflower Rice', 2, 'cup');
INSERT INTO ingredients (id, recipe_id, name, quantity, unit) VALUES ('173c07cc-1396-432e-aecd-b5424723e48f', 'fb5ab47e-bddf-4ed4-a6a3-3cffe63ea9b6', 'Olive Oil', 1, 'tbsp');
INSERT INTO ingredients (id, recipe_id, name, quantity, unit) VALUES ('f2b8f5cb-51a0-427d-a28f-e32749f8f91a', 'fb5ab47e-bddf-4ed4-a6a3-3cffe63ea9b6', 'Salt & Pepper', 1, 'pinch');
INSERT INTO ingredients (id, recipe_id, name, quantity, unit) VALUES ('c79f6b0f-4696-4823-90bc-b8435ef9aa9a', 'fb5ab47e-bddf-4ed4-a6a3-3cffe63ea9b6', 'Ginger', 3, 'oz');
INSERT INTO ingredients (id, recipe_id, name, quantity, unit) VALUES ('ffd32086-0709-4703-a7a5-2d86f1ef9c3c', 'fb5ab47e-bddf-4ed4-a6a3-3cffe63ea9b6', 'Sweet Potatoes', 3, 'oz');
INSERT INTO ingredients (id, recipe_id, name, quantity, unit) VALUES ('c2230e34-0fc7-4abf-91d6-bbaa1b08b89a', 'fb5ab47e-bddf-4ed4-a6a3-3cffe63ea9b6', 'Garlic', 3, 'pinch');
INSERT INTO ingredients (id, recipe_id, name, quantity, unit) VALUES ('126afaba-1075-4695-a4c5-464648542796', 'fb5ab47e-bddf-4ed4-a6a3-3cffe63ea9b6', 'Garlic', 3, 'head');
INSERT INTO ingredients (id, recipe_id, name, quantity, unit) VALUES ('2359731c-04dc-433c-a120-224e9b310988', 'fb5ab47e-bddf-4ed4-a6a3-3cffe63ea9b6', 'Sweet Potatoes', 3, 'g');
INSERT INTO ingredients (id, recipe_id, name, quantity, unit) VALUES ('13c881ed-f51b-4138-8701-58cc8e45b79f', 'fb5ab47e-bddf-4ed4-a6a3-3cffe63ea9b6', 'Kale', 4, 'oz');
INSERT INTO recipe_dietary_tags (recipe_id, tag_id) VALUES ('fb5ab47e-bddf-4ed4-a6a3-3cffe63ea9b6', 2);

INSERT INTO recipes (id, user_id, title, description, instructions, image_url, servings, source_url, source_name, is_archived) VALUES ('075b3d02-c921-469b-bf77-9203bec53615', 'admin-user-id', 'Pesto Roasted Eggs', 'A delicious and healthy Pesto Roasted Eggs served with Broccoli and Mashed Cauliflower. Perfect for a quick weeknight dinner.', '1. Preheat oven to 400°F.
2. Season the Eggs with Pesto spices.
3. Arrange Broccoli and Kale on a baking sheet.
4. Roasted for 20-25 minutes until cooked through.
5. Serve hot over Mashed Cauliflower.', 'https://images.unsplash.com/photo-1500000000294?auto=format&fit=crop&w=800&q=60', 4, 'https://www.foodnetwork.com', 'Food Network', 0);
INSERT INTO ingredients (id, recipe_id, name, quantity, unit) VALUES ('ad7796dd-abf9-43bc-b2d5-633bb9af28f4', '075b3d02-c921-469b-bf77-9203bec53615', 'Eggs', 2, 'oz');
INSERT INTO ingredients (id, recipe_id, name, quantity, unit) VALUES ('630fc344-5140-445b-a1d3-6739fff8b3d4', '075b3d02-c921-469b-bf77-9203bec53615', 'Broccoli', 3, 'cup');
INSERT INTO ingredients (id, recipe_id, name, quantity, unit) VALUES ('917cf6d2-88d6-4d1c-adf1-09530a2246bd', '075b3d02-c921-469b-bf77-9203bec53615', 'Mashed Cauliflower', 1, 'cup');
INSERT INTO ingredients (id, recipe_id, name, quantity, unit) VALUES ('e266945c-a816-4478-bc17-0c16a421541a', '075b3d02-c921-469b-bf77-9203bec53615', 'Olive Oil', 1, 'tbsp');
INSERT INTO ingredients (id, recipe_id, name, quantity, unit) VALUES ('5fe26eb1-29a9-4591-80b1-5b496f8f358c', '075b3d02-c921-469b-bf77-9203bec53615', 'Salt & Pepper', 1, 'pinch');
INSERT INTO ingredients (id, recipe_id, name, quantity, unit) VALUES ('57ada7ee-ca23-4a53-9f32-7005c0e8532f', '075b3d02-c921-469b-bf77-9203bec53615', 'Brussels Sprouts', 3, 'bundle');
INSERT INTO ingredients (id, recipe_id, name, quantity, unit) VALUES ('2a8e6f9e-b6d2-494c-aa9d-6a28655e3b1d', '075b3d02-c921-469b-bf77-9203bec53615', 'Brussels Sprouts', 1, 'lb');
INSERT INTO ingredients (id, recipe_id, name, quantity, unit) VALUES ('5b96f9d1-81d5-4eda-8f6a-fa84060e9476', '075b3d02-c921-469b-bf77-9203bec53615', 'Asparagus', 5, 'clove');
INSERT INTO ingredients (id, recipe_id, name, quantity, unit) VALUES ('d1dd9c07-8ba4-4dd5-a0b2-897a55855b4f', '075b3d02-c921-469b-bf77-9203bec53615', 'Zucchini', 3, 'tsp');
INSERT INTO ingredients (id, recipe_id, name, quantity, unit) VALUES ('eb6b08b9-5c14-48c2-b3fd-58ea48ef8545', '075b3d02-c921-469b-bf77-9203bec53615', 'Lemon', 3, 'bundle');
INSERT INTO ingredients (id, recipe_id, name, quantity, unit) VALUES ('3c57cce7-8659-4eb2-b68c-4981c455293d', '075b3d02-c921-469b-bf77-9203bec53615', 'Garlic', 4, 'tbsp');
INSERT INTO recipe_dietary_tags (recipe_id, tag_id) VALUES ('075b3d02-c921-469b-bf77-9203bec53615', 9);
INSERT INTO recipe_dietary_tags (recipe_id, tag_id) VALUES ('075b3d02-c921-469b-bf77-9203bec53615', 4);

INSERT INTO recipes (id, user_id, title, description, instructions, image_url, servings, source_url, source_name, is_archived) VALUES ('b5ca6824-d290-44da-9957-f66b96d5c64a', 'admin-user-id', 'Taco Seasoned Sautéed Cod', 'A delicious and healthy Taco Seasoned Sautéed Cod served with Kale and Zucchini Noodles. Perfect for a quick weeknight dinner.', '1. Preheat oven to 400°F.
2. Season the Cod with Taco Seasoned spices.
3. Arrange Kale and Asparagus on a baking sheet.
4. Sautéed for 20-25 minutes until cooked through.
5. Serve hot over Zucchini Noodles.', 'https://images.unsplash.com/photo-1500000000295?auto=format&fit=crop&w=800&q=60', 5, 'https://www.allrecipes.com', 'AllRecipes', 0);
INSERT INTO ingredients (id, recipe_id, name, quantity, unit) VALUES ('54bef2e0-c1db-4e74-b59a-ab3818681573', 'b5ca6824-d290-44da-9957-f66b96d5c64a', 'Cod', 2, 'lb');
INSERT INTO ingredients (id, recipe_id, name, quantity, unit) VALUES ('8aacb544-4d0b-4378-8280-63c9f7871409', 'b5ca6824-d290-44da-9957-f66b96d5c64a', 'Kale', 2, 'bundle');
INSERT INTO ingredients (id, recipe_id, name, quantity, unit) VALUES ('b33a8004-5953-4d0d-9a3f-9df3b4afa592', 'b5ca6824-d290-44da-9957-f66b96d5c64a', 'Zucchini Noodles', 3, 'cup');
INSERT INTO ingredients (id, recipe_id, name, quantity, unit) VALUES ('e3c83315-cbfc-432c-8c1b-9426f1889a28', 'b5ca6824-d290-44da-9957-f66b96d5c64a', 'Olive Oil', 2, 'tbsp');
INSERT INTO ingredients (id, recipe_id, name, quantity, unit) VALUES ('b5f6b20d-412e-4f6f-ae12-b924690f679a', 'b5ca6824-d290-44da-9957-f66b96d5c64a', 'Salt & Pepper', 1, 'pinch');
INSERT INTO ingredients (id, recipe_id, name, quantity, unit) VALUES ('4e0b32f9-015e-4b3b-a129-3cf38853a93a', 'b5ca6824-d290-44da-9957-f66b96d5c64a', 'Sweet Potatoes', 5, 'head');
INSERT INTO ingredients (id, recipe_id, name, quantity, unit) VALUES ('a3bf2c74-2af3-46bf-83c3-b8acde1c6a9f', 'b5ca6824-d290-44da-9957-f66b96d5c64a', 'Ginger', 3, 'lb');
INSERT INTO ingredients (id, recipe_id, name, quantity, unit) VALUES ('393f6089-eb6b-45a8-9a5e-ab2ed6d65b2d', 'b5ca6824-d290-44da-9957-f66b96d5c64a', 'Carrots', 2, 'tsp');
INSERT INTO ingredients (id, recipe_id, name, quantity, unit) VALUES ('fc54f53f-f7d3-429b-a07e-f4a6c9756c12', 'b5ca6824-d290-44da-9957-f66b96d5c64a', 'Butter', 2, 'pinch');
INSERT INTO ingredients (id, recipe_id, name, quantity, unit) VALUES ('ce6eb855-ff73-4834-bde8-3e929cdadf23', 'b5ca6824-d290-44da-9957-f66b96d5c64a', 'Cauliflower', 3, 'tbsp');
INSERT INTO ingredients (id, recipe_id, name, quantity, unit) VALUES ('4f9baccf-4a06-4673-b1d1-7d61b250e7b8', 'b5ca6824-d290-44da-9957-f66b96d5c64a', 'Bell Peppers', 1, 'oz');
INSERT INTO ingredients (id, recipe_id, name, quantity, unit) VALUES ('30e39de6-f4f9-4567-b1d5-4292a11398b4', 'b5ca6824-d290-44da-9957-f66b96d5c64a', 'Bell Peppers', 4, 'oz');
INSERT INTO recipe_dietary_tags (recipe_id, tag_id) VALUES ('b5ca6824-d290-44da-9957-f66b96d5c64a', 10);
INSERT INTO recipe_dietary_tags (recipe_id, tag_id) VALUES ('b5ca6824-d290-44da-9957-f66b96d5c64a', 9);

INSERT INTO recipes (id, user_id, title, description, instructions, image_url, servings, source_url, source_name, is_archived) VALUES ('75b4d9ac-7db0-4b17-8bea-c2cb580ed541', 'admin-user-id', 'Taco Seasoned Roasted Chicken Breast', 'A delicious and healthy Taco Seasoned Roasted Chicken Breast served with Asparagus and Cauliflower Rice. Perfect for a quick weeknight dinner.', '1. Preheat oven to 400°F.
2. Season the Chicken Breast with Taco Seasoned spices.
3. Arrange Asparagus and Broccoli on a baking sheet.
4. Roasted for 20-25 minutes until cooked through.
5. Serve hot over Cauliflower Rice.', 'https://images.unsplash.com/photo-1500000000296?auto=format&fit=crop&w=800&q=60', 5, 'https://www.bonappetit.com', 'Bon Appetit', 0);
INSERT INTO ingredients (id, recipe_id, name, quantity, unit) VALUES ('25399ffe-e0b1-4606-9a63-e25e2b06f5ba', '75b4d9ac-7db0-4b17-8bea-c2cb580ed541', 'Chicken Breast', 2, 'oz');
INSERT INTO ingredients (id, recipe_id, name, quantity, unit) VALUES ('bcf17d61-8f7b-4f6e-9fb2-58e7cbe6ae71', '75b4d9ac-7db0-4b17-8bea-c2cb580ed541', 'Asparagus', 3, 'bundle');
INSERT INTO ingredients (id, recipe_id, name, quantity, unit) VALUES ('9386b792-0b56-4b97-a935-f2d30dd91d67', '75b4d9ac-7db0-4b17-8bea-c2cb580ed541', 'Cauliflower Rice', 2, 'cup');
INSERT INTO ingredients (id, recipe_id, name, quantity, unit) VALUES ('c7d594e6-c4e0-4cc9-a7d2-b8da71b1bde2', '75b4d9ac-7db0-4b17-8bea-c2cb580ed541', 'Olive Oil', 3, 'tbsp');
INSERT INTO ingredients (id, recipe_id, name, quantity, unit) VALUES ('4a3c279b-bc51-44d8-b2bb-cea11e60f993', '75b4d9ac-7db0-4b17-8bea-c2cb580ed541', 'Salt & Pepper', 1, 'pinch');
INSERT INTO ingredients (id, recipe_id, name, quantity, unit) VALUES ('17e06434-2dee-4879-83a3-1a395d028df9', '75b4d9ac-7db0-4b17-8bea-c2cb580ed541', 'Zucchini', 3, 'oz');
INSERT INTO ingredients (id, recipe_id, name, quantity, unit) VALUES ('257c143a-b03c-4869-88f2-5b6acacc7ddd', '75b4d9ac-7db0-4b17-8bea-c2cb580ed541', 'Carrots', 4, 'g');
INSERT INTO ingredients (id, recipe_id, name, quantity, unit) VALUES ('aecfaa7b-ae30-45bd-90c5-21064e81ce58', '75b4d9ac-7db0-4b17-8bea-c2cb580ed541', 'Spinach', 5, 'cup');
INSERT INTO ingredients (id, recipe_id, name, quantity, unit) VALUES ('c4576f08-ab8a-4988-a6db-2616fe5c72f5', '75b4d9ac-7db0-4b17-8bea-c2cb580ed541', 'Spinach', 5, 'g');
INSERT INTO ingredients (id, recipe_id, name, quantity, unit) VALUES ('ab3bf819-451d-4626-b362-3574e280c4db', '75b4d9ac-7db0-4b17-8bea-c2cb580ed541', 'Green Beans', 1, 'clove');
INSERT INTO ingredients (id, recipe_id, name, quantity, unit) VALUES ('42996050-213a-4f4b-a0cb-481ee17f3c27', '75b4d9ac-7db0-4b17-8bea-c2cb580ed541', 'Onion', 1, 'oz');
INSERT INTO ingredients (id, recipe_id, name, quantity, unit) VALUES ('365a3e82-9bca-4600-a3d8-bafe36f22e44', '75b4d9ac-7db0-4b17-8bea-c2cb580ed541', 'Brussels Sprouts', 2, 'g');
INSERT INTO recipe_dietary_tags (recipe_id, tag_id) VALUES ('75b4d9ac-7db0-4b17-8bea-c2cb580ed541', 8);

INSERT INTO recipes (id, user_id, title, description, instructions, image_url, servings, source_url, source_name, is_archived) VALUES ('73f9c0f9-4c00-4a54-b0fb-4cb164098280', 'admin-user-id', 'Taco Seasoned Slow Cooked Shrimp', 'A delicious and healthy Taco Seasoned Slow Cooked Shrimp served with Brussels Sprouts and Roasted Potatoes. Perfect for a quick weeknight dinner.', '1. Preheat oven to 400°F.
2. Season the Shrimp with Taco Seasoned spices.
3. Arrange Brussels Sprouts and Sweet Potatoes on a baking sheet.
4. Slow Cooked for 20-25 minutes until cooked through.
5. Serve hot over Roasted Potatoes.', 'https://images.unsplash.com/photo-1500000000297?auto=format&fit=crop&w=800&q=60', 6, 'https://www.tasteofhome.com', 'Taste of Home', 0);
INSERT INTO ingredients (id, recipe_id, name, quantity, unit) VALUES ('58dd5de6-b1a0-459b-8351-ad87a1ab7629', '73f9c0f9-4c00-4a54-b0fb-4cb164098280', 'Shrimp', 2, 'lb');
INSERT INTO ingredients (id, recipe_id, name, quantity, unit) VALUES ('2aba083f-ea32-4791-bc24-a6ba60c0e0e1', '73f9c0f9-4c00-4a54-b0fb-4cb164098280', 'Brussels Sprouts', 2, 'bundle');
INSERT INTO ingredients (id, recipe_id, name, quantity, unit) VALUES ('67842d50-1b75-40b6-80eb-62e22d3150fb', '73f9c0f9-4c00-4a54-b0fb-4cb164098280', 'Roasted Potatoes', 3, 'cup');
INSERT INTO ingredients (id, recipe_id, name, quantity, unit) VALUES ('725b167a-5607-4fc1-b837-4816219e6788', '73f9c0f9-4c00-4a54-b0fb-4cb164098280', 'Olive Oil', 3, 'tbsp');
INSERT INTO ingredients (id, recipe_id, name, quantity, unit) VALUES ('3a74fc23-255b-45af-b0b6-ca822bde46b0', '73f9c0f9-4c00-4a54-b0fb-4cb164098280', 'Salt & Pepper', 1, 'pinch');
INSERT INTO ingredients (id, recipe_id, name, quantity, unit) VALUES ('f4adfd7c-ea62-4596-87f5-8a756270749f', '73f9c0f9-4c00-4a54-b0fb-4cb164098280', 'Garlic', 4, 'g');
INSERT INTO ingredients (id, recipe_id, name, quantity, unit) VALUES ('c061e016-5c10-4c1a-8a75-9381100d5c8a', '73f9c0f9-4c00-4a54-b0fb-4cb164098280', 'Ginger', 1, 'g');
INSERT INTO recipe_dietary_tags (recipe_id, tag_id) VALUES ('73f9c0f9-4c00-4a54-b0fb-4cb164098280', 2);
INSERT INTO recipe_dietary_tags (recipe_id, tag_id) VALUES ('73f9c0f9-4c00-4a54-b0fb-4cb164098280', 4);

INSERT INTO recipes (id, user_id, title, description, instructions, image_url, servings, source_url, source_name, is_archived) VALUES ('fe349f9c-7f4e-4c9b-9118-b484793246f6', 'admin-user-id', 'Pesto Steamed Cod', 'A delicious and healthy Pesto Steamed Cod served with Asparagus and Couscous. Perfect for a quick weeknight dinner.', '1. Preheat oven to 400°F.
2. Season the Cod with Pesto spices.
3. Arrange Asparagus and Sweet Potatoes on a baking sheet.
4. Steamed for 20-25 minutes until cooked through.
5. Serve hot over Couscous.', 'https://images.unsplash.com/photo-1500000000298?auto=format&fit=crop&w=800&q=60', 7, 'https://www.bonappetit.com', 'Bon Appetit', 0);
INSERT INTO ingredients (id, recipe_id, name, quantity, unit) VALUES ('6b9ba857-6334-4a5a-ad65-a76e8fbeabcd', 'fe349f9c-7f4e-4c9b-9118-b484793246f6', 'Cod', 2, 'oz');
INSERT INTO ingredients (id, recipe_id, name, quantity, unit) VALUES ('de129c86-66e2-44dd-8244-5aff64f5907f', 'fe349f9c-7f4e-4c9b-9118-b484793246f6', 'Asparagus', 4, 'bundle');
INSERT INTO ingredients (id, recipe_id, name, quantity, unit) VALUES ('4f4a2aba-2a4d-4e12-9222-372a6522f25e', 'fe349f9c-7f4e-4c9b-9118-b484793246f6', 'Couscous', 1, 'cup');
INSERT INTO ingredients (id, recipe_id, name, quantity, unit) VALUES ('b851667a-54bf-4027-b4af-9743b93b89f8', 'fe349f9c-7f4e-4c9b-9118-b484793246f6', 'Olive Oil', 3, 'tbsp');
INSERT INTO ingredients (id, recipe_id, name, quantity, unit) VALUES ('464db7ad-a91c-4847-b4cb-d164b7e497a3', 'fe349f9c-7f4e-4c9b-9118-b484793246f6', 'Salt & Pepper', 1, 'pinch');
INSERT INTO recipe_dietary_tags (recipe_id, tag_id) VALUES ('fe349f9c-7f4e-4c9b-9118-b484793246f6', 2);

INSERT INTO recipes (id, user_id, title, description, instructions, image_url, servings, source_url, source_name, is_archived) VALUES ('f2086382-5910-4b51-b9da-ef9feb5704bf', 'admin-user-id', 'Lemon Garlic Sautéed Cod', 'A delicious and healthy Lemon Garlic Sautéed Cod served with Kale and Brown Rice. Perfect for a quick weeknight dinner.', '1. Preheat oven to 400°F.
2. Season the Cod with Lemon Garlic spices.
3. Arrange Kale and Bell Peppers on a baking sheet.
4. Sautéed for 20-25 minutes until cooked through.
5. Serve hot over Brown Rice.', 'https://images.unsplash.com/photo-1500000000299?auto=format&fit=crop&w=800&q=60', 2, 'https://www.bonappetit.com', 'Bon Appetit', 0);
INSERT INTO ingredients (id, recipe_id, name, quantity, unit) VALUES ('42eb93a0-9bb1-4336-a5fd-421f68b08fae', 'f2086382-5910-4b51-b9da-ef9feb5704bf', 'Cod', 2, 'lb');
INSERT INTO ingredients (id, recipe_id, name, quantity, unit) VALUES ('f9339755-411a-4f10-bb89-2d25ede25fa3', 'f2086382-5910-4b51-b9da-ef9feb5704bf', 'Kale', 2, 'cup');
INSERT INTO ingredients (id, recipe_id, name, quantity, unit) VALUES ('28f5eb25-5fff-473f-a2cb-e977b2677ff3', 'f2086382-5910-4b51-b9da-ef9feb5704bf', 'Brown Rice', 1, 'cup');
INSERT INTO ingredients (id, recipe_id, name, quantity, unit) VALUES ('05601a4e-ae64-4969-9c6d-14d9f337e7f3', 'f2086382-5910-4b51-b9da-ef9feb5704bf', 'Olive Oil', 2, 'tbsp');
INSERT INTO ingredients (id, recipe_id, name, quantity, unit) VALUES ('61c67fce-1ea5-4995-9543-0127b29af926', 'f2086382-5910-4b51-b9da-ef9feb5704bf', 'Salt & Pepper', 1, 'pinch');
INSERT INTO ingredients (id, recipe_id, name, quantity, unit) VALUES ('3ed5af85-ae36-42b1-b0ef-829b27566ff8', 'f2086382-5910-4b51-b9da-ef9feb5704bf', 'Garlic', 5, 'bundle');
INSERT INTO ingredients (id, recipe_id, name, quantity, unit) VALUES ('4c538186-b0a3-4744-b437-000614a70af7', 'f2086382-5910-4b51-b9da-ef9feb5704bf', 'Spinach', 4, 'pinch');
INSERT INTO ingredients (id, recipe_id, name, quantity, unit) VALUES ('e929f1aa-c5d5-439e-8db2-a235f258efc4', 'f2086382-5910-4b51-b9da-ef9feb5704bf', 'Brussels Sprouts', 4, 'tbsp');
INSERT INTO ingredients (id, recipe_id, name, quantity, unit) VALUES ('3f3660d8-8963-4035-8411-52ee02e438af', 'f2086382-5910-4b51-b9da-ef9feb5704bf', 'Carrots', 4, 'ml');
INSERT INTO ingredients (id, recipe_id, name, quantity, unit) VALUES ('a5df5d33-7ede-4cb6-8661-5ad5b9bfb32c', 'f2086382-5910-4b51-b9da-ef9feb5704bf', 'Spinach', 4, 'bundle');
INSERT INTO ingredients (id, recipe_id, name, quantity, unit) VALUES ('db1411b7-65a7-4943-aee9-6d52c6fc4048', 'f2086382-5910-4b51-b9da-ef9feb5704bf', 'Carrots', 5, 'oz');
INSERT INTO ingredients (id, recipe_id, name, quantity, unit) VALUES ('03231e93-6a5b-42b4-9bda-731a6521326c', 'f2086382-5910-4b51-b9da-ef9feb5704bf', 'Kale', 4, 'tbsp');
INSERT INTO recipe_dietary_tags (recipe_id, tag_id) VALUES ('f2086382-5910-4b51-b9da-ef9feb5704bf', 6);
INSERT INTO recipe_dietary_tags (recipe_id, tag_id) VALUES ('f2086382-5910-4b51-b9da-ef9feb5704bf', 7);
INSERT INTO recipe_dietary_tags (recipe_id, tag_id) VALUES ('f2086382-5910-4b51-b9da-ef9feb5704bf', 1);

INSERT INTO recipes (id, user_id, title, description, instructions, image_url, servings, source_url, source_name, is_archived) VALUES ('69b3f58d-36e3-40c8-af56-b352c7b09d8a', 'admin-user-id', 'Herbes de Provence Grilled Tofu', 'A delicious and healthy Herbes de Provence Grilled Tofu served with Carrots and Roasted Potatoes. Perfect for a quick weeknight dinner.', '1. Preheat oven to 400°F.
2. Season the Tofu with Herbes de Provence spices.
3. Arrange Carrots and Brussels Sprouts on a baking sheet.
4. Grilled for 20-25 minutes until cooked through.
5. Serve hot over Roasted Potatoes.', 'https://images.unsplash.com/photo-1500000000300?auto=format&fit=crop&w=800&q=60', 6, 'https://www.bonappetit.com', 'Bon Appetit', 0);
INSERT INTO ingredients (id, recipe_id, name, quantity, unit) VALUES ('9b8a4883-415a-400f-9d59-5806343a1c33', '69b3f58d-36e3-40c8-af56-b352c7b09d8a', 'Tofu', 2, 'oz');
INSERT INTO ingredients (id, recipe_id, name, quantity, unit) VALUES ('a5c3904c-6b7f-499a-a56e-24253c82b9a4', '69b3f58d-36e3-40c8-af56-b352c7b09d8a', 'Carrots', 1, 'cup');
INSERT INTO ingredients (id, recipe_id, name, quantity, unit) VALUES ('9d2db1e6-fc8b-4954-a096-0eebf20f9988', '69b3f58d-36e3-40c8-af56-b352c7b09d8a', 'Roasted Potatoes', 2, 'cup');
INSERT INTO ingredients (id, recipe_id, name, quantity, unit) VALUES ('64b91f66-2f52-4011-bbc8-0735c63394d1', '69b3f58d-36e3-40c8-af56-b352c7b09d8a', 'Olive Oil', 1, 'tbsp');
INSERT INTO ingredients (id, recipe_id, name, quantity, unit) VALUES ('7a0d86ea-3085-4e05-a897-b94401b8f418', '69b3f58d-36e3-40c8-af56-b352c7b09d8a', 'Salt & Pepper', 1, 'pinch');
INSERT INTO ingredients (id, recipe_id, name, quantity, unit) VALUES ('cb5e011d-4c8c-432e-a4cc-1762a8a437d2', '69b3f58d-36e3-40c8-af56-b352c7b09d8a', 'Green Beans', 2, 'cup');
INSERT INTO ingredients (id, recipe_id, name, quantity, unit) VALUES ('fa7559c1-2135-4d2d-ba8e-b1679a1476b4', '69b3f58d-36e3-40c8-af56-b352c7b09d8a', 'Butter', 1, 'cup');
INSERT INTO ingredients (id, recipe_id, name, quantity, unit) VALUES ('a3357589-6cd1-4609-a244-fe2235109029', '69b3f58d-36e3-40c8-af56-b352c7b09d8a', 'Green Beans', 4, 'tsp');
INSERT INTO ingredients (id, recipe_id, name, quantity, unit) VALUES ('effe5dc4-e974-4594-b3eb-8b2d6254030f', '69b3f58d-36e3-40c8-af56-b352c7b09d8a', 'Butter', 1, 'bundle');
INSERT INTO recipe_dietary_tags (recipe_id, tag_id) VALUES ('69b3f58d-36e3-40c8-af56-b352c7b09d8a', 6);

INSERT INTO recipes (id, user_id, title, description, instructions, image_url, servings, source_url, source_name, is_archived) VALUES ('c64bf8b6-7f17-461d-803f-66f35488a96c', 'admin-user-id', 'Curry Baked Steak', 'A delicious and healthy Curry Baked Steak served with Cauliflower and Quinoa. Perfect for a quick weeknight dinner.', '1. Preheat oven to 400°F.
2. Season the Steak with Curry spices.
3. Arrange Cauliflower and Brussels Sprouts on a baking sheet.
4. Baked for 20-25 minutes until cooked through.
5. Serve hot over Quinoa.', 'https://images.unsplash.com/photo-1500000000301?auto=format&fit=crop&w=800&q=60', 4, 'https://www.allrecipes.com', 'AllRecipes', 0);
INSERT INTO ingredients (id, recipe_id, name, quantity, unit) VALUES ('b7c9028a-066c-4f4c-8aee-848f2ddb1a10', 'c64bf8b6-7f17-461d-803f-66f35488a96c', 'Steak', 1, 'lb');
INSERT INTO ingredients (id, recipe_id, name, quantity, unit) VALUES ('60a2a555-4987-43cb-adf1-f520224a534c', 'c64bf8b6-7f17-461d-803f-66f35488a96c', 'Cauliflower', 3, 'cup');
INSERT INTO ingredients (id, recipe_id, name, quantity, unit) VALUES ('8e619162-1ebb-40cf-ac4d-3ff3cadbcc92', 'c64bf8b6-7f17-461d-803f-66f35488a96c', 'Quinoa', 1, 'cup');
INSERT INTO ingredients (id, recipe_id, name, quantity, unit) VALUES ('139bdec8-d040-4e2d-aba5-eaba3d8a0f00', 'c64bf8b6-7f17-461d-803f-66f35488a96c', 'Olive Oil', 3, 'tbsp');
INSERT INTO ingredients (id, recipe_id, name, quantity, unit) VALUES ('e1e04619-2982-4f6e-bb9e-dd37313f0881', 'c64bf8b6-7f17-461d-803f-66f35488a96c', 'Salt & Pepper', 1, 'pinch');
INSERT INTO ingredients (id, recipe_id, name, quantity, unit) VALUES ('0fc915ed-e8ed-431e-8a0e-e52ba008a40d', 'c64bf8b6-7f17-461d-803f-66f35488a96c', 'Zucchini', 2, 'g');
INSERT INTO ingredients (id, recipe_id, name, quantity, unit) VALUES ('b282e7de-02ef-4961-a313-a5ac2632af95', 'c64bf8b6-7f17-461d-803f-66f35488a96c', 'Onion', 2, 'head');
INSERT INTO ingredients (id, recipe_id, name, quantity, unit) VALUES ('45165dde-ea88-4f4b-a486-655b54707737', 'c64bf8b6-7f17-461d-803f-66f35488a96c', 'Onion', 2, 'cup');
INSERT INTO ingredients (id, recipe_id, name, quantity, unit) VALUES ('f8cc067e-a645-4e66-a704-07e28c61e35b', 'c64bf8b6-7f17-461d-803f-66f35488a96c', 'Zucchini', 4, 'tsp');
INSERT INTO ingredients (id, recipe_id, name, quantity, unit) VALUES ('c4614b83-7b39-4d6d-b904-d800e3356fba', 'c64bf8b6-7f17-461d-803f-66f35488a96c', 'Carrots', 2, 'oz');
INSERT INTO ingredients (id, recipe_id, name, quantity, unit) VALUES ('e2e9ecbb-5761-4de9-b066-c07d7a5a5d6b', 'c64bf8b6-7f17-461d-803f-66f35488a96c', 'Spinach', 3, 'tbsp');
INSERT INTO ingredients (id, recipe_id, name, quantity, unit) VALUES ('a647a51f-9744-47e7-83e4-a80f0f154ab4', 'c64bf8b6-7f17-461d-803f-66f35488a96c', 'Lemon', 1, 'tsp');
INSERT INTO recipe_dietary_tags (recipe_id, tag_id) VALUES ('c64bf8b6-7f17-461d-803f-66f35488a96c', 6);

INSERT INTO recipes (id, user_id, title, description, instructions, image_url, servings, source_url, source_name, is_archived) VALUES ('e3525c49-ad34-4e0f-87ae-78aa2f39796d', 'admin-user-id', 'Balsamic Glaze Grilled Steak', 'A delicious and healthy Balsamic Glaze Grilled Steak served with Sweet Potatoes and Quinoa. Perfect for a quick weeknight dinner.', '1. Preheat oven to 400°F.
2. Season the Steak with Balsamic Glaze spices.
3. Arrange Sweet Potatoes and Bell Peppers on a baking sheet.
4. Grilled for 20-25 minutes until cooked through.
5. Serve hot over Quinoa.', 'https://images.unsplash.com/photo-1500000000302?auto=format&fit=crop&w=800&q=60', 8, 'https://www.allrecipes.com', 'AllRecipes', 0);
INSERT INTO ingredients (id, recipe_id, name, quantity, unit) VALUES ('3e53825a-8932-420c-a50e-eb975d848342', 'e3525c49-ad34-4e0f-87ae-78aa2f39796d', 'Steak', 2, 'lb');
INSERT INTO ingredients (id, recipe_id, name, quantity, unit) VALUES ('f0810dd3-e23d-4861-a9c3-3d4f7a1bce01', 'e3525c49-ad34-4e0f-87ae-78aa2f39796d', 'Sweet Potatoes', 2, 'bundle');
INSERT INTO ingredients (id, recipe_id, name, quantity, unit) VALUES ('b33dfce5-b03d-41d8-bc5d-5d69aa4300fe', 'e3525c49-ad34-4e0f-87ae-78aa2f39796d', 'Quinoa', 2, 'cup');
INSERT INTO ingredients (id, recipe_id, name, quantity, unit) VALUES ('e35c2f7c-c87b-44bb-b24d-e2fe50248d41', 'e3525c49-ad34-4e0f-87ae-78aa2f39796d', 'Olive Oil', 1, 'tbsp');
INSERT INTO ingredients (id, recipe_id, name, quantity, unit) VALUES ('0aa0b3d6-750d-44fd-809a-d6441240baef', 'e3525c49-ad34-4e0f-87ae-78aa2f39796d', 'Salt & Pepper', 1, 'pinch');
INSERT INTO ingredients (id, recipe_id, name, quantity, unit) VALUES ('a0b39ec9-075d-4524-a9f7-bf4829eb057f', 'e3525c49-ad34-4e0f-87ae-78aa2f39796d', 'Kale', 4, 'bundle');
INSERT INTO ingredients (id, recipe_id, name, quantity, unit) VALUES ('8cf88aff-22ca-46c2-a5e2-013ff89442e1', 'e3525c49-ad34-4e0f-87ae-78aa2f39796d', 'Green Beans', 5, 'head');
INSERT INTO ingredients (id, recipe_id, name, quantity, unit) VALUES ('45569476-6bd7-49e2-b0ef-80576a024242', 'e3525c49-ad34-4e0f-87ae-78aa2f39796d', 'Brussels Sprouts', 2, 'pinch');
INSERT INTO ingredients (id, recipe_id, name, quantity, unit) VALUES ('9b6ca186-c2d6-4384-adfc-ae72481d16c9', 'e3525c49-ad34-4e0f-87ae-78aa2f39796d', 'Green Beans', 5, 'tbsp');
INSERT INTO recipe_dietary_tags (recipe_id, tag_id) VALUES ('e3525c49-ad34-4e0f-87ae-78aa2f39796d', 10);
INSERT INTO recipe_dietary_tags (recipe_id, tag_id) VALUES ('e3525c49-ad34-4e0f-87ae-78aa2f39796d', 5);

INSERT INTO recipes (id, user_id, title, description, instructions, image_url, servings, source_url, source_name, is_archived) VALUES ('b0520476-3a80-4937-b822-55ada4ce512c', 'admin-user-id', 'Balsamic Glaze Sautéed Cod', 'A delicious and healthy Balsamic Glaze Sautéed Cod served with Brussels Sprouts and Roasted Potatoes. Perfect for a quick weeknight dinner.', '1. Preheat oven to 400°F.
2. Season the Cod with Balsamic Glaze spices.
3. Arrange Brussels Sprouts and Asparagus on a baking sheet.
4. Sautéed for 20-25 minutes until cooked through.
5. Serve hot over Roasted Potatoes.', 'https://images.unsplash.com/photo-1500000000303?auto=format&fit=crop&w=800&q=60', 2, 'https://www.epicurious.com', 'Epicurious', 0);
INSERT INTO ingredients (id, recipe_id, name, quantity, unit) VALUES ('9b028048-ae66-49e2-99ea-d2770f95b3ac', 'b0520476-3a80-4937-b822-55ada4ce512c', 'Cod', 2, 'oz');
INSERT INTO ingredients (id, recipe_id, name, quantity, unit) VALUES ('d0fc4361-4a9c-482f-b8d1-fb92ccea5d91', 'b0520476-3a80-4937-b822-55ada4ce512c', 'Brussels Sprouts', 1, 'cup');
INSERT INTO ingredients (id, recipe_id, name, quantity, unit) VALUES ('2d202a33-3910-49d1-acf5-4d4d98221384', 'b0520476-3a80-4937-b822-55ada4ce512c', 'Roasted Potatoes', 1, 'cup');
INSERT INTO ingredients (id, recipe_id, name, quantity, unit) VALUES ('d35695f7-a386-4ef3-aaa7-9fc7e2559521', 'b0520476-3a80-4937-b822-55ada4ce512c', 'Olive Oil', 1, 'tbsp');
INSERT INTO ingredients (id, recipe_id, name, quantity, unit) VALUES ('bc32ac58-4d7d-4000-ba6c-84b6fac98ee5', 'b0520476-3a80-4937-b822-55ada4ce512c', 'Salt & Pepper', 1, 'pinch');
INSERT INTO ingredients (id, recipe_id, name, quantity, unit) VALUES ('c7817805-0737-46e9-b946-f3ff5d38e051', 'b0520476-3a80-4937-b822-55ada4ce512c', 'Bell Peppers', 5, 'g');
INSERT INTO ingredients (id, recipe_id, name, quantity, unit) VALUES ('d708e647-6214-4970-ac43-670217fa9dcf', 'b0520476-3a80-4937-b822-55ada4ce512c', 'Bell Peppers', 4, 'oz');
INSERT INTO ingredients (id, recipe_id, name, quantity, unit) VALUES ('8ae0dde2-ab5f-41c3-86fa-ea416d017895', 'b0520476-3a80-4937-b822-55ada4ce512c', 'Garlic', 3, 'cup');
INSERT INTO ingredients (id, recipe_id, name, quantity, unit) VALUES ('523a0f14-0412-48ba-bbc7-34e79919d0ad', 'b0520476-3a80-4937-b822-55ada4ce512c', 'Asparagus', 4, 'lb');
INSERT INTO ingredients (id, recipe_id, name, quantity, unit) VALUES ('8cf4c5ec-2697-4d87-aee7-6ef0fb8f3c25', 'b0520476-3a80-4937-b822-55ada4ce512c', 'Onion', 5, 'lb');
INSERT INTO recipe_dietary_tags (recipe_id, tag_id) VALUES ('b0520476-3a80-4937-b822-55ada4ce512c', 4);

INSERT INTO recipes (id, user_id, title, description, instructions, image_url, servings, source_url, source_name, is_archived) VALUES ('acfcbdd8-8045-4d3c-a1a5-08bee974f225', 'admin-user-id', 'Teriyaki Slow Cooked Lamb Chops', 'A delicious and healthy Teriyaki Slow Cooked Lamb Chops served with Sweet Potatoes and Couscous. Perfect for a quick weeknight dinner.', '1. Preheat oven to 400°F.
2. Season the Lamb Chops with Teriyaki spices.
3. Arrange Sweet Potatoes and Asparagus on a baking sheet.
4. Slow Cooked for 20-25 minutes until cooked through.
5. Serve hot over Couscous.', 'https://images.unsplash.com/photo-1500000000304?auto=format&fit=crop&w=800&q=60', 5, 'https://www.allrecipes.com', 'AllRecipes', 0);
INSERT INTO ingredients (id, recipe_id, name, quantity, unit) VALUES ('926c6efe-1ff5-40eb-a5c9-610e0c0b8995', 'acfcbdd8-8045-4d3c-a1a5-08bee974f225', 'Lamb Chops', 1, 'oz');
INSERT INTO ingredients (id, recipe_id, name, quantity, unit) VALUES ('73fd96ea-5fe5-4de9-be17-b0e0e5fb3b2a', 'acfcbdd8-8045-4d3c-a1a5-08bee974f225', 'Sweet Potatoes', 1, 'cup');
INSERT INTO ingredients (id, recipe_id, name, quantity, unit) VALUES ('873b97b8-8978-45de-9526-bf7d60fc0ec7', 'acfcbdd8-8045-4d3c-a1a5-08bee974f225', 'Couscous', 2, 'cup');
INSERT INTO ingredients (id, recipe_id, name, quantity, unit) VALUES ('f54bcd29-6db7-462c-a238-e6005bf332f9', 'acfcbdd8-8045-4d3c-a1a5-08bee974f225', 'Olive Oil', 3, 'tbsp');
INSERT INTO ingredients (id, recipe_id, name, quantity, unit) VALUES ('efd2481f-28e7-4686-883e-03b443ce953c', 'acfcbdd8-8045-4d3c-a1a5-08bee974f225', 'Salt & Pepper', 1, 'pinch');
INSERT INTO ingredients (id, recipe_id, name, quantity, unit) VALUES ('e1498123-de32-4675-885d-127d56775245', 'acfcbdd8-8045-4d3c-a1a5-08bee974f225', 'Brussels Sprouts', 2, 'cup');
INSERT INTO ingredients (id, recipe_id, name, quantity, unit) VALUES ('6ef64654-f526-45e0-ab26-4e3e71c4292e', 'acfcbdd8-8045-4d3c-a1a5-08bee974f225', 'Onion', 2, 'pinch');
INSERT INTO ingredients (id, recipe_id, name, quantity, unit) VALUES ('653d6161-b3d3-47bb-b98f-48f251015287', 'acfcbdd8-8045-4d3c-a1a5-08bee974f225', 'Lemon', 3, 'lb');
INSERT INTO ingredients (id, recipe_id, name, quantity, unit) VALUES ('614af203-386f-47b9-bea0-be51fa4e8517', 'acfcbdd8-8045-4d3c-a1a5-08bee974f225', 'Zucchini', 4, 'tsp');
INSERT INTO ingredients (id, recipe_id, name, quantity, unit) VALUES ('539fa78e-fbff-411d-8ef0-04c61482a02c', 'acfcbdd8-8045-4d3c-a1a5-08bee974f225', 'Cauliflower', 1, 'clove');
INSERT INTO ingredients (id, recipe_id, name, quantity, unit) VALUES ('6484d083-5ff0-4e64-978d-a8a9ed8d0af8', 'acfcbdd8-8045-4d3c-a1a5-08bee974f225', 'Lemon', 5, 'ml');
INSERT INTO recipe_dietary_tags (recipe_id, tag_id) VALUES ('acfcbdd8-8045-4d3c-a1a5-08bee974f225', 1);

INSERT INTO recipes (id, user_id, title, description, instructions, image_url, servings, source_url, source_name, is_archived) VALUES ('63999800-2d9a-4f98-a303-f94f50e68e21', 'admin-user-id', 'Curry Steamed Pork Loin', 'A delicious and healthy Curry Steamed Pork Loin served with Carrots and Zucchini Noodles. Perfect for a quick weeknight dinner.', '1. Preheat oven to 400°F.
2. Season the Pork Loin with Curry spices.
3. Arrange Carrots and Zucchini on a baking sheet.
4. Steamed for 20-25 minutes until cooked through.
5. Serve hot over Zucchini Noodles.', 'https://images.unsplash.com/photo-1500000000305?auto=format&fit=crop&w=800&q=60', 2, 'https://www.bonappetit.com', 'Bon Appetit', 0);
INSERT INTO ingredients (id, recipe_id, name, quantity, unit) VALUES ('fd3b2ce2-fdbb-436d-8f28-3f9b17570e68', '63999800-2d9a-4f98-a303-f94f50e68e21', 'Pork Loin', 1, 'lb');
INSERT INTO ingredients (id, recipe_id, name, quantity, unit) VALUES ('9be9cfcf-7d9e-402d-8dee-ef24032567d7', '63999800-2d9a-4f98-a303-f94f50e68e21', 'Carrots', 1, 'head');
INSERT INTO ingredients (id, recipe_id, name, quantity, unit) VALUES ('f8130722-7e8e-4fde-a8be-9d39966ecc0d', '63999800-2d9a-4f98-a303-f94f50e68e21', 'Zucchini Noodles', 3, 'cup');
INSERT INTO ingredients (id, recipe_id, name, quantity, unit) VALUES ('2e3129c3-0916-46d2-a73f-01d6e5018f5a', '63999800-2d9a-4f98-a303-f94f50e68e21', 'Olive Oil', 1, 'tbsp');
INSERT INTO ingredients (id, recipe_id, name, quantity, unit) VALUES ('6bfe031a-eb72-4bc9-9d91-ac46b6cb70e9', '63999800-2d9a-4f98-a303-f94f50e68e21', 'Salt & Pepper', 1, 'pinch');
INSERT INTO ingredients (id, recipe_id, name, quantity, unit) VALUES ('fbc9e0e5-4085-41a7-ab2b-df92a394ded3', '63999800-2d9a-4f98-a303-f94f50e68e21', 'Onion', 5, 'pinch');
INSERT INTO recipe_dietary_tags (recipe_id, tag_id) VALUES ('63999800-2d9a-4f98-a303-f94f50e68e21', 3);

INSERT INTO recipes (id, user_id, title, description, instructions, image_url, servings, source_url, source_name, is_archived) VALUES ('f15d3e38-4f7a-4730-9778-0638b32e8674', 'admin-user-id', 'Pesto Slow Cooked Tofu', 'A delicious and healthy Pesto Slow Cooked Tofu served with Sweet Potatoes and Cauliflower Rice. Perfect for a quick weeknight dinner.', '1. Preheat oven to 400°F.
2. Season the Tofu with Pesto spices.
3. Arrange Sweet Potatoes and Asparagus on a baking sheet.
4. Slow Cooked for 20-25 minutes until cooked through.
5. Serve hot over Cauliflower Rice.', 'https://images.unsplash.com/photo-1500000000306?auto=format&fit=crop&w=800&q=60', 7, 'https://www.foodnetwork.com', 'Food Network', 0);
INSERT INTO ingredients (id, recipe_id, name, quantity, unit) VALUES ('95b97de2-4526-40db-99c2-fc8ebb24a883', 'f15d3e38-4f7a-4730-9778-0638b32e8674', 'Tofu', 1, 'lb');
INSERT INTO ingredients (id, recipe_id, name, quantity, unit) VALUES ('07917201-05c4-462a-ba81-4d0b69264710', 'f15d3e38-4f7a-4730-9778-0638b32e8674', 'Sweet Potatoes', 2, 'cup');
INSERT INTO ingredients (id, recipe_id, name, quantity, unit) VALUES ('eea757a1-425d-42b0-a484-2e1532f5a62d', 'f15d3e38-4f7a-4730-9778-0638b32e8674', 'Cauliflower Rice', 3, 'cup');
INSERT INTO ingredients (id, recipe_id, name, quantity, unit) VALUES ('1375fa88-901d-4b14-a0a8-8c7056ef21b1', 'f15d3e38-4f7a-4730-9778-0638b32e8674', 'Olive Oil', 2, 'tbsp');
INSERT INTO ingredients (id, recipe_id, name, quantity, unit) VALUES ('91c202b5-8dd5-4372-973a-65c4a5898752', 'f15d3e38-4f7a-4730-9778-0638b32e8674', 'Salt & Pepper', 1, 'pinch');
INSERT INTO ingredients (id, recipe_id, name, quantity, unit) VALUES ('c38cb079-8039-4c58-a7be-4c5def70fbf0', 'f15d3e38-4f7a-4730-9778-0638b32e8674', 'Brussels Sprouts', 2, 'oz');
INSERT INTO ingredients (id, recipe_id, name, quantity, unit) VALUES ('1f2f36c3-2e06-4ff9-9475-3848272e7478', 'f15d3e38-4f7a-4730-9778-0638b32e8674', 'Broccoli', 5, 'lb');
INSERT INTO ingredients (id, recipe_id, name, quantity, unit) VALUES ('1a063edc-af64-4805-93a5-e80260f229c3', 'f15d3e38-4f7a-4730-9778-0638b32e8674', 'Green Beans', 3, 'tsp');
INSERT INTO recipe_dietary_tags (recipe_id, tag_id) VALUES ('f15d3e38-4f7a-4730-9778-0638b32e8674', 7);
INSERT INTO recipe_dietary_tags (recipe_id, tag_id) VALUES ('f15d3e38-4f7a-4730-9778-0638b32e8674', 3);
INSERT INTO recipe_dietary_tags (recipe_id, tag_id) VALUES ('f15d3e38-4f7a-4730-9778-0638b32e8674', 5);

INSERT INTO recipes (id, user_id, title, description, instructions, image_url, servings, source_url, source_name, is_archived) VALUES ('b37e6585-b55b-4bcc-ad6b-dcf2e75ae617', 'admin-user-id', 'Pesto Air Fried Black Beans', 'A delicious and healthy Pesto Air Fried Black Beans served with Spinach and Cauliflower Rice. Perfect for a quick weeknight dinner.', '1. Preheat oven to 400°F.
2. Season the Black Beans with Pesto spices.
3. Arrange Spinach and Cauliflower on a baking sheet.
4. Air Fried for 20-25 minutes until cooked through.
5. Serve hot over Cauliflower Rice.', 'https://images.unsplash.com/photo-1500000000307?auto=format&fit=crop&w=800&q=60', 8, 'https://www.epicurious.com', 'Epicurious', 0);
INSERT INTO ingredients (id, recipe_id, name, quantity, unit) VALUES ('54cd60c0-bb6a-47f7-8c02-44e20d2cd3ee', 'b37e6585-b55b-4bcc-ad6b-dcf2e75ae617', 'Black Beans', 1, 'lb');
INSERT INTO ingredients (id, recipe_id, name, quantity, unit) VALUES ('841092c1-4c22-41d5-9e15-e5ab83d2bc32', 'b37e6585-b55b-4bcc-ad6b-dcf2e75ae617', 'Spinach', 1, 'head');
INSERT INTO ingredients (id, recipe_id, name, quantity, unit) VALUES ('89fb1848-a162-4722-b4fa-18dc13403d2f', 'b37e6585-b55b-4bcc-ad6b-dcf2e75ae617', 'Cauliflower Rice', 2, 'cup');
INSERT INTO ingredients (id, recipe_id, name, quantity, unit) VALUES ('56fbabdc-7fd2-4532-b795-603a9b6319ee', 'b37e6585-b55b-4bcc-ad6b-dcf2e75ae617', 'Olive Oil', 2, 'tbsp');
INSERT INTO ingredients (id, recipe_id, name, quantity, unit) VALUES ('fbc187dd-7525-4207-9f80-af9dbe6486b2', 'b37e6585-b55b-4bcc-ad6b-dcf2e75ae617', 'Salt & Pepper', 1, 'pinch');
INSERT INTO ingredients (id, recipe_id, name, quantity, unit) VALUES ('46dccb05-2bd3-4c55-96f9-50c9667e705c', 'b37e6585-b55b-4bcc-ad6b-dcf2e75ae617', 'Garlic', 3, 'cup');
INSERT INTO ingredients (id, recipe_id, name, quantity, unit) VALUES ('02610937-2a59-485b-8a19-09d9d983cf58', 'b37e6585-b55b-4bcc-ad6b-dcf2e75ae617', 'Ginger', 3, 'bundle');
INSERT INTO ingredients (id, recipe_id, name, quantity, unit) VALUES ('e3c5c1f3-8ffd-489f-b63e-a78f7b17b156', 'b37e6585-b55b-4bcc-ad6b-dcf2e75ae617', 'Sweet Potatoes', 4, 'g');
INSERT INTO ingredients (id, recipe_id, name, quantity, unit) VALUES ('236e6f85-ac91-402f-815f-255d95780052', 'b37e6585-b55b-4bcc-ad6b-dcf2e75ae617', 'Bell Peppers', 1, 'cup');
INSERT INTO recipe_dietary_tags (recipe_id, tag_id) VALUES ('b37e6585-b55b-4bcc-ad6b-dcf2e75ae617', 2);

INSERT INTO recipes (id, user_id, title, description, instructions, image_url, servings, source_url, source_name, is_archived) VALUES ('687459a0-9502-4392-b5da-8a4e42242cd8', 'admin-user-id', 'Herbes de Provence Slow Cooked Tofu', 'A delicious and healthy Herbes de Provence Slow Cooked Tofu served with Green Beans and Wild Rice. Perfect for a quick weeknight dinner.', '1. Preheat oven to 400°F.
2. Season the Tofu with Herbes de Provence spices.
3. Arrange Green Beans and Green Beans on a baking sheet.
4. Slow Cooked for 20-25 minutes until cooked through.
5. Serve hot over Wild Rice.', 'https://images.unsplash.com/photo-1500000000308?auto=format&fit=crop&w=800&q=60', 8, 'https://www.epicurious.com', 'Epicurious', 0);
INSERT INTO ingredients (id, recipe_id, name, quantity, unit) VALUES ('25a30336-517b-44e9-9bdb-8441dec6c045', '687459a0-9502-4392-b5da-8a4e42242cd8', 'Tofu', 1, 'lb');
INSERT INTO ingredients (id, recipe_id, name, quantity, unit) VALUES ('d74a7221-45f4-4cfe-b5da-cf6b1928b40f', '687459a0-9502-4392-b5da-8a4e42242cd8', 'Green Beans', 3, 'head');
INSERT INTO ingredients (id, recipe_id, name, quantity, unit) VALUES ('b442fe3a-a8d0-427a-bdcc-b603c4eadce0', '687459a0-9502-4392-b5da-8a4e42242cd8', 'Wild Rice', 2, 'cup');
INSERT INTO ingredients (id, recipe_id, name, quantity, unit) VALUES ('e9a08149-0abd-4c4d-8380-fc48cbd11c0f', '687459a0-9502-4392-b5da-8a4e42242cd8', 'Olive Oil', 3, 'tbsp');
INSERT INTO ingredients (id, recipe_id, name, quantity, unit) VALUES ('f2b1ffc9-6ff7-410b-87ab-8ead10ed9643', '687459a0-9502-4392-b5da-8a4e42242cd8', 'Salt & Pepper', 1, 'pinch');
INSERT INTO ingredients (id, recipe_id, name, quantity, unit) VALUES ('27588830-c273-444f-9081-38a6eea215c4', '687459a0-9502-4392-b5da-8a4e42242cd8', 'Sweet Potatoes', 3, 'cup');
INSERT INTO ingredients (id, recipe_id, name, quantity, unit) VALUES ('d399e072-db4f-40e3-8f97-766849189d72', '687459a0-9502-4392-b5da-8a4e42242cd8', 'Ginger', 3, 'oz');
INSERT INTO ingredients (id, recipe_id, name, quantity, unit) VALUES ('31e75f56-6195-4d36-afc6-68b46ee82632', '687459a0-9502-4392-b5da-8a4e42242cd8', 'Bell Peppers', 4, 'tsp');
INSERT INTO ingredients (id, recipe_id, name, quantity, unit) VALUES ('085e88c0-29fb-4600-96c7-373c414f9742', '687459a0-9502-4392-b5da-8a4e42242cd8', 'Onion', 2, 'pinch');
INSERT INTO ingredients (id, recipe_id, name, quantity, unit) VALUES ('a2444622-0a4d-4f74-afd6-91d66cb8f5d2', '687459a0-9502-4392-b5da-8a4e42242cd8', 'Lemon', 2, 'lb');
INSERT INTO ingredients (id, recipe_id, name, quantity, unit) VALUES ('dd54efb6-2f47-44a5-ad53-e05f73144346', '687459a0-9502-4392-b5da-8a4e42242cd8', 'Garlic', 2, 'lb');
INSERT INTO recipe_dietary_tags (recipe_id, tag_id) VALUES ('687459a0-9502-4392-b5da-8a4e42242cd8', 1);

INSERT INTO recipes (id, user_id, title, description, instructions, image_url, servings, source_url, source_name, is_archived) VALUES ('126eba76-7d7a-454c-8eba-741985874601', 'admin-user-id', 'Pesto Sautéed Cod', 'A delicious and healthy Pesto Sautéed Cod served with Kale and Roasted Potatoes. Perfect for a quick weeknight dinner.', '1. Preheat oven to 400°F.
2. Season the Cod with Pesto spices.
3. Arrange Kale and Green Beans on a baking sheet.
4. Sautéed for 20-25 minutes until cooked through.
5. Serve hot over Roasted Potatoes.', 'https://images.unsplash.com/photo-1500000000309?auto=format&fit=crop&w=800&q=60', 5, 'https://www.allrecipes.com', 'AllRecipes', 0);
INSERT INTO ingredients (id, recipe_id, name, quantity, unit) VALUES ('38dbcaf4-0566-418c-a6d5-48b9ea13d128', '126eba76-7d7a-454c-8eba-741985874601', 'Cod', 1, 'lb');
INSERT INTO ingredients (id, recipe_id, name, quantity, unit) VALUES ('73c2bdab-22f7-41b2-ba04-605d90c9a297', '126eba76-7d7a-454c-8eba-741985874601', 'Kale', 1, 'bundle');
INSERT INTO ingredients (id, recipe_id, name, quantity, unit) VALUES ('b043af68-4ff7-4ea9-bb00-cfa576950a64', '126eba76-7d7a-454c-8eba-741985874601', 'Roasted Potatoes', 3, 'cup');
INSERT INTO ingredients (id, recipe_id, name, quantity, unit) VALUES ('cca9a51a-fa9e-4da6-80b8-1cf03f94a178', '126eba76-7d7a-454c-8eba-741985874601', 'Olive Oil', 2, 'tbsp');
INSERT INTO ingredients (id, recipe_id, name, quantity, unit) VALUES ('e7cad178-e4e0-4641-b0ef-4703855134f8', '126eba76-7d7a-454c-8eba-741985874601', 'Salt & Pepper', 1, 'pinch');
INSERT INTO ingredients (id, recipe_id, name, quantity, unit) VALUES ('13513a40-78ce-4884-9900-69669b7e33d5', '126eba76-7d7a-454c-8eba-741985874601', 'Broccoli', 5, 'lb');
INSERT INTO ingredients (id, recipe_id, name, quantity, unit) VALUES ('675409ba-8534-4285-83f8-e0851f76210b', '126eba76-7d7a-454c-8eba-741985874601', 'Green Beans', 5, 'bundle');
INSERT INTO ingredients (id, recipe_id, name, quantity, unit) VALUES ('b24458c9-d210-4fbd-ae2d-b4ba40101023', '126eba76-7d7a-454c-8eba-741985874601', 'Asparagus', 4, 'pinch');
INSERT INTO ingredients (id, recipe_id, name, quantity, unit) VALUES ('6ce8631e-c1ab-41b3-997c-0f049a377d4f', '126eba76-7d7a-454c-8eba-741985874601', 'Bell Peppers', 1, 'clove');
INSERT INTO ingredients (id, recipe_id, name, quantity, unit) VALUES ('6e31e8c9-b6f6-47ae-aad8-4afe8f381062', '126eba76-7d7a-454c-8eba-741985874601', 'Brussels Sprouts', 2, 'ml');
INSERT INTO ingredients (id, recipe_id, name, quantity, unit) VALUES ('1d2fe71d-9a57-4dd4-8c39-a944b8a68d7e', '126eba76-7d7a-454c-8eba-741985874601', 'Zucchini', 5, 'tbsp');
INSERT INTO recipe_dietary_tags (recipe_id, tag_id) VALUES ('126eba76-7d7a-454c-8eba-741985874601', 3);

INSERT INTO recipes (id, user_id, title, description, instructions, image_url, servings, source_url, source_name, is_archived) VALUES ('c0f9d598-6aae-460a-b36e-948aac8cea05', 'admin-user-id', 'Taco Seasoned Roasted Black Beans', 'A delicious and healthy Taco Seasoned Roasted Black Beans served with Bell Peppers and Mashed Cauliflower. Perfect for a quick weeknight dinner.', '1. Preheat oven to 400°F.
2. Season the Black Beans with Taco Seasoned spices.
3. Arrange Bell Peppers and Spinach on a baking sheet.
4. Roasted for 20-25 minutes until cooked through.
5. Serve hot over Mashed Cauliflower.', 'https://images.unsplash.com/photo-1500000000310?auto=format&fit=crop&w=800&q=60', 3, 'https://www.bonappetit.com', 'Bon Appetit', 0);
INSERT INTO ingredients (id, recipe_id, name, quantity, unit) VALUES ('dcd0e5ec-6bfb-4bc6-b8f1-f8246369be5d', 'c0f9d598-6aae-460a-b36e-948aac8cea05', 'Black Beans', 2, 'oz');
INSERT INTO ingredients (id, recipe_id, name, quantity, unit) VALUES ('87faef0d-4283-4a7e-9914-249676442868', 'c0f9d598-6aae-460a-b36e-948aac8cea05', 'Bell Peppers', 2, 'bundle');
INSERT INTO ingredients (id, recipe_id, name, quantity, unit) VALUES ('27988fad-7e42-42cc-865b-a249f6cdcdfd', 'c0f9d598-6aae-460a-b36e-948aac8cea05', 'Mashed Cauliflower', 3, 'cup');
INSERT INTO ingredients (id, recipe_id, name, quantity, unit) VALUES ('6d71e882-4224-414e-ac00-c70288a8b96e', 'c0f9d598-6aae-460a-b36e-948aac8cea05', 'Olive Oil', 1, 'tbsp');
INSERT INTO ingredients (id, recipe_id, name, quantity, unit) VALUES ('a8e1a06b-70ee-4133-a1f8-a3b62873b916', 'c0f9d598-6aae-460a-b36e-948aac8cea05', 'Salt & Pepper', 1, 'pinch');
INSERT INTO ingredients (id, recipe_id, name, quantity, unit) VALUES ('637605fc-0b29-4b31-9356-75f23b0c5e88', 'c0f9d598-6aae-460a-b36e-948aac8cea05', 'Ginger', 5, 'ml');
INSERT INTO ingredients (id, recipe_id, name, quantity, unit) VALUES ('5d7b222e-f598-4f8d-8b51-10de16d45be1', 'c0f9d598-6aae-460a-b36e-948aac8cea05', 'Cauliflower', 5, 'cup');
INSERT INTO ingredients (id, recipe_id, name, quantity, unit) VALUES ('a4b6048c-0f07-452f-8cae-d9482f5b419f', 'c0f9d598-6aae-460a-b36e-948aac8cea05', 'Green Beans', 1, 'tsp');
INSERT INTO recipe_dietary_tags (recipe_id, tag_id) VALUES ('c0f9d598-6aae-460a-b36e-948aac8cea05', 5);
INSERT INTO recipe_dietary_tags (recipe_id, tag_id) VALUES ('c0f9d598-6aae-460a-b36e-948aac8cea05', 1);
INSERT INTO recipe_dietary_tags (recipe_id, tag_id) VALUES ('c0f9d598-6aae-460a-b36e-948aac8cea05', 7);

INSERT INTO recipes (id, user_id, title, description, instructions, image_url, servings, source_url, source_name, is_archived) VALUES ('fceb4968-503c-4da0-a12a-8f4b5dc62e71', 'admin-user-id', 'Miso Ginger Sautéed Chickpeas', 'A delicious and healthy Miso Ginger Sautéed Chickpeas served with Brussels Sprouts and Roasted Potatoes. Perfect for a quick weeknight dinner.', '1. Preheat oven to 400°F.
2. Season the Chickpeas with Miso Ginger spices.
3. Arrange Brussels Sprouts and Cauliflower on a baking sheet.
4. Sautéed for 20-25 minutes until cooked through.
5. Serve hot over Roasted Potatoes.', 'https://images.unsplash.com/photo-1500000000311?auto=format&fit=crop&w=800&q=60', 4, 'https://www.epicurious.com', 'Epicurious', 0);
INSERT INTO ingredients (id, recipe_id, name, quantity, unit) VALUES ('fe057f99-bcb3-4f93-a554-1a7d45fd448d', 'fceb4968-503c-4da0-a12a-8f4b5dc62e71', 'Chickpeas', 2, 'lb');
INSERT INTO ingredients (id, recipe_id, name, quantity, unit) VALUES ('05570015-60d4-4add-99de-1ca682a9fcb6', 'fceb4968-503c-4da0-a12a-8f4b5dc62e71', 'Brussels Sprouts', 4, 'cup');
INSERT INTO ingredients (id, recipe_id, name, quantity, unit) VALUES ('47def53a-a97a-4985-804d-4e04c4ca9159', 'fceb4968-503c-4da0-a12a-8f4b5dc62e71', 'Roasted Potatoes', 1, 'cup');
INSERT INTO ingredients (id, recipe_id, name, quantity, unit) VALUES ('4c5e4e10-58cf-4232-9832-f2bbb24c3324', 'fceb4968-503c-4da0-a12a-8f4b5dc62e71', 'Olive Oil', 1, 'tbsp');
INSERT INTO ingredients (id, recipe_id, name, quantity, unit) VALUES ('edd69660-8b5e-455d-a419-cf8c4918cf0f', 'fceb4968-503c-4da0-a12a-8f4b5dc62e71', 'Salt & Pepper', 1, 'pinch');
INSERT INTO ingredients (id, recipe_id, name, quantity, unit) VALUES ('7b70e159-96e5-470e-8aca-a51378bf3200', 'fceb4968-503c-4da0-a12a-8f4b5dc62e71', 'Broccoli', 5, 'lb');
INSERT INTO recipe_dietary_tags (recipe_id, tag_id) VALUES ('fceb4968-503c-4da0-a12a-8f4b5dc62e71', 9);
INSERT INTO recipe_dietary_tags (recipe_id, tag_id) VALUES ('fceb4968-503c-4da0-a12a-8f4b5dc62e71', 3);

INSERT INTO recipes (id, user_id, title, description, instructions, image_url, servings, source_url, source_name, is_archived) VALUES ('81d35913-6b56-4a38-99a7-98aedb7e7e81', 'admin-user-id', 'Cajun Air Fried Chickpeas', 'A delicious and healthy Cajun Air Fried Chickpeas served with Cauliflower and Roasted Potatoes. Perfect for a quick weeknight dinner.', '1. Preheat oven to 400°F.
2. Season the Chickpeas with Cajun spices.
3. Arrange Cauliflower and Brussels Sprouts on a baking sheet.
4. Air Fried for 20-25 minutes until cooked through.
5. Serve hot over Roasted Potatoes.', 'https://images.unsplash.com/photo-1500000000312?auto=format&fit=crop&w=800&q=60', 5, 'https://www.allrecipes.com', 'AllRecipes', 0);
INSERT INTO ingredients (id, recipe_id, name, quantity, unit) VALUES ('2f85a630-7f88-4988-9ce4-ac53f0aa0d3d', '81d35913-6b56-4a38-99a7-98aedb7e7e81', 'Chickpeas', 2, 'lb');
INSERT INTO ingredients (id, recipe_id, name, quantity, unit) VALUES ('126f38ef-db5c-434a-9b9c-e9112268b284', '81d35913-6b56-4a38-99a7-98aedb7e7e81', 'Cauliflower', 1, 'head');
INSERT INTO ingredients (id, recipe_id, name, quantity, unit) VALUES ('f61e5d02-2300-49ef-8111-89e2265d53b5', '81d35913-6b56-4a38-99a7-98aedb7e7e81', 'Roasted Potatoes', 3, 'cup');
INSERT INTO ingredients (id, recipe_id, name, quantity, unit) VALUES ('fb99cf47-b74e-4183-9b09-e31a90426860', '81d35913-6b56-4a38-99a7-98aedb7e7e81', 'Olive Oil', 3, 'tbsp');
INSERT INTO ingredients (id, recipe_id, name, quantity, unit) VALUES ('9d3e80ce-b91a-4f9b-b7fa-2e50a2d8cc41', '81d35913-6b56-4a38-99a7-98aedb7e7e81', 'Salt & Pepper', 1, 'pinch');
INSERT INTO ingredients (id, recipe_id, name, quantity, unit) VALUES ('00c583d5-092a-40e4-8cd5-acf2b813fd04', '81d35913-6b56-4a38-99a7-98aedb7e7e81', 'Garlic', 1, 'tsp');
INSERT INTO ingredients (id, recipe_id, name, quantity, unit) VALUES ('93c858a9-f5f3-4839-8383-3e0fd3c72e96', '81d35913-6b56-4a38-99a7-98aedb7e7e81', 'Garlic', 4, 'head');
INSERT INTO ingredients (id, recipe_id, name, quantity, unit) VALUES ('8e402ac1-9156-462c-afba-9ab0d7955ab7', '81d35913-6b56-4a38-99a7-98aedb7e7e81', 'Broccoli', 4, 'oz');
INSERT INTO ingredients (id, recipe_id, name, quantity, unit) VALUES ('76433ff6-08ae-4d4a-b6c9-f32b01e0bd5c', '81d35913-6b56-4a38-99a7-98aedb7e7e81', 'Spinach', 2, 'bundle');
INSERT INTO ingredients (id, recipe_id, name, quantity, unit) VALUES ('8ee1f25a-42c5-4db9-90ad-7f3c5203a044', '81d35913-6b56-4a38-99a7-98aedb7e7e81', 'Zucchini', 5, 'ml');
INSERT INTO recipe_dietary_tags (recipe_id, tag_id) VALUES ('81d35913-6b56-4a38-99a7-98aedb7e7e81', 9);

INSERT INTO recipes (id, user_id, title, description, instructions, image_url, servings, source_url, source_name, is_archived) VALUES ('905f633f-d5ec-4db6-aac3-6d55df71e6ba', 'admin-user-id', 'Cajun Air Fried Lamb Chops', 'A delicious and healthy Cajun Air Fried Lamb Chops served with Sweet Potatoes and Roasted Potatoes. Perfect for a quick weeknight dinner.', '1. Preheat oven to 400°F.
2. Season the Lamb Chops with Cajun spices.
3. Arrange Sweet Potatoes and Asparagus on a baking sheet.
4. Air Fried for 20-25 minutes until cooked through.
5. Serve hot over Roasted Potatoes.', 'https://images.unsplash.com/photo-1500000000313?auto=format&fit=crop&w=800&q=60', 4, 'https://www.allrecipes.com', 'AllRecipes', 0);
INSERT INTO ingredients (id, recipe_id, name, quantity, unit) VALUES ('c97ccab1-b502-459d-a953-c2ef7de5a5f5', '905f633f-d5ec-4db6-aac3-6d55df71e6ba', 'Lamb Chops', 1, 'lb');
INSERT INTO ingredients (id, recipe_id, name, quantity, unit) VALUES ('0d2679b2-1580-4fe6-b9fc-ad92ba4e8a42', '905f633f-d5ec-4db6-aac3-6d55df71e6ba', 'Sweet Potatoes', 2, 'bundle');
INSERT INTO ingredients (id, recipe_id, name, quantity, unit) VALUES ('5a029535-b856-4be6-89bc-ad80f2f14cfe', '905f633f-d5ec-4db6-aac3-6d55df71e6ba', 'Roasted Potatoes', 2, 'cup');
INSERT INTO ingredients (id, recipe_id, name, quantity, unit) VALUES ('78df1f8e-df3b-4270-9a68-50ac9e44ee6d', '905f633f-d5ec-4db6-aac3-6d55df71e6ba', 'Olive Oil', 3, 'tbsp');
INSERT INTO ingredients (id, recipe_id, name, quantity, unit) VALUES ('4021c39f-5ebe-40ca-bdb2-024a57f3bc25', '905f633f-d5ec-4db6-aac3-6d55df71e6ba', 'Salt & Pepper', 1, 'pinch');
INSERT INTO ingredients (id, recipe_id, name, quantity, unit) VALUES ('60b7b0db-5ffd-468b-988e-b163eed1678a', '905f633f-d5ec-4db6-aac3-6d55df71e6ba', 'Ginger', 4, 'ml');
INSERT INTO recipe_dietary_tags (recipe_id, tag_id) VALUES ('905f633f-d5ec-4db6-aac3-6d55df71e6ba', 7);
INSERT INTO recipe_dietary_tags (recipe_id, tag_id) VALUES ('905f633f-d5ec-4db6-aac3-6d55df71e6ba', 10);

INSERT INTO recipes (id, user_id, title, description, instructions, image_url, servings, source_url, source_name, is_archived) VALUES ('29c428b1-9a79-408c-a85a-c428a23843b1', 'admin-user-id', 'Honey Sriracha Slow Cooked Shrimp', 'A delicious and healthy Honey Sriracha Slow Cooked Shrimp served with Carrots and Mashed Cauliflower. Perfect for a quick weeknight dinner.', '1. Preheat oven to 400°F.
2. Season the Shrimp with Honey Sriracha spices.
3. Arrange Carrots and Asparagus on a baking sheet.
4. Slow Cooked for 20-25 minutes until cooked through.
5. Serve hot over Mashed Cauliflower.', 'https://images.unsplash.com/photo-1500000000314?auto=format&fit=crop&w=800&q=60', 8, 'https://www.foodnetwork.com', 'Food Network', 0);
INSERT INTO ingredients (id, recipe_id, name, quantity, unit) VALUES ('8e35f9c2-dfdf-4f05-b382-96c55f17bcaf', '29c428b1-9a79-408c-a85a-c428a23843b1', 'Shrimp', 1, 'lb');
INSERT INTO ingredients (id, recipe_id, name, quantity, unit) VALUES ('6537574f-9eba-4190-90f3-322a0cde2bde', '29c428b1-9a79-408c-a85a-c428a23843b1', 'Carrots', 3, 'bundle');
INSERT INTO ingredients (id, recipe_id, name, quantity, unit) VALUES ('4be6f685-cb4c-4845-9266-ae25da133c5e', '29c428b1-9a79-408c-a85a-c428a23843b1', 'Mashed Cauliflower', 3, 'cup');
INSERT INTO ingredients (id, recipe_id, name, quantity, unit) VALUES ('c2ac4da3-6e5d-4fc7-8ab0-f1f65ce98d2c', '29c428b1-9a79-408c-a85a-c428a23843b1', 'Olive Oil', 2, 'tbsp');
INSERT INTO ingredients (id, recipe_id, name, quantity, unit) VALUES ('02484266-65e0-40b8-b8e2-1f41525d34d4', '29c428b1-9a79-408c-a85a-c428a23843b1', 'Salt & Pepper', 1, 'pinch');
INSERT INTO ingredients (id, recipe_id, name, quantity, unit) VALUES ('d3634c90-14e1-4f66-b5fd-27ba438f9cba', '29c428b1-9a79-408c-a85a-c428a23843b1', 'Onion', 1, 'tbsp');
INSERT INTO ingredients (id, recipe_id, name, quantity, unit) VALUES ('c2568417-d83b-4e74-996a-45dc07374b1f', '29c428b1-9a79-408c-a85a-c428a23843b1', 'Lemon', 3, 'cup');
INSERT INTO ingredients (id, recipe_id, name, quantity, unit) VALUES ('3316d388-77e3-4341-b7f2-d20aa223fc5a', '29c428b1-9a79-408c-a85a-c428a23843b1', 'Sweet Potatoes', 5, 'lb');
INSERT INTO ingredients (id, recipe_id, name, quantity, unit) VALUES ('3a88cdeb-1d03-480f-a915-52dac49f8c55', '29c428b1-9a79-408c-a85a-c428a23843b1', 'Green Beans', 3, 'pinch');
INSERT INTO ingredients (id, recipe_id, name, quantity, unit) VALUES ('f5a5cbe8-02ec-4a69-9f4c-bcd90fd916ab', '29c428b1-9a79-408c-a85a-c428a23843b1', 'Asparagus', 3, 'cup');
INSERT INTO ingredients (id, recipe_id, name, quantity, unit) VALUES ('ca18138f-1326-4475-838b-265c111438e2', '29c428b1-9a79-408c-a85a-c428a23843b1', 'Garlic', 5, 'oz');
INSERT INTO ingredients (id, recipe_id, name, quantity, unit) VALUES ('f7aeb423-6f1d-4045-81c0-29ba67213ce0', '29c428b1-9a79-408c-a85a-c428a23843b1', 'Onion', 5, 'tbsp');
INSERT INTO recipe_dietary_tags (recipe_id, tag_id) VALUES ('29c428b1-9a79-408c-a85a-c428a23843b1', 10);
INSERT INTO recipe_dietary_tags (recipe_id, tag_id) VALUES ('29c428b1-9a79-408c-a85a-c428a23843b1', 3);
INSERT INTO recipe_dietary_tags (recipe_id, tag_id) VALUES ('29c428b1-9a79-408c-a85a-c428a23843b1', 6);

INSERT INTO recipes (id, user_id, title, description, instructions, image_url, servings, source_url, source_name, is_archived) VALUES ('ce49b84a-7bd3-4354-bfe4-44350058e816', 'admin-user-id', 'Cajun Slow Cooked Lentils', 'A delicious and healthy Cajun Slow Cooked Lentils served with Green Beans and Zucchini Noodles. Perfect for a quick weeknight dinner.', '1. Preheat oven to 400°F.
2. Season the Lentils with Cajun spices.
3. Arrange Green Beans and Broccoli on a baking sheet.
4. Slow Cooked for 20-25 minutes until cooked through.
5. Serve hot over Zucchini Noodles.', 'https://images.unsplash.com/photo-1500000000315?auto=format&fit=crop&w=800&q=60', 4, 'https://www.bonappetit.com', 'Bon Appetit', 0);
INSERT INTO ingredients (id, recipe_id, name, quantity, unit) VALUES ('197bfb62-df52-41dc-9707-aa1c9d86a589', 'ce49b84a-7bd3-4354-bfe4-44350058e816', 'Lentils', 2, 'oz');
INSERT INTO ingredients (id, recipe_id, name, quantity, unit) VALUES ('f53711ae-86b8-4929-8a41-b493cce7bfbc', 'ce49b84a-7bd3-4354-bfe4-44350058e816', 'Green Beans', 4, 'head');
INSERT INTO ingredients (id, recipe_id, name, quantity, unit) VALUES ('04dbdefb-a971-40f7-82e5-89a58f69894f', 'ce49b84a-7bd3-4354-bfe4-44350058e816', 'Zucchini Noodles', 2, 'cup');
INSERT INTO ingredients (id, recipe_id, name, quantity, unit) VALUES ('10c053af-250a-4821-a5df-b211c7f028e7', 'ce49b84a-7bd3-4354-bfe4-44350058e816', 'Olive Oil', 3, 'tbsp');
INSERT INTO ingredients (id, recipe_id, name, quantity, unit) VALUES ('aa300460-06b3-40f9-9347-c762b6774c06', 'ce49b84a-7bd3-4354-bfe4-44350058e816', 'Salt & Pepper', 1, 'pinch');
INSERT INTO ingredients (id, recipe_id, name, quantity, unit) VALUES ('983b5041-c24c-4417-9d97-e9b8a56c150a', 'ce49b84a-7bd3-4354-bfe4-44350058e816', 'Asparagus', 3, 'clove');
INSERT INTO ingredients (id, recipe_id, name, quantity, unit) VALUES ('24803a97-e146-46f0-a3d1-e33104e50c18', 'ce49b84a-7bd3-4354-bfe4-44350058e816', 'Zucchini', 3, 'g');
INSERT INTO ingredients (id, recipe_id, name, quantity, unit) VALUES ('7439014d-f274-48ea-8706-a183858624cf', 'ce49b84a-7bd3-4354-bfe4-44350058e816', 'Garlic', 3, 'oz');
INSERT INTO ingredients (id, recipe_id, name, quantity, unit) VALUES ('d5d6d06b-36d7-4eae-b50e-2c73d2906527', 'ce49b84a-7bd3-4354-bfe4-44350058e816', 'Ginger', 1, 'tsp');
INSERT INTO ingredients (id, recipe_id, name, quantity, unit) VALUES ('559a10bf-0b06-440d-8d44-838558da62f4', 'ce49b84a-7bd3-4354-bfe4-44350058e816', 'Carrots', 1, 'cup');
INSERT INTO ingredients (id, recipe_id, name, quantity, unit) VALUES ('42fc7bf1-0e67-45ab-a059-50090b9eba25', 'ce49b84a-7bd3-4354-bfe4-44350058e816', 'Kale', 3, 'g');
INSERT INTO recipe_dietary_tags (recipe_id, tag_id) VALUES ('ce49b84a-7bd3-4354-bfe4-44350058e816', 6);

INSERT INTO recipes (id, user_id, title, description, instructions, image_url, servings, source_url, source_name, is_archived) VALUES ('8b9cfca5-2966-4506-97b1-f8584ac0cdc4', 'admin-user-id', 'Honey Sriracha Steamed Salmon Fillet', 'A delicious and healthy Honey Sriracha Steamed Salmon Fillet served with Sweet Potatoes and Lentil Pasta. Perfect for a quick weeknight dinner.', '1. Preheat oven to 400°F.
2. Season the Salmon Fillet with Honey Sriracha spices.
3. Arrange Sweet Potatoes and Brussels Sprouts on a baking sheet.
4. Steamed for 20-25 minutes until cooked through.
5. Serve hot over Lentil Pasta.', 'https://images.unsplash.com/photo-1500000000316?auto=format&fit=crop&w=800&q=60', 8, 'https://www.allrecipes.com', 'AllRecipes', 0);
INSERT INTO ingredients (id, recipe_id, name, quantity, unit) VALUES ('63629d5f-94bd-4bbc-aa1f-3bc24fc6ee1b', '8b9cfca5-2966-4506-97b1-f8584ac0cdc4', 'Salmon Fillet', 1, 'oz');
INSERT INTO ingredients (id, recipe_id, name, quantity, unit) VALUES ('8e723d2f-b7a1-4040-9d07-fe6bea4d93f0', '8b9cfca5-2966-4506-97b1-f8584ac0cdc4', 'Sweet Potatoes', 2, 'bundle');
INSERT INTO ingredients (id, recipe_id, name, quantity, unit) VALUES ('3e83eafd-53da-4fef-adcf-11a7cd444a47', '8b9cfca5-2966-4506-97b1-f8584ac0cdc4', 'Lentil Pasta', 1, 'cup');
INSERT INTO ingredients (id, recipe_id, name, quantity, unit) VALUES ('ec367a72-164d-4c34-ac2f-06d1f36999d2', '8b9cfca5-2966-4506-97b1-f8584ac0cdc4', 'Olive Oil', 1, 'tbsp');
INSERT INTO ingredients (id, recipe_id, name, quantity, unit) VALUES ('a3e40e4b-e756-467f-a334-002921bb1b21', '8b9cfca5-2966-4506-97b1-f8584ac0cdc4', 'Salt & Pepper', 1, 'pinch');
INSERT INTO ingredients (id, recipe_id, name, quantity, unit) VALUES ('24641ee7-fc9e-4d1b-81c7-c71d0713df06', '8b9cfca5-2966-4506-97b1-f8584ac0cdc4', 'Spinach', 2, 'pinch');
INSERT INTO ingredients (id, recipe_id, name, quantity, unit) VALUES ('79beb10b-fca2-4ec8-8f63-08c847c91439', '8b9cfca5-2966-4506-97b1-f8584ac0cdc4', 'Ginger', 2, 'cup');
INSERT INTO ingredients (id, recipe_id, name, quantity, unit) VALUES ('812d83cd-3632-4a6f-a9b9-239499422fed', '8b9cfca5-2966-4506-97b1-f8584ac0cdc4', 'Zucchini', 2, 'clove');
INSERT INTO ingredients (id, recipe_id, name, quantity, unit) VALUES ('97027ca5-769f-483c-89b7-d5c9a8e344d3', '8b9cfca5-2966-4506-97b1-f8584ac0cdc4', 'Ginger', 5, 'tbsp');
INSERT INTO ingredients (id, recipe_id, name, quantity, unit) VALUES ('e624933a-753a-4282-a2b8-85decf9b38a7', '8b9cfca5-2966-4506-97b1-f8584ac0cdc4', 'Asparagus', 5, 'head');
INSERT INTO ingredients (id, recipe_id, name, quantity, unit) VALUES ('96fa50a3-005b-4c3b-89f6-c99e37fbea19', '8b9cfca5-2966-4506-97b1-f8584ac0cdc4', 'Kale', 4, 'clove');
INSERT INTO recipe_dietary_tags (recipe_id, tag_id) VALUES ('8b9cfca5-2966-4506-97b1-f8584ac0cdc4', 8);
INSERT INTO recipe_dietary_tags (recipe_id, tag_id) VALUES ('8b9cfca5-2966-4506-97b1-f8584ac0cdc4', 6);

INSERT INTO recipes (id, user_id, title, description, instructions, image_url, servings, source_url, source_name, is_archived) VALUES ('de09b456-be58-4f76-87ef-8d9bf34e721d', 'admin-user-id', 'Curry Pan-Seared Ground Beef', 'A delicious and healthy Curry Pan-Seared Ground Beef served with Green Beans and Wild Rice. Perfect for a quick weeknight dinner.', '1. Preheat oven to 400°F.
2. Season the Ground Beef with Curry spices.
3. Arrange Green Beans and Bell Peppers on a baking sheet.
4. Pan-Seared for 20-25 minutes until cooked through.
5. Serve hot over Wild Rice.', 'https://images.unsplash.com/photo-1500000000317?auto=format&fit=crop&w=800&q=60', 3, 'https://www.bonappetit.com', 'Bon Appetit', 0);
INSERT INTO ingredients (id, recipe_id, name, quantity, unit) VALUES ('c3c21396-7bd9-49a0-884a-57f9452b9359', 'de09b456-be58-4f76-87ef-8d9bf34e721d', 'Ground Beef', 1, 'lb');
INSERT INTO ingredients (id, recipe_id, name, quantity, unit) VALUES ('6391d9d8-3d9b-4575-9eb9-334bf2e0bd04', 'de09b456-be58-4f76-87ef-8d9bf34e721d', 'Green Beans', 4, 'head');
INSERT INTO ingredients (id, recipe_id, name, quantity, unit) VALUES ('81ea9204-691f-4fe0-8526-96435806da50', 'de09b456-be58-4f76-87ef-8d9bf34e721d', 'Wild Rice', 1, 'cup');
INSERT INTO ingredients (id, recipe_id, name, quantity, unit) VALUES ('e242bde0-b0ff-4d4c-9307-a10a47c4cbd0', 'de09b456-be58-4f76-87ef-8d9bf34e721d', 'Olive Oil', 3, 'tbsp');
INSERT INTO ingredients (id, recipe_id, name, quantity, unit) VALUES ('41d97982-dc1b-4774-b2ad-118def3b450b', 'de09b456-be58-4f76-87ef-8d9bf34e721d', 'Salt & Pepper', 1, 'pinch');
INSERT INTO ingredients (id, recipe_id, name, quantity, unit) VALUES ('acf6eb21-6376-4b78-9383-e9b446c6eddc', 'de09b456-be58-4f76-87ef-8d9bf34e721d', 'Broccoli', 4, 'lb');
INSERT INTO ingredients (id, recipe_id, name, quantity, unit) VALUES ('492a2929-10b3-471f-af3c-e2eb70e56eda', 'de09b456-be58-4f76-87ef-8d9bf34e721d', 'Brussels Sprouts', 4, 'head');
INSERT INTO ingredients (id, recipe_id, name, quantity, unit) VALUES ('8e108319-a8c0-40e4-9c94-d3278ee7e105', 'de09b456-be58-4f76-87ef-8d9bf34e721d', 'Spinach', 2, 'head');
INSERT INTO ingredients (id, recipe_id, name, quantity, unit) VALUES ('34fb3dd3-f5c9-4238-a5d6-dc484946559c', 'de09b456-be58-4f76-87ef-8d9bf34e721d', 'Broccoli', 3, 'ml');
INSERT INTO ingredients (id, recipe_id, name, quantity, unit) VALUES ('9c5e4df5-0307-4f22-a044-b68edc71a8d4', 'de09b456-be58-4f76-87ef-8d9bf34e721d', 'Cauliflower', 1, 'ml');
INSERT INTO recipe_dietary_tags (recipe_id, tag_id) VALUES ('de09b456-be58-4f76-87ef-8d9bf34e721d', 5);
INSERT INTO recipe_dietary_tags (recipe_id, tag_id) VALUES ('de09b456-be58-4f76-87ef-8d9bf34e721d', 7);
INSERT INTO recipe_dietary_tags (recipe_id, tag_id) VALUES ('de09b456-be58-4f76-87ef-8d9bf34e721d', 1);

INSERT INTO recipes (id, user_id, title, description, instructions, image_url, servings, source_url, source_name, is_archived) VALUES ('a0587fbe-0867-463e-955f-22126998b186', 'admin-user-id', 'Balsamic Glaze Grilled Salmon Fillet', 'A delicious and healthy Balsamic Glaze Grilled Salmon Fillet served with Bell Peppers and Brown Rice. Perfect for a quick weeknight dinner.', '1. Preheat oven to 400°F.
2. Season the Salmon Fillet with Balsamic Glaze spices.
3. Arrange Bell Peppers and Brussels Sprouts on a baking sheet.
4. Grilled for 20-25 minutes until cooked through.
5. Serve hot over Brown Rice.', 'https://images.unsplash.com/photo-1500000000318?auto=format&fit=crop&w=800&q=60', 8, 'https://www.allrecipes.com', 'AllRecipes', 0);
INSERT INTO ingredients (id, recipe_id, name, quantity, unit) VALUES ('76e29b54-674b-4e86-9a6b-120e354a96de', 'a0587fbe-0867-463e-955f-22126998b186', 'Salmon Fillet', 1, 'lb');
INSERT INTO ingredients (id, recipe_id, name, quantity, unit) VALUES ('3e3e58d4-e07c-4b0b-a80a-08c717d3781b', 'a0587fbe-0867-463e-955f-22126998b186', 'Bell Peppers', 3, 'bundle');
INSERT INTO ingredients (id, recipe_id, name, quantity, unit) VALUES ('d35634ed-4513-423e-8246-f5b8b630fc9a', 'a0587fbe-0867-463e-955f-22126998b186', 'Brown Rice', 2, 'cup');
INSERT INTO ingredients (id, recipe_id, name, quantity, unit) VALUES ('b6c11ffa-0303-4961-8f40-aa5721c5e88b', 'a0587fbe-0867-463e-955f-22126998b186', 'Olive Oil', 3, 'tbsp');
INSERT INTO ingredients (id, recipe_id, name, quantity, unit) VALUES ('c0809245-299f-42e3-87b5-d3714050046e', 'a0587fbe-0867-463e-955f-22126998b186', 'Salt & Pepper', 1, 'pinch');
INSERT INTO ingredients (id, recipe_id, name, quantity, unit) VALUES ('606cd596-1fcd-4731-90d2-f9c118aab36f', 'a0587fbe-0867-463e-955f-22126998b186', 'Sweet Potatoes', 5, 'cup');
INSERT INTO ingredients (id, recipe_id, name, quantity, unit) VALUES ('2ad7a1d0-12a0-4dd1-9398-587708df1bb6', 'a0587fbe-0867-463e-955f-22126998b186', 'Kale', 2, 'g');
INSERT INTO ingredients (id, recipe_id, name, quantity, unit) VALUES ('1f5fb9a8-12e5-4bd0-aa9d-12cb04d845de', 'a0587fbe-0867-463e-955f-22126998b186', 'Cauliflower', 1, 'cup');
INSERT INTO recipe_dietary_tags (recipe_id, tag_id) VALUES ('a0587fbe-0867-463e-955f-22126998b186', 6);

INSERT INTO recipes (id, user_id, title, description, instructions, image_url, servings, source_url, source_name, is_archived) VALUES ('6f46bfd1-2908-4dd2-ad39-dc3594b39689', 'admin-user-id', 'Miso Ginger Sautéed Pork Loin', 'A delicious and healthy Miso Ginger Sautéed Pork Loin served with Brussels Sprouts and Lentil Pasta. Perfect for a quick weeknight dinner.', '1. Preheat oven to 400°F.
2. Season the Pork Loin with Miso Ginger spices.
3. Arrange Brussels Sprouts and Zucchini on a baking sheet.
4. Sautéed for 20-25 minutes until cooked through.
5. Serve hot over Lentil Pasta.', 'https://images.unsplash.com/photo-1500000000319?auto=format&fit=crop&w=800&q=60', 7, 'https://www.epicurious.com', 'Epicurious', 0);
INSERT INTO ingredients (id, recipe_id, name, quantity, unit) VALUES ('0955bba5-c3e8-47d0-8264-0cfda8eeb5ee', '6f46bfd1-2908-4dd2-ad39-dc3594b39689', 'Pork Loin', 2, 'oz');
INSERT INTO ingredients (id, recipe_id, name, quantity, unit) VALUES ('08f1915d-c413-464e-bd60-841c2aeec132', '6f46bfd1-2908-4dd2-ad39-dc3594b39689', 'Brussels Sprouts', 1, 'bundle');
INSERT INTO ingredients (id, recipe_id, name, quantity, unit) VALUES ('f1d78463-0f47-4a69-af74-4cda29b5428a', '6f46bfd1-2908-4dd2-ad39-dc3594b39689', 'Lentil Pasta', 3, 'cup');
INSERT INTO ingredients (id, recipe_id, name, quantity, unit) VALUES ('ca7eb63c-2120-4cb5-9564-2da0ec10a7f8', '6f46bfd1-2908-4dd2-ad39-dc3594b39689', 'Olive Oil', 1, 'tbsp');
INSERT INTO ingredients (id, recipe_id, name, quantity, unit) VALUES ('90a0b76e-eff8-4547-a00c-2ac0f7674512', '6f46bfd1-2908-4dd2-ad39-dc3594b39689', 'Salt & Pepper', 1, 'pinch');
INSERT INTO ingredients (id, recipe_id, name, quantity, unit) VALUES ('ffe0d913-a7c3-4b14-8e04-3bab571eada5', '6f46bfd1-2908-4dd2-ad39-dc3594b39689', 'Kale', 2, 'head');
INSERT INTO ingredients (id, recipe_id, name, quantity, unit) VALUES ('1fa5596b-e608-49e7-a36d-0be275cccbe3', '6f46bfd1-2908-4dd2-ad39-dc3594b39689', 'Bell Peppers', 1, 'oz');
INSERT INTO recipe_dietary_tags (recipe_id, tag_id) VALUES ('6f46bfd1-2908-4dd2-ad39-dc3594b39689', 9);

INSERT INTO recipes (id, user_id, title, description, instructions, image_url, servings, source_url, source_name, is_archived) VALUES ('1f10ddf5-8879-4621-a004-2a510b6d2825', 'admin-user-id', 'Smoky BBQ Slow Cooked Lamb Chops', 'A delicious and healthy Smoky BBQ Slow Cooked Lamb Chops served with Spinach and Couscous. Perfect for a quick weeknight dinner.', '1. Preheat oven to 400°F.
2. Season the Lamb Chops with Smoky BBQ spices.
3. Arrange Spinach and Sweet Potatoes on a baking sheet.
4. Slow Cooked for 20-25 minutes until cooked through.
5. Serve hot over Couscous.', 'https://images.unsplash.com/photo-1500000000320?auto=format&fit=crop&w=800&q=60', 8, 'https://www.tasteofhome.com', 'Taste of Home', 0);
INSERT INTO ingredients (id, recipe_id, name, quantity, unit) VALUES ('a6626ab0-a969-4d83-8664-1ffc96d66aac', '1f10ddf5-8879-4621-a004-2a510b6d2825', 'Lamb Chops', 1, 'oz');
INSERT INTO ingredients (id, recipe_id, name, quantity, unit) VALUES ('ef22f3e1-c99e-4e7b-b7f9-895b2b3c0689', '1f10ddf5-8879-4621-a004-2a510b6d2825', 'Spinach', 2, 'head');
INSERT INTO ingredients (id, recipe_id, name, quantity, unit) VALUES ('5006ac60-4a4e-491c-9007-fc56c2badf10', '1f10ddf5-8879-4621-a004-2a510b6d2825', 'Couscous', 2, 'cup');
INSERT INTO ingredients (id, recipe_id, name, quantity, unit) VALUES ('455153b5-3c85-43db-bdaa-931249798813', '1f10ddf5-8879-4621-a004-2a510b6d2825', 'Olive Oil', 3, 'tbsp');
INSERT INTO ingredients (id, recipe_id, name, quantity, unit) VALUES ('4c98faa0-767c-4d1c-bc15-3a0e1cf51947', '1f10ddf5-8879-4621-a004-2a510b6d2825', 'Salt & Pepper', 1, 'pinch');
INSERT INTO ingredients (id, recipe_id, name, quantity, unit) VALUES ('73edf590-e38b-45da-84c8-0f0ed57dd96c', '1f10ddf5-8879-4621-a004-2a510b6d2825', 'Carrots', 4, 'oz');
INSERT INTO ingredients (id, recipe_id, name, quantity, unit) VALUES ('037599f4-5a9e-40ea-8315-55e237e768af', '1f10ddf5-8879-4621-a004-2a510b6d2825', 'Onion', 4, 'tsp');
INSERT INTO ingredients (id, recipe_id, name, quantity, unit) VALUES ('7109b7a5-e3cb-4f4b-b6d6-f4c84c59b7cf', '1f10ddf5-8879-4621-a004-2a510b6d2825', 'Cauliflower', 5, 'oz');
INSERT INTO ingredients (id, recipe_id, name, quantity, unit) VALUES ('83f9af69-a022-4344-8574-92ec17a0eac7', '1f10ddf5-8879-4621-a004-2a510b6d2825', 'Butter', 4, 'clove');
INSERT INTO ingredients (id, recipe_id, name, quantity, unit) VALUES ('e295fd40-ede0-41e0-ae98-280898a5e30d', '1f10ddf5-8879-4621-a004-2a510b6d2825', 'Onion', 4, 'tsp');
INSERT INTO ingredients (id, recipe_id, name, quantity, unit) VALUES ('75f26eac-77bd-4b23-81ba-f20efe527627', '1f10ddf5-8879-4621-a004-2a510b6d2825', 'Bell Peppers', 3, 'tbsp');
INSERT INTO recipe_dietary_tags (recipe_id, tag_id) VALUES ('1f10ddf5-8879-4621-a004-2a510b6d2825', 2);
INSERT INTO recipe_dietary_tags (recipe_id, tag_id) VALUES ('1f10ddf5-8879-4621-a004-2a510b6d2825', 6);

INSERT INTO recipes (id, user_id, title, description, instructions, image_url, servings, source_url, source_name, is_archived) VALUES ('20f2017b-a5f0-4148-8077-852ee8ca4bd3', 'admin-user-id', 'Herbes de Provence Grilled Cod', 'A delicious and healthy Herbes de Provence Grilled Cod served with Cauliflower and Wild Rice. Perfect for a quick weeknight dinner.', '1. Preheat oven to 400°F.
2. Season the Cod with Herbes de Provence spices.
3. Arrange Cauliflower and Green Beans on a baking sheet.
4. Grilled for 20-25 minutes until cooked through.
5. Serve hot over Wild Rice.', 'https://images.unsplash.com/photo-1500000000321?auto=format&fit=crop&w=800&q=60', 7, 'https://www.allrecipes.com', 'AllRecipes', 0);
INSERT INTO ingredients (id, recipe_id, name, quantity, unit) VALUES ('10fc3968-f210-4969-9e91-bd05be7a6619', '20f2017b-a5f0-4148-8077-852ee8ca4bd3', 'Cod', 2, 'lb');
INSERT INTO ingredients (id, recipe_id, name, quantity, unit) VALUES ('f582fa4b-c13a-4ab8-8fd3-fad9905b721a', '20f2017b-a5f0-4148-8077-852ee8ca4bd3', 'Cauliflower', 3, 'bundle');
INSERT INTO ingredients (id, recipe_id, name, quantity, unit) VALUES ('6edac09d-ca41-4570-ba10-fcd72655d4a1', '20f2017b-a5f0-4148-8077-852ee8ca4bd3', 'Wild Rice', 3, 'cup');
INSERT INTO ingredients (id, recipe_id, name, quantity, unit) VALUES ('d9de3f8d-f1fc-4ca1-907b-23e32c778b1a', '20f2017b-a5f0-4148-8077-852ee8ca4bd3', 'Olive Oil', 1, 'tbsp');
INSERT INTO ingredients (id, recipe_id, name, quantity, unit) VALUES ('ce3414e9-1320-4c8f-8bb8-bb898fcae9ac', '20f2017b-a5f0-4148-8077-852ee8ca4bd3', 'Salt & Pepper', 1, 'pinch');
INSERT INTO ingredients (id, recipe_id, name, quantity, unit) VALUES ('7dfa7756-9120-41cc-9b5d-920968ba463f', '20f2017b-a5f0-4148-8077-852ee8ca4bd3', 'Butter', 1, 'head');
INSERT INTO ingredients (id, recipe_id, name, quantity, unit) VALUES ('a920cbbd-9ab4-4908-8cf7-ce7f329cd121', '20f2017b-a5f0-4148-8077-852ee8ca4bd3', 'Sweet Potatoes', 4, 'ml');
INSERT INTO ingredients (id, recipe_id, name, quantity, unit) VALUES ('3b219288-6c79-45d1-80cb-b0e44144edcc', '20f2017b-a5f0-4148-8077-852ee8ca4bd3', 'Zucchini', 3, 'tbsp');
INSERT INTO recipe_dietary_tags (recipe_id, tag_id) VALUES ('20f2017b-a5f0-4148-8077-852ee8ca4bd3', 7);
INSERT INTO recipe_dietary_tags (recipe_id, tag_id) VALUES ('20f2017b-a5f0-4148-8077-852ee8ca4bd3', 5);
INSERT INTO recipe_dietary_tags (recipe_id, tag_id) VALUES ('20f2017b-a5f0-4148-8077-852ee8ca4bd3', 6);

INSERT INTO recipes (id, user_id, title, description, instructions, image_url, servings, source_url, source_name, is_archived) VALUES ('5791478d-e506-4cbb-ba28-f12b4cfff978', 'admin-user-id', 'Teriyaki Pan-Seared Ground Beef', 'A delicious and healthy Teriyaki Pan-Seared Ground Beef served with Bell Peppers and Brown Rice. Perfect for a quick weeknight dinner.', '1. Preheat oven to 400°F.
2. Season the Ground Beef with Teriyaki spices.
3. Arrange Bell Peppers and Zucchini on a baking sheet.
4. Pan-Seared for 20-25 minutes until cooked through.
5. Serve hot over Brown Rice.', 'https://images.unsplash.com/photo-1500000000322?auto=format&fit=crop&w=800&q=60', 5, 'https://www.tasteofhome.com', 'Taste of Home', 0);
INSERT INTO ingredients (id, recipe_id, name, quantity, unit) VALUES ('e9e38ec1-ee04-4c21-8939-0bd3245216c1', '5791478d-e506-4cbb-ba28-f12b4cfff978', 'Ground Beef', 2, 'lb');
INSERT INTO ingredients (id, recipe_id, name, quantity, unit) VALUES ('43cb859f-ce11-4d7c-ac5b-ac68e29fd56c', '5791478d-e506-4cbb-ba28-f12b4cfff978', 'Bell Peppers', 3, 'cup');
INSERT INTO ingredients (id, recipe_id, name, quantity, unit) VALUES ('452927f6-28ee-49b4-b335-b33650f2f7b8', '5791478d-e506-4cbb-ba28-f12b4cfff978', 'Brown Rice', 2, 'cup');
INSERT INTO ingredients (id, recipe_id, name, quantity, unit) VALUES ('fbf6a897-ad5c-4195-a71f-1ced421c0d0e', '5791478d-e506-4cbb-ba28-f12b4cfff978', 'Olive Oil', 3, 'tbsp');
INSERT INTO ingredients (id, recipe_id, name, quantity, unit) VALUES ('d0b7c2a8-72ee-429f-8ec8-72d2c26e11f0', '5791478d-e506-4cbb-ba28-f12b4cfff978', 'Salt & Pepper', 1, 'pinch');
INSERT INTO ingredients (id, recipe_id, name, quantity, unit) VALUES ('e46d59f7-1ee0-4437-a532-c6768c1f2953', '5791478d-e506-4cbb-ba28-f12b4cfff978', 'Ginger', 1, 'tsp');
INSERT INTO ingredients (id, recipe_id, name, quantity, unit) VALUES ('80e95316-7ba2-4eb3-9f85-d8dc2663ef56', '5791478d-e506-4cbb-ba28-f12b4cfff978', 'Green Beans', 3, 'tsp');
INSERT INTO ingredients (id, recipe_id, name, quantity, unit) VALUES ('e0e2ba05-db8c-4b48-9d3c-c6e2e68576c8', '5791478d-e506-4cbb-ba28-f12b4cfff978', 'Green Beans', 5, 'oz');
INSERT INTO ingredients (id, recipe_id, name, quantity, unit) VALUES ('70fac2e5-06a0-4f34-b0b5-737a7af8ca3a', '5791478d-e506-4cbb-ba28-f12b4cfff978', 'Brussels Sprouts', 4, 'g');
INSERT INTO ingredients (id, recipe_id, name, quantity, unit) VALUES ('0156e9a0-a398-430c-9340-7ba68d5ee649', '5791478d-e506-4cbb-ba28-f12b4cfff978', 'Sweet Potatoes', 3, 'tsp');
INSERT INTO ingredients (id, recipe_id, name, quantity, unit) VALUES ('41ba0067-7600-4f3e-8aef-ad8485fec4ed', '5791478d-e506-4cbb-ba28-f12b4cfff978', 'Lemon', 5, 'oz');
INSERT INTO recipe_dietary_tags (recipe_id, tag_id) VALUES ('5791478d-e506-4cbb-ba28-f12b4cfff978', 2);
INSERT INTO recipe_dietary_tags (recipe_id, tag_id) VALUES ('5791478d-e506-4cbb-ba28-f12b4cfff978', 3);

INSERT INTO recipes (id, user_id, title, description, instructions, image_url, servings, source_url, source_name, is_archived) VALUES ('ef906cfe-96d1-4f14-8e89-fe5c9d8b7aa5', 'admin-user-id', 'Miso Ginger Steamed Chicken Breast', 'A delicious and healthy Miso Ginger Steamed Chicken Breast served with Broccoli and Brown Rice. Perfect for a quick weeknight dinner.', '1. Preheat oven to 400°F.
2. Season the Chicken Breast with Miso Ginger spices.
3. Arrange Broccoli and Sweet Potatoes on a baking sheet.
4. Steamed for 20-25 minutes until cooked through.
5. Serve hot over Brown Rice.', 'https://images.unsplash.com/photo-1500000000323?auto=format&fit=crop&w=800&q=60', 5, 'https://www.tasteofhome.com', 'Taste of Home', 0);
INSERT INTO ingredients (id, recipe_id, name, quantity, unit) VALUES ('3d7667bf-cdb7-488b-a442-5a2253918f24', 'ef906cfe-96d1-4f14-8e89-fe5c9d8b7aa5', 'Chicken Breast', 2, 'oz');
INSERT INTO ingredients (id, recipe_id, name, quantity, unit) VALUES ('5b0cbfbc-2e9f-442a-8a80-7437aaba959a', 'ef906cfe-96d1-4f14-8e89-fe5c9d8b7aa5', 'Broccoli', 1, 'bundle');
INSERT INTO ingredients (id, recipe_id, name, quantity, unit) VALUES ('4c29b5d9-14ad-4733-8980-881b57852c09', 'ef906cfe-96d1-4f14-8e89-fe5c9d8b7aa5', 'Brown Rice', 3, 'cup');
INSERT INTO ingredients (id, recipe_id, name, quantity, unit) VALUES ('cf027b08-9435-44c6-8ef2-c272b048bcf7', 'ef906cfe-96d1-4f14-8e89-fe5c9d8b7aa5', 'Olive Oil', 2, 'tbsp');
INSERT INTO ingredients (id, recipe_id, name, quantity, unit) VALUES ('69527faf-9baa-4228-9886-0cbc4aafc7ce', 'ef906cfe-96d1-4f14-8e89-fe5c9d8b7aa5', 'Salt & Pepper', 1, 'pinch');
INSERT INTO ingredients (id, recipe_id, name, quantity, unit) VALUES ('a5d3c4b6-0ef2-4bc6-b710-0f913003fe8d', 'ef906cfe-96d1-4f14-8e89-fe5c9d8b7aa5', 'Garlic', 5, 'bundle');
INSERT INTO ingredients (id, recipe_id, name, quantity, unit) VALUES ('2370ae0e-e8ea-46bf-9e0c-b54acd542857', 'ef906cfe-96d1-4f14-8e89-fe5c9d8b7aa5', 'Spinach', 1, 'g');
INSERT INTO ingredients (id, recipe_id, name, quantity, unit) VALUES ('6afb65bf-f748-430e-9fa5-76365fe7bce5', 'ef906cfe-96d1-4f14-8e89-fe5c9d8b7aa5', 'Green Beans', 4, 'g');
INSERT INTO ingredients (id, recipe_id, name, quantity, unit) VALUES ('eb86ea78-89cf-4cd3-a357-a7284487aa1b', 'ef906cfe-96d1-4f14-8e89-fe5c9d8b7aa5', 'Lemon', 4, 'pinch');
INSERT INTO ingredients (id, recipe_id, name, quantity, unit) VALUES ('6d8ceaf2-a970-4f3f-afd1-84f66a192a54', 'ef906cfe-96d1-4f14-8e89-fe5c9d8b7aa5', 'Sweet Potatoes', 2, 'pinch');
INSERT INTO ingredients (id, recipe_id, name, quantity, unit) VALUES ('d69af41a-57ed-4be3-bd75-6a1a7fe0bb32', 'ef906cfe-96d1-4f14-8e89-fe5c9d8b7aa5', 'Ginger', 1, 'clove');
INSERT INTO ingredients (id, recipe_id, name, quantity, unit) VALUES ('bb18e189-95fc-44a6-9819-43a3cd755286', 'ef906cfe-96d1-4f14-8e89-fe5c9d8b7aa5', 'Zucchini', 1, 'lb');
INSERT INTO recipe_dietary_tags (recipe_id, tag_id) VALUES ('ef906cfe-96d1-4f14-8e89-fe5c9d8b7aa5', 3);
INSERT INTO recipe_dietary_tags (recipe_id, tag_id) VALUES ('ef906cfe-96d1-4f14-8e89-fe5c9d8b7aa5', 4);

INSERT INTO recipes (id, user_id, title, description, instructions, image_url, servings, source_url, source_name, is_archived) VALUES ('8289dae4-34df-4d52-a097-61b76aad6b8a', 'admin-user-id', 'Balsamic Glaze Air Fried Turkey Breast', 'A delicious and healthy Balsamic Glaze Air Fried Turkey Breast served with Green Beans and Mashed Cauliflower. Perfect for a quick weeknight dinner.', '1. Preheat oven to 400°F.
2. Season the Turkey Breast with Balsamic Glaze spices.
3. Arrange Green Beans and Zucchini on a baking sheet.
4. Air Fried for 20-25 minutes until cooked through.
5. Serve hot over Mashed Cauliflower.', 'https://images.unsplash.com/photo-1500000000324?auto=format&fit=crop&w=800&q=60', 5, 'https://www.tasteofhome.com', 'Taste of Home', 0);
INSERT INTO ingredients (id, recipe_id, name, quantity, unit) VALUES ('1d2daf65-2447-4c04-9868-8645135a4fb9', '8289dae4-34df-4d52-a097-61b76aad6b8a', 'Turkey Breast', 1, 'oz');
INSERT INTO ingredients (id, recipe_id, name, quantity, unit) VALUES ('5a172063-ac39-4981-9ebe-d668c0b00833', '8289dae4-34df-4d52-a097-61b76aad6b8a', 'Green Beans', 4, 'cup');
INSERT INTO ingredients (id, recipe_id, name, quantity, unit) VALUES ('fb1b79f1-b9e9-40f3-8cad-d23125b2bd93', '8289dae4-34df-4d52-a097-61b76aad6b8a', 'Mashed Cauliflower', 2, 'cup');
INSERT INTO ingredients (id, recipe_id, name, quantity, unit) VALUES ('d636b804-11db-421f-90e8-82be3d037152', '8289dae4-34df-4d52-a097-61b76aad6b8a', 'Olive Oil', 1, 'tbsp');
INSERT INTO ingredients (id, recipe_id, name, quantity, unit) VALUES ('de96c064-d626-4e3c-91d5-28eeab6fedf7', '8289dae4-34df-4d52-a097-61b76aad6b8a', 'Salt & Pepper', 1, 'pinch');
INSERT INTO ingredients (id, recipe_id, name, quantity, unit) VALUES ('f1ae32a1-f936-4d06-8e96-f18e8b3c6380', '8289dae4-34df-4d52-a097-61b76aad6b8a', 'Kale', 3, 'pinch');
INSERT INTO ingredients (id, recipe_id, name, quantity, unit) VALUES ('4de295b9-bdb8-425e-bb09-b52fd03d9ccd', '8289dae4-34df-4d52-a097-61b76aad6b8a', 'Carrots', 1, 'clove');
INSERT INTO ingredients (id, recipe_id, name, quantity, unit) VALUES ('4cf3385d-b4ac-4d6b-932c-ca052df359bd', '8289dae4-34df-4d52-a097-61b76aad6b8a', 'Ginger', 1, 'oz');
INSERT INTO ingredients (id, recipe_id, name, quantity, unit) VALUES ('30e09cf9-6092-4b4b-aedf-3dfa46af3411', '8289dae4-34df-4d52-a097-61b76aad6b8a', 'Onion', 5, 'oz');
INSERT INTO recipe_dietary_tags (recipe_id, tag_id) VALUES ('8289dae4-34df-4d52-a097-61b76aad6b8a', 4);
INSERT INTO recipe_dietary_tags (recipe_id, tag_id) VALUES ('8289dae4-34df-4d52-a097-61b76aad6b8a', 10);

INSERT INTO recipes (id, user_id, title, description, instructions, image_url, servings, source_url, source_name, is_archived) VALUES ('553f471a-721d-40f4-b497-376f8e464ec7', 'admin-user-id', 'Balsamic Glaze Steamed Chicken Breast', 'A delicious and healthy Balsamic Glaze Steamed Chicken Breast served with Green Beans and Wild Rice. Perfect for a quick weeknight dinner.', '1. Preheat oven to 400°F.
2. Season the Chicken Breast with Balsamic Glaze spices.
3. Arrange Green Beans and Bell Peppers on a baking sheet.
4. Steamed for 20-25 minutes until cooked through.
5. Serve hot over Wild Rice.', 'https://images.unsplash.com/photo-1500000000325?auto=format&fit=crop&w=800&q=60', 8, 'https://www.epicurious.com', 'Epicurious', 0);
INSERT INTO ingredients (id, recipe_id, name, quantity, unit) VALUES ('62240506-3c5c-4c6a-a1ce-28457d01b3db', '553f471a-721d-40f4-b497-376f8e464ec7', 'Chicken Breast', 1, 'lb');
INSERT INTO ingredients (id, recipe_id, name, quantity, unit) VALUES ('b91423f6-0885-4580-83c9-2d1d1aec1338', '553f471a-721d-40f4-b497-376f8e464ec7', 'Green Beans', 1, 'head');
INSERT INTO ingredients (id, recipe_id, name, quantity, unit) VALUES ('ca798a73-42b0-4736-a555-913f3cb99c8a', '553f471a-721d-40f4-b497-376f8e464ec7', 'Wild Rice', 1, 'cup');
INSERT INTO ingredients (id, recipe_id, name, quantity, unit) VALUES ('3b29e06b-25c9-40fe-b1dd-41835e5ceb26', '553f471a-721d-40f4-b497-376f8e464ec7', 'Olive Oil', 1, 'tbsp');
INSERT INTO ingredients (id, recipe_id, name, quantity, unit) VALUES ('687aace3-c68b-496b-a59a-c553b6758527', '553f471a-721d-40f4-b497-376f8e464ec7', 'Salt & Pepper', 1, 'pinch');
INSERT INTO ingredients (id, recipe_id, name, quantity, unit) VALUES ('1a8134c7-5d50-49c6-b681-40164d67f369', '553f471a-721d-40f4-b497-376f8e464ec7', 'Zucchini', 1, 'clove');
INSERT INTO ingredients (id, recipe_id, name, quantity, unit) VALUES ('26f47f76-fc97-49fd-8a05-8fda14837d96', '553f471a-721d-40f4-b497-376f8e464ec7', 'Garlic', 5, 'head');
INSERT INTO ingredients (id, recipe_id, name, quantity, unit) VALUES ('bfda5d80-0517-4ef3-8c1a-16f93d9bd678', '553f471a-721d-40f4-b497-376f8e464ec7', 'Lemon', 5, 'oz');
INSERT INTO ingredients (id, recipe_id, name, quantity, unit) VALUES ('d0919074-0656-4caf-823c-4434eb73e47f', '553f471a-721d-40f4-b497-376f8e464ec7', 'Bell Peppers', 3, 'clove');
INSERT INTO ingredients (id, recipe_id, name, quantity, unit) VALUES ('485e4646-3564-4282-8c7e-25e79b3d6d46', '553f471a-721d-40f4-b497-376f8e464ec7', 'Spinach', 4, 'tsp');
INSERT INTO recipe_dietary_tags (recipe_id, tag_id) VALUES ('553f471a-721d-40f4-b497-376f8e464ec7', 3);
INSERT INTO recipe_dietary_tags (recipe_id, tag_id) VALUES ('553f471a-721d-40f4-b497-376f8e464ec7', 5);
INSERT INTO recipe_dietary_tags (recipe_id, tag_id) VALUES ('553f471a-721d-40f4-b497-376f8e464ec7', 1);

INSERT INTO recipes (id, user_id, title, description, instructions, image_url, servings, source_url, source_name, is_archived) VALUES ('f78be17b-f784-4fc7-b641-45d34f67fedb', 'admin-user-id', 'Herbes de Provence Sautéed Cod', 'A delicious and healthy Herbes de Provence Sautéed Cod served with Brussels Sprouts and Quinoa. Perfect for a quick weeknight dinner.', '1. Preheat oven to 400°F.
2. Season the Cod with Herbes de Provence spices.
3. Arrange Brussels Sprouts and Brussels Sprouts on a baking sheet.
4. Sautéed for 20-25 minutes until cooked through.
5. Serve hot over Quinoa.', 'https://images.unsplash.com/photo-1500000000326?auto=format&fit=crop&w=800&q=60', 3, 'https://www.allrecipes.com', 'AllRecipes', 0);
INSERT INTO ingredients (id, recipe_id, name, quantity, unit) VALUES ('dd528c33-b3b0-4053-9090-f85d03aa8ba7', 'f78be17b-f784-4fc7-b641-45d34f67fedb', 'Cod', 2, 'oz');
INSERT INTO ingredients (id, recipe_id, name, quantity, unit) VALUES ('94501e7b-ae71-4b8d-aec7-2e7dd7f77f8f', 'f78be17b-f784-4fc7-b641-45d34f67fedb', 'Brussels Sprouts', 1, 'head');
INSERT INTO ingredients (id, recipe_id, name, quantity, unit) VALUES ('cec9b6c0-ea3e-476b-9eaa-07b744348c5e', 'f78be17b-f784-4fc7-b641-45d34f67fedb', 'Quinoa', 3, 'cup');
INSERT INTO ingredients (id, recipe_id, name, quantity, unit) VALUES ('2b9a36a9-9682-4ee8-8377-add353483a60', 'f78be17b-f784-4fc7-b641-45d34f67fedb', 'Olive Oil', 1, 'tbsp');
INSERT INTO ingredients (id, recipe_id, name, quantity, unit) VALUES ('201ab98d-93e2-4bd9-9f19-4510f00ac71a', 'f78be17b-f784-4fc7-b641-45d34f67fedb', 'Salt & Pepper', 1, 'pinch');
INSERT INTO ingredients (id, recipe_id, name, quantity, unit) VALUES ('c94d69be-6778-4915-ae77-b9dfa8f3b8b7', 'f78be17b-f784-4fc7-b641-45d34f67fedb', 'Garlic', 5, 'tsp');
INSERT INTO recipe_dietary_tags (recipe_id, tag_id) VALUES ('f78be17b-f784-4fc7-b641-45d34f67fedb', 1);

INSERT INTO recipes (id, user_id, title, description, instructions, image_url, servings, source_url, source_name, is_archived) VALUES ('a72fabfe-47fd-4eb7-9185-9eba0df6a430', 'admin-user-id', 'Pesto Grilled Eggs', 'A delicious and healthy Pesto Grilled Eggs served with Asparagus and Brown Rice. Perfect for a quick weeknight dinner.', '1. Preheat oven to 400°F.
2. Season the Eggs with Pesto spices.
3. Arrange Asparagus and Bell Peppers on a baking sheet.
4. Grilled for 20-25 minutes until cooked through.
5. Serve hot over Brown Rice.', 'https://images.unsplash.com/photo-1500000000327?auto=format&fit=crop&w=800&q=60', 2, 'https://www.bonappetit.com', 'Bon Appetit', 0);
INSERT INTO ingredients (id, recipe_id, name, quantity, unit) VALUES ('b17d76c8-e06c-45f4-a5b8-f1174acc76df', 'a72fabfe-47fd-4eb7-9185-9eba0df6a430', 'Eggs', 1, 'lb');
INSERT INTO ingredients (id, recipe_id, name, quantity, unit) VALUES ('fed828f8-0ad3-4ad4-bdf2-4742409b0396', 'a72fabfe-47fd-4eb7-9185-9eba0df6a430', 'Asparagus', 4, 'bundle');
INSERT INTO ingredients (id, recipe_id, name, quantity, unit) VALUES ('8b770364-a16c-4333-b3d7-348b66d7e4b7', 'a72fabfe-47fd-4eb7-9185-9eba0df6a430', 'Brown Rice', 1, 'cup');
INSERT INTO ingredients (id, recipe_id, name, quantity, unit) VALUES ('eb5fb791-ecfb-4119-9272-440e180f9720', 'a72fabfe-47fd-4eb7-9185-9eba0df6a430', 'Olive Oil', 2, 'tbsp');
INSERT INTO ingredients (id, recipe_id, name, quantity, unit) VALUES ('d51a78b1-2c6b-4bae-bc95-73744dda784e', 'a72fabfe-47fd-4eb7-9185-9eba0df6a430', 'Salt & Pepper', 1, 'pinch');
INSERT INTO ingredients (id, recipe_id, name, quantity, unit) VALUES ('a0cc63e8-000d-44a0-be72-768f1d740c06', 'a72fabfe-47fd-4eb7-9185-9eba0df6a430', 'Cauliflower', 2, 'g');
INSERT INTO recipe_dietary_tags (recipe_id, tag_id) VALUES ('a72fabfe-47fd-4eb7-9185-9eba0df6a430', 6);
INSERT INTO recipe_dietary_tags (recipe_id, tag_id) VALUES ('a72fabfe-47fd-4eb7-9185-9eba0df6a430', 9);
INSERT INTO recipe_dietary_tags (recipe_id, tag_id) VALUES ('a72fabfe-47fd-4eb7-9185-9eba0df6a430', 8);

INSERT INTO recipes (id, user_id, title, description, instructions, image_url, servings, source_url, source_name, is_archived) VALUES ('66d47c51-45ba-40a8-9900-8f17d8232a29', 'admin-user-id', 'Honey Sriracha Baked Salmon Fillet', 'A delicious and healthy Honey Sriracha Baked Salmon Fillet served with Kale and Wild Rice. Perfect for a quick weeknight dinner.', '1. Preheat oven to 400°F.
2. Season the Salmon Fillet with Honey Sriracha spices.
3. Arrange Kale and Brussels Sprouts on a baking sheet.
4. Baked for 20-25 minutes until cooked through.
5. Serve hot over Wild Rice.', 'https://images.unsplash.com/photo-1500000000328?auto=format&fit=crop&w=800&q=60', 2, 'https://www.tasteofhome.com', 'Taste of Home', 0);
INSERT INTO ingredients (id, recipe_id, name, quantity, unit) VALUES ('f36478a2-1ae4-4865-99d4-a63a8307fc75', '66d47c51-45ba-40a8-9900-8f17d8232a29', 'Salmon Fillet', 1, 'lb');
INSERT INTO ingredients (id, recipe_id, name, quantity, unit) VALUES ('05a43e66-1c81-45e3-b6eb-8629d359fec8', '66d47c51-45ba-40a8-9900-8f17d8232a29', 'Kale', 3, 'cup');
INSERT INTO ingredients (id, recipe_id, name, quantity, unit) VALUES ('195170a9-acd2-4815-8d8c-4623394f4cbe', '66d47c51-45ba-40a8-9900-8f17d8232a29', 'Wild Rice', 3, 'cup');
INSERT INTO ingredients (id, recipe_id, name, quantity, unit) VALUES ('16166bc5-4d6c-4243-863b-c2f9eb84f743', '66d47c51-45ba-40a8-9900-8f17d8232a29', 'Olive Oil', 1, 'tbsp');
INSERT INTO ingredients (id, recipe_id, name, quantity, unit) VALUES ('f21fdf9d-6cf4-48ad-a1ab-6cff1f63db23', '66d47c51-45ba-40a8-9900-8f17d8232a29', 'Salt & Pepper', 1, 'pinch');
INSERT INTO ingredients (id, recipe_id, name, quantity, unit) VALUES ('20e5f1e5-466e-4db6-b0f9-cf7dd75b2bb9', '66d47c51-45ba-40a8-9900-8f17d8232a29', 'Onion', 3, 'cup');
INSERT INTO ingredients (id, recipe_id, name, quantity, unit) VALUES ('7e0e0eb1-e759-49d7-a113-b1cea8c361c4', '66d47c51-45ba-40a8-9900-8f17d8232a29', 'Green Beans', 5, 'ml');
INSERT INTO ingredients (id, recipe_id, name, quantity, unit) VALUES ('9a506605-88ae-49bc-9a80-04b5b88f9b09', '66d47c51-45ba-40a8-9900-8f17d8232a29', 'Onion', 3, 'g');
INSERT INTO recipe_dietary_tags (recipe_id, tag_id) VALUES ('66d47c51-45ba-40a8-9900-8f17d8232a29', 5);

INSERT INTO recipes (id, user_id, title, description, instructions, image_url, servings, source_url, source_name, is_archived) VALUES ('bcd19e02-ca7d-4db2-a99c-d6fc47b20b7d', 'admin-user-id', 'Miso Ginger Steamed Lentils', 'A delicious and healthy Miso Ginger Steamed Lentils served with Kale and Cauliflower Rice. Perfect for a quick weeknight dinner.', '1. Preheat oven to 400°F.
2. Season the Lentils with Miso Ginger spices.
3. Arrange Kale and Asparagus on a baking sheet.
4. Steamed for 20-25 minutes until cooked through.
5. Serve hot over Cauliflower Rice.', 'https://images.unsplash.com/photo-1500000000329?auto=format&fit=crop&w=800&q=60', 2, 'https://www.tasteofhome.com', 'Taste of Home', 0);
INSERT INTO ingredients (id, recipe_id, name, quantity, unit) VALUES ('f11aeb3a-4ea8-42a6-9b38-6e100385bc31', 'bcd19e02-ca7d-4db2-a99c-d6fc47b20b7d', 'Lentils', 1, 'lb');
INSERT INTO ingredients (id, recipe_id, name, quantity, unit) VALUES ('d0eba08e-b72f-41d2-b445-1326cce4b3ca', 'bcd19e02-ca7d-4db2-a99c-d6fc47b20b7d', 'Kale', 3, 'cup');
INSERT INTO ingredients (id, recipe_id, name, quantity, unit) VALUES ('e6b57b4b-843d-4212-a486-ec4a37e8ce0b', 'bcd19e02-ca7d-4db2-a99c-d6fc47b20b7d', 'Cauliflower Rice', 3, 'cup');
INSERT INTO ingredients (id, recipe_id, name, quantity, unit) VALUES ('446f8420-eceb-4e01-8b94-2209b0efab9e', 'bcd19e02-ca7d-4db2-a99c-d6fc47b20b7d', 'Olive Oil', 3, 'tbsp');
INSERT INTO ingredients (id, recipe_id, name, quantity, unit) VALUES ('e56c0cd2-2ada-4c93-ad49-96dab120415d', 'bcd19e02-ca7d-4db2-a99c-d6fc47b20b7d', 'Salt & Pepper', 1, 'pinch');
INSERT INTO recipe_dietary_tags (recipe_id, tag_id) VALUES ('bcd19e02-ca7d-4db2-a99c-d6fc47b20b7d', 4);
INSERT INTO recipe_dietary_tags (recipe_id, tag_id) VALUES ('bcd19e02-ca7d-4db2-a99c-d6fc47b20b7d', 1);
INSERT INTO recipe_dietary_tags (recipe_id, tag_id) VALUES ('bcd19e02-ca7d-4db2-a99c-d6fc47b20b7d', 10);

INSERT INTO recipes (id, user_id, title, description, instructions, image_url, servings, source_url, source_name, is_archived) VALUES ('79affee9-5bd1-43a1-bccf-7a66ab80e0b9', 'admin-user-id', 'Cajun Sautéed Chicken Breast', 'A delicious and healthy Cajun Sautéed Chicken Breast served with Brussels Sprouts and Lentil Pasta. Perfect for a quick weeknight dinner.', '1. Preheat oven to 400°F.
2. Season the Chicken Breast with Cajun spices.
3. Arrange Brussels Sprouts and Broccoli on a baking sheet.
4. Sautéed for 20-25 minutes until cooked through.
5. Serve hot over Lentil Pasta.', 'https://images.unsplash.com/photo-1500000000330?auto=format&fit=crop&w=800&q=60', 4, 'https://www.bonappetit.com', 'Bon Appetit', 0);
INSERT INTO ingredients (id, recipe_id, name, quantity, unit) VALUES ('d652e754-e9f7-4586-b757-8650401d7883', '79affee9-5bd1-43a1-bccf-7a66ab80e0b9', 'Chicken Breast', 1, 'oz');
INSERT INTO ingredients (id, recipe_id, name, quantity, unit) VALUES ('cf4fd9bc-5e14-4bfe-9da4-bafb0ed09396', '79affee9-5bd1-43a1-bccf-7a66ab80e0b9', 'Brussels Sprouts', 2, 'bundle');
INSERT INTO ingredients (id, recipe_id, name, quantity, unit) VALUES ('3b7dca8c-003b-471f-8132-ceb89cf53ff3', '79affee9-5bd1-43a1-bccf-7a66ab80e0b9', 'Lentil Pasta', 3, 'cup');
INSERT INTO ingredients (id, recipe_id, name, quantity, unit) VALUES ('adf630e0-6ba8-4918-bc0e-b2a6fd1e1129', '79affee9-5bd1-43a1-bccf-7a66ab80e0b9', 'Olive Oil', 1, 'tbsp');
INSERT INTO ingredients (id, recipe_id, name, quantity, unit) VALUES ('ab2cbe29-65c1-4dd8-8d2d-e16d1f37951f', '79affee9-5bd1-43a1-bccf-7a66ab80e0b9', 'Salt & Pepper', 1, 'pinch');
INSERT INTO recipe_dietary_tags (recipe_id, tag_id) VALUES ('79affee9-5bd1-43a1-bccf-7a66ab80e0b9', 6);

INSERT INTO recipes (id, user_id, title, description, instructions, image_url, servings, source_url, source_name, is_archived) VALUES ('9eaf3987-9ad1-4b2b-9658-d2e64397f065', 'admin-user-id', 'Curry Baked Salmon Fillet', 'A delicious and healthy Curry Baked Salmon Fillet served with Brussels Sprouts and Roasted Potatoes. Perfect for a quick weeknight dinner.', '1. Preheat oven to 400°F.
2. Season the Salmon Fillet with Curry spices.
3. Arrange Brussels Sprouts and Zucchini on a baking sheet.
4. Baked for 20-25 minutes until cooked through.
5. Serve hot over Roasted Potatoes.', 'https://images.unsplash.com/photo-1500000000331?auto=format&fit=crop&w=800&q=60', 5, 'https://www.foodnetwork.com', 'Food Network', 0);
INSERT INTO ingredients (id, recipe_id, name, quantity, unit) VALUES ('41783638-0ba3-48fb-8d03-de62176ca83b', '9eaf3987-9ad1-4b2b-9658-d2e64397f065', 'Salmon Fillet', 1, 'oz');
INSERT INTO ingredients (id, recipe_id, name, quantity, unit) VALUES ('164d1079-cd32-4152-be78-bafeb83f9694', '9eaf3987-9ad1-4b2b-9658-d2e64397f065', 'Brussels Sprouts', 2, 'cup');
INSERT INTO ingredients (id, recipe_id, name, quantity, unit) VALUES ('8d05a48c-36e8-40f8-9bc8-4a4b5471431f', '9eaf3987-9ad1-4b2b-9658-d2e64397f065', 'Roasted Potatoes', 1, 'cup');
INSERT INTO ingredients (id, recipe_id, name, quantity, unit) VALUES ('8fe9d7a7-8b2e-42fc-9b24-0a9513d25f6e', '9eaf3987-9ad1-4b2b-9658-d2e64397f065', 'Olive Oil', 3, 'tbsp');
INSERT INTO ingredients (id, recipe_id, name, quantity, unit) VALUES ('b6f7b916-0c34-4492-a90e-0b5cd979a3da', '9eaf3987-9ad1-4b2b-9658-d2e64397f065', 'Salt & Pepper', 1, 'pinch');
INSERT INTO recipe_dietary_tags (recipe_id, tag_id) VALUES ('9eaf3987-9ad1-4b2b-9658-d2e64397f065', 3);
INSERT INTO recipe_dietary_tags (recipe_id, tag_id) VALUES ('9eaf3987-9ad1-4b2b-9658-d2e64397f065', 1);

INSERT INTO recipes (id, user_id, title, description, instructions, image_url, servings, source_url, source_name, is_archived) VALUES ('5d2390ba-6c7f-4522-afe0-6893c10c4f26', 'admin-user-id', 'Smoky BBQ Sautéed Steak', 'A delicious and healthy Smoky BBQ Sautéed Steak served with Cauliflower and Cauliflower Rice. Perfect for a quick weeknight dinner.', '1. Preheat oven to 400°F.
2. Season the Steak with Smoky BBQ spices.
3. Arrange Cauliflower and Cauliflower on a baking sheet.
4. Sautéed for 20-25 minutes until cooked through.
5. Serve hot over Cauliflower Rice.', 'https://images.unsplash.com/photo-1500000000332?auto=format&fit=crop&w=800&q=60', 6, 'https://www.tasteofhome.com', 'Taste of Home', 0);
INSERT INTO ingredients (id, recipe_id, name, quantity, unit) VALUES ('ce0e402c-e37f-4dfa-b80c-ede4cf98ad43', '5d2390ba-6c7f-4522-afe0-6893c10c4f26', 'Steak', 1, 'lb');
INSERT INTO ingredients (id, recipe_id, name, quantity, unit) VALUES ('f6710ca8-6774-49ca-a62a-0cec94a1b06c', '5d2390ba-6c7f-4522-afe0-6893c10c4f26', 'Cauliflower', 1, 'cup');
INSERT INTO ingredients (id, recipe_id, name, quantity, unit) VALUES ('77e3988e-c2bd-4325-82b2-48236600d4f0', '5d2390ba-6c7f-4522-afe0-6893c10c4f26', 'Cauliflower Rice', 2, 'cup');
INSERT INTO ingredients (id, recipe_id, name, quantity, unit) VALUES ('a3f47e23-d218-4998-b7a4-41191b1f86b2', '5d2390ba-6c7f-4522-afe0-6893c10c4f26', 'Olive Oil', 2, 'tbsp');
INSERT INTO ingredients (id, recipe_id, name, quantity, unit) VALUES ('3853ae8b-3398-4f83-ae51-32626f880658', '5d2390ba-6c7f-4522-afe0-6893c10c4f26', 'Salt & Pepper', 1, 'pinch');
INSERT INTO recipe_dietary_tags (recipe_id, tag_id) VALUES ('5d2390ba-6c7f-4522-afe0-6893c10c4f26', 5);
INSERT INTO recipe_dietary_tags (recipe_id, tag_id) VALUES ('5d2390ba-6c7f-4522-afe0-6893c10c4f26', 4);
INSERT INTO recipe_dietary_tags (recipe_id, tag_id) VALUES ('5d2390ba-6c7f-4522-afe0-6893c10c4f26', 7);

INSERT INTO recipes (id, user_id, title, description, instructions, image_url, servings, source_url, source_name, is_archived) VALUES ('af1ba608-bbb7-4b7e-ad6b-e1b3ccfe58f6', 'admin-user-id', 'Herbes de Provence Air Fried Pork Loin', 'A delicious and healthy Herbes de Provence Air Fried Pork Loin served with Green Beans and Zucchini Noodles. Perfect for a quick weeknight dinner.', '1. Preheat oven to 400°F.
2. Season the Pork Loin with Herbes de Provence spices.
3. Arrange Green Beans and Bell Peppers on a baking sheet.
4. Air Fried for 20-25 minutes until cooked through.
5. Serve hot over Zucchini Noodles.', 'https://images.unsplash.com/photo-1500000000333?auto=format&fit=crop&w=800&q=60', 3, 'https://www.tasteofhome.com', 'Taste of Home', 0);
INSERT INTO ingredients (id, recipe_id, name, quantity, unit) VALUES ('b01abf2f-b2bc-467b-ba2f-d3cca479a557', 'af1ba608-bbb7-4b7e-ad6b-e1b3ccfe58f6', 'Pork Loin', 1, 'lb');
INSERT INTO ingredients (id, recipe_id, name, quantity, unit) VALUES ('1a338fd1-8212-4276-9ec8-f2dfabd8a1b6', 'af1ba608-bbb7-4b7e-ad6b-e1b3ccfe58f6', 'Green Beans', 4, 'bundle');
INSERT INTO ingredients (id, recipe_id, name, quantity, unit) VALUES ('f5e46c8d-d1e8-4fc4-a491-5564b3f9cd52', 'af1ba608-bbb7-4b7e-ad6b-e1b3ccfe58f6', 'Zucchini Noodles', 3, 'cup');
INSERT INTO ingredients (id, recipe_id, name, quantity, unit) VALUES ('3cc4538a-a79a-4f65-9c29-2748d375fb3c', 'af1ba608-bbb7-4b7e-ad6b-e1b3ccfe58f6', 'Olive Oil', 1, 'tbsp');
INSERT INTO ingredients (id, recipe_id, name, quantity, unit) VALUES ('06079f63-ea58-465d-ae12-101e25aa3fed', 'af1ba608-bbb7-4b7e-ad6b-e1b3ccfe58f6', 'Salt & Pepper', 1, 'pinch');
INSERT INTO recipe_dietary_tags (recipe_id, tag_id) VALUES ('af1ba608-bbb7-4b7e-ad6b-e1b3ccfe58f6', 2);
INSERT INTO recipe_dietary_tags (recipe_id, tag_id) VALUES ('af1ba608-bbb7-4b7e-ad6b-e1b3ccfe58f6', 7);

INSERT INTO recipes (id, user_id, title, description, instructions, image_url, servings, source_url, source_name, is_archived) VALUES ('18f4d853-b74e-444c-8234-c50b4a615106', 'admin-user-id', 'Taco Seasoned Sautéed Shrimp', 'A delicious and healthy Taco Seasoned Sautéed Shrimp served with Brussels Sprouts and Brown Rice. Perfect for a quick weeknight dinner.', '1. Preheat oven to 400°F.
2. Season the Shrimp with Taco Seasoned spices.
3. Arrange Brussels Sprouts and Bell Peppers on a baking sheet.
4. Sautéed for 20-25 minutes until cooked through.
5. Serve hot over Brown Rice.', 'https://images.unsplash.com/photo-1500000000334?auto=format&fit=crop&w=800&q=60', 7, 'https://www.epicurious.com', 'Epicurious', 0);
INSERT INTO ingredients (id, recipe_id, name, quantity, unit) VALUES ('d9164e7d-ae59-4d89-b993-c2c365f9a7fc', '18f4d853-b74e-444c-8234-c50b4a615106', 'Shrimp', 2, 'oz');
INSERT INTO ingredients (id, recipe_id, name, quantity, unit) VALUES ('120bb7c2-12b0-4e34-9434-7e19d8168e56', '18f4d853-b74e-444c-8234-c50b4a615106', 'Brussels Sprouts', 4, 'cup');
INSERT INTO ingredients (id, recipe_id, name, quantity, unit) VALUES ('e6686cf1-eee0-4ffc-a391-8da257c100ed', '18f4d853-b74e-444c-8234-c50b4a615106', 'Brown Rice', 1, 'cup');
INSERT INTO ingredients (id, recipe_id, name, quantity, unit) VALUES ('c7b171d9-dbc8-49e9-8d9c-22f1114ea038', '18f4d853-b74e-444c-8234-c50b4a615106', 'Olive Oil', 2, 'tbsp');
INSERT INTO ingredients (id, recipe_id, name, quantity, unit) VALUES ('ca652f2c-ac5c-4e96-9e8d-31dfce68d0aa', '18f4d853-b74e-444c-8234-c50b4a615106', 'Salt & Pepper', 1, 'pinch');
INSERT INTO ingredients (id, recipe_id, name, quantity, unit) VALUES ('6116162f-7730-462a-bbd1-cd9ad93aa9d5', '18f4d853-b74e-444c-8234-c50b4a615106', 'Brussels Sprouts', 4, 'cup');
INSERT INTO ingredients (id, recipe_id, name, quantity, unit) VALUES ('34eff210-3352-47c4-9c15-6e3dfc2cc0ab', '18f4d853-b74e-444c-8234-c50b4a615106', 'Zucchini', 1, 'pinch');
INSERT INTO ingredients (id, recipe_id, name, quantity, unit) VALUES ('fe2b194a-e0b5-4b87-ad8f-42038bc89593', '18f4d853-b74e-444c-8234-c50b4a615106', 'Butter', 2, 'pinch');
INSERT INTO ingredients (id, recipe_id, name, quantity, unit) VALUES ('329d7045-baa8-4363-8d0c-662d0d13d284', '18f4d853-b74e-444c-8234-c50b4a615106', 'Ginger', 5, 'cup');
INSERT INTO ingredients (id, recipe_id, name, quantity, unit) VALUES ('15bb3424-ab46-44f0-ba7f-972a87e4e555', '18f4d853-b74e-444c-8234-c50b4a615106', 'Butter', 3, 'head');
INSERT INTO ingredients (id, recipe_id, name, quantity, unit) VALUES ('2e72d073-9da9-4434-bfc4-9c913c268f78', '18f4d853-b74e-444c-8234-c50b4a615106', 'Carrots', 2, 'tbsp');
INSERT INTO recipe_dietary_tags (recipe_id, tag_id) VALUES ('18f4d853-b74e-444c-8234-c50b4a615106', 3);
INSERT INTO recipe_dietary_tags (recipe_id, tag_id) VALUES ('18f4d853-b74e-444c-8234-c50b4a615106', 2);

INSERT INTO recipes (id, user_id, title, description, instructions, image_url, servings, source_url, source_name, is_archived) VALUES ('ffe595c2-be9a-445b-8036-dba8c925173f', 'admin-user-id', 'Smoky BBQ Roasted Shrimp', 'A delicious and healthy Smoky BBQ Roasted Shrimp served with Cauliflower and Mashed Cauliflower. Perfect for a quick weeknight dinner.', '1. Preheat oven to 400°F.
2. Season the Shrimp with Smoky BBQ spices.
3. Arrange Cauliflower and Kale on a baking sheet.
4. Roasted for 20-25 minutes until cooked through.
5. Serve hot over Mashed Cauliflower.', 'https://images.unsplash.com/photo-1500000000335?auto=format&fit=crop&w=800&q=60', 8, 'https://www.tasteofhome.com', 'Taste of Home', 0);
INSERT INTO ingredients (id, recipe_id, name, quantity, unit) VALUES ('a117c125-2c02-43dd-af92-fe4b3770b682', 'ffe595c2-be9a-445b-8036-dba8c925173f', 'Shrimp', 1, 'lb');
INSERT INTO ingredients (id, recipe_id, name, quantity, unit) VALUES ('ff8b3f5e-2157-4285-a9dd-a64d5ef1b4f2', 'ffe595c2-be9a-445b-8036-dba8c925173f', 'Cauliflower', 4, 'cup');
INSERT INTO ingredients (id, recipe_id, name, quantity, unit) VALUES ('9ccb7a30-215a-4a4f-9e35-8ade6b528372', 'ffe595c2-be9a-445b-8036-dba8c925173f', 'Mashed Cauliflower', 2, 'cup');
INSERT INTO ingredients (id, recipe_id, name, quantity, unit) VALUES ('ea64dbc4-db01-4e20-bd09-953059c6b38d', 'ffe595c2-be9a-445b-8036-dba8c925173f', 'Olive Oil', 3, 'tbsp');
INSERT INTO ingredients (id, recipe_id, name, quantity, unit) VALUES ('dad74890-a7fe-41e7-8733-c8d7e05327a9', 'ffe595c2-be9a-445b-8036-dba8c925173f', 'Salt & Pepper', 1, 'pinch');
INSERT INTO ingredients (id, recipe_id, name, quantity, unit) VALUES ('1e025c8a-d3d1-42c2-8cb1-64c9bc94923f', 'ffe595c2-be9a-445b-8036-dba8c925173f', 'Ginger', 1, 'clove');
INSERT INTO ingredients (id, recipe_id, name, quantity, unit) VALUES ('459e7d52-6821-4e11-812f-142cc40812ba', 'ffe595c2-be9a-445b-8036-dba8c925173f', 'Kale', 4, 'cup');
INSERT INTO ingredients (id, recipe_id, name, quantity, unit) VALUES ('149273d2-3ee6-478e-8907-4fedecff95cd', 'ffe595c2-be9a-445b-8036-dba8c925173f', 'Onion', 5, 'lb');
INSERT INTO recipe_dietary_tags (recipe_id, tag_id) VALUES ('ffe595c2-be9a-445b-8036-dba8c925173f', 5);
INSERT INTO recipe_dietary_tags (recipe_id, tag_id) VALUES ('ffe595c2-be9a-445b-8036-dba8c925173f', 2);
INSERT INTO recipe_dietary_tags (recipe_id, tag_id) VALUES ('ffe595c2-be9a-445b-8036-dba8c925173f', 3);

INSERT INTO recipes (id, user_id, title, description, instructions, image_url, servings, source_url, source_name, is_archived) VALUES ('3f821984-b788-465b-9bdf-9479f95934f4', 'admin-user-id', 'Cajun Air Fried Lamb Chops', 'A delicious and healthy Cajun Air Fried Lamb Chops served with Bell Peppers and Mashed Cauliflower. Perfect for a quick weeknight dinner.', '1. Preheat oven to 400°F.
2. Season the Lamb Chops with Cajun spices.
3. Arrange Bell Peppers and Green Beans on a baking sheet.
4. Air Fried for 20-25 minutes until cooked through.
5. Serve hot over Mashed Cauliflower.', 'https://images.unsplash.com/photo-1500000000336?auto=format&fit=crop&w=800&q=60', 6, 'https://www.epicurious.com', 'Epicurious', 0);
INSERT INTO ingredients (id, recipe_id, name, quantity, unit) VALUES ('2f326572-45a2-41b3-b691-106352dd3163', '3f821984-b788-465b-9bdf-9479f95934f4', 'Lamb Chops', 2, 'oz');
INSERT INTO ingredients (id, recipe_id, name, quantity, unit) VALUES ('320aa67c-f75f-4462-ba0d-07b1b42f1b51', '3f821984-b788-465b-9bdf-9479f95934f4', 'Bell Peppers', 4, 'cup');
INSERT INTO ingredients (id, recipe_id, name, quantity, unit) VALUES ('42dfc27e-bd55-4a19-b1f6-a6c8c597b93e', '3f821984-b788-465b-9bdf-9479f95934f4', 'Mashed Cauliflower', 3, 'cup');
INSERT INTO ingredients (id, recipe_id, name, quantity, unit) VALUES ('7e817baa-ec2f-472d-8434-397ca6237e11', '3f821984-b788-465b-9bdf-9479f95934f4', 'Olive Oil', 2, 'tbsp');
INSERT INTO ingredients (id, recipe_id, name, quantity, unit) VALUES ('eea45fcb-50ee-4dce-887d-00add661fc80', '3f821984-b788-465b-9bdf-9479f95934f4', 'Salt & Pepper', 1, 'pinch');
INSERT INTO ingredients (id, recipe_id, name, quantity, unit) VALUES ('e5f6ab16-a0da-4b89-8fb3-a785dc153c3a', '3f821984-b788-465b-9bdf-9479f95934f4', 'Green Beans', 2, 'pinch');
INSERT INTO ingredients (id, recipe_id, name, quantity, unit) VALUES ('3b916b3f-e779-48e1-b3e9-8fb034a86bf4', '3f821984-b788-465b-9bdf-9479f95934f4', 'Zucchini', 3, 'clove');
INSERT INTO ingredients (id, recipe_id, name, quantity, unit) VALUES ('cc4e5bed-a1f7-474c-891b-5980e7ec1682', '3f821984-b788-465b-9bdf-9479f95934f4', 'Sweet Potatoes', 5, 'cup');
INSERT INTO ingredients (id, recipe_id, name, quantity, unit) VALUES ('c311ac98-4922-4731-b0b1-f263a4728d45', '3f821984-b788-465b-9bdf-9479f95934f4', 'Green Beans', 1, 'head');
INSERT INTO recipe_dietary_tags (recipe_id, tag_id) VALUES ('3f821984-b788-465b-9bdf-9479f95934f4', 6);

INSERT INTO recipes (id, user_id, title, description, instructions, image_url, servings, source_url, source_name, is_archived) VALUES ('8bf3dec3-d7b3-4089-a6e2-7ec8050caf04', 'admin-user-id', 'Lemon Garlic Air Fried Lamb Chops', 'A delicious and healthy Lemon Garlic Air Fried Lamb Chops served with Brussels Sprouts and Cauliflower Rice. Perfect for a quick weeknight dinner.', '1. Preheat oven to 400°F.
2. Season the Lamb Chops with Lemon Garlic spices.
3. Arrange Brussels Sprouts and Zucchini on a baking sheet.
4. Air Fried for 20-25 minutes until cooked through.
5. Serve hot over Cauliflower Rice.', 'https://images.unsplash.com/photo-1500000000337?auto=format&fit=crop&w=800&q=60', 2, 'https://www.bonappetit.com', 'Bon Appetit', 0);
INSERT INTO ingredients (id, recipe_id, name, quantity, unit) VALUES ('c7f29b09-e649-4b46-b37f-aa47a64e36a9', '8bf3dec3-d7b3-4089-a6e2-7ec8050caf04', 'Lamb Chops', 1, 'oz');
INSERT INTO ingredients (id, recipe_id, name, quantity, unit) VALUES ('d8dce97d-05c0-4b3d-9590-2d6878749fb8', '8bf3dec3-d7b3-4089-a6e2-7ec8050caf04', 'Brussels Sprouts', 1, 'head');
INSERT INTO ingredients (id, recipe_id, name, quantity, unit) VALUES ('388afccc-5020-408f-96ee-cde4bb636ee2', '8bf3dec3-d7b3-4089-a6e2-7ec8050caf04', 'Cauliflower Rice', 3, 'cup');
INSERT INTO ingredients (id, recipe_id, name, quantity, unit) VALUES ('4a5e9bcf-1b3e-4427-a56f-1a131a7da7b1', '8bf3dec3-d7b3-4089-a6e2-7ec8050caf04', 'Olive Oil', 1, 'tbsp');
INSERT INTO ingredients (id, recipe_id, name, quantity, unit) VALUES ('04137f5f-b19b-4d4c-8026-2887a61ee68c', '8bf3dec3-d7b3-4089-a6e2-7ec8050caf04', 'Salt & Pepper', 1, 'pinch');
INSERT INTO ingredients (id, recipe_id, name, quantity, unit) VALUES ('b16e5031-e410-4b0f-8236-34776aaa7c77', '8bf3dec3-d7b3-4089-a6e2-7ec8050caf04', 'Butter', 3, 'oz');
INSERT INTO ingredients (id, recipe_id, name, quantity, unit) VALUES ('a38bc6ba-4054-4909-8397-8dd10bd567e6', '8bf3dec3-d7b3-4089-a6e2-7ec8050caf04', 'Carrots', 4, 'tbsp');
INSERT INTO recipe_dietary_tags (recipe_id, tag_id) VALUES ('8bf3dec3-d7b3-4089-a6e2-7ec8050caf04', 10);
INSERT INTO recipe_dietary_tags (recipe_id, tag_id) VALUES ('8bf3dec3-d7b3-4089-a6e2-7ec8050caf04', 2);

INSERT INTO recipes (id, user_id, title, description, instructions, image_url, servings, source_url, source_name, is_archived) VALUES ('f2c075ed-3f87-417a-a0d3-eb9cc0581893', 'admin-user-id', 'Lemon Garlic Pan-Seared Ground Beef', 'A delicious and healthy Lemon Garlic Pan-Seared Ground Beef served with Sweet Potatoes and Couscous. Perfect for a quick weeknight dinner.', '1. Preheat oven to 400°F.
2. Season the Ground Beef with Lemon Garlic spices.
3. Arrange Sweet Potatoes and Spinach on a baking sheet.
4. Pan-Seared for 20-25 minutes until cooked through.
5. Serve hot over Couscous.', 'https://images.unsplash.com/photo-1500000000338?auto=format&fit=crop&w=800&q=60', 4, 'https://www.foodnetwork.com', 'Food Network', 0);
INSERT INTO ingredients (id, recipe_id, name, quantity, unit) VALUES ('d425fc35-e1ad-4369-adb7-652ac042db0c', 'f2c075ed-3f87-417a-a0d3-eb9cc0581893', 'Ground Beef', 2, 'lb');
INSERT INTO ingredients (id, recipe_id, name, quantity, unit) VALUES ('73beb3cd-76dc-46e3-8aa0-b7a8404de033', 'f2c075ed-3f87-417a-a0d3-eb9cc0581893', 'Sweet Potatoes', 3, 'bundle');
INSERT INTO ingredients (id, recipe_id, name, quantity, unit) VALUES ('177811bb-a9c8-42d3-a99d-4461251f0a4c', 'f2c075ed-3f87-417a-a0d3-eb9cc0581893', 'Couscous', 1, 'cup');
INSERT INTO ingredients (id, recipe_id, name, quantity, unit) VALUES ('b00b2c5d-761c-4014-ab21-006f00bf137e', 'f2c075ed-3f87-417a-a0d3-eb9cc0581893', 'Olive Oil', 3, 'tbsp');
INSERT INTO ingredients (id, recipe_id, name, quantity, unit) VALUES ('4b3d00d2-0a16-49e6-834b-f8cfdb0af868', 'f2c075ed-3f87-417a-a0d3-eb9cc0581893', 'Salt & Pepper', 1, 'pinch');
INSERT INTO ingredients (id, recipe_id, name, quantity, unit) VALUES ('c41aebee-59e2-4359-a170-6a914016976e', 'f2c075ed-3f87-417a-a0d3-eb9cc0581893', 'Butter', 2, 'head');
INSERT INTO ingredients (id, recipe_id, name, quantity, unit) VALUES ('017bac73-73b7-4b3a-bf9d-c8a879590374', 'f2c075ed-3f87-417a-a0d3-eb9cc0581893', 'Spinach', 5, 'oz');
INSERT INTO ingredients (id, recipe_id, name, quantity, unit) VALUES ('c606b029-0dab-4a74-9f35-3f48a1e1df9a', 'f2c075ed-3f87-417a-a0d3-eb9cc0581893', 'Broccoli', 2, 'cup');
INSERT INTO ingredients (id, recipe_id, name, quantity, unit) VALUES ('b292fe7f-4380-4945-b3ce-cc7e2da50de5', 'f2c075ed-3f87-417a-a0d3-eb9cc0581893', 'Lemon', 4, 'bundle');
INSERT INTO ingredients (id, recipe_id, name, quantity, unit) VALUES ('58a11804-e1bd-4ee6-877d-82cdb7599bc9', 'f2c075ed-3f87-417a-a0d3-eb9cc0581893', 'Garlic', 1, 'head');
INSERT INTO ingredients (id, recipe_id, name, quantity, unit) VALUES ('1a824466-3126-4631-aa03-a4feadfce706', 'f2c075ed-3f87-417a-a0d3-eb9cc0581893', 'Bell Peppers', 3, 'head');
INSERT INTO recipe_dietary_tags (recipe_id, tag_id) VALUES ('f2c075ed-3f87-417a-a0d3-eb9cc0581893', 2);

INSERT INTO recipes (id, user_id, title, description, instructions, image_url, servings, source_url, source_name, is_archived) VALUES ('e2b994fb-ac7f-4241-9b1f-9a881c63006d', 'admin-user-id', 'Curry Pan-Seared Lamb Chops', 'A delicious and healthy Curry Pan-Seared Lamb Chops served with Asparagus and Brown Rice. Perfect for a quick weeknight dinner.', '1. Preheat oven to 400°F.
2. Season the Lamb Chops with Curry spices.
3. Arrange Asparagus and Zucchini on a baking sheet.
4. Pan-Seared for 20-25 minutes until cooked through.
5. Serve hot over Brown Rice.', 'https://images.unsplash.com/photo-1500000000339?auto=format&fit=crop&w=800&q=60', 5, 'https://www.epicurious.com', 'Epicurious', 0);
INSERT INTO ingredients (id, recipe_id, name, quantity, unit) VALUES ('bef36062-6507-4e4a-bddb-431eaf0b0214', 'e2b994fb-ac7f-4241-9b1f-9a881c63006d', 'Lamb Chops', 2, 'oz');
INSERT INTO ingredients (id, recipe_id, name, quantity, unit) VALUES ('927d71fb-a899-4de6-8af6-20efc78f1e33', 'e2b994fb-ac7f-4241-9b1f-9a881c63006d', 'Asparagus', 3, 'head');
INSERT INTO ingredients (id, recipe_id, name, quantity, unit) VALUES ('e81e971b-d776-4231-bf00-5a5eb4d6d4a0', 'e2b994fb-ac7f-4241-9b1f-9a881c63006d', 'Brown Rice', 3, 'cup');
INSERT INTO ingredients (id, recipe_id, name, quantity, unit) VALUES ('e8dd1314-fd0c-4734-9ee7-9d737484e579', 'e2b994fb-ac7f-4241-9b1f-9a881c63006d', 'Olive Oil', 3, 'tbsp');
INSERT INTO ingredients (id, recipe_id, name, quantity, unit) VALUES ('e73d7536-bfbe-4526-bfaf-3acaf84a471b', 'e2b994fb-ac7f-4241-9b1f-9a881c63006d', 'Salt & Pepper', 1, 'pinch');
INSERT INTO ingredients (id, recipe_id, name, quantity, unit) VALUES ('cd1f628e-2342-4f7e-8f35-fe4c47db1de0', 'e2b994fb-ac7f-4241-9b1f-9a881c63006d', 'Asparagus', 3, 'cup');
INSERT INTO ingredients (id, recipe_id, name, quantity, unit) VALUES ('ef9fa2b4-c778-42f2-9122-6e7486044544', 'e2b994fb-ac7f-4241-9b1f-9a881c63006d', 'Carrots', 2, 'head');
INSERT INTO ingredients (id, recipe_id, name, quantity, unit) VALUES ('26c5306f-d63e-4bc9-809a-c43f63978c9e', 'e2b994fb-ac7f-4241-9b1f-9a881c63006d', 'Cauliflower', 5, 'cup');
INSERT INTO ingredients (id, recipe_id, name, quantity, unit) VALUES ('52ec5e8b-e791-4189-acd4-380cbbb84138', 'e2b994fb-ac7f-4241-9b1f-9a881c63006d', 'Lemon', 4, 'ml');
INSERT INTO ingredients (id, recipe_id, name, quantity, unit) VALUES ('719b5b68-e036-4de6-a97a-38631ab2c400', 'e2b994fb-ac7f-4241-9b1f-9a881c63006d', 'Carrots', 2, 'tbsp');
INSERT INTO ingredients (id, recipe_id, name, quantity, unit) VALUES ('16424b51-8b53-4fdc-a7dc-465adccef8f3', 'e2b994fb-ac7f-4241-9b1f-9a881c63006d', 'Spinach', 3, 'head');
INSERT INTO recipe_dietary_tags (recipe_id, tag_id) VALUES ('e2b994fb-ac7f-4241-9b1f-9a881c63006d', 7);

INSERT INTO recipes (id, user_id, title, description, instructions, image_url, servings, source_url, source_name, is_archived) VALUES ('343906d5-0df6-4cae-b845-8d64fe43110b', 'admin-user-id', 'Miso Ginger Grilled Cod', 'A delicious and healthy Miso Ginger Grilled Cod served with Zucchini and Quinoa. Perfect for a quick weeknight dinner.', '1. Preheat oven to 400°F.
2. Season the Cod with Miso Ginger spices.
3. Arrange Zucchini and Green Beans on a baking sheet.
4. Grilled for 20-25 minutes until cooked through.
5. Serve hot over Quinoa.', 'https://images.unsplash.com/photo-1500000000340?auto=format&fit=crop&w=800&q=60', 2, 'https://www.tasteofhome.com', 'Taste of Home', 0);
INSERT INTO ingredients (id, recipe_id, name, quantity, unit) VALUES ('cf7d4a2f-e0c1-4173-8132-68f5c1ea9afd', '343906d5-0df6-4cae-b845-8d64fe43110b', 'Cod', 2, 'oz');
INSERT INTO ingredients (id, recipe_id, name, quantity, unit) VALUES ('92a88b94-d481-4100-9c1b-a6fc89be41c9', '343906d5-0df6-4cae-b845-8d64fe43110b', 'Zucchini', 2, 'cup');
INSERT INTO ingredients (id, recipe_id, name, quantity, unit) VALUES ('cb222df2-d5c6-4054-a2e6-46c06df9d764', '343906d5-0df6-4cae-b845-8d64fe43110b', 'Quinoa', 1, 'cup');
INSERT INTO ingredients (id, recipe_id, name, quantity, unit) VALUES ('cd962d8e-af1d-4a80-afff-29844c4c21dc', '343906d5-0df6-4cae-b845-8d64fe43110b', 'Olive Oil', 1, 'tbsp');
INSERT INTO ingredients (id, recipe_id, name, quantity, unit) VALUES ('62216fa8-c4b3-423b-9765-4f1a3b29aed1', '343906d5-0df6-4cae-b845-8d64fe43110b', 'Salt & Pepper', 1, 'pinch');
INSERT INTO ingredients (id, recipe_id, name, quantity, unit) VALUES ('2a85504f-9763-44bb-82e1-83f071ea1413', '343906d5-0df6-4cae-b845-8d64fe43110b', 'Cauliflower', 1, 'head');
INSERT INTO ingredients (id, recipe_id, name, quantity, unit) VALUES ('b926d2a7-9ce9-4890-93b9-9e5942d59141', '343906d5-0df6-4cae-b845-8d64fe43110b', 'Lemon', 3, 'clove');
INSERT INTO recipe_dietary_tags (recipe_id, tag_id) VALUES ('343906d5-0df6-4cae-b845-8d64fe43110b', 4);

INSERT INTO recipes (id, user_id, title, description, instructions, image_url, servings, source_url, source_name, is_archived) VALUES ('5bb11677-4268-4552-b083-c909195758d0', 'admin-user-id', 'Taco Seasoned Air Fried Steak', 'A delicious and healthy Taco Seasoned Air Fried Steak served with Kale and Cauliflower Rice. Perfect for a quick weeknight dinner.', '1. Preheat oven to 400°F.
2. Season the Steak with Taco Seasoned spices.
3. Arrange Kale and Zucchini on a baking sheet.
4. Air Fried for 20-25 minutes until cooked through.
5. Serve hot over Cauliflower Rice.', 'https://images.unsplash.com/photo-1500000000341?auto=format&fit=crop&w=800&q=60', 3, 'https://www.tasteofhome.com', 'Taste of Home', 0);
INSERT INTO ingredients (id, recipe_id, name, quantity, unit) VALUES ('6f746ed7-214c-4203-b64a-aba50a0cab51', '5bb11677-4268-4552-b083-c909195758d0', 'Steak', 2, 'oz');
INSERT INTO ingredients (id, recipe_id, name, quantity, unit) VALUES ('8366e826-b638-4128-b2ac-74dee9a358f8', '5bb11677-4268-4552-b083-c909195758d0', 'Kale', 3, 'cup');
INSERT INTO ingredients (id, recipe_id, name, quantity, unit) VALUES ('85563058-d05d-4693-8441-65a0d947959c', '5bb11677-4268-4552-b083-c909195758d0', 'Cauliflower Rice', 1, 'cup');
INSERT INTO ingredients (id, recipe_id, name, quantity, unit) VALUES ('cd45b1ef-44b4-40f6-9d80-7c4354e0b38a', '5bb11677-4268-4552-b083-c909195758d0', 'Olive Oil', 1, 'tbsp');
INSERT INTO ingredients (id, recipe_id, name, quantity, unit) VALUES ('12574f82-c9c2-42c9-92b1-5b8a4a985a39', '5bb11677-4268-4552-b083-c909195758d0', 'Salt & Pepper', 1, 'pinch');
INSERT INTO ingredients (id, recipe_id, name, quantity, unit) VALUES ('6bb10368-3ac9-41f6-9e10-b1aaf75d09dd', '5bb11677-4268-4552-b083-c909195758d0', 'Carrots', 2, 'cup');
INSERT INTO ingredients (id, recipe_id, name, quantity, unit) VALUES ('89195b74-0415-430b-8fdc-fc3abc6bcd8c', '5bb11677-4268-4552-b083-c909195758d0', 'Green Beans', 3, 'tbsp');
INSERT INTO ingredients (id, recipe_id, name, quantity, unit) VALUES ('3d16b13b-7239-48bd-8824-0a8247c47673', '5bb11677-4268-4552-b083-c909195758d0', 'Sweet Potatoes', 3, 'tsp');
INSERT INTO ingredients (id, recipe_id, name, quantity, unit) VALUES ('d38ddd66-86ab-4235-b05a-324d2b36a651', '5bb11677-4268-4552-b083-c909195758d0', 'Ginger', 5, 'g');
INSERT INTO recipe_dietary_tags (recipe_id, tag_id) VALUES ('5bb11677-4268-4552-b083-c909195758d0', 9);

INSERT INTO recipes (id, user_id, title, description, instructions, image_url, servings, source_url, source_name, is_archived) VALUES ('2dd40834-2ff9-44a8-a7c3-920545b05f06', 'admin-user-id', 'Pesto Pan-Seared Tofu', 'A delicious and healthy Pesto Pan-Seared Tofu served with Kale and Brown Rice. Perfect for a quick weeknight dinner.', '1. Preheat oven to 400°F.
2. Season the Tofu with Pesto spices.
3. Arrange Kale and Carrots on a baking sheet.
4. Pan-Seared for 20-25 minutes until cooked through.
5. Serve hot over Brown Rice.', 'https://images.unsplash.com/photo-1500000000342?auto=format&fit=crop&w=800&q=60', 4, 'https://www.tasteofhome.com', 'Taste of Home', 0);
INSERT INTO ingredients (id, recipe_id, name, quantity, unit) VALUES ('4182b076-08f3-41aa-badd-0fc67ce60488', '2dd40834-2ff9-44a8-a7c3-920545b05f06', 'Tofu', 1, 'oz');
INSERT INTO ingredients (id, recipe_id, name, quantity, unit) VALUES ('6efde15b-5e6c-48d8-be86-ef3afefa4bf3', '2dd40834-2ff9-44a8-a7c3-920545b05f06', 'Kale', 3, 'bundle');
INSERT INTO ingredients (id, recipe_id, name, quantity, unit) VALUES ('ed4a30f0-f696-48e7-99c8-9f134d6a0208', '2dd40834-2ff9-44a8-a7c3-920545b05f06', 'Brown Rice', 2, 'cup');
INSERT INTO ingredients (id, recipe_id, name, quantity, unit) VALUES ('bda85498-4c93-47b5-a79c-ced065f33333', '2dd40834-2ff9-44a8-a7c3-920545b05f06', 'Olive Oil', 3, 'tbsp');
INSERT INTO ingredients (id, recipe_id, name, quantity, unit) VALUES ('53d97407-f605-4f14-9716-b37c7c870abe', '2dd40834-2ff9-44a8-a7c3-920545b05f06', 'Salt & Pepper', 1, 'pinch');
INSERT INTO ingredients (id, recipe_id, name, quantity, unit) VALUES ('ff423b02-a968-471b-8e0a-638d115df684', '2dd40834-2ff9-44a8-a7c3-920545b05f06', 'Brussels Sprouts', 5, 'head');
INSERT INTO ingredients (id, recipe_id, name, quantity, unit) VALUES ('b1bc96ce-ed8d-4161-8bc7-2a617ddd72b6', '2dd40834-2ff9-44a8-a7c3-920545b05f06', 'Onion', 5, 'oz');
INSERT INTO ingredients (id, recipe_id, name, quantity, unit) VALUES ('d3da0970-9a61-453f-bc1e-77c85141f59c', '2dd40834-2ff9-44a8-a7c3-920545b05f06', 'Lemon', 1, 'bundle');
INSERT INTO ingredients (id, recipe_id, name, quantity, unit) VALUES ('26d21006-f2e2-449d-90ae-887e2fa57557', '2dd40834-2ff9-44a8-a7c3-920545b05f06', 'Cauliflower', 1, 'cup');
INSERT INTO ingredients (id, recipe_id, name, quantity, unit) VALUES ('dee474fe-ff9a-466d-bf6d-dc816073e776', '2dd40834-2ff9-44a8-a7c3-920545b05f06', 'Green Beans', 2, 'clove');
INSERT INTO recipe_dietary_tags (recipe_id, tag_id) VALUES ('2dd40834-2ff9-44a8-a7c3-920545b05f06', 4);

INSERT INTO recipes (id, user_id, title, description, instructions, image_url, servings, source_url, source_name, is_archived) VALUES ('b84c4a7d-8263-4d0c-a9eb-43ac6b2c2ca3', 'admin-user-id', 'Miso Ginger Roasted Turkey Breast', 'A delicious and healthy Miso Ginger Roasted Turkey Breast served with Zucchini and Couscous. Perfect for a quick weeknight dinner.', '1. Preheat oven to 400°F.
2. Season the Turkey Breast with Miso Ginger spices.
3. Arrange Zucchini and Asparagus on a baking sheet.
4. Roasted for 20-25 minutes until cooked through.
5. Serve hot over Couscous.', 'https://images.unsplash.com/photo-1500000000343?auto=format&fit=crop&w=800&q=60', 8, 'https://www.epicurious.com', 'Epicurious', 0);
INSERT INTO ingredients (id, recipe_id, name, quantity, unit) VALUES ('9ec782ac-58d8-4434-b5ac-5fad4b0b7387', 'b84c4a7d-8263-4d0c-a9eb-43ac6b2c2ca3', 'Turkey Breast', 2, 'lb');
INSERT INTO ingredients (id, recipe_id, name, quantity, unit) VALUES ('fccac4de-cbc0-4534-b8c5-e34fc990739c', 'b84c4a7d-8263-4d0c-a9eb-43ac6b2c2ca3', 'Zucchini', 4, 'head');
INSERT INTO ingredients (id, recipe_id, name, quantity, unit) VALUES ('2c7d5196-3809-419f-bf90-dc911192e689', 'b84c4a7d-8263-4d0c-a9eb-43ac6b2c2ca3', 'Couscous', 3, 'cup');
INSERT INTO ingredients (id, recipe_id, name, quantity, unit) VALUES ('7e7b5ca7-610d-4c06-abea-223813680fbc', 'b84c4a7d-8263-4d0c-a9eb-43ac6b2c2ca3', 'Olive Oil', 2, 'tbsp');
INSERT INTO ingredients (id, recipe_id, name, quantity, unit) VALUES ('2128cd01-7054-4165-879e-0b31e155cf9a', 'b84c4a7d-8263-4d0c-a9eb-43ac6b2c2ca3', 'Salt & Pepper', 1, 'pinch');
INSERT INTO ingredients (id, recipe_id, name, quantity, unit) VALUES ('b0776037-97fd-4609-821c-d07a4e2caf44', 'b84c4a7d-8263-4d0c-a9eb-43ac6b2c2ca3', 'Brussels Sprouts', 1, 'cup');
INSERT INTO ingredients (id, recipe_id, name, quantity, unit) VALUES ('e91f053a-83be-44a4-a64d-a43e5dc6101a', 'b84c4a7d-8263-4d0c-a9eb-43ac6b2c2ca3', 'Broccoli', 3, 'ml');
INSERT INTO ingredients (id, recipe_id, name, quantity, unit) VALUES ('8dd2ac5b-fcbd-4dce-9244-426ab5667abb', 'b84c4a7d-8263-4d0c-a9eb-43ac6b2c2ca3', 'Cauliflower', 4, 'ml');
INSERT INTO ingredients (id, recipe_id, name, quantity, unit) VALUES ('9163eca8-ee56-4596-b53c-d717718e02b9', 'b84c4a7d-8263-4d0c-a9eb-43ac6b2c2ca3', 'Broccoli', 2, 'bundle');
INSERT INTO ingredients (id, recipe_id, name, quantity, unit) VALUES ('53e93b27-c7d7-4731-b9e5-ea5b38546fd3', 'b84c4a7d-8263-4d0c-a9eb-43ac6b2c2ca3', 'Butter', 2, 'pinch');
INSERT INTO recipe_dietary_tags (recipe_id, tag_id) VALUES ('b84c4a7d-8263-4d0c-a9eb-43ac6b2c2ca3', 3);
INSERT INTO recipe_dietary_tags (recipe_id, tag_id) VALUES ('b84c4a7d-8263-4d0c-a9eb-43ac6b2c2ca3', 8);
INSERT INTO recipe_dietary_tags (recipe_id, tag_id) VALUES ('b84c4a7d-8263-4d0c-a9eb-43ac6b2c2ca3', 9);

INSERT INTO recipes (id, user_id, title, description, instructions, image_url, servings, source_url, source_name, is_archived) VALUES ('4ebc47c5-c570-4bd8-b75e-589068546dee', 'admin-user-id', 'Smoky BBQ Grilled Pork Loin', 'A delicious and healthy Smoky BBQ Grilled Pork Loin served with Green Beans and Wild Rice. Perfect for a quick weeknight dinner.', '1. Preheat oven to 400°F.
2. Season the Pork Loin with Smoky BBQ spices.
3. Arrange Green Beans and Bell Peppers on a baking sheet.
4. Grilled for 20-25 minutes until cooked through.
5. Serve hot over Wild Rice.', 'https://images.unsplash.com/photo-1500000000344?auto=format&fit=crop&w=800&q=60', 5, 'https://www.bonappetit.com', 'Bon Appetit', 0);
INSERT INTO ingredients (id, recipe_id, name, quantity, unit) VALUES ('918ca1f0-50c2-4dd1-bb7c-9cd61dd2156a', '4ebc47c5-c570-4bd8-b75e-589068546dee', 'Pork Loin', 2, 'lb');
INSERT INTO ingredients (id, recipe_id, name, quantity, unit) VALUES ('907398c4-125f-4702-b468-90149daeb783', '4ebc47c5-c570-4bd8-b75e-589068546dee', 'Green Beans', 3, 'bundle');
INSERT INTO ingredients (id, recipe_id, name, quantity, unit) VALUES ('e76459f7-3ee8-48bc-902d-fdb8b8c4bc22', '4ebc47c5-c570-4bd8-b75e-589068546dee', 'Wild Rice', 1, 'cup');
INSERT INTO ingredients (id, recipe_id, name, quantity, unit) VALUES ('22aca83d-b8e2-4324-9f7c-cb3839e97017', '4ebc47c5-c570-4bd8-b75e-589068546dee', 'Olive Oil', 2, 'tbsp');
INSERT INTO ingredients (id, recipe_id, name, quantity, unit) VALUES ('16ea0b7d-dfb6-4983-8bb1-f77a823d564f', '4ebc47c5-c570-4bd8-b75e-589068546dee', 'Salt & Pepper', 1, 'pinch');
INSERT INTO ingredients (id, recipe_id, name, quantity, unit) VALUES ('2cfbd8db-c4c7-4fa7-8447-21e253ab6495', '4ebc47c5-c570-4bd8-b75e-589068546dee', 'Sweet Potatoes', 4, 'tbsp');
INSERT INTO ingredients (id, recipe_id, name, quantity, unit) VALUES ('25c8850b-2b8f-4bc5-b293-5f0e95edce09', '4ebc47c5-c570-4bd8-b75e-589068546dee', 'Asparagus', 1, 'ml');
INSERT INTO ingredients (id, recipe_id, name, quantity, unit) VALUES ('2e451b87-a8bd-455c-8cd4-14b9a7fe6696', '4ebc47c5-c570-4bd8-b75e-589068546dee', 'Lemon', 4, 'tsp');
INSERT INTO ingredients (id, recipe_id, name, quantity, unit) VALUES ('f256edad-8812-409f-9e8a-95b85b7cb7f6', '4ebc47c5-c570-4bd8-b75e-589068546dee', 'Carrots', 3, 'lb');
INSERT INTO ingredients (id, recipe_id, name, quantity, unit) VALUES ('7f5a86ee-f4b0-4bb7-8f4a-b361bd309942', '4ebc47c5-c570-4bd8-b75e-589068546dee', 'Asparagus', 5, 'lb');
INSERT INTO ingredients (id, recipe_id, name, quantity, unit) VALUES ('ef23d4d8-2a51-41e0-9d94-ae58df4f9dc2', '4ebc47c5-c570-4bd8-b75e-589068546dee', 'Brussels Sprouts', 4, 'tbsp');
INSERT INTO recipe_dietary_tags (recipe_id, tag_id) VALUES ('4ebc47c5-c570-4bd8-b75e-589068546dee', 4);

INSERT INTO recipes (id, user_id, title, description, instructions, image_url, servings, source_url, source_name, is_archived) VALUES ('ea369b89-1555-4a20-a7e7-60fafffd3812', 'admin-user-id', 'Honey Sriracha Pan-Seared Tofu', 'A delicious and healthy Honey Sriracha Pan-Seared Tofu served with Spinach and Mashed Cauliflower. Perfect for a quick weeknight dinner.', '1. Preheat oven to 400°F.
2. Season the Tofu with Honey Sriracha spices.
3. Arrange Spinach and Broccoli on a baking sheet.
4. Pan-Seared for 20-25 minutes until cooked through.
5. Serve hot over Mashed Cauliflower.', 'https://images.unsplash.com/photo-1500000000345?auto=format&fit=crop&w=800&q=60', 8, 'https://www.epicurious.com', 'Epicurious', 0);
INSERT INTO ingredients (id, recipe_id, name, quantity, unit) VALUES ('4587a725-7fbc-4630-a852-3eadbdd33654', 'ea369b89-1555-4a20-a7e7-60fafffd3812', 'Tofu', 2, 'lb');
INSERT INTO ingredients (id, recipe_id, name, quantity, unit) VALUES ('a5ad996c-248b-4738-ae16-ac1b902aa8b4', 'ea369b89-1555-4a20-a7e7-60fafffd3812', 'Spinach', 1, 'bundle');
INSERT INTO ingredients (id, recipe_id, name, quantity, unit) VALUES ('1e245ddc-b897-4867-9025-f79c0794204e', 'ea369b89-1555-4a20-a7e7-60fafffd3812', 'Mashed Cauliflower', 3, 'cup');
INSERT INTO ingredients (id, recipe_id, name, quantity, unit) VALUES ('c9a63ed1-55a8-43d2-954f-faa73f1ca71b', 'ea369b89-1555-4a20-a7e7-60fafffd3812', 'Olive Oil', 3, 'tbsp');
INSERT INTO ingredients (id, recipe_id, name, quantity, unit) VALUES ('192155d6-a8a5-4793-8354-f4680da15b36', 'ea369b89-1555-4a20-a7e7-60fafffd3812', 'Salt & Pepper', 1, 'pinch');
INSERT INTO recipe_dietary_tags (recipe_id, tag_id) VALUES ('ea369b89-1555-4a20-a7e7-60fafffd3812', 10);

INSERT INTO recipes (id, user_id, title, description, instructions, image_url, servings, source_url, source_name, is_archived) VALUES ('c066e9aa-60f1-4946-9cf0-8af49072c396', 'admin-user-id', 'Teriyaki Pan-Seared Turkey Breast', 'A delicious and healthy Teriyaki Pan-Seared Turkey Breast served with Zucchini and Cauliflower Rice. Perfect for a quick weeknight dinner.', '1. Preheat oven to 400°F.
2. Season the Turkey Breast with Teriyaki spices.
3. Arrange Zucchini and Green Beans on a baking sheet.
4. Pan-Seared for 20-25 minutes until cooked through.
5. Serve hot over Cauliflower Rice.', 'https://images.unsplash.com/photo-1500000000346?auto=format&fit=crop&w=800&q=60', 2, 'https://www.bonappetit.com', 'Bon Appetit', 0);
INSERT INTO ingredients (id, recipe_id, name, quantity, unit) VALUES ('770f0a5f-6cab-4f4b-8eb1-5a8b9c1cf746', 'c066e9aa-60f1-4946-9cf0-8af49072c396', 'Turkey Breast', 1, 'oz');
INSERT INTO ingredients (id, recipe_id, name, quantity, unit) VALUES ('1801963e-e4c3-40be-9954-8e84d57090bd', 'c066e9aa-60f1-4946-9cf0-8af49072c396', 'Zucchini', 3, 'cup');
INSERT INTO ingredients (id, recipe_id, name, quantity, unit) VALUES ('23253dc0-6711-40c2-9c08-4133af8197e8', 'c066e9aa-60f1-4946-9cf0-8af49072c396', 'Cauliflower Rice', 1, 'cup');
INSERT INTO ingredients (id, recipe_id, name, quantity, unit) VALUES ('e7d88996-2e57-4411-83be-8a85a87edcd3', 'c066e9aa-60f1-4946-9cf0-8af49072c396', 'Olive Oil', 3, 'tbsp');
INSERT INTO ingredients (id, recipe_id, name, quantity, unit) VALUES ('d713ddb8-e3d5-44ed-85cf-bdc5155693bf', 'c066e9aa-60f1-4946-9cf0-8af49072c396', 'Salt & Pepper', 1, 'pinch');
INSERT INTO ingredients (id, recipe_id, name, quantity, unit) VALUES ('58116a34-f380-49ad-9ed6-b8a6e9126de6', 'c066e9aa-60f1-4946-9cf0-8af49072c396', 'Asparagus', 1, 'cup');
INSERT INTO ingredients (id, recipe_id, name, quantity, unit) VALUES ('86e54835-23b1-4856-ab5f-9ed47655e0d7', 'c066e9aa-60f1-4946-9cf0-8af49072c396', 'Asparagus', 3, 'head');
INSERT INTO recipe_dietary_tags (recipe_id, tag_id) VALUES ('c066e9aa-60f1-4946-9cf0-8af49072c396', 4);
INSERT INTO recipe_dietary_tags (recipe_id, tag_id) VALUES ('c066e9aa-60f1-4946-9cf0-8af49072c396', 9);
INSERT INTO recipe_dietary_tags (recipe_id, tag_id) VALUES ('c066e9aa-60f1-4946-9cf0-8af49072c396', 6);

INSERT INTO recipes (id, user_id, title, description, instructions, image_url, servings, source_url, source_name, is_archived) VALUES ('641eaf56-3e13-44ca-8f58-dcca798dbb40', 'admin-user-id', 'Miso Ginger Roasted Black Beans', 'A delicious and healthy Miso Ginger Roasted Black Beans served with Brussels Sprouts and Zucchini Noodles. Perfect for a quick weeknight dinner.', '1. Preheat oven to 400°F.
2. Season the Black Beans with Miso Ginger spices.
3. Arrange Brussels Sprouts and Brussels Sprouts on a baking sheet.
4. Roasted for 20-25 minutes until cooked through.
5. Serve hot over Zucchini Noodles.', 'https://images.unsplash.com/photo-1500000000347?auto=format&fit=crop&w=800&q=60', 2, 'https://www.bonappetit.com', 'Bon Appetit', 0);
INSERT INTO ingredients (id, recipe_id, name, quantity, unit) VALUES ('ecf389de-f7c4-4831-b49a-576990c31f19', '641eaf56-3e13-44ca-8f58-dcca798dbb40', 'Black Beans', 2, 'lb');
INSERT INTO ingredients (id, recipe_id, name, quantity, unit) VALUES ('bb462fd5-0406-4935-8ada-d3ab7839882f', '641eaf56-3e13-44ca-8f58-dcca798dbb40', 'Brussels Sprouts', 2, 'cup');
INSERT INTO ingredients (id, recipe_id, name, quantity, unit) VALUES ('5c3a1f60-8fa2-4932-b83a-841e0e12d9bb', '641eaf56-3e13-44ca-8f58-dcca798dbb40', 'Zucchini Noodles', 1, 'cup');
INSERT INTO ingredients (id, recipe_id, name, quantity, unit) VALUES ('843a9fd3-3838-4786-9783-a4d47525cad2', '641eaf56-3e13-44ca-8f58-dcca798dbb40', 'Olive Oil', 3, 'tbsp');
INSERT INTO ingredients (id, recipe_id, name, quantity, unit) VALUES ('6308ce15-13b3-4017-975f-827121047cb2', '641eaf56-3e13-44ca-8f58-dcca798dbb40', 'Salt & Pepper', 1, 'pinch');
INSERT INTO ingredients (id, recipe_id, name, quantity, unit) VALUES ('581cb2f7-a0d8-4c5b-82bb-2d3dab2b3386', '641eaf56-3e13-44ca-8f58-dcca798dbb40', 'Cauliflower', 1, 'lb');
INSERT INTO ingredients (id, recipe_id, name, quantity, unit) VALUES ('d84195a0-405c-41a7-a294-ccc26f7860ed', '641eaf56-3e13-44ca-8f58-dcca798dbb40', 'Lemon', 5, 'bundle');
INSERT INTO ingredients (id, recipe_id, name, quantity, unit) VALUES ('c1db37e0-6097-45bc-8321-de4da14c9715', '641eaf56-3e13-44ca-8f58-dcca798dbb40', 'Zucchini', 5, 'bundle');
INSERT INTO ingredients (id, recipe_id, name, quantity, unit) VALUES ('dae471be-9999-43fd-812c-af7ee7a66ab5', '641eaf56-3e13-44ca-8f58-dcca798dbb40', 'Ginger', 3, 'tbsp');
INSERT INTO ingredients (id, recipe_id, name, quantity, unit) VALUES ('744727a6-cb8e-4400-afd1-2ad4e33f9640', '641eaf56-3e13-44ca-8f58-dcca798dbb40', 'Broccoli', 5, 'bundle');
INSERT INTO ingredients (id, recipe_id, name, quantity, unit) VALUES ('04735694-36ab-453c-9fa8-a5a2f3d59b5c', '641eaf56-3e13-44ca-8f58-dcca798dbb40', 'Zucchini', 1, 'bundle');
INSERT INTO recipe_dietary_tags (recipe_id, tag_id) VALUES ('641eaf56-3e13-44ca-8f58-dcca798dbb40', 1);

INSERT INTO recipes (id, user_id, title, description, instructions, image_url, servings, source_url, source_name, is_archived) VALUES ('5912588d-b056-44fa-9639-cd35fa871f92', 'admin-user-id', 'Teriyaki Slow Cooked Chickpeas', 'A delicious and healthy Teriyaki Slow Cooked Chickpeas served with Spinach and Quinoa. Perfect for a quick weeknight dinner.', '1. Preheat oven to 400°F.
2. Season the Chickpeas with Teriyaki spices.
3. Arrange Spinach and Bell Peppers on a baking sheet.
4. Slow Cooked for 20-25 minutes until cooked through.
5. Serve hot over Quinoa.', 'https://images.unsplash.com/photo-1500000000348?auto=format&fit=crop&w=800&q=60', 3, 'https://www.tasteofhome.com', 'Taste of Home', 0);
INSERT INTO ingredients (id, recipe_id, name, quantity, unit) VALUES ('9caefb06-8bd1-4ba5-bc1f-efc3dba22341', '5912588d-b056-44fa-9639-cd35fa871f92', 'Chickpeas', 2, 'oz');
INSERT INTO ingredients (id, recipe_id, name, quantity, unit) VALUES ('152cde73-64d3-485e-927f-7fcf665d9091', '5912588d-b056-44fa-9639-cd35fa871f92', 'Spinach', 4, 'bundle');
INSERT INTO ingredients (id, recipe_id, name, quantity, unit) VALUES ('6360fc35-76e6-4961-b93d-0ade37c2fdad', '5912588d-b056-44fa-9639-cd35fa871f92', 'Quinoa', 3, 'cup');
INSERT INTO ingredients (id, recipe_id, name, quantity, unit) VALUES ('b1668413-bd17-4b3f-8cf3-ded80faf8d6b', '5912588d-b056-44fa-9639-cd35fa871f92', 'Olive Oil', 3, 'tbsp');
INSERT INTO ingredients (id, recipe_id, name, quantity, unit) VALUES ('25b014d1-5206-454d-9814-ecc3e4b52b16', '5912588d-b056-44fa-9639-cd35fa871f92', 'Salt & Pepper', 1, 'pinch');
INSERT INTO ingredients (id, recipe_id, name, quantity, unit) VALUES ('5248f10c-a5bb-4829-af51-0df83f5a5c10', '5912588d-b056-44fa-9639-cd35fa871f92', 'Broccoli', 5, 'ml');
INSERT INTO ingredients (id, recipe_id, name, quantity, unit) VALUES ('8184e9fe-57b6-4666-89e7-9d73e7519f40', '5912588d-b056-44fa-9639-cd35fa871f92', 'Bell Peppers', 3, 'g');
INSERT INTO ingredients (id, recipe_id, name, quantity, unit) VALUES ('83f4a139-3bd6-4544-9fb3-13ba42db52fa', '5912588d-b056-44fa-9639-cd35fa871f92', 'Brussels Sprouts', 4, 'oz');
INSERT INTO ingredients (id, recipe_id, name, quantity, unit) VALUES ('d50898a2-0eaf-45f0-a2b8-7b58d8425e23', '5912588d-b056-44fa-9639-cd35fa871f92', 'Broccoli', 1, 'bundle');
INSERT INTO recipe_dietary_tags (recipe_id, tag_id) VALUES ('5912588d-b056-44fa-9639-cd35fa871f92', 6);

INSERT INTO recipes (id, user_id, title, description, instructions, image_url, servings, source_url, source_name, is_archived) VALUES ('16809fc0-97c0-4ae8-8cbb-0613d7f83d6f', 'admin-user-id', 'Honey Sriracha Slow Cooked Turkey Breast', 'A delicious and healthy Honey Sriracha Slow Cooked Turkey Breast served with Asparagus and Zucchini Noodles. Perfect for a quick weeknight dinner.', '1. Preheat oven to 400°F.
2. Season the Turkey Breast with Honey Sriracha spices.
3. Arrange Asparagus and Brussels Sprouts on a baking sheet.
4. Slow Cooked for 20-25 minutes until cooked through.
5. Serve hot over Zucchini Noodles.', 'https://images.unsplash.com/photo-1500000000349?auto=format&fit=crop&w=800&q=60', 8, 'https://www.foodnetwork.com', 'Food Network', 0);
INSERT INTO ingredients (id, recipe_id, name, quantity, unit) VALUES ('bb0f4457-8c6f-49e2-bca7-74ea87fcbf08', '16809fc0-97c0-4ae8-8cbb-0613d7f83d6f', 'Turkey Breast', 1, 'lb');
INSERT INTO ingredients (id, recipe_id, name, quantity, unit) VALUES ('11d1d1a9-0fc1-4017-8e16-483ca0f33a3a', '16809fc0-97c0-4ae8-8cbb-0613d7f83d6f', 'Asparagus', 2, 'bundle');
INSERT INTO ingredients (id, recipe_id, name, quantity, unit) VALUES ('afcd5f08-2945-4b3b-8184-a8270e9bce98', '16809fc0-97c0-4ae8-8cbb-0613d7f83d6f', 'Zucchini Noodles', 3, 'cup');
INSERT INTO ingredients (id, recipe_id, name, quantity, unit) VALUES ('5bde870d-d968-4a9b-bf5f-49c2ebf29490', '16809fc0-97c0-4ae8-8cbb-0613d7f83d6f', 'Olive Oil', 1, 'tbsp');
INSERT INTO ingredients (id, recipe_id, name, quantity, unit) VALUES ('cc0107a3-23a0-437f-95d1-669358b04db9', '16809fc0-97c0-4ae8-8cbb-0613d7f83d6f', 'Salt & Pepper', 1, 'pinch');
INSERT INTO ingredients (id, recipe_id, name, quantity, unit) VALUES ('cdf87fbb-f73d-47be-8f3d-a64b58ebc21c', '16809fc0-97c0-4ae8-8cbb-0613d7f83d6f', 'Onion', 2, 'cup');
INSERT INTO ingredients (id, recipe_id, name, quantity, unit) VALUES ('c961c5a4-8b81-4d25-9f06-e4b67f2d6450', '16809fc0-97c0-4ae8-8cbb-0613d7f83d6f', 'Lemon', 3, 'cup');
INSERT INTO ingredients (id, recipe_id, name, quantity, unit) VALUES ('6977fa33-690c-45c6-a5c6-ee7a829e7543', '16809fc0-97c0-4ae8-8cbb-0613d7f83d6f', 'Zucchini', 3, 'cup');
INSERT INTO ingredients (id, recipe_id, name, quantity, unit) VALUES ('51c17bf2-7569-417c-9243-a4db7a35fe2e', '16809fc0-97c0-4ae8-8cbb-0613d7f83d6f', 'Lemon', 5, 'ml');
INSERT INTO ingredients (id, recipe_id, name, quantity, unit) VALUES ('4b88133f-0b03-49b4-9247-e24c8dfea977', '16809fc0-97c0-4ae8-8cbb-0613d7f83d6f', 'Asparagus', 4, 'ml');
INSERT INTO recipe_dietary_tags (recipe_id, tag_id) VALUES ('16809fc0-97c0-4ae8-8cbb-0613d7f83d6f', 9);
INSERT INTO recipe_dietary_tags (recipe_id, tag_id) VALUES ('16809fc0-97c0-4ae8-8cbb-0613d7f83d6f', 2);
INSERT INTO recipe_dietary_tags (recipe_id, tag_id) VALUES ('16809fc0-97c0-4ae8-8cbb-0613d7f83d6f', 5);

INSERT INTO recipes (id, user_id, title, description, instructions, image_url, servings, source_url, source_name, is_archived) VALUES ('ddce39b1-5d43-45ac-823f-dc60226599de', 'admin-user-id', 'Cajun Roasted Chickpeas', 'A delicious and healthy Cajun Roasted Chickpeas served with Green Beans and Wild Rice. Perfect for a quick weeknight dinner.', '1. Preheat oven to 400°F.
2. Season the Chickpeas with Cajun spices.
3. Arrange Green Beans and Bell Peppers on a baking sheet.
4. Roasted for 20-25 minutes until cooked through.
5. Serve hot over Wild Rice.', 'https://images.unsplash.com/photo-1500000000350?auto=format&fit=crop&w=800&q=60', 8, 'https://www.epicurious.com', 'Epicurious', 0);
INSERT INTO ingredients (id, recipe_id, name, quantity, unit) VALUES ('3fec6bdc-b3f4-4bea-9d4f-219719239e85', 'ddce39b1-5d43-45ac-823f-dc60226599de', 'Chickpeas', 1, 'lb');
INSERT INTO ingredients (id, recipe_id, name, quantity, unit) VALUES ('22d1804f-7961-4543-bb38-422c30820d81', 'ddce39b1-5d43-45ac-823f-dc60226599de', 'Green Beans', 2, 'head');
INSERT INTO ingredients (id, recipe_id, name, quantity, unit) VALUES ('fa34aee4-8e90-4a71-a8a3-f726594c67f3', 'ddce39b1-5d43-45ac-823f-dc60226599de', 'Wild Rice', 1, 'cup');
INSERT INTO ingredients (id, recipe_id, name, quantity, unit) VALUES ('3b5dc139-f549-4eea-90d8-a19acf1cde32', 'ddce39b1-5d43-45ac-823f-dc60226599de', 'Olive Oil', 1, 'tbsp');
INSERT INTO ingredients (id, recipe_id, name, quantity, unit) VALUES ('50ba62f3-4400-4233-b218-d3a6d881a03a', 'ddce39b1-5d43-45ac-823f-dc60226599de', 'Salt & Pepper', 1, 'pinch');
INSERT INTO recipe_dietary_tags (recipe_id, tag_id) VALUES ('ddce39b1-5d43-45ac-823f-dc60226599de', 8);
INSERT INTO recipe_dietary_tags (recipe_id, tag_id) VALUES ('ddce39b1-5d43-45ac-823f-dc60226599de', 3);

INSERT INTO recipes (id, user_id, title, description, instructions, image_url, servings, source_url, source_name, is_archived) VALUES ('8721a3f9-22b4-447f-a571-68fe0c9796b0', 'admin-user-id', 'Balsamic Glaze Pan-Seared Salmon Fillet', 'A delicious and healthy Balsamic Glaze Pan-Seared Salmon Fillet served with Zucchini and Mashed Cauliflower. Perfect for a quick weeknight dinner.', '1. Preheat oven to 400°F.
2. Season the Salmon Fillet with Balsamic Glaze spices.
3. Arrange Zucchini and Kale on a baking sheet.
4. Pan-Seared for 20-25 minutes until cooked through.
5. Serve hot over Mashed Cauliflower.', 'https://images.unsplash.com/photo-1500000000351?auto=format&fit=crop&w=800&q=60', 4, 'https://www.allrecipes.com', 'AllRecipes', 0);
INSERT INTO ingredients (id, recipe_id, name, quantity, unit) VALUES ('9d21dcdd-352e-4451-b932-2e83684406e3', '8721a3f9-22b4-447f-a571-68fe0c9796b0', 'Salmon Fillet', 2, 'lb');
INSERT INTO ingredients (id, recipe_id, name, quantity, unit) VALUES ('71f73a3e-1e16-4899-9de9-fc853517d59b', '8721a3f9-22b4-447f-a571-68fe0c9796b0', 'Zucchini', 1, 'bundle');
INSERT INTO ingredients (id, recipe_id, name, quantity, unit) VALUES ('e22f3f71-19ca-4807-bb9a-0d8497921e13', '8721a3f9-22b4-447f-a571-68fe0c9796b0', 'Mashed Cauliflower', 2, 'cup');
INSERT INTO ingredients (id, recipe_id, name, quantity, unit) VALUES ('53ced5c0-f796-4329-9c28-b751076941f0', '8721a3f9-22b4-447f-a571-68fe0c9796b0', 'Olive Oil', 3, 'tbsp');
INSERT INTO ingredients (id, recipe_id, name, quantity, unit) VALUES ('5480010c-e804-49c3-92b5-e03fefd55bcf', '8721a3f9-22b4-447f-a571-68fe0c9796b0', 'Salt & Pepper', 1, 'pinch');
INSERT INTO ingredients (id, recipe_id, name, quantity, unit) VALUES ('82efc274-ed2a-4c03-aac4-f232f2b0a5a8', '8721a3f9-22b4-447f-a571-68fe0c9796b0', 'Carrots', 2, 'lb');
INSERT INTO ingredients (id, recipe_id, name, quantity, unit) VALUES ('ffb6094a-c8c2-4249-8538-356fc5c9d60f', '8721a3f9-22b4-447f-a571-68fe0c9796b0', 'Kale', 5, 'tsp');
INSERT INTO ingredients (id, recipe_id, name, quantity, unit) VALUES ('1d4b1dd0-183c-4e68-8817-1df9e709002b', '8721a3f9-22b4-447f-a571-68fe0c9796b0', 'Cauliflower', 5, 'head');
INSERT INTO ingredients (id, recipe_id, name, quantity, unit) VALUES ('055b83c0-1e7a-42b6-af18-0ed8e04013bb', '8721a3f9-22b4-447f-a571-68fe0c9796b0', 'Green Beans', 1, 'clove');
INSERT INTO ingredients (id, recipe_id, name, quantity, unit) VALUES ('78dcb28e-3fd5-4777-9eac-61c1484a6d62', '8721a3f9-22b4-447f-a571-68fe0c9796b0', 'Bell Peppers', 5, 'cup');
INSERT INTO ingredients (id, recipe_id, name, quantity, unit) VALUES ('3126a522-e9f7-414f-8cc8-b8ec76a6e67f', '8721a3f9-22b4-447f-a571-68fe0c9796b0', 'Bell Peppers', 3, 'clove');
INSERT INTO ingredients (id, recipe_id, name, quantity, unit) VALUES ('31d2ff70-4f5f-4789-a244-7fcf4dd0b6ab', '8721a3f9-22b4-447f-a571-68fe0c9796b0', 'Zucchini', 3, 'tsp');
INSERT INTO recipe_dietary_tags (recipe_id, tag_id) VALUES ('8721a3f9-22b4-447f-a571-68fe0c9796b0', 1);
INSERT INTO recipe_dietary_tags (recipe_id, tag_id) VALUES ('8721a3f9-22b4-447f-a571-68fe0c9796b0', 7);
INSERT INTO recipe_dietary_tags (recipe_id, tag_id) VALUES ('8721a3f9-22b4-447f-a571-68fe0c9796b0', 4);

INSERT INTO recipes (id, user_id, title, description, instructions, image_url, servings, source_url, source_name, is_archived) VALUES ('481bbf3a-a81b-4a85-bdb8-c362d41e5bf6', 'admin-user-id', 'Smoky BBQ Pan-Seared Chicken Breast', 'A delicious and healthy Smoky BBQ Pan-Seared Chicken Breast served with Brussels Sprouts and Roasted Potatoes. Perfect for a quick weeknight dinner.', '1. Preheat oven to 400°F.
2. Season the Chicken Breast with Smoky BBQ spices.
3. Arrange Brussels Sprouts and Kale on a baking sheet.
4. Pan-Seared for 20-25 minutes until cooked through.
5. Serve hot over Roasted Potatoes.', 'https://images.unsplash.com/photo-1500000000352?auto=format&fit=crop&w=800&q=60', 8, 'https://www.bonappetit.com', 'Bon Appetit', 0);
INSERT INTO ingredients (id, recipe_id, name, quantity, unit) VALUES ('506dc5c1-5359-4a38-9f13-fc49ab6078ef', '481bbf3a-a81b-4a85-bdb8-c362d41e5bf6', 'Chicken Breast', 2, 'oz');
INSERT INTO ingredients (id, recipe_id, name, quantity, unit) VALUES ('2345933d-a37b-4e97-8cdc-e63acf1d5d86', '481bbf3a-a81b-4a85-bdb8-c362d41e5bf6', 'Brussels Sprouts', 3, 'cup');
INSERT INTO ingredients (id, recipe_id, name, quantity, unit) VALUES ('9765aa74-462c-4207-a1f6-02db54af3d08', '481bbf3a-a81b-4a85-bdb8-c362d41e5bf6', 'Roasted Potatoes', 3, 'cup');
INSERT INTO ingredients (id, recipe_id, name, quantity, unit) VALUES ('4d356930-bd73-433f-8b16-0435f03dab3c', '481bbf3a-a81b-4a85-bdb8-c362d41e5bf6', 'Olive Oil', 3, 'tbsp');
INSERT INTO ingredients (id, recipe_id, name, quantity, unit) VALUES ('a8332c37-3564-4974-aae2-65d3fe5c5f15', '481bbf3a-a81b-4a85-bdb8-c362d41e5bf6', 'Salt & Pepper', 1, 'pinch');
INSERT INTO ingredients (id, recipe_id, name, quantity, unit) VALUES ('3bd43235-92bd-4073-98da-998fb5acaa71', '481bbf3a-a81b-4a85-bdb8-c362d41e5bf6', 'Garlic', 1, 'g');
INSERT INTO ingredients (id, recipe_id, name, quantity, unit) VALUES ('50aafbbb-39fa-46d1-99b6-3bff2e1608d7', '481bbf3a-a81b-4a85-bdb8-c362d41e5bf6', 'Kale', 1, 'clove');
INSERT INTO ingredients (id, recipe_id, name, quantity, unit) VALUES ('e09ff7bf-26c6-4cb6-b7bd-7e666544212c', '481bbf3a-a81b-4a85-bdb8-c362d41e5bf6', 'Asparagus', 1, 'ml');
INSERT INTO ingredients (id, recipe_id, name, quantity, unit) VALUES ('9bae98b6-fb98-4496-a458-fbb123e7bd33', '481bbf3a-a81b-4a85-bdb8-c362d41e5bf6', 'Zucchini', 2, 'lb');
INSERT INTO recipe_dietary_tags (recipe_id, tag_id) VALUES ('481bbf3a-a81b-4a85-bdb8-c362d41e5bf6', 6);
INSERT INTO recipe_dietary_tags (recipe_id, tag_id) VALUES ('481bbf3a-a81b-4a85-bdb8-c362d41e5bf6', 2);

INSERT INTO recipes (id, user_id, title, description, instructions, image_url, servings, source_url, source_name, is_archived) VALUES ('485eea8a-a202-44f7-8899-0ff6b3aeb30e', 'admin-user-id', 'Lemon Garlic Steamed Salmon Fillet', 'A delicious and healthy Lemon Garlic Steamed Salmon Fillet served with Asparagus and Roasted Potatoes. Perfect for a quick weeknight dinner.', '1. Preheat oven to 400°F.
2. Season the Salmon Fillet with Lemon Garlic spices.
3. Arrange Asparagus and Kale on a baking sheet.
4. Steamed for 20-25 minutes until cooked through.
5. Serve hot over Roasted Potatoes.', 'https://images.unsplash.com/photo-1500000000353?auto=format&fit=crop&w=800&q=60', 4, 'https://www.foodnetwork.com', 'Food Network', 0);
INSERT INTO ingredients (id, recipe_id, name, quantity, unit) VALUES ('5eafdffa-fa36-4e71-8077-e6e2cda0f5d6', '485eea8a-a202-44f7-8899-0ff6b3aeb30e', 'Salmon Fillet', 1, 'oz');
INSERT INTO ingredients (id, recipe_id, name, quantity, unit) VALUES ('d5966bbe-f704-4066-a779-75f2e5461cfe', '485eea8a-a202-44f7-8899-0ff6b3aeb30e', 'Asparagus', 1, 'head');
INSERT INTO ingredients (id, recipe_id, name, quantity, unit) VALUES ('28aac260-58b5-4cea-bfc7-3064504e76b0', '485eea8a-a202-44f7-8899-0ff6b3aeb30e', 'Roasted Potatoes', 1, 'cup');
INSERT INTO ingredients (id, recipe_id, name, quantity, unit) VALUES ('443f8c56-ca71-413b-9667-48b5d37b0552', '485eea8a-a202-44f7-8899-0ff6b3aeb30e', 'Olive Oil', 3, 'tbsp');
INSERT INTO ingredients (id, recipe_id, name, quantity, unit) VALUES ('29e8eadd-a9e9-4429-91e9-1b914d5e5764', '485eea8a-a202-44f7-8899-0ff6b3aeb30e', 'Salt & Pepper', 1, 'pinch');
INSERT INTO ingredients (id, recipe_id, name, quantity, unit) VALUES ('6b7a66e7-493b-49cc-84ed-242fdc275d5e', '485eea8a-a202-44f7-8899-0ff6b3aeb30e', 'Kale', 2, 'cup');
INSERT INTO ingredients (id, recipe_id, name, quantity, unit) VALUES ('e8d050fc-119a-4579-a44a-cb002d2af2db', '485eea8a-a202-44f7-8899-0ff6b3aeb30e', 'Asparagus', 3, 'clove');
INSERT INTO ingredients (id, recipe_id, name, quantity, unit) VALUES ('4e1d2e86-6f2e-40ff-bb99-beccf788b1c7', '485eea8a-a202-44f7-8899-0ff6b3aeb30e', 'Onion', 1, 'lb');
INSERT INTO recipe_dietary_tags (recipe_id, tag_id) VALUES ('485eea8a-a202-44f7-8899-0ff6b3aeb30e', 4);
INSERT INTO recipe_dietary_tags (recipe_id, tag_id) VALUES ('485eea8a-a202-44f7-8899-0ff6b3aeb30e', 5);

INSERT INTO recipes (id, user_id, title, description, instructions, image_url, servings, source_url, source_name, is_archived) VALUES ('df680157-e648-4272-9d2a-6501996e09b8', 'admin-user-id', 'Herbes de Provence Slow Cooked Steak', 'A delicious and healthy Herbes de Provence Slow Cooked Steak served with Sweet Potatoes and Brown Rice. Perfect for a quick weeknight dinner.', '1. Preheat oven to 400°F.
2. Season the Steak with Herbes de Provence spices.
3. Arrange Sweet Potatoes and Kale on a baking sheet.
4. Slow Cooked for 20-25 minutes until cooked through.
5. Serve hot over Brown Rice.', 'https://images.unsplash.com/photo-1500000000354?auto=format&fit=crop&w=800&q=60', 3, 'https://www.tasteofhome.com', 'Taste of Home', 0);
INSERT INTO ingredients (id, recipe_id, name, quantity, unit) VALUES ('378a194e-1743-4a31-9e38-7e3c208e6b3e', 'df680157-e648-4272-9d2a-6501996e09b8', 'Steak', 1, 'lb');
INSERT INTO ingredients (id, recipe_id, name, quantity, unit) VALUES ('46893978-8ecb-48b0-895c-2a3c7cfd4152', 'df680157-e648-4272-9d2a-6501996e09b8', 'Sweet Potatoes', 3, 'cup');
INSERT INTO ingredients (id, recipe_id, name, quantity, unit) VALUES ('f1df0207-e021-487a-ab22-d2232cd43292', 'df680157-e648-4272-9d2a-6501996e09b8', 'Brown Rice', 1, 'cup');
INSERT INTO ingredients (id, recipe_id, name, quantity, unit) VALUES ('55a0da68-0502-442b-b3b2-1e76e5ce369a', 'df680157-e648-4272-9d2a-6501996e09b8', 'Olive Oil', 1, 'tbsp');
INSERT INTO ingredients (id, recipe_id, name, quantity, unit) VALUES ('318cd3f9-58df-4bbc-91af-ac2efc3f9a77', 'df680157-e648-4272-9d2a-6501996e09b8', 'Salt & Pepper', 1, 'pinch');
INSERT INTO ingredients (id, recipe_id, name, quantity, unit) VALUES ('1b87bccf-c739-4645-b4cd-736489a83404', 'df680157-e648-4272-9d2a-6501996e09b8', 'Kale', 1, 'tbsp');
INSERT INTO ingredients (id, recipe_id, name, quantity, unit) VALUES ('66dd5fbb-4944-48cd-af87-f9430f3e9c2d', 'df680157-e648-4272-9d2a-6501996e09b8', 'Garlic', 4, 'tsp');
INSERT INTO ingredients (id, recipe_id, name, quantity, unit) VALUES ('7fd909ee-1b2e-435c-aabb-36da766d027d', 'df680157-e648-4272-9d2a-6501996e09b8', 'Cauliflower', 5, 'g');
INSERT INTO ingredients (id, recipe_id, name, quantity, unit) VALUES ('3546cfd8-7236-44f2-bf4a-2c069c2a5142', 'df680157-e648-4272-9d2a-6501996e09b8', 'Kale', 5, 'tsp');
INSERT INTO ingredients (id, recipe_id, name, quantity, unit) VALUES ('da05db92-e063-437a-8ac9-e5c16bd1f45b', 'df680157-e648-4272-9d2a-6501996e09b8', 'Garlic', 5, 'pinch');
INSERT INTO ingredients (id, recipe_id, name, quantity, unit) VALUES ('a0354e93-7b3f-4b25-85e1-1e4b28667aaa', 'df680157-e648-4272-9d2a-6501996e09b8', 'Brussels Sprouts', 2, 'oz');
INSERT INTO recipe_dietary_tags (recipe_id, tag_id) VALUES ('df680157-e648-4272-9d2a-6501996e09b8', 7);
INSERT INTO recipe_dietary_tags (recipe_id, tag_id) VALUES ('df680157-e648-4272-9d2a-6501996e09b8', 1);
INSERT INTO recipe_dietary_tags (recipe_id, tag_id) VALUES ('df680157-e648-4272-9d2a-6501996e09b8', 10);

INSERT INTO recipes (id, user_id, title, description, instructions, image_url, servings, source_url, source_name, is_archived) VALUES ('f27337cf-244e-4be1-acaf-cc650cb7b136', 'admin-user-id', 'Pesto Baked Eggs', 'A delicious and healthy Pesto Baked Eggs served with Brussels Sprouts and Wild Rice. Perfect for a quick weeknight dinner.', '1. Preheat oven to 400°F.
2. Season the Eggs with Pesto spices.
3. Arrange Brussels Sprouts and Brussels Sprouts on a baking sheet.
4. Baked for 20-25 minutes until cooked through.
5. Serve hot over Wild Rice.', 'https://images.unsplash.com/photo-1500000000355?auto=format&fit=crop&w=800&q=60', 8, 'https://www.tasteofhome.com', 'Taste of Home', 0);
INSERT INTO ingredients (id, recipe_id, name, quantity, unit) VALUES ('3ab7e60a-5339-4773-bad5-83d94f699168', 'f27337cf-244e-4be1-acaf-cc650cb7b136', 'Eggs', 2, 'oz');
INSERT INTO ingredients (id, recipe_id, name, quantity, unit) VALUES ('24aa1c9c-b73c-4534-98b5-2eefcb89b557', 'f27337cf-244e-4be1-acaf-cc650cb7b136', 'Brussels Sprouts', 1, 'cup');
INSERT INTO ingredients (id, recipe_id, name, quantity, unit) VALUES ('f770bbb8-e162-4cc7-ab3f-6024e663d70c', 'f27337cf-244e-4be1-acaf-cc650cb7b136', 'Wild Rice', 2, 'cup');
INSERT INTO ingredients (id, recipe_id, name, quantity, unit) VALUES ('f5caa1de-7dbf-4280-9c2e-77b616aaf2bc', 'f27337cf-244e-4be1-acaf-cc650cb7b136', 'Olive Oil', 3, 'tbsp');
INSERT INTO ingredients (id, recipe_id, name, quantity, unit) VALUES ('33113c0e-7442-4593-8d09-49f88acbc59c', 'f27337cf-244e-4be1-acaf-cc650cb7b136', 'Salt & Pepper', 1, 'pinch');
INSERT INTO ingredients (id, recipe_id, name, quantity, unit) VALUES ('1c759e81-8cfb-4c55-9869-367ef69a2be0', 'f27337cf-244e-4be1-acaf-cc650cb7b136', 'Onion', 4, 'oz');
INSERT INTO ingredients (id, recipe_id, name, quantity, unit) VALUES ('3cb8990c-4f08-4df4-b74b-dc75aa84cb3c', 'f27337cf-244e-4be1-acaf-cc650cb7b136', 'Spinach', 1, 'cup');
INSERT INTO ingredients (id, recipe_id, name, quantity, unit) VALUES ('cec24b6f-c4f2-4c34-9707-ce4fd3459648', 'f27337cf-244e-4be1-acaf-cc650cb7b136', 'Ginger', 4, 'tsp');
INSERT INTO ingredients (id, recipe_id, name, quantity, unit) VALUES ('1cc36d6b-0b8e-4a2b-93e1-c4a0a07181d0', 'f27337cf-244e-4be1-acaf-cc650cb7b136', 'Zucchini', 3, 'ml');
INSERT INTO ingredients (id, recipe_id, name, quantity, unit) VALUES ('62276e0b-26f5-43b5-a4a2-f1592f45cd9a', 'f27337cf-244e-4be1-acaf-cc650cb7b136', 'Carrots', 4, 'tbsp');
INSERT INTO ingredients (id, recipe_id, name, quantity, unit) VALUES ('cd2eef05-781c-4cca-b86f-b31cbf793515', 'f27337cf-244e-4be1-acaf-cc650cb7b136', 'Bell Peppers', 2, 'tsp');
INSERT INTO recipe_dietary_tags (recipe_id, tag_id) VALUES ('f27337cf-244e-4be1-acaf-cc650cb7b136', 9);

INSERT INTO recipes (id, user_id, title, description, instructions, image_url, servings, source_url, source_name, is_archived) VALUES ('9dc55bec-a37d-4130-b5bd-a85ef0caa455', 'admin-user-id', 'Honey Sriracha Air Fried Shrimp', 'A delicious and healthy Honey Sriracha Air Fried Shrimp served with Brussels Sprouts and Lentil Pasta. Perfect for a quick weeknight dinner.', '1. Preheat oven to 400°F.
2. Season the Shrimp with Honey Sriracha spices.
3. Arrange Brussels Sprouts and Asparagus on a baking sheet.
4. Air Fried for 20-25 minutes until cooked through.
5. Serve hot over Lentil Pasta.', 'https://images.unsplash.com/photo-1500000000356?auto=format&fit=crop&w=800&q=60', 8, 'https://www.allrecipes.com', 'AllRecipes', 0);
INSERT INTO ingredients (id, recipe_id, name, quantity, unit) VALUES ('b28a1824-ce19-4703-a9e1-d9b715169078', '9dc55bec-a37d-4130-b5bd-a85ef0caa455', 'Shrimp', 2, 'lb');
INSERT INTO ingredients (id, recipe_id, name, quantity, unit) VALUES ('0e9bd2cd-1cea-4b68-a014-821db8056202', '9dc55bec-a37d-4130-b5bd-a85ef0caa455', 'Brussels Sprouts', 3, 'cup');
INSERT INTO ingredients (id, recipe_id, name, quantity, unit) VALUES ('3bdfffa7-b102-4443-b06f-c98ab59eefb7', '9dc55bec-a37d-4130-b5bd-a85ef0caa455', 'Lentil Pasta', 3, 'cup');
INSERT INTO ingredients (id, recipe_id, name, quantity, unit) VALUES ('46ccf585-82f9-489c-844a-349447fc2cf1', '9dc55bec-a37d-4130-b5bd-a85ef0caa455', 'Olive Oil', 2, 'tbsp');
INSERT INTO ingredients (id, recipe_id, name, quantity, unit) VALUES ('0e9864d8-3e19-40e4-99c9-b0e06ad171d8', '9dc55bec-a37d-4130-b5bd-a85ef0caa455', 'Salt & Pepper', 1, 'pinch');
INSERT INTO ingredients (id, recipe_id, name, quantity, unit) VALUES ('73547aff-632a-40b8-a311-a68a2d0b0c6e', '9dc55bec-a37d-4130-b5bd-a85ef0caa455', 'Carrots', 3, 'g');
INSERT INTO ingredients (id, recipe_id, name, quantity, unit) VALUES ('7fb13986-34b0-41c6-ae3f-6c4e6c84d2e2', '9dc55bec-a37d-4130-b5bd-a85ef0caa455', 'Asparagus', 4, 'clove');
INSERT INTO ingredients (id, recipe_id, name, quantity, unit) VALUES ('f7f792e1-7d23-4a99-9c48-2d87f678d13a', '9dc55bec-a37d-4130-b5bd-a85ef0caa455', 'Spinach', 4, 'bundle');
INSERT INTO recipe_dietary_tags (recipe_id, tag_id) VALUES ('9dc55bec-a37d-4130-b5bd-a85ef0caa455', 1);
INSERT INTO recipe_dietary_tags (recipe_id, tag_id) VALUES ('9dc55bec-a37d-4130-b5bd-a85ef0caa455', 5);

INSERT INTO recipes (id, user_id, title, description, instructions, image_url, servings, source_url, source_name, is_archived) VALUES ('e5ebd15b-c549-4ca4-aa6a-57185c4d190a', 'admin-user-id', 'Curry Grilled Eggs', 'A delicious and healthy Curry Grilled Eggs served with Sweet Potatoes and Roasted Potatoes. Perfect for a quick weeknight dinner.', '1. Preheat oven to 400°F.
2. Season the Eggs with Curry spices.
3. Arrange Sweet Potatoes and Cauliflower on a baking sheet.
4. Grilled for 20-25 minutes until cooked through.
5. Serve hot over Roasted Potatoes.', 'https://images.unsplash.com/photo-1500000000357?auto=format&fit=crop&w=800&q=60', 6, 'https://www.tasteofhome.com', 'Taste of Home', 0);
INSERT INTO ingredients (id, recipe_id, name, quantity, unit) VALUES ('7cb231ea-aee8-4792-bf87-dc2bee428648', 'e5ebd15b-c549-4ca4-aa6a-57185c4d190a', 'Eggs', 2, 'lb');
INSERT INTO ingredients (id, recipe_id, name, quantity, unit) VALUES ('78a415c5-4752-4df1-8a6b-666b19850c0d', 'e5ebd15b-c549-4ca4-aa6a-57185c4d190a', 'Sweet Potatoes', 4, 'bundle');
INSERT INTO ingredients (id, recipe_id, name, quantity, unit) VALUES ('784ebdc2-9788-4513-aba2-7c3a720c7787', 'e5ebd15b-c549-4ca4-aa6a-57185c4d190a', 'Roasted Potatoes', 1, 'cup');
INSERT INTO ingredients (id, recipe_id, name, quantity, unit) VALUES ('ff4f31a8-6017-480e-84c5-9c99afe92f54', 'e5ebd15b-c549-4ca4-aa6a-57185c4d190a', 'Olive Oil', 1, 'tbsp');
INSERT INTO ingredients (id, recipe_id, name, quantity, unit) VALUES ('906873bd-f1e7-4aa8-ad6a-3e7c0fe3c235', 'e5ebd15b-c549-4ca4-aa6a-57185c4d190a', 'Salt & Pepper', 1, 'pinch');
INSERT INTO ingredients (id, recipe_id, name, quantity, unit) VALUES ('c010c31b-1f62-483a-9c80-e1db11c77f62', 'e5ebd15b-c549-4ca4-aa6a-57185c4d190a', 'Carrots', 3, 'clove');
INSERT INTO ingredients (id, recipe_id, name, quantity, unit) VALUES ('bb319237-170d-4535-994d-983ef9244917', 'e5ebd15b-c549-4ca4-aa6a-57185c4d190a', 'Butter', 3, 'g');
INSERT INTO ingredients (id, recipe_id, name, quantity, unit) VALUES ('e361138a-c443-4572-a956-95d3ce7b1510', 'e5ebd15b-c549-4ca4-aa6a-57185c4d190a', 'Butter', 4, 'cup');
INSERT INTO ingredients (id, recipe_id, name, quantity, unit) VALUES ('6bb7bbb0-3bc4-48de-a492-d3f6e7f0ab57', 'e5ebd15b-c549-4ca4-aa6a-57185c4d190a', 'Broccoli', 5, 'head');
INSERT INTO ingredients (id, recipe_id, name, quantity, unit) VALUES ('2ee4ae3e-ecc2-4a4e-8f2f-0358734f3624', 'e5ebd15b-c549-4ca4-aa6a-57185c4d190a', 'Lemon', 4, 'clove');
INSERT INTO ingredients (id, recipe_id, name, quantity, unit) VALUES ('5d321b8e-1478-454f-8d93-6325ba3e7075', 'e5ebd15b-c549-4ca4-aa6a-57185c4d190a', 'Carrots', 2, 'oz');
INSERT INTO recipe_dietary_tags (recipe_id, tag_id) VALUES ('e5ebd15b-c549-4ca4-aa6a-57185c4d190a', 10);

INSERT INTO recipes (id, user_id, title, description, instructions, image_url, servings, source_url, source_name, is_archived) VALUES ('8228e5e7-add9-4f48-95c1-6d087678f0b5', 'admin-user-id', 'Smoky BBQ Grilled Tofu', 'A delicious and healthy Smoky BBQ Grilled Tofu served with Asparagus and Roasted Potatoes. Perfect for a quick weeknight dinner.', '1. Preheat oven to 400°F.
2. Season the Tofu with Smoky BBQ spices.
3. Arrange Asparagus and Spinach on a baking sheet.
4. Grilled for 20-25 minutes until cooked through.
5. Serve hot over Roasted Potatoes.', 'https://images.unsplash.com/photo-1500000000358?auto=format&fit=crop&w=800&q=60', 7, 'https://www.bonappetit.com', 'Bon Appetit', 0);
INSERT INTO ingredients (id, recipe_id, name, quantity, unit) VALUES ('c4db73ac-f3ac-4c9f-9dcd-a352c5400ebf', '8228e5e7-add9-4f48-95c1-6d087678f0b5', 'Tofu', 1, 'lb');
INSERT INTO ingredients (id, recipe_id, name, quantity, unit) VALUES ('43820453-f185-400d-9db1-97c93750c715', '8228e5e7-add9-4f48-95c1-6d087678f0b5', 'Asparagus', 4, 'head');
INSERT INTO ingredients (id, recipe_id, name, quantity, unit) VALUES ('b9bcb902-afdb-4fcc-b167-5f2e2e354dc0', '8228e5e7-add9-4f48-95c1-6d087678f0b5', 'Roasted Potatoes', 2, 'cup');
INSERT INTO ingredients (id, recipe_id, name, quantity, unit) VALUES ('7df64f21-ee95-4335-a8a9-810162a2816b', '8228e5e7-add9-4f48-95c1-6d087678f0b5', 'Olive Oil', 1, 'tbsp');
INSERT INTO ingredients (id, recipe_id, name, quantity, unit) VALUES ('04e03c36-5566-4433-8290-18d31ca419c2', '8228e5e7-add9-4f48-95c1-6d087678f0b5', 'Salt & Pepper', 1, 'pinch');
INSERT INTO ingredients (id, recipe_id, name, quantity, unit) VALUES ('4987988d-59d1-44ce-85e1-7411e7535d3e', '8228e5e7-add9-4f48-95c1-6d087678f0b5', 'Bell Peppers', 3, 'oz');
INSERT INTO ingredients (id, recipe_id, name, quantity, unit) VALUES ('b0f8dff7-d48d-4806-a926-08d53e04662f', '8228e5e7-add9-4f48-95c1-6d087678f0b5', 'Kale', 4, 'tbsp');
INSERT INTO ingredients (id, recipe_id, name, quantity, unit) VALUES ('5e666a00-93bf-4c2a-b831-f99dd3385d08', '8228e5e7-add9-4f48-95c1-6d087678f0b5', 'Bell Peppers', 4, 'lb');
INSERT INTO recipe_dietary_tags (recipe_id, tag_id) VALUES ('8228e5e7-add9-4f48-95c1-6d087678f0b5', 2);
INSERT INTO recipe_dietary_tags (recipe_id, tag_id) VALUES ('8228e5e7-add9-4f48-95c1-6d087678f0b5', 1);

INSERT INTO recipes (id, user_id, title, description, instructions, image_url, servings, source_url, source_name, is_archived) VALUES ('bbccf422-9048-4685-adb3-b436045e8801', 'admin-user-id', 'Balsamic Glaze Grilled Pork Loin', 'A delicious and healthy Balsamic Glaze Grilled Pork Loin served with Spinach and Couscous. Perfect for a quick weeknight dinner.', '1. Preheat oven to 400°F.
2. Season the Pork Loin with Balsamic Glaze spices.
3. Arrange Spinach and Sweet Potatoes on a baking sheet.
4. Grilled for 20-25 minutes until cooked through.
5. Serve hot over Couscous.', 'https://images.unsplash.com/photo-1500000000359?auto=format&fit=crop&w=800&q=60', 7, 'https://www.foodnetwork.com', 'Food Network', 0);
INSERT INTO ingredients (id, recipe_id, name, quantity, unit) VALUES ('20450020-4a41-4443-ad3f-b271bc9d1c18', 'bbccf422-9048-4685-adb3-b436045e8801', 'Pork Loin', 1, 'oz');
INSERT INTO ingredients (id, recipe_id, name, quantity, unit) VALUES ('8d83b099-81a4-47f5-b0af-13c3e85c50a3', 'bbccf422-9048-4685-adb3-b436045e8801', 'Spinach', 1, 'bundle');
INSERT INTO ingredients (id, recipe_id, name, quantity, unit) VALUES ('84076683-5cbe-46e2-9a9f-b2129145048f', 'bbccf422-9048-4685-adb3-b436045e8801', 'Couscous', 3, 'cup');
INSERT INTO ingredients (id, recipe_id, name, quantity, unit) VALUES ('17a12057-c188-477f-a5c3-c6cb71b5f4c0', 'bbccf422-9048-4685-adb3-b436045e8801', 'Olive Oil', 3, 'tbsp');
INSERT INTO ingredients (id, recipe_id, name, quantity, unit) VALUES ('549bb072-c2e6-495b-8211-d0ec01519d53', 'bbccf422-9048-4685-adb3-b436045e8801', 'Salt & Pepper', 1, 'pinch');
INSERT INTO ingredients (id, recipe_id, name, quantity, unit) VALUES ('99961fad-e4da-443f-8bf9-2b5cca7072b5', 'bbccf422-9048-4685-adb3-b436045e8801', 'Ginger', 2, 'tsp');
INSERT INTO ingredients (id, recipe_id, name, quantity, unit) VALUES ('212db598-8b78-4480-9aa5-de6e68de8975', 'bbccf422-9048-4685-adb3-b436045e8801', 'Butter', 2, 'tbsp');
INSERT INTO ingredients (id, recipe_id, name, quantity, unit) VALUES ('076c615f-459f-48b5-92f4-154796a73b67', 'bbccf422-9048-4685-adb3-b436045e8801', 'Bell Peppers', 1, 'tsp');
INSERT INTO ingredients (id, recipe_id, name, quantity, unit) VALUES ('8ea6bc24-a937-4291-ad3f-699dc104bc0b', 'bbccf422-9048-4685-adb3-b436045e8801', 'Lemon', 2, 'tbsp');
INSERT INTO ingredients (id, recipe_id, name, quantity, unit) VALUES ('ee2e3de7-4f43-4147-9581-4f3afed911fb', 'bbccf422-9048-4685-adb3-b436045e8801', 'Zucchini', 1, 'tbsp');
INSERT INTO recipe_dietary_tags (recipe_id, tag_id) VALUES ('bbccf422-9048-4685-adb3-b436045e8801', 7);

INSERT INTO recipes (id, user_id, title, description, instructions, image_url, servings, source_url, source_name, is_archived) VALUES ('49c5720d-5fc6-43c0-8683-8985a680cd4a', 'admin-user-id', 'Lemon Garlic Sautéed Lamb Chops', 'A delicious and healthy Lemon Garlic Sautéed Lamb Chops served with Carrots and Zucchini Noodles. Perfect for a quick weeknight dinner.', '1. Preheat oven to 400°F.
2. Season the Lamb Chops with Lemon Garlic spices.
3. Arrange Carrots and Zucchini on a baking sheet.
4. Sautéed for 20-25 minutes until cooked through.
5. Serve hot over Zucchini Noodles.', 'https://images.unsplash.com/photo-1500000000360?auto=format&fit=crop&w=800&q=60', 2, 'https://www.bonappetit.com', 'Bon Appetit', 0);
INSERT INTO ingredients (id, recipe_id, name, quantity, unit) VALUES ('5f3d4bc9-ae40-42b3-8bf8-5e73b1107985', '49c5720d-5fc6-43c0-8683-8985a680cd4a', 'Lamb Chops', 1, 'oz');
INSERT INTO ingredients (id, recipe_id, name, quantity, unit) VALUES ('8aa65a0f-9c5d-41f9-ac16-33a1f01d527f', '49c5720d-5fc6-43c0-8683-8985a680cd4a', 'Carrots', 2, 'bundle');
INSERT INTO ingredients (id, recipe_id, name, quantity, unit) VALUES ('6e182527-5ad6-4974-b620-7fd8565ca742', '49c5720d-5fc6-43c0-8683-8985a680cd4a', 'Zucchini Noodles', 1, 'cup');
INSERT INTO ingredients (id, recipe_id, name, quantity, unit) VALUES ('fda2e05c-88e4-499e-8373-24ad4d74f672', '49c5720d-5fc6-43c0-8683-8985a680cd4a', 'Olive Oil', 1, 'tbsp');
INSERT INTO ingredients (id, recipe_id, name, quantity, unit) VALUES ('56ddc42b-2dbc-4142-b97e-ca260262cb1b', '49c5720d-5fc6-43c0-8683-8985a680cd4a', 'Salt & Pepper', 1, 'pinch');
INSERT INTO ingredients (id, recipe_id, name, quantity, unit) VALUES ('f9138ea6-9a72-4125-97df-7c2b2ce261d9', '49c5720d-5fc6-43c0-8683-8985a680cd4a', 'Sweet Potatoes', 5, 'bundle');
INSERT INTO ingredients (id, recipe_id, name, quantity, unit) VALUES ('6c283702-ca56-4a60-8482-03992fd1cb79', '49c5720d-5fc6-43c0-8683-8985a680cd4a', 'Spinach', 3, 'lb');
INSERT INTO ingredients (id, recipe_id, name, quantity, unit) VALUES ('2e658e8b-80bb-4942-be2d-dfd1de6eb850', '49c5720d-5fc6-43c0-8683-8985a680cd4a', 'Spinach', 5, 'cup');
INSERT INTO ingredients (id, recipe_id, name, quantity, unit) VALUES ('92db3f03-884c-4418-99bc-581f589e0eff', '49c5720d-5fc6-43c0-8683-8985a680cd4a', 'Cauliflower', 4, 'cup');
INSERT INTO ingredients (id, recipe_id, name, quantity, unit) VALUES ('41e1d5d5-6e7c-408f-8b80-b61c29a06fe8', '49c5720d-5fc6-43c0-8683-8985a680cd4a', 'Lemon', 5, 'g');
INSERT INTO ingredients (id, recipe_id, name, quantity, unit) VALUES ('a08f5596-c702-4e3b-9d5f-8db2cf2429f3', '49c5720d-5fc6-43c0-8683-8985a680cd4a', 'Kale', 2, 'tbsp');
INSERT INTO ingredients (id, recipe_id, name, quantity, unit) VALUES ('089f5cb9-c42f-44a1-8958-bd748070d932', '49c5720d-5fc6-43c0-8683-8985a680cd4a', 'Cauliflower', 1, 'cup');
INSERT INTO recipe_dietary_tags (recipe_id, tag_id) VALUES ('49c5720d-5fc6-43c0-8683-8985a680cd4a', 1);

INSERT INTO recipes (id, user_id, title, description, instructions, image_url, servings, source_url, source_name, is_archived) VALUES ('8e30af4a-48a5-438f-91a7-6391dfa4802d', 'admin-user-id', 'Curry Air Fried Eggs', 'A delicious and healthy Curry Air Fried Eggs served with Brussels Sprouts and Brown Rice. Perfect for a quick weeknight dinner.', '1. Preheat oven to 400°F.
2. Season the Eggs with Curry spices.
3. Arrange Brussels Sprouts and Sweet Potatoes on a baking sheet.
4. Air Fried for 20-25 minutes until cooked through.
5. Serve hot over Brown Rice.', 'https://images.unsplash.com/photo-1500000000361?auto=format&fit=crop&w=800&q=60', 6, 'https://www.foodnetwork.com', 'Food Network', 0);
INSERT INTO ingredients (id, recipe_id, name, quantity, unit) VALUES ('8579cd7c-5d0a-438f-a073-caee1f841334', '8e30af4a-48a5-438f-91a7-6391dfa4802d', 'Eggs', 1, 'lb');
INSERT INTO ingredients (id, recipe_id, name, quantity, unit) VALUES ('fa078a6b-5329-49b0-b1aa-804e8d1100f8', '8e30af4a-48a5-438f-91a7-6391dfa4802d', 'Brussels Sprouts', 3, 'bundle');
INSERT INTO ingredients (id, recipe_id, name, quantity, unit) VALUES ('4bfd7f46-7ffb-4fc1-885b-2ff0f3fb0cc3', '8e30af4a-48a5-438f-91a7-6391dfa4802d', 'Brown Rice', 1, 'cup');
INSERT INTO ingredients (id, recipe_id, name, quantity, unit) VALUES ('b1a23707-3c37-49ac-b3fc-da5bf1775174', '8e30af4a-48a5-438f-91a7-6391dfa4802d', 'Olive Oil', 1, 'tbsp');
INSERT INTO ingredients (id, recipe_id, name, quantity, unit) VALUES ('feb83881-bce1-4833-a3cf-5703c1cbf4cd', '8e30af4a-48a5-438f-91a7-6391dfa4802d', 'Salt & Pepper', 1, 'pinch');
INSERT INTO ingredients (id, recipe_id, name, quantity, unit) VALUES ('1a4eca96-a6b4-4830-8994-edcfa65a0883', '8e30af4a-48a5-438f-91a7-6391dfa4802d', 'Cauliflower', 4, 'tbsp');
INSERT INTO ingredients (id, recipe_id, name, quantity, unit) VALUES ('e2725127-6326-4ba2-b512-fe037d965b0f', '8e30af4a-48a5-438f-91a7-6391dfa4802d', 'Carrots', 4, 'clove');
INSERT INTO ingredients (id, recipe_id, name, quantity, unit) VALUES ('c8e8cb15-0ef4-4435-936c-3070cf060b64', '8e30af4a-48a5-438f-91a7-6391dfa4802d', 'Bell Peppers', 5, 'oz');
INSERT INTO ingredients (id, recipe_id, name, quantity, unit) VALUES ('5cb5ad0e-2123-4a28-955d-c3d815230ff2', '8e30af4a-48a5-438f-91a7-6391dfa4802d', 'Sweet Potatoes', 3, 'pinch');
INSERT INTO ingredients (id, recipe_id, name, quantity, unit) VALUES ('c6bb3f0c-51fe-4642-8fa0-adbadd2dc5e6', '8e30af4a-48a5-438f-91a7-6391dfa4802d', 'Lemon', 4, 'cup');
INSERT INTO recipe_dietary_tags (recipe_id, tag_id) VALUES ('8e30af4a-48a5-438f-91a7-6391dfa4802d', 10);

INSERT INTO recipes (id, user_id, title, description, instructions, image_url, servings, source_url, source_name, is_archived) VALUES ('650512ef-65f5-4bc8-a303-157c5933fa5b', 'admin-user-id', 'Curry Pan-Seared Eggs', 'A delicious and healthy Curry Pan-Seared Eggs served with Green Beans and Mashed Cauliflower. Perfect for a quick weeknight dinner.', '1. Preheat oven to 400°F.
2. Season the Eggs with Curry spices.
3. Arrange Green Beans and Spinach on a baking sheet.
4. Pan-Seared for 20-25 minutes until cooked through.
5. Serve hot over Mashed Cauliflower.', 'https://images.unsplash.com/photo-1500000000362?auto=format&fit=crop&w=800&q=60', 4, 'https://www.foodnetwork.com', 'Food Network', 0);
INSERT INTO ingredients (id, recipe_id, name, quantity, unit) VALUES ('760c6896-b50a-4625-85b7-c2ef63d22755', '650512ef-65f5-4bc8-a303-157c5933fa5b', 'Eggs', 1, 'lb');
INSERT INTO ingredients (id, recipe_id, name, quantity, unit) VALUES ('80a365a9-623a-48a4-9129-779627883fa8', '650512ef-65f5-4bc8-a303-157c5933fa5b', 'Green Beans', 3, 'bundle');
INSERT INTO ingredients (id, recipe_id, name, quantity, unit) VALUES ('4be6ffba-2d8a-4dd5-b531-9d404a38fbfd', '650512ef-65f5-4bc8-a303-157c5933fa5b', 'Mashed Cauliflower', 2, 'cup');
INSERT INTO ingredients (id, recipe_id, name, quantity, unit) VALUES ('354e6639-9c8a-4ef5-8767-87d33b2fdca0', '650512ef-65f5-4bc8-a303-157c5933fa5b', 'Olive Oil', 1, 'tbsp');
INSERT INTO ingredients (id, recipe_id, name, quantity, unit) VALUES ('292653fb-9f0e-48b2-abd1-73efeeb6bc7b', '650512ef-65f5-4bc8-a303-157c5933fa5b', 'Salt & Pepper', 1, 'pinch');
INSERT INTO ingredients (id, recipe_id, name, quantity, unit) VALUES ('b83ab4bd-b18b-46b1-8daa-b5815a3bdfaf', '650512ef-65f5-4bc8-a303-157c5933fa5b', 'Zucchini', 5, 'tbsp');
INSERT INTO ingredients (id, recipe_id, name, quantity, unit) VALUES ('64a910df-e0ed-42b8-82c9-5abac13c9eec', '650512ef-65f5-4bc8-a303-157c5933fa5b', 'Carrots', 4, 'ml');
INSERT INTO ingredients (id, recipe_id, name, quantity, unit) VALUES ('82dcd79d-8df6-459b-b8a7-cbd1d38ad608', '650512ef-65f5-4bc8-a303-157c5933fa5b', 'Lemon', 3, 'ml');
INSERT INTO ingredients (id, recipe_id, name, quantity, unit) VALUES ('09de4a1c-d26b-4c09-a6ce-7b209172971b', '650512ef-65f5-4bc8-a303-157c5933fa5b', 'Butter', 1, 'oz');
INSERT INTO ingredients (id, recipe_id, name, quantity, unit) VALUES ('5781bb74-0596-4088-bd5d-741e22a53709', '650512ef-65f5-4bc8-a303-157c5933fa5b', 'Cauliflower', 3, 'g');
INSERT INTO ingredients (id, recipe_id, name, quantity, unit) VALUES ('84feb512-780e-4280-8bbe-a8b6300d8099', '650512ef-65f5-4bc8-a303-157c5933fa5b', 'Broccoli', 4, 'clove');
INSERT INTO ingredients (id, recipe_id, name, quantity, unit) VALUES ('42e089bd-dda9-4d56-95ec-9c8b40d29195', '650512ef-65f5-4bc8-a303-157c5933fa5b', 'Asparagus', 1, 'tbsp');
INSERT INTO recipe_dietary_tags (recipe_id, tag_id) VALUES ('650512ef-65f5-4bc8-a303-157c5933fa5b', 9);
INSERT INTO recipe_dietary_tags (recipe_id, tag_id) VALUES ('650512ef-65f5-4bc8-a303-157c5933fa5b', 8);

INSERT INTO recipes (id, user_id, title, description, instructions, image_url, servings, source_url, source_name, is_archived) VALUES ('9853c721-9ebd-414f-808d-a4e43035907f', 'admin-user-id', 'Miso Ginger Steamed Ground Beef', 'A delicious and healthy Miso Ginger Steamed Ground Beef served with Broccoli and Cauliflower Rice. Perfect for a quick weeknight dinner.', '1. Preheat oven to 400°F.
2. Season the Ground Beef with Miso Ginger spices.
3. Arrange Broccoli and Bell Peppers on a baking sheet.
4. Steamed for 20-25 minutes until cooked through.
5. Serve hot over Cauliflower Rice.', 'https://images.unsplash.com/photo-1500000000363?auto=format&fit=crop&w=800&q=60', 5, 'https://www.foodnetwork.com', 'Food Network', 0);
INSERT INTO ingredients (id, recipe_id, name, quantity, unit) VALUES ('afb7f92a-9136-46b9-b553-fc33367c6921', '9853c721-9ebd-414f-808d-a4e43035907f', 'Ground Beef', 1, 'lb');
INSERT INTO ingredients (id, recipe_id, name, quantity, unit) VALUES ('af3bd483-eacb-46e2-9c82-92e836b019f3', '9853c721-9ebd-414f-808d-a4e43035907f', 'Broccoli', 2, 'cup');
INSERT INTO ingredients (id, recipe_id, name, quantity, unit) VALUES ('5e89f453-cd57-4f15-8f92-457fe2af328f', '9853c721-9ebd-414f-808d-a4e43035907f', 'Cauliflower Rice', 1, 'cup');
INSERT INTO ingredients (id, recipe_id, name, quantity, unit) VALUES ('1cde5203-0242-4922-bdcb-b8ee80eea70d', '9853c721-9ebd-414f-808d-a4e43035907f', 'Olive Oil', 1, 'tbsp');
INSERT INTO ingredients (id, recipe_id, name, quantity, unit) VALUES ('b08e1cae-dee4-4da7-828a-a2dfaa8d208e', '9853c721-9ebd-414f-808d-a4e43035907f', 'Salt & Pepper', 1, 'pinch');
INSERT INTO ingredients (id, recipe_id, name, quantity, unit) VALUES ('1ad993dc-b5c9-4816-8727-968f29034cfd', '9853c721-9ebd-414f-808d-a4e43035907f', 'Kale', 5, 'head');
INSERT INTO ingredients (id, recipe_id, name, quantity, unit) VALUES ('9bc486ab-090d-4ded-b88b-973502493aea', '9853c721-9ebd-414f-808d-a4e43035907f', 'Garlic', 5, 'tbsp');
INSERT INTO ingredients (id, recipe_id, name, quantity, unit) VALUES ('8b26288f-cbbf-4c74-8755-a77aa505fdb9', '9853c721-9ebd-414f-808d-a4e43035907f', 'Bell Peppers', 3, 'pinch');
INSERT INTO ingredients (id, recipe_id, name, quantity, unit) VALUES ('078f6b2d-9ee9-4104-b442-16cc8c38b240', '9853c721-9ebd-414f-808d-a4e43035907f', 'Garlic', 1, 'head');
INSERT INTO recipe_dietary_tags (recipe_id, tag_id) VALUES ('9853c721-9ebd-414f-808d-a4e43035907f', 4);

INSERT INTO recipes (id, user_id, title, description, instructions, image_url, servings, source_url, source_name, is_archived) VALUES ('3d68b7f0-5d5a-4e42-9c6e-3668b09654f0', 'admin-user-id', 'Taco Seasoned Air Fried Chickpeas', 'A delicious and healthy Taco Seasoned Air Fried Chickpeas served with Asparagus and Lentil Pasta. Perfect for a quick weeknight dinner.', '1. Preheat oven to 400°F.
2. Season the Chickpeas with Taco Seasoned spices.
3. Arrange Asparagus and Asparagus on a baking sheet.
4. Air Fried for 20-25 minutes until cooked through.
5. Serve hot over Lentil Pasta.', 'https://images.unsplash.com/photo-1500000000364?auto=format&fit=crop&w=800&q=60', 3, 'https://www.bonappetit.com', 'Bon Appetit', 0);
INSERT INTO ingredients (id, recipe_id, name, quantity, unit) VALUES ('d30e8626-114c-4c31-b551-a76df6228f42', '3d68b7f0-5d5a-4e42-9c6e-3668b09654f0', 'Chickpeas', 2, 'oz');
INSERT INTO ingredients (id, recipe_id, name, quantity, unit) VALUES ('2169178e-ae56-40df-a133-49c8e90aed0b', '3d68b7f0-5d5a-4e42-9c6e-3668b09654f0', 'Asparagus', 3, 'cup');
INSERT INTO ingredients (id, recipe_id, name, quantity, unit) VALUES ('7ada82d3-f254-45ac-b586-56204d2fba00', '3d68b7f0-5d5a-4e42-9c6e-3668b09654f0', 'Lentil Pasta', 3, 'cup');
INSERT INTO ingredients (id, recipe_id, name, quantity, unit) VALUES ('df1c486c-aeac-4f53-a9db-94013869b04a', '3d68b7f0-5d5a-4e42-9c6e-3668b09654f0', 'Olive Oil', 1, 'tbsp');
INSERT INTO ingredients (id, recipe_id, name, quantity, unit) VALUES ('b3f17ba6-88e4-45da-954c-5d590ea2e48e', '3d68b7f0-5d5a-4e42-9c6e-3668b09654f0', 'Salt & Pepper', 1, 'pinch');
INSERT INTO recipe_dietary_tags (recipe_id, tag_id) VALUES ('3d68b7f0-5d5a-4e42-9c6e-3668b09654f0', 9);

INSERT INTO recipes (id, user_id, title, description, instructions, image_url, servings, source_url, source_name, is_archived) VALUES ('52c3d7d9-6e28-42cc-80ed-7e16ec7cd8b5', 'admin-user-id', 'Herbes de Provence Steamed Chickpeas', 'A delicious and healthy Herbes de Provence Steamed Chickpeas served with Bell Peppers and Wild Rice. Perfect for a quick weeknight dinner.', '1. Preheat oven to 400°F.
2. Season the Chickpeas with Herbes de Provence spices.
3. Arrange Bell Peppers and Bell Peppers on a baking sheet.
4. Steamed for 20-25 minutes until cooked through.
5. Serve hot over Wild Rice.', 'https://images.unsplash.com/photo-1500000000365?auto=format&fit=crop&w=800&q=60', 4, 'https://www.foodnetwork.com', 'Food Network', 0);
INSERT INTO ingredients (id, recipe_id, name, quantity, unit) VALUES ('31e6aec1-0829-45c0-b3d7-99daa8a087d5', '52c3d7d9-6e28-42cc-80ed-7e16ec7cd8b5', 'Chickpeas', 1, 'oz');
INSERT INTO ingredients (id, recipe_id, name, quantity, unit) VALUES ('ce5acbba-1100-42dc-84d0-93ccef2e70c3', '52c3d7d9-6e28-42cc-80ed-7e16ec7cd8b5', 'Bell Peppers', 3, 'bundle');
INSERT INTO ingredients (id, recipe_id, name, quantity, unit) VALUES ('a55142cc-3e97-44e8-a014-761ef0adfd14', '52c3d7d9-6e28-42cc-80ed-7e16ec7cd8b5', 'Wild Rice', 1, 'cup');
INSERT INTO ingredients (id, recipe_id, name, quantity, unit) VALUES ('55302cfd-6ea7-4b8a-b9e0-33bf1ef31494', '52c3d7d9-6e28-42cc-80ed-7e16ec7cd8b5', 'Olive Oil', 1, 'tbsp');
INSERT INTO ingredients (id, recipe_id, name, quantity, unit) VALUES ('c7218513-a9cf-49c9-9b16-aad12206c5d7', '52c3d7d9-6e28-42cc-80ed-7e16ec7cd8b5', 'Salt & Pepper', 1, 'pinch');
INSERT INTO ingredients (id, recipe_id, name, quantity, unit) VALUES ('4b5cdaaf-9677-43c7-bf52-af71656e6037', '52c3d7d9-6e28-42cc-80ed-7e16ec7cd8b5', 'Onion', 3, 'oz');
INSERT INTO ingredients (id, recipe_id, name, quantity, unit) VALUES ('5d194de4-59b2-4ed4-bb23-11844a92fa2b', '52c3d7d9-6e28-42cc-80ed-7e16ec7cd8b5', 'Spinach', 4, 'clove');
INSERT INTO ingredients (id, recipe_id, name, quantity, unit) VALUES ('eb5a1228-9cb9-4aa1-b7c8-fb883077dd8e', '52c3d7d9-6e28-42cc-80ed-7e16ec7cd8b5', 'Asparagus', 5, 'g');
INSERT INTO ingredients (id, recipe_id, name, quantity, unit) VALUES ('c7fe6ae6-47f5-4831-bb4d-1e349d393e16', '52c3d7d9-6e28-42cc-80ed-7e16ec7cd8b5', 'Cauliflower', 3, 'tsp');
INSERT INTO ingredients (id, recipe_id, name, quantity, unit) VALUES ('b892850e-4acc-4213-b2a6-252617763a82', '52c3d7d9-6e28-42cc-80ed-7e16ec7cd8b5', 'Spinach', 3, 'tsp');
INSERT INTO ingredients (id, recipe_id, name, quantity, unit) VALUES ('4ba50353-c4d4-41de-ba5c-afb91cea9ca6', '52c3d7d9-6e28-42cc-80ed-7e16ec7cd8b5', 'Green Beans', 5, 'clove');
INSERT INTO ingredients (id, recipe_id, name, quantity, unit) VALUES ('b075b025-db15-4f15-b679-908c60567ca5', '52c3d7d9-6e28-42cc-80ed-7e16ec7cd8b5', 'Zucchini', 5, 'head');
INSERT INTO recipe_dietary_tags (recipe_id, tag_id) VALUES ('52c3d7d9-6e28-42cc-80ed-7e16ec7cd8b5', 8);

INSERT INTO recipes (id, user_id, title, description, instructions, image_url, servings, source_url, source_name, is_archived) VALUES ('f40fd035-274a-448c-a71f-d29b70ff0ce1', 'admin-user-id', 'Smoky BBQ Air Fried Steak', 'A delicious and healthy Smoky BBQ Air Fried Steak served with Carrots and Wild Rice. Perfect for a quick weeknight dinner.', '1. Preheat oven to 400°F.
2. Season the Steak with Smoky BBQ spices.
3. Arrange Carrots and Cauliflower on a baking sheet.
4. Air Fried for 20-25 minutes until cooked through.
5. Serve hot over Wild Rice.', 'https://images.unsplash.com/photo-1500000000366?auto=format&fit=crop&w=800&q=60', 5, 'https://www.tasteofhome.com', 'Taste of Home', 0);
INSERT INTO ingredients (id, recipe_id, name, quantity, unit) VALUES ('76154427-679c-4c82-9188-787ff6e69884', 'f40fd035-274a-448c-a71f-d29b70ff0ce1', 'Steak', 1, 'oz');
INSERT INTO ingredients (id, recipe_id, name, quantity, unit) VALUES ('f8806ecb-eabb-41d1-807a-c96df87c337c', 'f40fd035-274a-448c-a71f-d29b70ff0ce1', 'Carrots', 1, 'bundle');
INSERT INTO ingredients (id, recipe_id, name, quantity, unit) VALUES ('07b5fdc4-8b69-4191-86e2-e1bfc024e317', 'f40fd035-274a-448c-a71f-d29b70ff0ce1', 'Wild Rice', 3, 'cup');
INSERT INTO ingredients (id, recipe_id, name, quantity, unit) VALUES ('f34f5ade-045f-49ca-8dea-45b41a83787a', 'f40fd035-274a-448c-a71f-d29b70ff0ce1', 'Olive Oil', 2, 'tbsp');
INSERT INTO ingredients (id, recipe_id, name, quantity, unit) VALUES ('0b382a27-37d8-41bd-87ba-3049e31a9aba', 'f40fd035-274a-448c-a71f-d29b70ff0ce1', 'Salt & Pepper', 1, 'pinch');
INSERT INTO recipe_dietary_tags (recipe_id, tag_id) VALUES ('f40fd035-274a-448c-a71f-d29b70ff0ce1', 9);
INSERT INTO recipe_dietary_tags (recipe_id, tag_id) VALUES ('f40fd035-274a-448c-a71f-d29b70ff0ce1', 2);

INSERT INTO recipes (id, user_id, title, description, instructions, image_url, servings, source_url, source_name, is_archived) VALUES ('5055376e-2337-4d7a-93fa-f57e2472d360', 'admin-user-id', 'Herbes de Provence Sautéed Steak', 'A delicious and healthy Herbes de Provence Sautéed Steak served with Green Beans and Mashed Cauliflower. Perfect for a quick weeknight dinner.', '1. Preheat oven to 400°F.
2. Season the Steak with Herbes de Provence spices.
3. Arrange Green Beans and Brussels Sprouts on a baking sheet.
4. Sautéed for 20-25 minutes until cooked through.
5. Serve hot over Mashed Cauliflower.', 'https://images.unsplash.com/photo-1500000000367?auto=format&fit=crop&w=800&q=60', 2, 'https://www.tasteofhome.com', 'Taste of Home', 0);
INSERT INTO ingredients (id, recipe_id, name, quantity, unit) VALUES ('104a9178-b245-4ff7-9832-03f5832986e0', '5055376e-2337-4d7a-93fa-f57e2472d360', 'Steak', 2, 'lb');
INSERT INTO ingredients (id, recipe_id, name, quantity, unit) VALUES ('0e2084fa-ed09-4f55-a0e8-45ce05cfc16d', '5055376e-2337-4d7a-93fa-f57e2472d360', 'Green Beans', 2, 'cup');
INSERT INTO ingredients (id, recipe_id, name, quantity, unit) VALUES ('188fbb26-05f4-464c-98b3-d429b5684a66', '5055376e-2337-4d7a-93fa-f57e2472d360', 'Mashed Cauliflower', 3, 'cup');
INSERT INTO ingredients (id, recipe_id, name, quantity, unit) VALUES ('be1e1943-b8ab-4dbf-badd-f48dc3aa6a17', '5055376e-2337-4d7a-93fa-f57e2472d360', 'Olive Oil', 2, 'tbsp');
INSERT INTO ingredients (id, recipe_id, name, quantity, unit) VALUES ('8a6c327d-b7a0-4fe9-9d00-2b57cfd72a47', '5055376e-2337-4d7a-93fa-f57e2472d360', 'Salt & Pepper', 1, 'pinch');
INSERT INTO ingredients (id, recipe_id, name, quantity, unit) VALUES ('b6ee6379-26b9-4ff8-9f2a-fde42e8a85d2', '5055376e-2337-4d7a-93fa-f57e2472d360', 'Cauliflower', 4, 'head');
INSERT INTO ingredients (id, recipe_id, name, quantity, unit) VALUES ('409e6579-b623-4479-b9ac-1718d2295864', '5055376e-2337-4d7a-93fa-f57e2472d360', 'Green Beans', 4, 'ml');
INSERT INTO ingredients (id, recipe_id, name, quantity, unit) VALUES ('dbc21eaa-8115-4db3-84b7-865176f3ab00', '5055376e-2337-4d7a-93fa-f57e2472d360', 'Cauliflower', 3, 'tsp');
INSERT INTO ingredients (id, recipe_id, name, quantity, unit) VALUES ('fdc09675-ad03-4809-9d04-b5a98ae035d4', '5055376e-2337-4d7a-93fa-f57e2472d360', 'Green Beans', 1, 'pinch');
INSERT INTO ingredients (id, recipe_id, name, quantity, unit) VALUES ('019b47b5-5c23-44f4-8607-49a0f7570cb3', '5055376e-2337-4d7a-93fa-f57e2472d360', 'Zucchini', 3, 'bundle');
INSERT INTO ingredients (id, recipe_id, name, quantity, unit) VALUES ('e8e05659-b869-4376-ae16-ade8d09d9628', '5055376e-2337-4d7a-93fa-f57e2472d360', 'Lemon', 5, 'bundle');
INSERT INTO ingredients (id, recipe_id, name, quantity, unit) VALUES ('7ea8f5b3-a4c5-4c43-badb-4edc43c31ad5', '5055376e-2337-4d7a-93fa-f57e2472d360', 'Lemon', 3, 'tbsp');
INSERT INTO recipe_dietary_tags (recipe_id, tag_id) VALUES ('5055376e-2337-4d7a-93fa-f57e2472d360', 7);

INSERT INTO recipes (id, user_id, title, description, instructions, image_url, servings, source_url, source_name, is_archived) VALUES ('6e8e1e48-4740-4888-a54c-0faf34bea177', 'admin-user-id', 'Pesto Air Fried Ground Beef', 'A delicious and healthy Pesto Air Fried Ground Beef served with Bell Peppers and Brown Rice. Perfect for a quick weeknight dinner.', '1. Preheat oven to 400°F.
2. Season the Ground Beef with Pesto spices.
3. Arrange Bell Peppers and Sweet Potatoes on a baking sheet.
4. Air Fried for 20-25 minutes until cooked through.
5. Serve hot over Brown Rice.', 'https://images.unsplash.com/photo-1500000000368?auto=format&fit=crop&w=800&q=60', 7, 'https://www.bonappetit.com', 'Bon Appetit', 0);
INSERT INTO ingredients (id, recipe_id, name, quantity, unit) VALUES ('534a01ca-b248-42e3-b7f1-c33a701a4c92', '6e8e1e48-4740-4888-a54c-0faf34bea177', 'Ground Beef', 1, 'lb');
INSERT INTO ingredients (id, recipe_id, name, quantity, unit) VALUES ('4627239f-3efd-4708-af55-2d29880d8583', '6e8e1e48-4740-4888-a54c-0faf34bea177', 'Bell Peppers', 4, 'bundle');
INSERT INTO ingredients (id, recipe_id, name, quantity, unit) VALUES ('322b653a-947d-4df5-980e-1875bcf91708', '6e8e1e48-4740-4888-a54c-0faf34bea177', 'Brown Rice', 3, 'cup');
INSERT INTO ingredients (id, recipe_id, name, quantity, unit) VALUES ('8b9198be-286d-4914-a6ee-65d9cb2eaf12', '6e8e1e48-4740-4888-a54c-0faf34bea177', 'Olive Oil', 1, 'tbsp');
INSERT INTO ingredients (id, recipe_id, name, quantity, unit) VALUES ('6aa349e2-54a7-42be-a705-a947d8356429', '6e8e1e48-4740-4888-a54c-0faf34bea177', 'Salt & Pepper', 1, 'pinch');
INSERT INTO ingredients (id, recipe_id, name, quantity, unit) VALUES ('f5b705d0-c38c-4192-aeba-61d069cb2dff', '6e8e1e48-4740-4888-a54c-0faf34bea177', 'Brussels Sprouts', 2, 'tsp');
INSERT INTO ingredients (id, recipe_id, name, quantity, unit) VALUES ('b9f0aa3b-7f5d-4a41-bb2e-815980704b48', '6e8e1e48-4740-4888-a54c-0faf34bea177', 'Broccoli', 4, 'tsp');
INSERT INTO ingredients (id, recipe_id, name, quantity, unit) VALUES ('1781f0de-747e-43f0-9608-09594f3e03d3', '6e8e1e48-4740-4888-a54c-0faf34bea177', 'Spinach', 1, 'tbsp');
INSERT INTO ingredients (id, recipe_id, name, quantity, unit) VALUES ('7549dd17-7f7e-4f97-9ede-c7016c61f78e', '6e8e1e48-4740-4888-a54c-0faf34bea177', 'Asparagus', 3, 'cup');
INSERT INTO ingredients (id, recipe_id, name, quantity, unit) VALUES ('3c04a3e5-cc46-4b3a-9e19-732f77a8d727', '6e8e1e48-4740-4888-a54c-0faf34bea177', 'Carrots', 3, 'oz');
INSERT INTO recipe_dietary_tags (recipe_id, tag_id) VALUES ('6e8e1e48-4740-4888-a54c-0faf34bea177', 9);

INSERT INTO recipes (id, user_id, title, description, instructions, image_url, servings, source_url, source_name, is_archived) VALUES ('8b2e4190-c7e4-4255-8d52-9e1dd864c517', 'admin-user-id', 'Pesto Air Fried Pork Loin', 'A delicious and healthy Pesto Air Fried Pork Loin served with Bell Peppers and Lentil Pasta. Perfect for a quick weeknight dinner.', '1. Preheat oven to 400°F.
2. Season the Pork Loin with Pesto spices.
3. Arrange Bell Peppers and Sweet Potatoes on a baking sheet.
4. Air Fried for 20-25 minutes until cooked through.
5. Serve hot over Lentil Pasta.', 'https://images.unsplash.com/photo-1500000000369?auto=format&fit=crop&w=800&q=60', 7, 'https://www.bonappetit.com', 'Bon Appetit', 0);
INSERT INTO ingredients (id, recipe_id, name, quantity, unit) VALUES ('042368ba-a0fb-477d-bac9-6bfb63029935', '8b2e4190-c7e4-4255-8d52-9e1dd864c517', 'Pork Loin', 2, 'oz');
INSERT INTO ingredients (id, recipe_id, name, quantity, unit) VALUES ('8f409ef3-5030-4bf8-8a0d-01a3810f14e7', '8b2e4190-c7e4-4255-8d52-9e1dd864c517', 'Bell Peppers', 2, 'bundle');
INSERT INTO ingredients (id, recipe_id, name, quantity, unit) VALUES ('2b572469-527f-46da-84c6-768bcc6d9d64', '8b2e4190-c7e4-4255-8d52-9e1dd864c517', 'Lentil Pasta', 1, 'cup');
INSERT INTO ingredients (id, recipe_id, name, quantity, unit) VALUES ('be21539c-ea90-48a3-9ff9-8f6efb67c52d', '8b2e4190-c7e4-4255-8d52-9e1dd864c517', 'Olive Oil', 1, 'tbsp');
INSERT INTO ingredients (id, recipe_id, name, quantity, unit) VALUES ('a403227c-eff4-4820-a275-7cfea8561c19', '8b2e4190-c7e4-4255-8d52-9e1dd864c517', 'Salt & Pepper', 1, 'pinch');
INSERT INTO recipe_dietary_tags (recipe_id, tag_id) VALUES ('8b2e4190-c7e4-4255-8d52-9e1dd864c517', 4);

INSERT INTO recipes (id, user_id, title, description, instructions, image_url, servings, source_url, source_name, is_archived) VALUES ('164caf9a-309d-4c6f-9b51-a8c5f64793cb', 'admin-user-id', 'Taco Seasoned Pan-Seared Shrimp', 'A delicious and healthy Taco Seasoned Pan-Seared Shrimp served with Sweet Potatoes and Wild Rice. Perfect for a quick weeknight dinner.', '1. Preheat oven to 400°F.
2. Season the Shrimp with Taco Seasoned spices.
3. Arrange Sweet Potatoes and Broccoli on a baking sheet.
4. Pan-Seared for 20-25 minutes until cooked through.
5. Serve hot over Wild Rice.', 'https://images.unsplash.com/photo-1500000000370?auto=format&fit=crop&w=800&q=60', 7, 'https://www.allrecipes.com', 'AllRecipes', 0);
INSERT INTO ingredients (id, recipe_id, name, quantity, unit) VALUES ('2c20d5d7-1384-44b7-afeb-19679c4d0a87', '164caf9a-309d-4c6f-9b51-a8c5f64793cb', 'Shrimp', 2, 'oz');
INSERT INTO ingredients (id, recipe_id, name, quantity, unit) VALUES ('8a5115ef-fec9-40d3-bd70-519c9ba3ced8', '164caf9a-309d-4c6f-9b51-a8c5f64793cb', 'Sweet Potatoes', 2, 'cup');
INSERT INTO ingredients (id, recipe_id, name, quantity, unit) VALUES ('9ecb1800-af06-4235-bb6b-4bde06ce70c9', '164caf9a-309d-4c6f-9b51-a8c5f64793cb', 'Wild Rice', 2, 'cup');
INSERT INTO ingredients (id, recipe_id, name, quantity, unit) VALUES ('a1135959-6838-41e7-a161-56abea1b1ac0', '164caf9a-309d-4c6f-9b51-a8c5f64793cb', 'Olive Oil', 3, 'tbsp');
INSERT INTO ingredients (id, recipe_id, name, quantity, unit) VALUES ('ac36b9ff-cd22-46b6-886b-aa9c58ea3e6f', '164caf9a-309d-4c6f-9b51-a8c5f64793cb', 'Salt & Pepper', 1, 'pinch');
INSERT INTO ingredients (id, recipe_id, name, quantity, unit) VALUES ('a98005bb-287b-4968-9921-1e6fe2d30805', '164caf9a-309d-4c6f-9b51-a8c5f64793cb', 'Zucchini', 4, 'bundle');
INSERT INTO ingredients (id, recipe_id, name, quantity, unit) VALUES ('89784249-e3fd-423d-8767-f33e2a84d73c', '164caf9a-309d-4c6f-9b51-a8c5f64793cb', 'Carrots', 5, 'tsp');
INSERT INTO ingredients (id, recipe_id, name, quantity, unit) VALUES ('e10b1b2b-df6a-44bb-aa75-1d64bc851cfa', '164caf9a-309d-4c6f-9b51-a8c5f64793cb', 'Lemon', 5, 'head');
INSERT INTO ingredients (id, recipe_id, name, quantity, unit) VALUES ('aff729cc-0cf3-45ad-8aa5-a42051b3e51b', '164caf9a-309d-4c6f-9b51-a8c5f64793cb', 'Zucchini', 4, 'head');
INSERT INTO ingredients (id, recipe_id, name, quantity, unit) VALUES ('787dd1d5-da10-40e6-bbf6-1507e1a3dbd9', '164caf9a-309d-4c6f-9b51-a8c5f64793cb', 'Zucchini', 1, 'tsp');
INSERT INTO recipe_dietary_tags (recipe_id, tag_id) VALUES ('164caf9a-309d-4c6f-9b51-a8c5f64793cb', 4);
INSERT INTO recipe_dietary_tags (recipe_id, tag_id) VALUES ('164caf9a-309d-4c6f-9b51-a8c5f64793cb', 5);
INSERT INTO recipe_dietary_tags (recipe_id, tag_id) VALUES ('164caf9a-309d-4c6f-9b51-a8c5f64793cb', 2);

INSERT INTO recipes (id, user_id, title, description, instructions, image_url, servings, source_url, source_name, is_archived) VALUES ('8b8fa807-a4fe-4bc7-9024-2dfeee0615ee', 'admin-user-id', 'Pesto Roasted Pork Loin', 'A delicious and healthy Pesto Roasted Pork Loin served with Brussels Sprouts and Cauliflower Rice. Perfect for a quick weeknight dinner.', '1. Preheat oven to 400°F.
2. Season the Pork Loin with Pesto spices.
3. Arrange Brussels Sprouts and Asparagus on a baking sheet.
4. Roasted for 20-25 minutes until cooked through.
5. Serve hot over Cauliflower Rice.', 'https://images.unsplash.com/photo-1500000000371?auto=format&fit=crop&w=800&q=60', 3, 'https://www.allrecipes.com', 'AllRecipes', 0);
INSERT INTO ingredients (id, recipe_id, name, quantity, unit) VALUES ('ce9d5eab-82e0-40d6-96b2-bf883ff85e44', '8b8fa807-a4fe-4bc7-9024-2dfeee0615ee', 'Pork Loin', 2, 'oz');
INSERT INTO ingredients (id, recipe_id, name, quantity, unit) VALUES ('3cb3c108-de27-4458-93a9-3a4d889cf841', '8b8fa807-a4fe-4bc7-9024-2dfeee0615ee', 'Brussels Sprouts', 1, 'cup');
INSERT INTO ingredients (id, recipe_id, name, quantity, unit) VALUES ('7b48935d-7769-42b0-8a62-266410c881c6', '8b8fa807-a4fe-4bc7-9024-2dfeee0615ee', 'Cauliflower Rice', 2, 'cup');
INSERT INTO ingredients (id, recipe_id, name, quantity, unit) VALUES ('e2d8af92-93c5-4fdd-8c68-29a34767e9ae', '8b8fa807-a4fe-4bc7-9024-2dfeee0615ee', 'Olive Oil', 2, 'tbsp');
INSERT INTO ingredients (id, recipe_id, name, quantity, unit) VALUES ('9a2a7ba4-4968-45e3-b54c-852bafffb017', '8b8fa807-a4fe-4bc7-9024-2dfeee0615ee', 'Salt & Pepper', 1, 'pinch');
INSERT INTO ingredients (id, recipe_id, name, quantity, unit) VALUES ('6c9123dd-f015-43a2-9d10-708ab9c9004e', '8b8fa807-a4fe-4bc7-9024-2dfeee0615ee', 'Brussels Sprouts', 2, 'clove');
INSERT INTO ingredients (id, recipe_id, name, quantity, unit) VALUES ('7440361f-b654-4c64-bab5-dbcad1ca84db', '8b8fa807-a4fe-4bc7-9024-2dfeee0615ee', 'Brussels Sprouts', 4, 'bundle');
INSERT INTO recipe_dietary_tags (recipe_id, tag_id) VALUES ('8b8fa807-a4fe-4bc7-9024-2dfeee0615ee', 1);

INSERT INTO recipes (id, user_id, title, description, instructions, image_url, servings, source_url, source_name, is_archived) VALUES ('dc7cadfc-4322-4a4d-aae6-c01066ea4b7e', 'admin-user-id', 'Pesto Roasted Pork Loin', 'A delicious and healthy Pesto Roasted Pork Loin served with Spinach and Zucchini Noodles. Perfect for a quick weeknight dinner.', '1. Preheat oven to 400°F.
2. Season the Pork Loin with Pesto spices.
3. Arrange Spinach and Sweet Potatoes on a baking sheet.
4. Roasted for 20-25 minutes until cooked through.
5. Serve hot over Zucchini Noodles.', 'https://images.unsplash.com/photo-1500000000372?auto=format&fit=crop&w=800&q=60', 3, 'https://www.epicurious.com', 'Epicurious', 0);
INSERT INTO ingredients (id, recipe_id, name, quantity, unit) VALUES ('74720ff6-b810-4963-bb76-6c05f99058ad', 'dc7cadfc-4322-4a4d-aae6-c01066ea4b7e', 'Pork Loin', 1, 'oz');
INSERT INTO ingredients (id, recipe_id, name, quantity, unit) VALUES ('20b942a5-46cb-4271-865c-ccbb3e142825', 'dc7cadfc-4322-4a4d-aae6-c01066ea4b7e', 'Spinach', 3, 'bundle');
INSERT INTO ingredients (id, recipe_id, name, quantity, unit) VALUES ('97984990-46db-41f9-8c89-a6c604126e5e', 'dc7cadfc-4322-4a4d-aae6-c01066ea4b7e', 'Zucchini Noodles', 1, 'cup');
INSERT INTO ingredients (id, recipe_id, name, quantity, unit) VALUES ('4f6d1ff2-0eac-4b15-a32f-7efa1ea13648', 'dc7cadfc-4322-4a4d-aae6-c01066ea4b7e', 'Olive Oil', 3, 'tbsp');
INSERT INTO ingredients (id, recipe_id, name, quantity, unit) VALUES ('8ad09bb9-f659-476c-8b0d-c1d404a4e54a', 'dc7cadfc-4322-4a4d-aae6-c01066ea4b7e', 'Salt & Pepper', 1, 'pinch');
INSERT INTO ingredients (id, recipe_id, name, quantity, unit) VALUES ('9fa1821e-6f03-4ca8-ac43-872f485e1c5e', 'dc7cadfc-4322-4a4d-aae6-c01066ea4b7e', 'Bell Peppers', 5, 'head');
INSERT INTO ingredients (id, recipe_id, name, quantity, unit) VALUES ('720344a2-45da-4aab-95fc-23883735d06f', 'dc7cadfc-4322-4a4d-aae6-c01066ea4b7e', 'Sweet Potatoes', 3, 'ml');
INSERT INTO ingredients (id, recipe_id, name, quantity, unit) VALUES ('49688437-311d-4902-b591-aa8c19f90e68', 'dc7cadfc-4322-4a4d-aae6-c01066ea4b7e', 'Broccoli', 3, 'lb');
INSERT INTO ingredients (id, recipe_id, name, quantity, unit) VALUES ('18c15d8f-46e4-4ca1-bf79-62669f1e09e2', 'dc7cadfc-4322-4a4d-aae6-c01066ea4b7e', 'Broccoli', 1, 'cup');
INSERT INTO ingredients (id, recipe_id, name, quantity, unit) VALUES ('0ac580f1-6ce1-4220-91aa-60489f44c42f', 'dc7cadfc-4322-4a4d-aae6-c01066ea4b7e', 'Garlic', 3, 'head');
INSERT INTO ingredients (id, recipe_id, name, quantity, unit) VALUES ('3d78b4dc-5155-41d4-81a0-10491a79e2e5', 'dc7cadfc-4322-4a4d-aae6-c01066ea4b7e', 'Kale', 5, 'bundle');
INSERT INTO recipe_dietary_tags (recipe_id, tag_id) VALUES ('dc7cadfc-4322-4a4d-aae6-c01066ea4b7e', 3);

INSERT INTO recipes (id, user_id, title, description, instructions, image_url, servings, source_url, source_name, is_archived) VALUES ('7d2b850a-f868-4515-a0ed-23724b12f228', 'admin-user-id', 'Balsamic Glaze Roasted Pork Loin', 'A delicious and healthy Balsamic Glaze Roasted Pork Loin served with Carrots and Wild Rice. Perfect for a quick weeknight dinner.', '1. Preheat oven to 400°F.
2. Season the Pork Loin with Balsamic Glaze spices.
3. Arrange Carrots and Zucchini on a baking sheet.
4. Roasted for 20-25 minutes until cooked through.
5. Serve hot over Wild Rice.', 'https://images.unsplash.com/photo-1500000000373?auto=format&fit=crop&w=800&q=60', 4, 'https://www.foodnetwork.com', 'Food Network', 0);
INSERT INTO ingredients (id, recipe_id, name, quantity, unit) VALUES ('a4725180-4397-481b-8fe9-79fad7934e94', '7d2b850a-f868-4515-a0ed-23724b12f228', 'Pork Loin', 1, 'lb');
INSERT INTO ingredients (id, recipe_id, name, quantity, unit) VALUES ('c5f5a190-33c2-4b4f-b8ed-15b129bd285a', '7d2b850a-f868-4515-a0ed-23724b12f228', 'Carrots', 2, 'cup');
INSERT INTO ingredients (id, recipe_id, name, quantity, unit) VALUES ('64855279-4c6e-4992-a378-9fbdf1072eb0', '7d2b850a-f868-4515-a0ed-23724b12f228', 'Wild Rice', 3, 'cup');
INSERT INTO ingredients (id, recipe_id, name, quantity, unit) VALUES ('7bf13752-046c-42dc-a644-e7810ebba022', '7d2b850a-f868-4515-a0ed-23724b12f228', 'Olive Oil', 1, 'tbsp');
INSERT INTO ingredients (id, recipe_id, name, quantity, unit) VALUES ('0f6e0e9e-e6d1-44a8-80f3-60b9dd9fe355', '7d2b850a-f868-4515-a0ed-23724b12f228', 'Salt & Pepper', 1, 'pinch');
INSERT INTO ingredients (id, recipe_id, name, quantity, unit) VALUES ('bce38caf-e679-4b0b-a842-b0be200b43aa', '7d2b850a-f868-4515-a0ed-23724b12f228', 'Carrots', 3, 'g');
INSERT INTO ingredients (id, recipe_id, name, quantity, unit) VALUES ('72a155c7-3913-46cf-95a2-ffe75efeb4b9', '7d2b850a-f868-4515-a0ed-23724b12f228', 'Garlic', 4, 'clove');
INSERT INTO ingredients (id, recipe_id, name, quantity, unit) VALUES ('ded8bfad-157f-40a1-be88-98e1ec383401', '7d2b850a-f868-4515-a0ed-23724b12f228', 'Broccoli', 5, 'g');
INSERT INTO ingredients (id, recipe_id, name, quantity, unit) VALUES ('ec1b39f5-b48f-4799-b593-df4b072e128c', '7d2b850a-f868-4515-a0ed-23724b12f228', 'Green Beans', 4, 'pinch');
INSERT INTO ingredients (id, recipe_id, name, quantity, unit) VALUES ('960fb607-f774-42db-8f84-2209401af95c', '7d2b850a-f868-4515-a0ed-23724b12f228', 'Brussels Sprouts', 1, 'oz');
INSERT INTO recipe_dietary_tags (recipe_id, tag_id) VALUES ('7d2b850a-f868-4515-a0ed-23724b12f228', 10);

INSERT INTO recipes (id, user_id, title, description, instructions, image_url, servings, source_url, source_name, is_archived) VALUES ('e9b20b31-6a53-4189-b3ed-47960119c486', 'admin-user-id', 'Teriyaki Sautéed Ground Beef', 'A delicious and healthy Teriyaki Sautéed Ground Beef served with Zucchini and Quinoa. Perfect for a quick weeknight dinner.', '1. Preheat oven to 400°F.
2. Season the Ground Beef with Teriyaki spices.
3. Arrange Zucchini and Zucchini on a baking sheet.
4. Sautéed for 20-25 minutes until cooked through.
5. Serve hot over Quinoa.', 'https://images.unsplash.com/photo-1500000000374?auto=format&fit=crop&w=800&q=60', 6, 'https://www.epicurious.com', 'Epicurious', 0);
INSERT INTO ingredients (id, recipe_id, name, quantity, unit) VALUES ('b72f85b3-b3df-4487-b45b-c4e9dc1334e8', 'e9b20b31-6a53-4189-b3ed-47960119c486', 'Ground Beef', 2, 'oz');
INSERT INTO ingredients (id, recipe_id, name, quantity, unit) VALUES ('c7c527e5-76a1-448b-b70f-a57956a6885e', 'e9b20b31-6a53-4189-b3ed-47960119c486', 'Zucchini', 3, 'head');
INSERT INTO ingredients (id, recipe_id, name, quantity, unit) VALUES ('4103072d-e3a9-4432-bc80-8c31932f868f', 'e9b20b31-6a53-4189-b3ed-47960119c486', 'Quinoa', 2, 'cup');
INSERT INTO ingredients (id, recipe_id, name, quantity, unit) VALUES ('1399efcd-b098-4b5b-b24f-20b640467c31', 'e9b20b31-6a53-4189-b3ed-47960119c486', 'Olive Oil', 3, 'tbsp');
INSERT INTO ingredients (id, recipe_id, name, quantity, unit) VALUES ('b37eac00-18b2-4a6f-b5be-2539530d8d01', 'e9b20b31-6a53-4189-b3ed-47960119c486', 'Salt & Pepper', 1, 'pinch');
INSERT INTO ingredients (id, recipe_id, name, quantity, unit) VALUES ('f74ab57e-5fe2-4b5e-b35a-450f0f2aa396', 'e9b20b31-6a53-4189-b3ed-47960119c486', 'Garlic', 3, 'bundle');
INSERT INTO ingredients (id, recipe_id, name, quantity, unit) VALUES ('5850a152-c030-4b22-9424-66de7d080f33', 'e9b20b31-6a53-4189-b3ed-47960119c486', 'Garlic', 2, 'clove');
INSERT INTO ingredients (id, recipe_id, name, quantity, unit) VALUES ('ca7827bc-c229-4024-bb82-b9f2193a7646', 'e9b20b31-6a53-4189-b3ed-47960119c486', 'Bell Peppers', 2, 'tbsp');
INSERT INTO ingredients (id, recipe_id, name, quantity, unit) VALUES ('5b27ca47-6ad9-4a39-a7f3-d76407911ed9', 'e9b20b31-6a53-4189-b3ed-47960119c486', 'Bell Peppers', 1, 'cup');
INSERT INTO ingredients (id, recipe_id, name, quantity, unit) VALUES ('8f4d4aff-1ea6-427d-be26-1f1f9fb3d601', 'e9b20b31-6a53-4189-b3ed-47960119c486', 'Garlic', 4, 'pinch');
INSERT INTO ingredients (id, recipe_id, name, quantity, unit) VALUES ('276562a8-53fd-4c69-9cc8-5695b2b3afd5', 'e9b20b31-6a53-4189-b3ed-47960119c486', 'Cauliflower', 1, 'clove');
INSERT INTO recipe_dietary_tags (recipe_id, tag_id) VALUES ('e9b20b31-6a53-4189-b3ed-47960119c486', 4);
INSERT INTO recipe_dietary_tags (recipe_id, tag_id) VALUES ('e9b20b31-6a53-4189-b3ed-47960119c486', 10);

INSERT INTO recipes (id, user_id, title, description, instructions, image_url, servings, source_url, source_name, is_archived) VALUES ('21cfd1de-b6a8-4a26-9be9-c456f4fa4d03', 'admin-user-id', 'Smoky BBQ Pan-Seared Salmon Fillet', 'A delicious and healthy Smoky BBQ Pan-Seared Salmon Fillet served with Kale and Couscous. Perfect for a quick weeknight dinner.', '1. Preheat oven to 400°F.
2. Season the Salmon Fillet with Smoky BBQ spices.
3. Arrange Kale and Carrots on a baking sheet.
4. Pan-Seared for 20-25 minutes until cooked through.
5. Serve hot over Couscous.', 'https://images.unsplash.com/photo-1500000000375?auto=format&fit=crop&w=800&q=60', 3, 'https://www.allrecipes.com', 'AllRecipes', 0);
INSERT INTO ingredients (id, recipe_id, name, quantity, unit) VALUES ('9dece4c2-dc32-471a-bd09-e28a90ee3203', '21cfd1de-b6a8-4a26-9be9-c456f4fa4d03', 'Salmon Fillet', 2, 'lb');
INSERT INTO ingredients (id, recipe_id, name, quantity, unit) VALUES ('de26b84a-7dc1-4cd0-aeff-3283cf72fd93', '21cfd1de-b6a8-4a26-9be9-c456f4fa4d03', 'Kale', 4, 'cup');
INSERT INTO ingredients (id, recipe_id, name, quantity, unit) VALUES ('a946b888-91f0-47db-a47f-459ca12770b2', '21cfd1de-b6a8-4a26-9be9-c456f4fa4d03', 'Couscous', 2, 'cup');
INSERT INTO ingredients (id, recipe_id, name, quantity, unit) VALUES ('d5d26508-0224-488a-a817-2426dc83137c', '21cfd1de-b6a8-4a26-9be9-c456f4fa4d03', 'Olive Oil', 1, 'tbsp');
INSERT INTO ingredients (id, recipe_id, name, quantity, unit) VALUES ('7335c47b-212c-4056-b37f-2a8df965a45f', '21cfd1de-b6a8-4a26-9be9-c456f4fa4d03', 'Salt & Pepper', 1, 'pinch');
INSERT INTO ingredients (id, recipe_id, name, quantity, unit) VALUES ('2a8ea2fc-3902-4d22-bd4b-af15801e875f', '21cfd1de-b6a8-4a26-9be9-c456f4fa4d03', 'Green Beans', 1, 'lb');
INSERT INTO ingredients (id, recipe_id, name, quantity, unit) VALUES ('29c593c8-2578-499d-9877-1fedf6a41cbb', '21cfd1de-b6a8-4a26-9be9-c456f4fa4d03', 'Cauliflower', 2, 'lb');
INSERT INTO ingredients (id, recipe_id, name, quantity, unit) VALUES ('ac865b79-1a68-473a-be91-22f5b5093f34', '21cfd1de-b6a8-4a26-9be9-c456f4fa4d03', 'Asparagus', 1, 'clove');
INSERT INTO ingredients (id, recipe_id, name, quantity, unit) VALUES ('c1af3de7-d611-4b20-8703-c5a95185f755', '21cfd1de-b6a8-4a26-9be9-c456f4fa4d03', 'Zucchini', 5, 'bundle');
INSERT INTO ingredients (id, recipe_id, name, quantity, unit) VALUES ('74134b29-9c79-4872-b5cf-de3d5e7c86a6', '21cfd1de-b6a8-4a26-9be9-c456f4fa4d03', 'Onion', 2, 'cup');
INSERT INTO ingredients (id, recipe_id, name, quantity, unit) VALUES ('ad1a3316-e0f3-4ee2-b325-1ffd03162097', '21cfd1de-b6a8-4a26-9be9-c456f4fa4d03', 'Ginger', 3, 'clove');
INSERT INTO recipe_dietary_tags (recipe_id, tag_id) VALUES ('21cfd1de-b6a8-4a26-9be9-c456f4fa4d03', 9);

INSERT INTO recipes (id, user_id, title, description, instructions, image_url, servings, source_url, source_name, is_archived) VALUES ('93df4020-3e80-4d3c-b0be-22c4e96d1362', 'admin-user-id', 'Herbes de Provence Pan-Seared Lamb Chops', 'A delicious and healthy Herbes de Provence Pan-Seared Lamb Chops served with Asparagus and Lentil Pasta. Perfect for a quick weeknight dinner.', '1. Preheat oven to 400°F.
2. Season the Lamb Chops with Herbes de Provence spices.
3. Arrange Asparagus and Brussels Sprouts on a baking sheet.
4. Pan-Seared for 20-25 minutes until cooked through.
5. Serve hot over Lentil Pasta.', 'https://images.unsplash.com/photo-1500000000376?auto=format&fit=crop&w=800&q=60', 6, 'https://www.bonappetit.com', 'Bon Appetit', 0);
INSERT INTO ingredients (id, recipe_id, name, quantity, unit) VALUES ('bc83be8d-0b5c-405d-9dc5-2934ccac3c21', '93df4020-3e80-4d3c-b0be-22c4e96d1362', 'Lamb Chops', 1, 'lb');
INSERT INTO ingredients (id, recipe_id, name, quantity, unit) VALUES ('ff3370a2-a423-4270-8e63-87e6ac12cfdb', '93df4020-3e80-4d3c-b0be-22c4e96d1362', 'Asparagus', 2, 'cup');
INSERT INTO ingredients (id, recipe_id, name, quantity, unit) VALUES ('c98bc5a7-f72c-4945-854e-ed6df6f78172', '93df4020-3e80-4d3c-b0be-22c4e96d1362', 'Lentil Pasta', 1, 'cup');
INSERT INTO ingredients (id, recipe_id, name, quantity, unit) VALUES ('72523d0c-9270-480f-ab10-50e328c40f70', '93df4020-3e80-4d3c-b0be-22c4e96d1362', 'Olive Oil', 3, 'tbsp');
INSERT INTO ingredients (id, recipe_id, name, quantity, unit) VALUES ('ae3968c0-d986-4382-b25c-22d247228194', '93df4020-3e80-4d3c-b0be-22c4e96d1362', 'Salt & Pepper', 1, 'pinch');
INSERT INTO ingredients (id, recipe_id, name, quantity, unit) VALUES ('cc8073de-ebc0-4899-94a4-a6a8187c4c35', '93df4020-3e80-4d3c-b0be-22c4e96d1362', 'Kale', 4, 'oz');
INSERT INTO ingredients (id, recipe_id, name, quantity, unit) VALUES ('6a085b34-1004-4d7b-8a6a-95e043b924d0', '93df4020-3e80-4d3c-b0be-22c4e96d1362', 'Zucchini', 2, 'pinch');
INSERT INTO ingredients (id, recipe_id, name, quantity, unit) VALUES ('d7c63a2a-c3b4-430c-b3ad-bc64c85feb07', '93df4020-3e80-4d3c-b0be-22c4e96d1362', 'Ginger', 1, 'pinch');
INSERT INTO ingredients (id, recipe_id, name, quantity, unit) VALUES ('22475bae-b770-454d-92ce-10f3cd081624', '93df4020-3e80-4d3c-b0be-22c4e96d1362', 'Broccoli', 4, 'pinch');
INSERT INTO recipe_dietary_tags (recipe_id, tag_id) VALUES ('93df4020-3e80-4d3c-b0be-22c4e96d1362', 5);
INSERT INTO recipe_dietary_tags (recipe_id, tag_id) VALUES ('93df4020-3e80-4d3c-b0be-22c4e96d1362', 2);

INSERT INTO recipes (id, user_id, title, description, instructions, image_url, servings, source_url, source_name, is_archived) VALUES ('87485e02-c713-4bfd-aa68-2c551c53797a', 'admin-user-id', 'Honey Sriracha Air Fried Shrimp', 'A delicious and healthy Honey Sriracha Air Fried Shrimp served with Sweet Potatoes and Lentil Pasta. Perfect for a quick weeknight dinner.', '1. Preheat oven to 400°F.
2. Season the Shrimp with Honey Sriracha spices.
3. Arrange Sweet Potatoes and Green Beans on a baking sheet.
4. Air Fried for 20-25 minutes until cooked through.
5. Serve hot over Lentil Pasta.', 'https://images.unsplash.com/photo-1500000000377?auto=format&fit=crop&w=800&q=60', 5, 'https://www.epicurious.com', 'Epicurious', 0);
INSERT INTO ingredients (id, recipe_id, name, quantity, unit) VALUES ('6b95b5a6-bbcc-4890-b661-254e5eb44b33', '87485e02-c713-4bfd-aa68-2c551c53797a', 'Shrimp', 2, 'lb');
INSERT INTO ingredients (id, recipe_id, name, quantity, unit) VALUES ('0990c68b-9082-44e3-9831-28bbe9d5e7f9', '87485e02-c713-4bfd-aa68-2c551c53797a', 'Sweet Potatoes', 3, 'head');
INSERT INTO ingredients (id, recipe_id, name, quantity, unit) VALUES ('edefd45f-7c52-486e-b109-f53970d95e67', '87485e02-c713-4bfd-aa68-2c551c53797a', 'Lentil Pasta', 2, 'cup');
INSERT INTO ingredients (id, recipe_id, name, quantity, unit) VALUES ('18b9f627-a4c6-4fcd-8c9e-804f2f73b7b1', '87485e02-c713-4bfd-aa68-2c551c53797a', 'Olive Oil', 3, 'tbsp');
INSERT INTO ingredients (id, recipe_id, name, quantity, unit) VALUES ('27accc57-df6a-428a-8633-64c94686ee51', '87485e02-c713-4bfd-aa68-2c551c53797a', 'Salt & Pepper', 1, 'pinch');
INSERT INTO recipe_dietary_tags (recipe_id, tag_id) VALUES ('87485e02-c713-4bfd-aa68-2c551c53797a', 7);
INSERT INTO recipe_dietary_tags (recipe_id, tag_id) VALUES ('87485e02-c713-4bfd-aa68-2c551c53797a', 1);
INSERT INTO recipe_dietary_tags (recipe_id, tag_id) VALUES ('87485e02-c713-4bfd-aa68-2c551c53797a', 9);

INSERT INTO recipes (id, user_id, title, description, instructions, image_url, servings, source_url, source_name, is_archived) VALUES ('67cb47d1-b012-4e05-91d8-e7d9b25093f0', 'admin-user-id', 'Pesto Steamed Eggs', 'A delicious and healthy Pesto Steamed Eggs served with Brussels Sprouts and Wild Rice. Perfect for a quick weeknight dinner.', '1. Preheat oven to 400°F.
2. Season the Eggs with Pesto spices.
3. Arrange Brussels Sprouts and Green Beans on a baking sheet.
4. Steamed for 20-25 minutes until cooked through.
5. Serve hot over Wild Rice.', 'https://images.unsplash.com/photo-1500000000378?auto=format&fit=crop&w=800&q=60', 5, 'https://www.bonappetit.com', 'Bon Appetit', 0);
INSERT INTO ingredients (id, recipe_id, name, quantity, unit) VALUES ('afff21e2-6086-437d-97d3-268cdc82845e', '67cb47d1-b012-4e05-91d8-e7d9b25093f0', 'Eggs', 2, 'oz');
INSERT INTO ingredients (id, recipe_id, name, quantity, unit) VALUES ('f1f5b79a-11c1-4464-b739-4e555bafcd0e', '67cb47d1-b012-4e05-91d8-e7d9b25093f0', 'Brussels Sprouts', 4, 'bundle');
INSERT INTO ingredients (id, recipe_id, name, quantity, unit) VALUES ('58947d77-cff1-49b6-b591-93b7745fcc3f', '67cb47d1-b012-4e05-91d8-e7d9b25093f0', 'Wild Rice', 1, 'cup');
INSERT INTO ingredients (id, recipe_id, name, quantity, unit) VALUES ('f44ce6d3-e240-4f9b-b27a-06ee25a04afe', '67cb47d1-b012-4e05-91d8-e7d9b25093f0', 'Olive Oil', 2, 'tbsp');
INSERT INTO ingredients (id, recipe_id, name, quantity, unit) VALUES ('02dc6288-d657-47b1-a532-5ca86196eb00', '67cb47d1-b012-4e05-91d8-e7d9b25093f0', 'Salt & Pepper', 1, 'pinch');
INSERT INTO ingredients (id, recipe_id, name, quantity, unit) VALUES ('9967febf-8e51-49a1-9eb3-c60347073f55', '67cb47d1-b012-4e05-91d8-e7d9b25093f0', 'Bell Peppers', 2, 'bundle');
INSERT INTO ingredients (id, recipe_id, name, quantity, unit) VALUES ('898a6a1e-27fc-4b84-8a31-7b95dd87c88d', '67cb47d1-b012-4e05-91d8-e7d9b25093f0', 'Asparagus', 5, 'pinch');
INSERT INTO ingredients (id, recipe_id, name, quantity, unit) VALUES ('5ebde8f2-5153-4727-9b34-d6a4c99235ad', '67cb47d1-b012-4e05-91d8-e7d9b25093f0', 'Bell Peppers', 5, 'tbsp');
INSERT INTO ingredients (id, recipe_id, name, quantity, unit) VALUES ('b83b97c7-a9a5-43ec-88ba-ce431661e59b', '67cb47d1-b012-4e05-91d8-e7d9b25093f0', 'Onion', 5, 'head');
INSERT INTO ingredients (id, recipe_id, name, quantity, unit) VALUES ('3b0a153c-c709-4058-b913-be39d981db2f', '67cb47d1-b012-4e05-91d8-e7d9b25093f0', 'Kale', 1, 'clove');
INSERT INTO ingredients (id, recipe_id, name, quantity, unit) VALUES ('891a89f2-0fd6-46ed-ab1b-2d61f826c535', '67cb47d1-b012-4e05-91d8-e7d9b25093f0', 'Broccoli', 1, 'clove');
INSERT INTO ingredients (id, recipe_id, name, quantity, unit) VALUES ('a9041c71-93a4-47cc-a434-dc6c39abd6ab', '67cb47d1-b012-4e05-91d8-e7d9b25093f0', 'Green Beans', 2, 'bundle');
INSERT INTO recipe_dietary_tags (recipe_id, tag_id) VALUES ('67cb47d1-b012-4e05-91d8-e7d9b25093f0', 3);
INSERT INTO recipe_dietary_tags (recipe_id, tag_id) VALUES ('67cb47d1-b012-4e05-91d8-e7d9b25093f0', 8);

INSERT INTO recipes (id, user_id, title, description, instructions, image_url, servings, source_url, source_name, is_archived) VALUES ('43fb9536-7586-434d-a817-425ac8c8857c', 'admin-user-id', 'Cajun Pan-Seared Cod', 'A delicious and healthy Cajun Pan-Seared Cod served with Sweet Potatoes and Cauliflower Rice. Perfect for a quick weeknight dinner.', '1. Preheat oven to 400°F.
2. Season the Cod with Cajun spices.
3. Arrange Sweet Potatoes and Spinach on a baking sheet.
4. Pan-Seared for 20-25 minutes until cooked through.
5. Serve hot over Cauliflower Rice.', 'https://images.unsplash.com/photo-1500000000379?auto=format&fit=crop&w=800&q=60', 6, 'https://www.foodnetwork.com', 'Food Network', 0);
INSERT INTO ingredients (id, recipe_id, name, quantity, unit) VALUES ('15b03416-8151-4290-8bb2-3905c2be9807', '43fb9536-7586-434d-a817-425ac8c8857c', 'Cod', 1, 'oz');
INSERT INTO ingredients (id, recipe_id, name, quantity, unit) VALUES ('cc9b0e7a-0129-490a-975a-ea7a775923d5', '43fb9536-7586-434d-a817-425ac8c8857c', 'Sweet Potatoes', 3, 'cup');
INSERT INTO ingredients (id, recipe_id, name, quantity, unit) VALUES ('a86aaf76-0167-429a-a03a-b109ad05124d', '43fb9536-7586-434d-a817-425ac8c8857c', 'Cauliflower Rice', 3, 'cup');
INSERT INTO ingredients (id, recipe_id, name, quantity, unit) VALUES ('909af0fa-c141-4985-b657-989144016de6', '43fb9536-7586-434d-a817-425ac8c8857c', 'Olive Oil', 2, 'tbsp');
INSERT INTO ingredients (id, recipe_id, name, quantity, unit) VALUES ('03159615-0a01-4662-8d40-3d038e51a675', '43fb9536-7586-434d-a817-425ac8c8857c', 'Salt & Pepper', 1, 'pinch');
INSERT INTO ingredients (id, recipe_id, name, quantity, unit) VALUES ('27b8a498-a363-404c-a179-9bece473bc3e', '43fb9536-7586-434d-a817-425ac8c8857c', 'Sweet Potatoes', 2, 'clove');
INSERT INTO ingredients (id, recipe_id, name, quantity, unit) VALUES ('47f3f993-0726-4794-941a-9c27a8f1d48d', '43fb9536-7586-434d-a817-425ac8c8857c', 'Spinach', 1, 'ml');
INSERT INTO recipe_dietary_tags (recipe_id, tag_id) VALUES ('43fb9536-7586-434d-a817-425ac8c8857c', 6);
INSERT INTO recipe_dietary_tags (recipe_id, tag_id) VALUES ('43fb9536-7586-434d-a817-425ac8c8857c', 5);
INSERT INTO recipe_dietary_tags (recipe_id, tag_id) VALUES ('43fb9536-7586-434d-a817-425ac8c8857c', 1);

INSERT INTO recipes (id, user_id, title, description, instructions, image_url, servings, source_url, source_name, is_archived) VALUES ('4bd88511-e1fd-40ca-8c85-0e936f837a4d', 'admin-user-id', 'Honey Sriracha Pan-Seared Chicken Breast', 'A delicious and healthy Honey Sriracha Pan-Seared Chicken Breast served with Spinach and Zucchini Noodles. Perfect for a quick weeknight dinner.', '1. Preheat oven to 400°F.
2. Season the Chicken Breast with Honey Sriracha spices.
3. Arrange Spinach and Spinach on a baking sheet.
4. Pan-Seared for 20-25 minutes until cooked through.
5. Serve hot over Zucchini Noodles.', 'https://images.unsplash.com/photo-1500000000380?auto=format&fit=crop&w=800&q=60', 7, 'https://www.foodnetwork.com', 'Food Network', 0);
INSERT INTO ingredients (id, recipe_id, name, quantity, unit) VALUES ('9b8c397a-9c10-41ef-a540-2f242bfe0c1d', '4bd88511-e1fd-40ca-8c85-0e936f837a4d', 'Chicken Breast', 2, 'oz');
INSERT INTO ingredients (id, recipe_id, name, quantity, unit) VALUES ('b2c81eb0-9c5d-41fa-8277-a76e200ec6b5', '4bd88511-e1fd-40ca-8c85-0e936f837a4d', 'Spinach', 3, 'cup');
INSERT INTO ingredients (id, recipe_id, name, quantity, unit) VALUES ('48b20c05-cfd3-4ed1-a0bb-ad0536208d36', '4bd88511-e1fd-40ca-8c85-0e936f837a4d', 'Zucchini Noodles', 2, 'cup');
INSERT INTO ingredients (id, recipe_id, name, quantity, unit) VALUES ('6b339df9-61e6-4b44-af69-8ee31571b66e', '4bd88511-e1fd-40ca-8c85-0e936f837a4d', 'Olive Oil', 3, 'tbsp');
INSERT INTO ingredients (id, recipe_id, name, quantity, unit) VALUES ('ddd5c949-a82d-497c-a579-d18eec1e7cc8', '4bd88511-e1fd-40ca-8c85-0e936f837a4d', 'Salt & Pepper', 1, 'pinch');
INSERT INTO ingredients (id, recipe_id, name, quantity, unit) VALUES ('85b3273c-961c-4330-a0ca-46e8f170d55e', '4bd88511-e1fd-40ca-8c85-0e936f837a4d', 'Sweet Potatoes', 3, 'lb');
INSERT INTO recipe_dietary_tags (recipe_id, tag_id) VALUES ('4bd88511-e1fd-40ca-8c85-0e936f837a4d', 7);
INSERT INTO recipe_dietary_tags (recipe_id, tag_id) VALUES ('4bd88511-e1fd-40ca-8c85-0e936f837a4d', 8);
INSERT INTO recipe_dietary_tags (recipe_id, tag_id) VALUES ('4bd88511-e1fd-40ca-8c85-0e936f837a4d', 5);

INSERT INTO recipes (id, user_id, title, description, instructions, image_url, servings, source_url, source_name, is_archived) VALUES ('20d2bf32-37ee-454f-b535-f2bf668b2ab4', 'admin-user-id', 'Curry Grilled Turkey Breast', 'A delicious and healthy Curry Grilled Turkey Breast served with Asparagus and Roasted Potatoes. Perfect for a quick weeknight dinner.', '1. Preheat oven to 400°F.
2. Season the Turkey Breast with Curry spices.
3. Arrange Asparagus and Green Beans on a baking sheet.
4. Grilled for 20-25 minutes until cooked through.
5. Serve hot over Roasted Potatoes.', 'https://images.unsplash.com/photo-1500000000381?auto=format&fit=crop&w=800&q=60', 6, 'https://www.allrecipes.com', 'AllRecipes', 0);
INSERT INTO ingredients (id, recipe_id, name, quantity, unit) VALUES ('e4574d12-e6d5-4370-a735-fb5cfdef3fd5', '20d2bf32-37ee-454f-b535-f2bf668b2ab4', 'Turkey Breast', 2, 'lb');
INSERT INTO ingredients (id, recipe_id, name, quantity, unit) VALUES ('e313a5a4-4e05-4e3f-b50f-06148de09c85', '20d2bf32-37ee-454f-b535-f2bf668b2ab4', 'Asparagus', 4, 'cup');
INSERT INTO ingredients (id, recipe_id, name, quantity, unit) VALUES ('f0649257-c338-46d3-ac8a-7dcaee881d84', '20d2bf32-37ee-454f-b535-f2bf668b2ab4', 'Roasted Potatoes', 1, 'cup');
INSERT INTO ingredients (id, recipe_id, name, quantity, unit) VALUES ('57753d4c-fa01-44ec-96ee-432be2f4e02e', '20d2bf32-37ee-454f-b535-f2bf668b2ab4', 'Olive Oil', 2, 'tbsp');
INSERT INTO ingredients (id, recipe_id, name, quantity, unit) VALUES ('3953acc2-d33c-46c2-abc6-47ebf0146c49', '20d2bf32-37ee-454f-b535-f2bf668b2ab4', 'Salt & Pepper', 1, 'pinch');
INSERT INTO ingredients (id, recipe_id, name, quantity, unit) VALUES ('e5056ab1-0db4-4560-9348-815242419417', '20d2bf32-37ee-454f-b535-f2bf668b2ab4', 'Butter', 3, 'head');
INSERT INTO ingredients (id, recipe_id, name, quantity, unit) VALUES ('c387689e-4e29-4b4d-a9d4-fc44999a7438', '20d2bf32-37ee-454f-b535-f2bf668b2ab4', 'Onion', 1, 'pinch');
INSERT INTO ingredients (id, recipe_id, name, quantity, unit) VALUES ('731df401-4a17-45a0-b8d2-4ccce3fb7087', '20d2bf32-37ee-454f-b535-f2bf668b2ab4', 'Cauliflower', 5, 'tbsp');
INSERT INTO ingredients (id, recipe_id, name, quantity, unit) VALUES ('ea65c5f0-9f49-4ba8-8a24-5ddbff4fc3f2', '20d2bf32-37ee-454f-b535-f2bf668b2ab4', 'Onion', 2, 'lb');
INSERT INTO ingredients (id, recipe_id, name, quantity, unit) VALUES ('83122df9-d558-4079-ac24-81f32df6759c', '20d2bf32-37ee-454f-b535-f2bf668b2ab4', 'Garlic', 5, 'lb');
INSERT INTO ingredients (id, recipe_id, name, quantity, unit) VALUES ('0296fb53-7586-4959-a439-9d715f46389b', '20d2bf32-37ee-454f-b535-f2bf668b2ab4', 'Asparagus', 1, 'lb');
INSERT INTO ingredients (id, recipe_id, name, quantity, unit) VALUES ('72f28096-112b-49d1-a1f7-9deecfd7aec8', '20d2bf32-37ee-454f-b535-f2bf668b2ab4', 'Butter', 2, 'clove');
INSERT INTO recipe_dietary_tags (recipe_id, tag_id) VALUES ('20d2bf32-37ee-454f-b535-f2bf668b2ab4', 5);

INSERT INTO recipes (id, user_id, title, description, instructions, image_url, servings, source_url, source_name, is_archived) VALUES ('4ef0df52-c41d-4869-8005-c98953d817e7', 'admin-user-id', 'Curry Steamed Shrimp', 'A delicious and healthy Curry Steamed Shrimp served with Kale and Cauliflower Rice. Perfect for a quick weeknight dinner.', '1. Preheat oven to 400°F.
2. Season the Shrimp with Curry spices.
3. Arrange Kale and Asparagus on a baking sheet.
4. Steamed for 20-25 minutes until cooked through.
5. Serve hot over Cauliflower Rice.', 'https://images.unsplash.com/photo-1500000000382?auto=format&fit=crop&w=800&q=60', 7, 'https://www.bonappetit.com', 'Bon Appetit', 0);
INSERT INTO ingredients (id, recipe_id, name, quantity, unit) VALUES ('a8ed41b6-f330-4b56-a8b4-62ab152c3796', '4ef0df52-c41d-4869-8005-c98953d817e7', 'Shrimp', 1, 'oz');
INSERT INTO ingredients (id, recipe_id, name, quantity, unit) VALUES ('b5e56123-c154-49be-9ca9-d21ed8b73e4a', '4ef0df52-c41d-4869-8005-c98953d817e7', 'Kale', 2, 'bundle');
INSERT INTO ingredients (id, recipe_id, name, quantity, unit) VALUES ('854d7f06-9417-41c9-ad36-50e6ecfc0463', '4ef0df52-c41d-4869-8005-c98953d817e7', 'Cauliflower Rice', 3, 'cup');
INSERT INTO ingredients (id, recipe_id, name, quantity, unit) VALUES ('15fe4476-4ef2-4eec-ba67-6337f55b91f4', '4ef0df52-c41d-4869-8005-c98953d817e7', 'Olive Oil', 3, 'tbsp');
INSERT INTO ingredients (id, recipe_id, name, quantity, unit) VALUES ('776bb3cb-9ef1-4a2b-9b8c-5b7d1f58332f', '4ef0df52-c41d-4869-8005-c98953d817e7', 'Salt & Pepper', 1, 'pinch');
INSERT INTO ingredients (id, recipe_id, name, quantity, unit) VALUES ('673afbc2-669b-4ee2-bbcc-e69a070424d1', '4ef0df52-c41d-4869-8005-c98953d817e7', 'Carrots', 3, 'ml');
INSERT INTO recipe_dietary_tags (recipe_id, tag_id) VALUES ('4ef0df52-c41d-4869-8005-c98953d817e7', 9);
INSERT INTO recipe_dietary_tags (recipe_id, tag_id) VALUES ('4ef0df52-c41d-4869-8005-c98953d817e7', 3);
INSERT INTO recipe_dietary_tags (recipe_id, tag_id) VALUES ('4ef0df52-c41d-4869-8005-c98953d817e7', 4);

INSERT INTO recipes (id, user_id, title, description, instructions, image_url, servings, source_url, source_name, is_archived) VALUES ('d2f0a7ee-6b06-44da-aa41-380e3284a412', 'admin-user-id', 'Taco Seasoned Slow Cooked Lamb Chops', 'A delicious and healthy Taco Seasoned Slow Cooked Lamb Chops served with Green Beans and Cauliflower Rice. Perfect for a quick weeknight dinner.', '1. Preheat oven to 400°F.
2. Season the Lamb Chops with Taco Seasoned spices.
3. Arrange Green Beans and Sweet Potatoes on a baking sheet.
4. Slow Cooked for 20-25 minutes until cooked through.
5. Serve hot over Cauliflower Rice.', 'https://images.unsplash.com/photo-1500000000383?auto=format&fit=crop&w=800&q=60', 6, 'https://www.foodnetwork.com', 'Food Network', 0);
INSERT INTO ingredients (id, recipe_id, name, quantity, unit) VALUES ('3b8f7048-87f5-40ac-aa3e-1fd68dfdfeea', 'd2f0a7ee-6b06-44da-aa41-380e3284a412', 'Lamb Chops', 1, 'lb');
INSERT INTO ingredients (id, recipe_id, name, quantity, unit) VALUES ('273ce239-601b-4cd5-a1e2-899147a0a5d2', 'd2f0a7ee-6b06-44da-aa41-380e3284a412', 'Green Beans', 4, 'bundle');
INSERT INTO ingredients (id, recipe_id, name, quantity, unit) VALUES ('7449b05f-080d-458d-9584-5f66f7fe9aee', 'd2f0a7ee-6b06-44da-aa41-380e3284a412', 'Cauliflower Rice', 3, 'cup');
INSERT INTO ingredients (id, recipe_id, name, quantity, unit) VALUES ('3919bac3-eaa2-4405-bc5b-b3fe9149ec6c', 'd2f0a7ee-6b06-44da-aa41-380e3284a412', 'Olive Oil', 3, 'tbsp');
INSERT INTO ingredients (id, recipe_id, name, quantity, unit) VALUES ('835e0d2f-fa02-43cd-ac84-86eae4c60277', 'd2f0a7ee-6b06-44da-aa41-380e3284a412', 'Salt & Pepper', 1, 'pinch');
INSERT INTO ingredients (id, recipe_id, name, quantity, unit) VALUES ('0c453e46-77f9-4ed9-9861-57fd4c4246d4', 'd2f0a7ee-6b06-44da-aa41-380e3284a412', 'Butter', 5, 'ml');
INSERT INTO ingredients (id, recipe_id, name, quantity, unit) VALUES ('9f1acd77-9f5f-40be-8a2a-96122417fe68', 'd2f0a7ee-6b06-44da-aa41-380e3284a412', 'Lemon', 3, 'tsp');
INSERT INTO ingredients (id, recipe_id, name, quantity, unit) VALUES ('234658b1-4714-4211-bcf5-bfbafb9e2bba', 'd2f0a7ee-6b06-44da-aa41-380e3284a412', 'Kale', 5, 'tbsp');
INSERT INTO ingredients (id, recipe_id, name, quantity, unit) VALUES ('fbdb8df6-2b38-4811-8cd7-0d1aedc323cf', 'd2f0a7ee-6b06-44da-aa41-380e3284a412', 'Brussels Sprouts', 4, 'bundle');
INSERT INTO ingredients (id, recipe_id, name, quantity, unit) VALUES ('aff59070-9f06-4f99-bedf-58b400ea48a2', 'd2f0a7ee-6b06-44da-aa41-380e3284a412', 'Brussels Sprouts', 5, 'g');
INSERT INTO ingredients (id, recipe_id, name, quantity, unit) VALUES ('ac4d9839-d310-4605-831b-3a13619afa2f', 'd2f0a7ee-6b06-44da-aa41-380e3284a412', 'Onion', 2, 'oz');
INSERT INTO recipe_dietary_tags (recipe_id, tag_id) VALUES ('d2f0a7ee-6b06-44da-aa41-380e3284a412', 1);
INSERT INTO recipe_dietary_tags (recipe_id, tag_id) VALUES ('d2f0a7ee-6b06-44da-aa41-380e3284a412', 4);
INSERT INTO recipe_dietary_tags (recipe_id, tag_id) VALUES ('d2f0a7ee-6b06-44da-aa41-380e3284a412', 8);

INSERT INTO recipes (id, user_id, title, description, instructions, image_url, servings, source_url, source_name, is_archived) VALUES ('e574351c-c976-41e3-bcf0-c2db6e719b54', 'admin-user-id', 'Honey Sriracha Pan-Seared Cod', 'A delicious and healthy Honey Sriracha Pan-Seared Cod served with Cauliflower and Mashed Cauliflower. Perfect for a quick weeknight dinner.', '1. Preheat oven to 400°F.
2. Season the Cod with Honey Sriracha spices.
3. Arrange Cauliflower and Broccoli on a baking sheet.
4. Pan-Seared for 20-25 minutes until cooked through.
5. Serve hot over Mashed Cauliflower.', 'https://images.unsplash.com/photo-1500000000384?auto=format&fit=crop&w=800&q=60', 7, 'https://www.epicurious.com', 'Epicurious', 0);
INSERT INTO ingredients (id, recipe_id, name, quantity, unit) VALUES ('f9354fa3-b2b2-407b-8d28-4d8b41a859fa', 'e574351c-c976-41e3-bcf0-c2db6e719b54', 'Cod', 2, 'oz');
INSERT INTO ingredients (id, recipe_id, name, quantity, unit) VALUES ('f04e8f17-797f-494e-8067-780e9ebf5d2a', 'e574351c-c976-41e3-bcf0-c2db6e719b54', 'Cauliflower', 4, 'bundle');
INSERT INTO ingredients (id, recipe_id, name, quantity, unit) VALUES ('cc393689-ef4d-45f9-a1b6-5b9b74462246', 'e574351c-c976-41e3-bcf0-c2db6e719b54', 'Mashed Cauliflower', 1, 'cup');
INSERT INTO ingredients (id, recipe_id, name, quantity, unit) VALUES ('6b7fd2f1-131a-4e8a-a244-216fbc09e07f', 'e574351c-c976-41e3-bcf0-c2db6e719b54', 'Olive Oil', 2, 'tbsp');
INSERT INTO ingredients (id, recipe_id, name, quantity, unit) VALUES ('fdb04d28-aa89-4979-a4e6-e24c84bfa262', 'e574351c-c976-41e3-bcf0-c2db6e719b54', 'Salt & Pepper', 1, 'pinch');
INSERT INTO ingredients (id, recipe_id, name, quantity, unit) VALUES ('80bce69b-c9d6-43de-8037-5f65c95ccb35', 'e574351c-c976-41e3-bcf0-c2db6e719b54', 'Brussels Sprouts', 3, 'ml');
INSERT INTO ingredients (id, recipe_id, name, quantity, unit) VALUES ('6cde8e74-bafd-4975-b013-6a098ce284d4', 'e574351c-c976-41e3-bcf0-c2db6e719b54', 'Ginger', 1, 'tsp');
INSERT INTO recipe_dietary_tags (recipe_id, tag_id) VALUES ('e574351c-c976-41e3-bcf0-c2db6e719b54', 7);
INSERT INTO recipe_dietary_tags (recipe_id, tag_id) VALUES ('e574351c-c976-41e3-bcf0-c2db6e719b54', 5);
INSERT INTO recipe_dietary_tags (recipe_id, tag_id) VALUES ('e574351c-c976-41e3-bcf0-c2db6e719b54', 3);

INSERT INTO recipes (id, user_id, title, description, instructions, image_url, servings, source_url, source_name, is_archived) VALUES ('7e582807-da8e-4314-b842-a68b57b36455', 'admin-user-id', 'Lemon Garlic Slow Cooked Pork Loin', 'A delicious and healthy Lemon Garlic Slow Cooked Pork Loin served with Spinach and Mashed Cauliflower. Perfect for a quick weeknight dinner.', '1. Preheat oven to 400°F.
2. Season the Pork Loin with Lemon Garlic spices.
3. Arrange Spinach and Sweet Potatoes on a baking sheet.
4. Slow Cooked for 20-25 minutes until cooked through.
5. Serve hot over Mashed Cauliflower.', 'https://images.unsplash.com/photo-1500000000385?auto=format&fit=crop&w=800&q=60', 4, 'https://www.allrecipes.com', 'AllRecipes', 0);
INSERT INTO ingredients (id, recipe_id, name, quantity, unit) VALUES ('917d9b8a-7455-45d8-906a-091b911e0296', '7e582807-da8e-4314-b842-a68b57b36455', 'Pork Loin', 2, 'lb');
INSERT INTO ingredients (id, recipe_id, name, quantity, unit) VALUES ('9d15b0ec-8aa6-484a-88f6-923fe702aa17', '7e582807-da8e-4314-b842-a68b57b36455', 'Spinach', 2, 'head');
INSERT INTO ingredients (id, recipe_id, name, quantity, unit) VALUES ('03a040ad-445e-4ce3-9694-3cdc5f2b9567', '7e582807-da8e-4314-b842-a68b57b36455', 'Mashed Cauliflower', 2, 'cup');
INSERT INTO ingredients (id, recipe_id, name, quantity, unit) VALUES ('e43c823f-ad71-49ad-9251-8ec3e7667890', '7e582807-da8e-4314-b842-a68b57b36455', 'Olive Oil', 1, 'tbsp');
INSERT INTO ingredients (id, recipe_id, name, quantity, unit) VALUES ('35ec008b-c24f-4e9e-8d9e-c63f46309373', '7e582807-da8e-4314-b842-a68b57b36455', 'Salt & Pepper', 1, 'pinch');
INSERT INTO ingredients (id, recipe_id, name, quantity, unit) VALUES ('6aa853bb-a274-40f1-9f5a-b105ea78eb9d', '7e582807-da8e-4314-b842-a68b57b36455', 'Onion', 4, 'pinch');
INSERT INTO ingredients (id, recipe_id, name, quantity, unit) VALUES ('2aa27f00-cba7-41de-aa23-f2b2cbda7d54', '7e582807-da8e-4314-b842-a68b57b36455', 'Bell Peppers', 2, 'clove');
INSERT INTO recipe_dietary_tags (recipe_id, tag_id) VALUES ('7e582807-da8e-4314-b842-a68b57b36455', 1);
INSERT INTO recipe_dietary_tags (recipe_id, tag_id) VALUES ('7e582807-da8e-4314-b842-a68b57b36455', 3);

INSERT INTO recipes (id, user_id, title, description, instructions, image_url, servings, source_url, source_name, is_archived) VALUES ('eebb9e8e-f89a-444b-8c0c-23584811c7ac', 'admin-user-id', 'Smoky BBQ Sautéed Ground Beef', 'A delicious and healthy Smoky BBQ Sautéed Ground Beef served with Green Beans and Brown Rice. Perfect for a quick weeknight dinner.', '1. Preheat oven to 400°F.
2. Season the Ground Beef with Smoky BBQ spices.
3. Arrange Green Beans and Zucchini on a baking sheet.
4. Sautéed for 20-25 minutes until cooked through.
5. Serve hot over Brown Rice.', 'https://images.unsplash.com/photo-1500000000386?auto=format&fit=crop&w=800&q=60', 2, 'https://www.allrecipes.com', 'AllRecipes', 0);
INSERT INTO ingredients (id, recipe_id, name, quantity, unit) VALUES ('3388852f-cab2-4d48-a87c-8ed460d14645', 'eebb9e8e-f89a-444b-8c0c-23584811c7ac', 'Ground Beef', 2, 'oz');
INSERT INTO ingredients (id, recipe_id, name, quantity, unit) VALUES ('881135d9-b9ad-45b7-8b31-9b336dde4393', 'eebb9e8e-f89a-444b-8c0c-23584811c7ac', 'Green Beans', 3, 'head');
INSERT INTO ingredients (id, recipe_id, name, quantity, unit) VALUES ('5dec7f93-1777-4a89-ae7b-391ccaf4c6d5', 'eebb9e8e-f89a-444b-8c0c-23584811c7ac', 'Brown Rice', 1, 'cup');
INSERT INTO ingredients (id, recipe_id, name, quantity, unit) VALUES ('07402451-e254-4c86-92f1-71eb517f7835', 'eebb9e8e-f89a-444b-8c0c-23584811c7ac', 'Olive Oil', 2, 'tbsp');
INSERT INTO ingredients (id, recipe_id, name, quantity, unit) VALUES ('4c2cad7e-804c-4f66-b27f-f008f029efc4', 'eebb9e8e-f89a-444b-8c0c-23584811c7ac', 'Salt & Pepper', 1, 'pinch');
INSERT INTO recipe_dietary_tags (recipe_id, tag_id) VALUES ('eebb9e8e-f89a-444b-8c0c-23584811c7ac', 9);

INSERT INTO recipes (id, user_id, title, description, instructions, image_url, servings, source_url, source_name, is_archived) VALUES ('e120ed94-f244-41be-8296-8e8fa4dc118d', 'admin-user-id', 'Curry Air Fried Black Beans', 'A delicious and healthy Curry Air Fried Black Beans served with Zucchini and Zucchini Noodles. Perfect for a quick weeknight dinner.', '1. Preheat oven to 400°F.
2. Season the Black Beans with Curry spices.
3. Arrange Zucchini and Asparagus on a baking sheet.
4. Air Fried for 20-25 minutes until cooked through.
5. Serve hot over Zucchini Noodles.', 'https://images.unsplash.com/photo-1500000000387?auto=format&fit=crop&w=800&q=60', 4, 'https://www.epicurious.com', 'Epicurious', 0);
INSERT INTO ingredients (id, recipe_id, name, quantity, unit) VALUES ('3dfa42ec-dac4-44cc-a62e-deb1cf6e2778', 'e120ed94-f244-41be-8296-8e8fa4dc118d', 'Black Beans', 2, 'oz');
INSERT INTO ingredients (id, recipe_id, name, quantity, unit) VALUES ('5ab6931e-9812-48ae-bad3-8732fccaa6ad', 'e120ed94-f244-41be-8296-8e8fa4dc118d', 'Zucchini', 4, 'cup');
INSERT INTO ingredients (id, recipe_id, name, quantity, unit) VALUES ('eb72409f-0f65-45a6-a97c-7888a2a96d48', 'e120ed94-f244-41be-8296-8e8fa4dc118d', 'Zucchini Noodles', 1, 'cup');
INSERT INTO ingredients (id, recipe_id, name, quantity, unit) VALUES ('09106c56-bd5b-4aa7-84c3-e5733fb5eda5', 'e120ed94-f244-41be-8296-8e8fa4dc118d', 'Olive Oil', 1, 'tbsp');
INSERT INTO ingredients (id, recipe_id, name, quantity, unit) VALUES ('59ac157b-1fe1-4a56-9b94-d7383202c4cf', 'e120ed94-f244-41be-8296-8e8fa4dc118d', 'Salt & Pepper', 1, 'pinch');
INSERT INTO recipe_dietary_tags (recipe_id, tag_id) VALUES ('e120ed94-f244-41be-8296-8e8fa4dc118d', 7);
INSERT INTO recipe_dietary_tags (recipe_id, tag_id) VALUES ('e120ed94-f244-41be-8296-8e8fa4dc118d', 8);

INSERT INTO recipes (id, user_id, title, description, instructions, image_url, servings, source_url, source_name, is_archived) VALUES ('2e5834a1-01b9-46c0-a75a-61fd71f66f78', 'admin-user-id', 'Teriyaki Slow Cooked Turkey Breast', 'A delicious and healthy Teriyaki Slow Cooked Turkey Breast served with Kale and Lentil Pasta. Perfect for a quick weeknight dinner.', '1. Preheat oven to 400°F.
2. Season the Turkey Breast with Teriyaki spices.
3. Arrange Kale and Carrots on a baking sheet.
4. Slow Cooked for 20-25 minutes until cooked through.
5. Serve hot over Lentil Pasta.', 'https://images.unsplash.com/photo-1500000000388?auto=format&fit=crop&w=800&q=60', 5, 'https://www.bonappetit.com', 'Bon Appetit', 0);
INSERT INTO ingredients (id, recipe_id, name, quantity, unit) VALUES ('d39e8c2b-3fc6-474c-bf1f-73650c9ecb38', '2e5834a1-01b9-46c0-a75a-61fd71f66f78', 'Turkey Breast', 1, 'lb');
INSERT INTO ingredients (id, recipe_id, name, quantity, unit) VALUES ('481f9bd4-ea26-4574-9741-e24a7bebab29', '2e5834a1-01b9-46c0-a75a-61fd71f66f78', 'Kale', 2, 'cup');
INSERT INTO ingredients (id, recipe_id, name, quantity, unit) VALUES ('957dfb9c-8ae9-4170-aafa-37296b12c5c7', '2e5834a1-01b9-46c0-a75a-61fd71f66f78', 'Lentil Pasta', 2, 'cup');
INSERT INTO ingredients (id, recipe_id, name, quantity, unit) VALUES ('ca1c4218-6d75-4b8b-9b32-e0205e17cea8', '2e5834a1-01b9-46c0-a75a-61fd71f66f78', 'Olive Oil', 2, 'tbsp');
INSERT INTO ingredients (id, recipe_id, name, quantity, unit) VALUES ('53962a96-9ea7-4929-8361-bcfc16a4e4d1', '2e5834a1-01b9-46c0-a75a-61fd71f66f78', 'Salt & Pepper', 1, 'pinch');
INSERT INTO ingredients (id, recipe_id, name, quantity, unit) VALUES ('0b1eabfe-23a6-4ecb-afa0-626fa5b6fc62', '2e5834a1-01b9-46c0-a75a-61fd71f66f78', 'Asparagus', 1, 'tsp');
INSERT INTO recipe_dietary_tags (recipe_id, tag_id) VALUES ('2e5834a1-01b9-46c0-a75a-61fd71f66f78', 4);
INSERT INTO recipe_dietary_tags (recipe_id, tag_id) VALUES ('2e5834a1-01b9-46c0-a75a-61fd71f66f78', 6);

INSERT INTO recipes (id, user_id, title, description, instructions, image_url, servings, source_url, source_name, is_archived) VALUES ('e7482f54-63ce-473d-af58-dd196ee3d84d', 'admin-user-id', 'Teriyaki Sautéed Lamb Chops', 'A delicious and healthy Teriyaki Sautéed Lamb Chops served with Brussels Sprouts and Lentil Pasta. Perfect for a quick weeknight dinner.', '1. Preheat oven to 400°F.
2. Season the Lamb Chops with Teriyaki spices.
3. Arrange Brussels Sprouts and Cauliflower on a baking sheet.
4. Sautéed for 20-25 minutes until cooked through.
5. Serve hot over Lentil Pasta.', 'https://images.unsplash.com/photo-1500000000389?auto=format&fit=crop&w=800&q=60', 6, 'https://www.bonappetit.com', 'Bon Appetit', 0);
INSERT INTO ingredients (id, recipe_id, name, quantity, unit) VALUES ('adebc8b7-df9b-4bf8-abad-df0e390c473f', 'e7482f54-63ce-473d-af58-dd196ee3d84d', 'Lamb Chops', 1, 'oz');
INSERT INTO ingredients (id, recipe_id, name, quantity, unit) VALUES ('4e34b1b1-11aa-4b87-b84e-0d4588c18825', 'e7482f54-63ce-473d-af58-dd196ee3d84d', 'Brussels Sprouts', 4, 'cup');
INSERT INTO ingredients (id, recipe_id, name, quantity, unit) VALUES ('2a663727-02f2-46dc-94cf-0b2254972595', 'e7482f54-63ce-473d-af58-dd196ee3d84d', 'Lentil Pasta', 2, 'cup');
INSERT INTO ingredients (id, recipe_id, name, quantity, unit) VALUES ('5657d581-eae3-4b32-b96e-a753a8d265ff', 'e7482f54-63ce-473d-af58-dd196ee3d84d', 'Olive Oil', 1, 'tbsp');
INSERT INTO ingredients (id, recipe_id, name, quantity, unit) VALUES ('59a035f5-cea3-4bd9-9cf1-5f7773d7db6c', 'e7482f54-63ce-473d-af58-dd196ee3d84d', 'Salt & Pepper', 1, 'pinch');
INSERT INTO ingredients (id, recipe_id, name, quantity, unit) VALUES ('1f1a64d8-7f3d-4451-aae3-a1a49c634657', 'e7482f54-63ce-473d-af58-dd196ee3d84d', 'Onion', 3, 'head');
INSERT INTO ingredients (id, recipe_id, name, quantity, unit) VALUES ('0d4a2de8-7791-43ca-890b-30d3f28630e8', 'e7482f54-63ce-473d-af58-dd196ee3d84d', 'Lemon', 2, 'ml');
INSERT INTO ingredients (id, recipe_id, name, quantity, unit) VALUES ('b04e980b-3ccd-49c5-9a89-63070e666ff4', 'e7482f54-63ce-473d-af58-dd196ee3d84d', 'Kale', 2, 'ml');
INSERT INTO ingredients (id, recipe_id, name, quantity, unit) VALUES ('4ae79e5a-59f8-4735-b915-549bc932aec1', 'e7482f54-63ce-473d-af58-dd196ee3d84d', 'Carrots', 5, 'oz');
INSERT INTO recipe_dietary_tags (recipe_id, tag_id) VALUES ('e7482f54-63ce-473d-af58-dd196ee3d84d', 8);

INSERT INTO recipes (id, user_id, title, description, instructions, image_url, servings, source_url, source_name, is_archived) VALUES ('7577819f-7b66-4cdb-8dc1-a31e15506995', 'admin-user-id', 'Miso Ginger Baked Lentils', 'A delicious and healthy Miso Ginger Baked Lentils served with Cauliflower and Lentil Pasta. Perfect for a quick weeknight dinner.', '1. Preheat oven to 400°F.
2. Season the Lentils with Miso Ginger spices.
3. Arrange Cauliflower and Green Beans on a baking sheet.
4. Baked for 20-25 minutes until cooked through.
5. Serve hot over Lentil Pasta.', 'https://images.unsplash.com/photo-1500000000390?auto=format&fit=crop&w=800&q=60', 6, 'https://www.bonappetit.com', 'Bon Appetit', 0);
INSERT INTO ingredients (id, recipe_id, name, quantity, unit) VALUES ('bf845e48-4c38-4eb3-9824-7619f4be42a7', '7577819f-7b66-4cdb-8dc1-a31e15506995', 'Lentils', 2, 'lb');
INSERT INTO ingredients (id, recipe_id, name, quantity, unit) VALUES ('d5a714c6-793b-47c0-aee8-ba89ee84c62b', '7577819f-7b66-4cdb-8dc1-a31e15506995', 'Cauliflower', 2, 'cup');
INSERT INTO ingredients (id, recipe_id, name, quantity, unit) VALUES ('381ef114-2c6a-4328-85db-d02f8dd80edc', '7577819f-7b66-4cdb-8dc1-a31e15506995', 'Lentil Pasta', 1, 'cup');
INSERT INTO ingredients (id, recipe_id, name, quantity, unit) VALUES ('df29229d-7c56-4f5b-b729-1ed2b6e20579', '7577819f-7b66-4cdb-8dc1-a31e15506995', 'Olive Oil', 2, 'tbsp');
INSERT INTO ingredients (id, recipe_id, name, quantity, unit) VALUES ('95fafcbb-277e-4888-b476-247055d4491a', '7577819f-7b66-4cdb-8dc1-a31e15506995', 'Salt & Pepper', 1, 'pinch');
INSERT INTO ingredients (id, recipe_id, name, quantity, unit) VALUES ('2d49a057-dace-4bca-a0e8-2b6af00ace4d', '7577819f-7b66-4cdb-8dc1-a31e15506995', 'Broccoli', 1, 'lb');
INSERT INTO ingredients (id, recipe_id, name, quantity, unit) VALUES ('aad943a0-c0f1-423f-a7ed-b29c8f3241bc', '7577819f-7b66-4cdb-8dc1-a31e15506995', 'Lemon', 1, 'ml');
INSERT INTO ingredients (id, recipe_id, name, quantity, unit) VALUES ('fc6d1e1f-7649-4302-9005-5968d6a9432d', '7577819f-7b66-4cdb-8dc1-a31e15506995', 'Sweet Potatoes', 2, 'g');
INSERT INTO recipe_dietary_tags (recipe_id, tag_id) VALUES ('7577819f-7b66-4cdb-8dc1-a31e15506995', 8);
INSERT INTO recipe_dietary_tags (recipe_id, tag_id) VALUES ('7577819f-7b66-4cdb-8dc1-a31e15506995', 1);
INSERT INTO recipe_dietary_tags (recipe_id, tag_id) VALUES ('7577819f-7b66-4cdb-8dc1-a31e15506995', 7);

INSERT INTO recipes (id, user_id, title, description, instructions, image_url, servings, source_url, source_name, is_archived) VALUES ('68d7accd-c6b6-4deb-8aab-f7b73c60a0f2', 'admin-user-id', 'Herbes de Provence Slow Cooked Salmon Fillet', 'A delicious and healthy Herbes de Provence Slow Cooked Salmon Fillet served with Sweet Potatoes and Brown Rice. Perfect for a quick weeknight dinner.', '1. Preheat oven to 400°F.
2. Season the Salmon Fillet with Herbes de Provence spices.
3. Arrange Sweet Potatoes and Spinach on a baking sheet.
4. Slow Cooked for 20-25 minutes until cooked through.
5. Serve hot over Brown Rice.', 'https://images.unsplash.com/photo-1500000000391?auto=format&fit=crop&w=800&q=60', 8, 'https://www.foodnetwork.com', 'Food Network', 0);
INSERT INTO ingredients (id, recipe_id, name, quantity, unit) VALUES ('67605980-86ec-4f20-90f1-bfd977b9d117', '68d7accd-c6b6-4deb-8aab-f7b73c60a0f2', 'Salmon Fillet', 2, 'oz');
INSERT INTO ingredients (id, recipe_id, name, quantity, unit) VALUES ('8f2952a2-ff10-43f7-b615-85cb0facbb6b', '68d7accd-c6b6-4deb-8aab-f7b73c60a0f2', 'Sweet Potatoes', 4, 'head');
INSERT INTO ingredients (id, recipe_id, name, quantity, unit) VALUES ('2e64d7db-e6f1-43ea-962f-ce73c2c20ca2', '68d7accd-c6b6-4deb-8aab-f7b73c60a0f2', 'Brown Rice', 2, 'cup');
INSERT INTO ingredients (id, recipe_id, name, quantity, unit) VALUES ('e895182f-533c-4c6e-8762-ff24f5719884', '68d7accd-c6b6-4deb-8aab-f7b73c60a0f2', 'Olive Oil', 3, 'tbsp');
INSERT INTO ingredients (id, recipe_id, name, quantity, unit) VALUES ('97df35c6-67c2-412b-a5b9-512e6fec096c', '68d7accd-c6b6-4deb-8aab-f7b73c60a0f2', 'Salt & Pepper', 1, 'pinch');
INSERT INTO ingredients (id, recipe_id, name, quantity, unit) VALUES ('e74279bd-d5d7-4d3e-b926-e02c717fdde9', '68d7accd-c6b6-4deb-8aab-f7b73c60a0f2', 'Zucchini', 4, 'lb');
INSERT INTO ingredients (id, recipe_id, name, quantity, unit) VALUES ('94a839f7-403c-434b-8cc2-4f67a145e66e', '68d7accd-c6b6-4deb-8aab-f7b73c60a0f2', 'Garlic', 3, 'tsp');
INSERT INTO ingredients (id, recipe_id, name, quantity, unit) VALUES ('2e3f92c2-7411-419b-b0ac-dbb2a9a9039c', '68d7accd-c6b6-4deb-8aab-f7b73c60a0f2', 'Lemon', 2, 'clove');
INSERT INTO ingredients (id, recipe_id, name, quantity, unit) VALUES ('a307c6c0-d0f4-49a5-b549-625db8d0236d', '68d7accd-c6b6-4deb-8aab-f7b73c60a0f2', 'Onion', 5, 'pinch');
INSERT INTO ingredients (id, recipe_id, name, quantity, unit) VALUES ('0856e1c9-fb3e-43ce-be73-13a767402477', '68d7accd-c6b6-4deb-8aab-f7b73c60a0f2', 'Brussels Sprouts', 5, 'head');
INSERT INTO recipe_dietary_tags (recipe_id, tag_id) VALUES ('68d7accd-c6b6-4deb-8aab-f7b73c60a0f2', 2);

INSERT INTO recipes (id, user_id, title, description, instructions, image_url, servings, source_url, source_name, is_archived) VALUES ('41c5542d-ba63-437c-9d71-0fa3188c78f1', 'admin-user-id', 'Taco Seasoned Pan-Seared Shrimp', 'A delicious and healthy Taco Seasoned Pan-Seared Shrimp served with Kale and Roasted Potatoes. Perfect for a quick weeknight dinner.', '1. Preheat oven to 400°F.
2. Season the Shrimp with Taco Seasoned spices.
3. Arrange Kale and Cauliflower on a baking sheet.
4. Pan-Seared for 20-25 minutes until cooked through.
5. Serve hot over Roasted Potatoes.', 'https://images.unsplash.com/photo-1500000000392?auto=format&fit=crop&w=800&q=60', 6, 'https://www.tasteofhome.com', 'Taste of Home', 0);
INSERT INTO ingredients (id, recipe_id, name, quantity, unit) VALUES ('7108019b-185d-476f-ae5c-2565cb07db61', '41c5542d-ba63-437c-9d71-0fa3188c78f1', 'Shrimp', 1, 'lb');
INSERT INTO ingredients (id, recipe_id, name, quantity, unit) VALUES ('976475aa-b50d-49ae-b5bf-9f12e4549817', '41c5542d-ba63-437c-9d71-0fa3188c78f1', 'Kale', 4, 'head');
INSERT INTO ingredients (id, recipe_id, name, quantity, unit) VALUES ('2d0b0e51-a62b-4569-a458-8ab5fef30d0b', '41c5542d-ba63-437c-9d71-0fa3188c78f1', 'Roasted Potatoes', 1, 'cup');
INSERT INTO ingredients (id, recipe_id, name, quantity, unit) VALUES ('1c2ea5c2-4193-4280-8441-31c1e10314d6', '41c5542d-ba63-437c-9d71-0fa3188c78f1', 'Olive Oil', 2, 'tbsp');
INSERT INTO ingredients (id, recipe_id, name, quantity, unit) VALUES ('ac57ff97-3e2f-4100-b9a8-cedffb9fa01d', '41c5542d-ba63-437c-9d71-0fa3188c78f1', 'Salt & Pepper', 1, 'pinch');
INSERT INTO recipe_dietary_tags (recipe_id, tag_id) VALUES ('41c5542d-ba63-437c-9d71-0fa3188c78f1', 3);
INSERT INTO recipe_dietary_tags (recipe_id, tag_id) VALUES ('41c5542d-ba63-437c-9d71-0fa3188c78f1', 2);

INSERT INTO recipes (id, user_id, title, description, instructions, image_url, servings, source_url, source_name, is_archived) VALUES ('4f698e82-b453-44b1-82f0-bab1992f7c7b', 'admin-user-id', 'Cajun Roasted Steak', 'A delicious and healthy Cajun Roasted Steak served with Kale and Roasted Potatoes. Perfect for a quick weeknight dinner.', '1. Preheat oven to 400°F.
2. Season the Steak with Cajun spices.
3. Arrange Kale and Kale on a baking sheet.
4. Roasted for 20-25 minutes until cooked through.
5. Serve hot over Roasted Potatoes.', 'https://images.unsplash.com/photo-1500000000393?auto=format&fit=crop&w=800&q=60', 5, 'https://www.tasteofhome.com', 'Taste of Home', 0);
INSERT INTO ingredients (id, recipe_id, name, quantity, unit) VALUES ('ece03f16-0d1c-44bf-b5f5-dc915c9f49a9', '4f698e82-b453-44b1-82f0-bab1992f7c7b', 'Steak', 2, 'lb');
INSERT INTO ingredients (id, recipe_id, name, quantity, unit) VALUES ('6baa95a3-723b-47cc-ae43-00e00c41bb3c', '4f698e82-b453-44b1-82f0-bab1992f7c7b', 'Kale', 1, 'bundle');
INSERT INTO ingredients (id, recipe_id, name, quantity, unit) VALUES ('9245b539-24c0-4e75-866b-fb799fdd4516', '4f698e82-b453-44b1-82f0-bab1992f7c7b', 'Roasted Potatoes', 1, 'cup');
INSERT INTO ingredients (id, recipe_id, name, quantity, unit) VALUES ('736edf5e-265d-425e-8b08-0273ea1e63dd', '4f698e82-b453-44b1-82f0-bab1992f7c7b', 'Olive Oil', 3, 'tbsp');
INSERT INTO ingredients (id, recipe_id, name, quantity, unit) VALUES ('2f2a58bd-efba-4578-a2e8-04c2b9013330', '4f698e82-b453-44b1-82f0-bab1992f7c7b', 'Salt & Pepper', 1, 'pinch');
INSERT INTO recipe_dietary_tags (recipe_id, tag_id) VALUES ('4f698e82-b453-44b1-82f0-bab1992f7c7b', 1);
INSERT INTO recipe_dietary_tags (recipe_id, tag_id) VALUES ('4f698e82-b453-44b1-82f0-bab1992f7c7b', 6);

INSERT INTO recipes (id, user_id, title, description, instructions, image_url, servings, source_url, source_name, is_archived) VALUES ('7746c3f0-3dc3-4e0e-8bd4-5207e3e00080', 'admin-user-id', 'Lemon Garlic Grilled Black Beans', 'A delicious and healthy Lemon Garlic Grilled Black Beans served with Bell Peppers and Roasted Potatoes. Perfect for a quick weeknight dinner.', '1. Preheat oven to 400°F.
2. Season the Black Beans with Lemon Garlic spices.
3. Arrange Bell Peppers and Sweet Potatoes on a baking sheet.
4. Grilled for 20-25 minutes until cooked through.
5. Serve hot over Roasted Potatoes.', 'https://images.unsplash.com/photo-1500000000394?auto=format&fit=crop&w=800&q=60', 6, 'https://www.epicurious.com', 'Epicurious', 0);
INSERT INTO ingredients (id, recipe_id, name, quantity, unit) VALUES ('f806e9b5-b43e-4751-96b7-05bf6a4b16ac', '7746c3f0-3dc3-4e0e-8bd4-5207e3e00080', 'Black Beans', 1, 'oz');
INSERT INTO ingredients (id, recipe_id, name, quantity, unit) VALUES ('7b48d39b-103c-4dee-8994-b5ceb9027721', '7746c3f0-3dc3-4e0e-8bd4-5207e3e00080', 'Bell Peppers', 2, 'bundle');
INSERT INTO ingredients (id, recipe_id, name, quantity, unit) VALUES ('013c2eb5-bd70-408e-badf-a95218f8383f', '7746c3f0-3dc3-4e0e-8bd4-5207e3e00080', 'Roasted Potatoes', 3, 'cup');
INSERT INTO ingredients (id, recipe_id, name, quantity, unit) VALUES ('9c49c84e-cf72-4ad8-8146-c7f240ed9d51', '7746c3f0-3dc3-4e0e-8bd4-5207e3e00080', 'Olive Oil', 1, 'tbsp');
INSERT INTO ingredients (id, recipe_id, name, quantity, unit) VALUES ('efd227b7-2c7d-435d-8305-ba4990066663', '7746c3f0-3dc3-4e0e-8bd4-5207e3e00080', 'Salt & Pepper', 1, 'pinch');
INSERT INTO ingredients (id, recipe_id, name, quantity, unit) VALUES ('c2551e24-a706-4044-8c35-5093e288d0b7', '7746c3f0-3dc3-4e0e-8bd4-5207e3e00080', 'Sweet Potatoes', 2, 'pinch');
INSERT INTO ingredients (id, recipe_id, name, quantity, unit) VALUES ('ad9c9f1e-dfdd-4b2c-9582-73a34dfb17dd', '7746c3f0-3dc3-4e0e-8bd4-5207e3e00080', 'Brussels Sprouts', 2, 'clove');
INSERT INTO recipe_dietary_tags (recipe_id, tag_id) VALUES ('7746c3f0-3dc3-4e0e-8bd4-5207e3e00080', 10);
INSERT INTO recipe_dietary_tags (recipe_id, tag_id) VALUES ('7746c3f0-3dc3-4e0e-8bd4-5207e3e00080', 6);

INSERT INTO recipes (id, user_id, title, description, instructions, image_url, servings, source_url, source_name, is_archived) VALUES ('13868440-f8f9-40d4-bb26-9baabf6bfa19', 'admin-user-id', 'Miso Ginger Sautéed Eggs', 'A delicious and healthy Miso Ginger Sautéed Eggs served with Carrots and Cauliflower Rice. Perfect for a quick weeknight dinner.', '1. Preheat oven to 400°F.
2. Season the Eggs with Miso Ginger spices.
3. Arrange Carrots and Cauliflower on a baking sheet.
4. Sautéed for 20-25 minutes until cooked through.
5. Serve hot over Cauliflower Rice.', 'https://images.unsplash.com/photo-1500000000395?auto=format&fit=crop&w=800&q=60', 5, 'https://www.epicurious.com', 'Epicurious', 0);
INSERT INTO ingredients (id, recipe_id, name, quantity, unit) VALUES ('f546e83c-6de7-49bf-b373-c85dbaa4f3b1', '13868440-f8f9-40d4-bb26-9baabf6bfa19', 'Eggs', 2, 'lb');
INSERT INTO ingredients (id, recipe_id, name, quantity, unit) VALUES ('79cf1180-3942-4c43-a115-21f09c5b0964', '13868440-f8f9-40d4-bb26-9baabf6bfa19', 'Carrots', 4, 'bundle');
INSERT INTO ingredients (id, recipe_id, name, quantity, unit) VALUES ('53149293-01ea-4fa5-8977-0b7758fbcd6f', '13868440-f8f9-40d4-bb26-9baabf6bfa19', 'Cauliflower Rice', 1, 'cup');
INSERT INTO ingredients (id, recipe_id, name, quantity, unit) VALUES ('929ce5a5-6077-4618-b1c0-b8ddf2c3e16c', '13868440-f8f9-40d4-bb26-9baabf6bfa19', 'Olive Oil', 1, 'tbsp');
INSERT INTO ingredients (id, recipe_id, name, quantity, unit) VALUES ('d9818ddd-0d81-47d3-a2cb-58e4d52a9de8', '13868440-f8f9-40d4-bb26-9baabf6bfa19', 'Salt & Pepper', 1, 'pinch');
INSERT INTO ingredients (id, recipe_id, name, quantity, unit) VALUES ('bcb32126-4494-4649-9eac-2d9fd19b63ee', '13868440-f8f9-40d4-bb26-9baabf6bfa19', 'Garlic', 3, 'pinch');
INSERT INTO ingredients (id, recipe_id, name, quantity, unit) VALUES ('a81a8afe-32b5-4f52-abc6-ce0cc7b2a61f', '13868440-f8f9-40d4-bb26-9baabf6bfa19', 'Asparagus', 1, 'cup');
INSERT INTO ingredients (id, recipe_id, name, quantity, unit) VALUES ('c1470670-cbc4-403c-90e7-9d895816816c', '13868440-f8f9-40d4-bb26-9baabf6bfa19', 'Brussels Sprouts', 1, 'tbsp');
INSERT INTO ingredients (id, recipe_id, name, quantity, unit) VALUES ('4d12107c-4e9e-43cc-aece-a1d2e64e6afc', '13868440-f8f9-40d4-bb26-9baabf6bfa19', 'Butter', 1, 'bundle');
INSERT INTO ingredients (id, recipe_id, name, quantity, unit) VALUES ('f014b17b-ee4a-44da-8003-bfbb67df64b7', '13868440-f8f9-40d4-bb26-9baabf6bfa19', 'Ginger', 5, 'ml');
INSERT INTO recipe_dietary_tags (recipe_id, tag_id) VALUES ('13868440-f8f9-40d4-bb26-9baabf6bfa19', 10);

INSERT INTO recipes (id, user_id, title, description, instructions, image_url, servings, source_url, source_name, is_archived) VALUES ('8fb957cd-3dda-42ef-a92d-05ea332d90e6', 'admin-user-id', 'Herbes de Provence Roasted Turkey Breast', 'A delicious and healthy Herbes de Provence Roasted Turkey Breast served with Brussels Sprouts and Lentil Pasta. Perfect for a quick weeknight dinner.', '1. Preheat oven to 400°F.
2. Season the Turkey Breast with Herbes de Provence spices.
3. Arrange Brussels Sprouts and Bell Peppers on a baking sheet.
4. Roasted for 20-25 minutes until cooked through.
5. Serve hot over Lentil Pasta.', 'https://images.unsplash.com/photo-1500000000396?auto=format&fit=crop&w=800&q=60', 4, 'https://www.bonappetit.com', 'Bon Appetit', 0);
INSERT INTO ingredients (id, recipe_id, name, quantity, unit) VALUES ('acd1f807-4a94-45b7-bf78-dd224745b4ab', '8fb957cd-3dda-42ef-a92d-05ea332d90e6', 'Turkey Breast', 2, 'lb');
INSERT INTO ingredients (id, recipe_id, name, quantity, unit) VALUES ('43fff02c-fcc5-43cd-8858-c9989476c997', '8fb957cd-3dda-42ef-a92d-05ea332d90e6', 'Brussels Sprouts', 3, 'cup');
INSERT INTO ingredients (id, recipe_id, name, quantity, unit) VALUES ('89ca9a74-315d-4d71-942a-f83ff2f1d36f', '8fb957cd-3dda-42ef-a92d-05ea332d90e6', 'Lentil Pasta', 3, 'cup');
INSERT INTO ingredients (id, recipe_id, name, quantity, unit) VALUES ('20741de7-551b-4856-9f82-30dcaa6a1423', '8fb957cd-3dda-42ef-a92d-05ea332d90e6', 'Olive Oil', 2, 'tbsp');
INSERT INTO ingredients (id, recipe_id, name, quantity, unit) VALUES ('55d1a347-81f1-43d0-8f27-9b91afa6d2b0', '8fb957cd-3dda-42ef-a92d-05ea332d90e6', 'Salt & Pepper', 1, 'pinch');
INSERT INTO ingredients (id, recipe_id, name, quantity, unit) VALUES ('bfed58ed-123e-44fc-9f77-bfc440f056ed', '8fb957cd-3dda-42ef-a92d-05ea332d90e6', 'Carrots', 5, 'head');
INSERT INTO ingredients (id, recipe_id, name, quantity, unit) VALUES ('6293c8ea-8f25-4076-af69-c17150107ba9', '8fb957cd-3dda-42ef-a92d-05ea332d90e6', 'Green Beans', 4, 'clove');
INSERT INTO ingredients (id, recipe_id, name, quantity, unit) VALUES ('f030ee08-62e5-4729-8cb0-db3e44da83a5', '8fb957cd-3dda-42ef-a92d-05ea332d90e6', 'Sweet Potatoes', 1, 'oz');
INSERT INTO ingredients (id, recipe_id, name, quantity, unit) VALUES ('92cd09aa-a99d-44c0-a661-f61beba2e41b', '8fb957cd-3dda-42ef-a92d-05ea332d90e6', 'Green Beans', 3, 'bundle');
INSERT INTO ingredients (id, recipe_id, name, quantity, unit) VALUES ('47f25bb8-8f41-4d57-95e3-f10cd0b6bac7', '8fb957cd-3dda-42ef-a92d-05ea332d90e6', 'Spinach', 3, 'head');
INSERT INTO recipe_dietary_tags (recipe_id, tag_id) VALUES ('8fb957cd-3dda-42ef-a92d-05ea332d90e6', 7);
INSERT INTO recipe_dietary_tags (recipe_id, tag_id) VALUES ('8fb957cd-3dda-42ef-a92d-05ea332d90e6', 4);

INSERT INTO recipes (id, user_id, title, description, instructions, image_url, servings, source_url, source_name, is_archived) VALUES ('c7bd90b9-215d-4def-9533-1256ea645a0f', 'admin-user-id', 'Miso Ginger Pan-Seared Lentils', 'A delicious and healthy Miso Ginger Pan-Seared Lentils served with Green Beans and Mashed Cauliflower. Perfect for a quick weeknight dinner.', '1. Preheat oven to 400°F.
2. Season the Lentils with Miso Ginger spices.
3. Arrange Green Beans and Cauliflower on a baking sheet.
4. Pan-Seared for 20-25 minutes until cooked through.
5. Serve hot over Mashed Cauliflower.', 'https://images.unsplash.com/photo-1500000000397?auto=format&fit=crop&w=800&q=60', 6, 'https://www.epicurious.com', 'Epicurious', 0);
INSERT INTO ingredients (id, recipe_id, name, quantity, unit) VALUES ('0e5586b5-a569-403b-b31b-49845b6023d3', 'c7bd90b9-215d-4def-9533-1256ea645a0f', 'Lentils', 1, 'lb');
INSERT INTO ingredients (id, recipe_id, name, quantity, unit) VALUES ('256d432c-3395-4bb2-bcc2-f5dcf6834303', 'c7bd90b9-215d-4def-9533-1256ea645a0f', 'Green Beans', 2, 'head');
INSERT INTO ingredients (id, recipe_id, name, quantity, unit) VALUES ('0f88632f-8847-489e-bf26-d4bb0036ad75', 'c7bd90b9-215d-4def-9533-1256ea645a0f', 'Mashed Cauliflower', 3, 'cup');
INSERT INTO ingredients (id, recipe_id, name, quantity, unit) VALUES ('6e5fbd07-48d9-4421-9daf-503c40697593', 'c7bd90b9-215d-4def-9533-1256ea645a0f', 'Olive Oil', 3, 'tbsp');
INSERT INTO ingredients (id, recipe_id, name, quantity, unit) VALUES ('f64aa3d3-f732-4bf0-a86a-766ccccfd996', 'c7bd90b9-215d-4def-9533-1256ea645a0f', 'Salt & Pepper', 1, 'pinch');
INSERT INTO ingredients (id, recipe_id, name, quantity, unit) VALUES ('a2de86da-8460-46c8-bee2-42c9031bcb45', 'c7bd90b9-215d-4def-9533-1256ea645a0f', 'Cauliflower', 3, 'cup');
INSERT INTO ingredients (id, recipe_id, name, quantity, unit) VALUES ('c49a562f-20c4-4a39-b100-a7ea1d785eff', 'c7bd90b9-215d-4def-9533-1256ea645a0f', 'Garlic', 3, 'bundle');
INSERT INTO ingredients (id, recipe_id, name, quantity, unit) VALUES ('d1884ab3-c6a1-4d91-acc6-359cc2227f87', 'c7bd90b9-215d-4def-9533-1256ea645a0f', 'Butter', 2, 'g');
INSERT INTO ingredients (id, recipe_id, name, quantity, unit) VALUES ('2ba6992f-f93c-4c9f-b8c3-c4b24f5e825b', 'c7bd90b9-215d-4def-9533-1256ea645a0f', 'Broccoli', 4, 'pinch');
INSERT INTO ingredients (id, recipe_id, name, quantity, unit) VALUES ('347ffd44-204f-4392-a41a-faa56edac6c2', 'c7bd90b9-215d-4def-9533-1256ea645a0f', 'Carrots', 2, 'head');
INSERT INTO recipe_dietary_tags (recipe_id, tag_id) VALUES ('c7bd90b9-215d-4def-9533-1256ea645a0f', 6);

INSERT INTO recipes (id, user_id, title, description, instructions, image_url, servings, source_url, source_name, is_archived) VALUES ('1012a832-a54f-4506-9ade-6c05daf8f9b0', 'admin-user-id', 'Lemon Garlic Pan-Seared Shrimp', 'A delicious and healthy Lemon Garlic Pan-Seared Shrimp served with Carrots and Brown Rice. Perfect for a quick weeknight dinner.', '1. Preheat oven to 400°F.
2. Season the Shrimp with Lemon Garlic spices.
3. Arrange Carrots and Bell Peppers on a baking sheet.
4. Pan-Seared for 20-25 minutes until cooked through.
5. Serve hot over Brown Rice.', 'https://images.unsplash.com/photo-1500000000398?auto=format&fit=crop&w=800&q=60', 4, 'https://www.epicurious.com', 'Epicurious', 0);
INSERT INTO ingredients (id, recipe_id, name, quantity, unit) VALUES ('637e75f1-bb82-41e7-ab55-daf49222aa2f', '1012a832-a54f-4506-9ade-6c05daf8f9b0', 'Shrimp', 2, 'lb');
INSERT INTO ingredients (id, recipe_id, name, quantity, unit) VALUES ('12b42bb9-9da7-49be-b375-d556f0c79b69', '1012a832-a54f-4506-9ade-6c05daf8f9b0', 'Carrots', 3, 'cup');
INSERT INTO ingredients (id, recipe_id, name, quantity, unit) VALUES ('825c6f94-2d13-47e2-abda-92839708c50e', '1012a832-a54f-4506-9ade-6c05daf8f9b0', 'Brown Rice', 3, 'cup');
INSERT INTO ingredients (id, recipe_id, name, quantity, unit) VALUES ('1b7f1011-1f06-40da-ba93-846c65764f7d', '1012a832-a54f-4506-9ade-6c05daf8f9b0', 'Olive Oil', 2, 'tbsp');
INSERT INTO ingredients (id, recipe_id, name, quantity, unit) VALUES ('b8a3f28c-e827-4139-a570-3e31e240521e', '1012a832-a54f-4506-9ade-6c05daf8f9b0', 'Salt & Pepper', 1, 'pinch');
INSERT INTO ingredients (id, recipe_id, name, quantity, unit) VALUES ('fd5bf9d7-09d7-442f-9349-6b5fe3a7259f', '1012a832-a54f-4506-9ade-6c05daf8f9b0', 'Carrots', 1, 'oz');
INSERT INTO ingredients (id, recipe_id, name, quantity, unit) VALUES ('57529743-6f1d-46c9-9081-07c05af76c89', '1012a832-a54f-4506-9ade-6c05daf8f9b0', 'Zucchini', 4, 'tbsp');
INSERT INTO ingredients (id, recipe_id, name, quantity, unit) VALUES ('5aa5afdd-8153-4c06-a28f-9f61909570c1', '1012a832-a54f-4506-9ade-6c05daf8f9b0', 'Carrots', 3, 'tsp');
INSERT INTO ingredients (id, recipe_id, name, quantity, unit) VALUES ('593ca2d8-ea73-43c2-ba92-e03de09301fa', '1012a832-a54f-4506-9ade-6c05daf8f9b0', 'Carrots', 1, 'bundle');
INSERT INTO recipe_dietary_tags (recipe_id, tag_id) VALUES ('1012a832-a54f-4506-9ade-6c05daf8f9b0', 5);
INSERT INTO recipe_dietary_tags (recipe_id, tag_id) VALUES ('1012a832-a54f-4506-9ade-6c05daf8f9b0', 7);
INSERT INTO recipe_dietary_tags (recipe_id, tag_id) VALUES ('1012a832-a54f-4506-9ade-6c05daf8f9b0', 6);

INSERT INTO recipes (id, user_id, title, description, instructions, image_url, servings, source_url, source_name, is_archived) VALUES ('a570ede0-566d-432e-87c4-b17f051fdc0a', 'admin-user-id', 'Miso Ginger Roasted Eggs', 'A delicious and healthy Miso Ginger Roasted Eggs served with Carrots and Couscous. Perfect for a quick weeknight dinner.', '1. Preheat oven to 400°F.
2. Season the Eggs with Miso Ginger spices.
3. Arrange Carrots and Broccoli on a baking sheet.
4. Roasted for 20-25 minutes until cooked through.
5. Serve hot over Couscous.', 'https://images.unsplash.com/photo-1500000000399?auto=format&fit=crop&w=800&q=60', 2, 'https://www.foodnetwork.com', 'Food Network', 0);
INSERT INTO ingredients (id, recipe_id, name, quantity, unit) VALUES ('be22c5ff-0436-4381-9369-e9d4de4ee24f', 'a570ede0-566d-432e-87c4-b17f051fdc0a', 'Eggs', 1, 'lb');
INSERT INTO ingredients (id, recipe_id, name, quantity, unit) VALUES ('1310fa2a-0f57-4c7f-989b-949aabe9f3b6', 'a570ede0-566d-432e-87c4-b17f051fdc0a', 'Carrots', 3, 'cup');
INSERT INTO ingredients (id, recipe_id, name, quantity, unit) VALUES ('8415244e-626b-4792-aa6a-46560df00838', 'a570ede0-566d-432e-87c4-b17f051fdc0a', 'Couscous', 2, 'cup');
INSERT INTO ingredients (id, recipe_id, name, quantity, unit) VALUES ('4c74a0c1-4dba-4df2-8935-78b850c8f65b', 'a570ede0-566d-432e-87c4-b17f051fdc0a', 'Olive Oil', 2, 'tbsp');
INSERT INTO ingredients (id, recipe_id, name, quantity, unit) VALUES ('3ad3a852-182a-4cc0-aa93-e7563a482571', 'a570ede0-566d-432e-87c4-b17f051fdc0a', 'Salt & Pepper', 1, 'pinch');
INSERT INTO ingredients (id, recipe_id, name, quantity, unit) VALUES ('92f35a69-df44-49f9-9488-6ee39dc1b5af', 'a570ede0-566d-432e-87c4-b17f051fdc0a', 'Bell Peppers', 2, 'oz');
INSERT INTO ingredients (id, recipe_id, name, quantity, unit) VALUES ('b3a1fe9f-a277-4e4a-8c40-bff957c9d6cf', 'a570ede0-566d-432e-87c4-b17f051fdc0a', 'Zucchini', 2, 'head');
INSERT INTO ingredients (id, recipe_id, name, quantity, unit) VALUES ('480f25b5-beb9-46fe-b879-a3ce3ca88d81', 'a570ede0-566d-432e-87c4-b17f051fdc0a', 'Carrots', 5, 'clove');
INSERT INTO ingredients (id, recipe_id, name, quantity, unit) VALUES ('eab7ff18-d595-4364-96a6-b68bc2bee335', 'a570ede0-566d-432e-87c4-b17f051fdc0a', 'Broccoli', 4, 'pinch');
INSERT INTO recipe_dietary_tags (recipe_id, tag_id) VALUES ('a570ede0-566d-432e-87c4-b17f051fdc0a', 4);

INSERT INTO recipes (id, user_id, title, description, instructions, image_url, servings, source_url, source_name, is_archived) VALUES ('f9ac7c55-1944-4b89-9d79-a884f11dc805', 'admin-user-id', 'Pesto Air Fried Ground Beef', 'A delicious and healthy Pesto Air Fried Ground Beef served with Brussels Sprouts and Cauliflower Rice. Perfect for a quick weeknight dinner.', '1. Preheat oven to 400°F.
2. Season the Ground Beef with Pesto spices.
3. Arrange Brussels Sprouts and Kale on a baking sheet.
4. Air Fried for 20-25 minutes until cooked through.
5. Serve hot over Cauliflower Rice.', 'https://images.unsplash.com/photo-1500000000400?auto=format&fit=crop&w=800&q=60', 6, 'https://www.foodnetwork.com', 'Food Network', 0);
INSERT INTO ingredients (id, recipe_id, name, quantity, unit) VALUES ('1f68d5ea-95ee-489c-8bbf-9295137925ea', 'f9ac7c55-1944-4b89-9d79-a884f11dc805', 'Ground Beef', 1, 'oz');
INSERT INTO ingredients (id, recipe_id, name, quantity, unit) VALUES ('92ae143d-738c-4b3c-ada7-d3c9d4e4a575', 'f9ac7c55-1944-4b89-9d79-a884f11dc805', 'Brussels Sprouts', 2, 'cup');
INSERT INTO ingredients (id, recipe_id, name, quantity, unit) VALUES ('b6e25e85-515d-4d9c-aafa-639057191223', 'f9ac7c55-1944-4b89-9d79-a884f11dc805', 'Cauliflower Rice', 1, 'cup');
INSERT INTO ingredients (id, recipe_id, name, quantity, unit) VALUES ('c733366e-5ae7-4d2c-a447-c802dbe332c6', 'f9ac7c55-1944-4b89-9d79-a884f11dc805', 'Olive Oil', 1, 'tbsp');
INSERT INTO ingredients (id, recipe_id, name, quantity, unit) VALUES ('9a800d62-77e9-4b0a-8dd4-2d7f1da80751', 'f9ac7c55-1944-4b89-9d79-a884f11dc805', 'Salt & Pepper', 1, 'pinch');
INSERT INTO ingredients (id, recipe_id, name, quantity, unit) VALUES ('c18024b1-03fe-4617-8762-3245734e80e1', 'f9ac7c55-1944-4b89-9d79-a884f11dc805', 'Lemon', 4, 'cup');
INSERT INTO ingredients (id, recipe_id, name, quantity, unit) VALUES ('872f7691-d6d9-4016-b8b3-88eb6e6bd798', 'f9ac7c55-1944-4b89-9d79-a884f11dc805', 'Ginger', 3, 'bundle');
INSERT INTO recipe_dietary_tags (recipe_id, tag_id) VALUES ('f9ac7c55-1944-4b89-9d79-a884f11dc805', 8);

INSERT INTO recipes (id, user_id, title, description, instructions, image_url, servings, source_url, source_name, is_archived) VALUES ('8b778265-6a46-4969-88d6-a93cefe328f3', 'admin-user-id', 'Herbes de Provence Roasted Lentils', 'A delicious and healthy Herbes de Provence Roasted Lentils served with Kale and Quinoa. Perfect for a quick weeknight dinner.', '1. Preheat oven to 400°F.
2. Season the Lentils with Herbes de Provence spices.
3. Arrange Kale and Brussels Sprouts on a baking sheet.
4. Roasted for 20-25 minutes until cooked through.
5. Serve hot over Quinoa.', 'https://images.unsplash.com/photo-1500000000401?auto=format&fit=crop&w=800&q=60', 6, 'https://www.epicurious.com', 'Epicurious', 0);
INSERT INTO ingredients (id, recipe_id, name, quantity, unit) VALUES ('06f96bd8-d6a4-4413-8368-5a66c551633f', '8b778265-6a46-4969-88d6-a93cefe328f3', 'Lentils', 1, 'lb');
INSERT INTO ingredients (id, recipe_id, name, quantity, unit) VALUES ('853570f0-49d0-46cf-87fe-998e82d28ff2', '8b778265-6a46-4969-88d6-a93cefe328f3', 'Kale', 2, 'cup');
INSERT INTO ingredients (id, recipe_id, name, quantity, unit) VALUES ('5502dc46-cbdf-4a7c-8f58-1c07f69c14e3', '8b778265-6a46-4969-88d6-a93cefe328f3', 'Quinoa', 3, 'cup');
INSERT INTO ingredients (id, recipe_id, name, quantity, unit) VALUES ('22579611-21ec-4c5b-9c98-f107a4c22c4c', '8b778265-6a46-4969-88d6-a93cefe328f3', 'Olive Oil', 1, 'tbsp');
INSERT INTO ingredients (id, recipe_id, name, quantity, unit) VALUES ('fc709391-2036-44fb-a9d9-d639e5138273', '8b778265-6a46-4969-88d6-a93cefe328f3', 'Salt & Pepper', 1, 'pinch');
INSERT INTO recipe_dietary_tags (recipe_id, tag_id) VALUES ('8b778265-6a46-4969-88d6-a93cefe328f3', 9);
INSERT INTO recipe_dietary_tags (recipe_id, tag_id) VALUES ('8b778265-6a46-4969-88d6-a93cefe328f3', 7);

INSERT INTO recipes (id, user_id, title, description, instructions, image_url, servings, source_url, source_name, is_archived) VALUES ('7c10867c-0594-4614-945e-4f4bf24e7651', 'admin-user-id', 'Balsamic Glaze Grilled Lamb Chops', 'A delicious and healthy Balsamic Glaze Grilled Lamb Chops served with Green Beans and Zucchini Noodles. Perfect for a quick weeknight dinner.', '1. Preheat oven to 400°F.
2. Season the Lamb Chops with Balsamic Glaze spices.
3. Arrange Green Beans and Bell Peppers on a baking sheet.
4. Grilled for 20-25 minutes until cooked through.
5. Serve hot over Zucchini Noodles.', 'https://images.unsplash.com/photo-1500000000402?auto=format&fit=crop&w=800&q=60', 6, 'https://www.tasteofhome.com', 'Taste of Home', 0);
INSERT INTO ingredients (id, recipe_id, name, quantity, unit) VALUES ('e0a55a6d-57ad-4395-85bc-30792d070ac6', '7c10867c-0594-4614-945e-4f4bf24e7651', 'Lamb Chops', 2, 'lb');
INSERT INTO ingredients (id, recipe_id, name, quantity, unit) VALUES ('6d4f2b5a-aefc-40a2-a3b3-97d0046827a0', '7c10867c-0594-4614-945e-4f4bf24e7651', 'Green Beans', 3, 'bundle');
INSERT INTO ingredients (id, recipe_id, name, quantity, unit) VALUES ('4fb2f70e-7edb-4122-8f01-f5a6fa47166b', '7c10867c-0594-4614-945e-4f4bf24e7651', 'Zucchini Noodles', 2, 'cup');
INSERT INTO ingredients (id, recipe_id, name, quantity, unit) VALUES ('a7d48b0c-bd8e-4c0f-8298-96318b37ef05', '7c10867c-0594-4614-945e-4f4bf24e7651', 'Olive Oil', 2, 'tbsp');
INSERT INTO ingredients (id, recipe_id, name, quantity, unit) VALUES ('a9572223-f90a-4698-8199-cabfee44f9b1', '7c10867c-0594-4614-945e-4f4bf24e7651', 'Salt & Pepper', 1, 'pinch');
INSERT INTO ingredients (id, recipe_id, name, quantity, unit) VALUES ('b10afc05-17b8-43e4-80ac-a8ec32ccb529', '7c10867c-0594-4614-945e-4f4bf24e7651', 'Broccoli', 4, 'oz');
INSERT INTO ingredients (id, recipe_id, name, quantity, unit) VALUES ('640bd956-a815-4822-9f8e-196d07e1b661', '7c10867c-0594-4614-945e-4f4bf24e7651', 'Asparagus', 1, 'tsp');
INSERT INTO ingredients (id, recipe_id, name, quantity, unit) VALUES ('9188b17f-5066-4649-a4a3-59733feac070', '7c10867c-0594-4614-945e-4f4bf24e7651', 'Kale', 1, 'tsp');
INSERT INTO ingredients (id, recipe_id, name, quantity, unit) VALUES ('a7836dca-7e09-4785-99fa-61e78e631a73', '7c10867c-0594-4614-945e-4f4bf24e7651', 'Brussels Sprouts', 4, 'pinch');
INSERT INTO ingredients (id, recipe_id, name, quantity, unit) VALUES ('40241087-4629-4b07-b37c-13085915ae1c', '7c10867c-0594-4614-945e-4f4bf24e7651', 'Green Beans', 5, 'tsp');
INSERT INTO ingredients (id, recipe_id, name, quantity, unit) VALUES ('238fa8fe-1b15-4b9b-bc00-f302566bab37', '7c10867c-0594-4614-945e-4f4bf24e7651', 'Cauliflower', 4, 'bundle');
INSERT INTO recipe_dietary_tags (recipe_id, tag_id) VALUES ('7c10867c-0594-4614-945e-4f4bf24e7651', 3);
INSERT INTO recipe_dietary_tags (recipe_id, tag_id) VALUES ('7c10867c-0594-4614-945e-4f4bf24e7651', 4);

INSERT INTO recipes (id, user_id, title, description, instructions, image_url, servings, source_url, source_name, is_archived) VALUES ('2ece2958-ea3f-429d-9011-1d64560d3c95', 'admin-user-id', 'Balsamic Glaze Sautéed Salmon Fillet', 'A delicious and healthy Balsamic Glaze Sautéed Salmon Fillet served with Kale and Cauliflower Rice. Perfect for a quick weeknight dinner.', '1. Preheat oven to 400°F.
2. Season the Salmon Fillet with Balsamic Glaze spices.
3. Arrange Kale and Kale on a baking sheet.
4. Sautéed for 20-25 minutes until cooked through.
5. Serve hot over Cauliflower Rice.', 'https://images.unsplash.com/photo-1500000000403?auto=format&fit=crop&w=800&q=60', 6, 'https://www.foodnetwork.com', 'Food Network', 0);
INSERT INTO ingredients (id, recipe_id, name, quantity, unit) VALUES ('499ff0ba-0110-4b19-b6ab-5708d11a6f5e', '2ece2958-ea3f-429d-9011-1d64560d3c95', 'Salmon Fillet', 2, 'lb');
INSERT INTO ingredients (id, recipe_id, name, quantity, unit) VALUES ('8a444db5-a96e-41f4-b821-ffffc74980a2', '2ece2958-ea3f-429d-9011-1d64560d3c95', 'Kale', 3, 'head');
INSERT INTO ingredients (id, recipe_id, name, quantity, unit) VALUES ('1c32766f-bea1-4c22-89ff-9e04315779a7', '2ece2958-ea3f-429d-9011-1d64560d3c95', 'Cauliflower Rice', 3, 'cup');
INSERT INTO ingredients (id, recipe_id, name, quantity, unit) VALUES ('670b6b1b-6043-4fa2-9396-fd29c78322c0', '2ece2958-ea3f-429d-9011-1d64560d3c95', 'Olive Oil', 3, 'tbsp');
INSERT INTO ingredients (id, recipe_id, name, quantity, unit) VALUES ('6822a1c1-41fd-4252-8b84-8f14658b96de', '2ece2958-ea3f-429d-9011-1d64560d3c95', 'Salt & Pepper', 1, 'pinch');
INSERT INTO ingredients (id, recipe_id, name, quantity, unit) VALUES ('6a669e7e-36d1-458a-b4bd-65dabad6ac6c', '2ece2958-ea3f-429d-9011-1d64560d3c95', 'Carrots', 1, 'head');
INSERT INTO ingredients (id, recipe_id, name, quantity, unit) VALUES ('7e74fcdd-4026-4ded-b29f-40576dabe437', '2ece2958-ea3f-429d-9011-1d64560d3c95', 'Butter', 5, 'cup');
INSERT INTO recipe_dietary_tags (recipe_id, tag_id) VALUES ('2ece2958-ea3f-429d-9011-1d64560d3c95', 1);
INSERT INTO recipe_dietary_tags (recipe_id, tag_id) VALUES ('2ece2958-ea3f-429d-9011-1d64560d3c95', 7);
INSERT INTO recipe_dietary_tags (recipe_id, tag_id) VALUES ('2ece2958-ea3f-429d-9011-1d64560d3c95', 10);

INSERT INTO recipes (id, user_id, title, description, instructions, image_url, servings, source_url, source_name, is_archived) VALUES ('2eff40d1-ae77-44e4-83d3-42be1c272d20', 'admin-user-id', 'Lemon Garlic Pan-Seared Pork Loin', 'A delicious and healthy Lemon Garlic Pan-Seared Pork Loin served with Kale and Couscous. Perfect for a quick weeknight dinner.', '1. Preheat oven to 400°F.
2. Season the Pork Loin with Lemon Garlic spices.
3. Arrange Kale and Kale on a baking sheet.
4. Pan-Seared for 20-25 minutes until cooked through.
5. Serve hot over Couscous.', 'https://images.unsplash.com/photo-1500000000404?auto=format&fit=crop&w=800&q=60', 5, 'https://www.epicurious.com', 'Epicurious', 0);
INSERT INTO ingredients (id, recipe_id, name, quantity, unit) VALUES ('270955ca-96c6-474f-8211-b10d283b065d', '2eff40d1-ae77-44e4-83d3-42be1c272d20', 'Pork Loin', 1, 'oz');
INSERT INTO ingredients (id, recipe_id, name, quantity, unit) VALUES ('19346919-060a-4e52-8d53-653762b1ec55', '2eff40d1-ae77-44e4-83d3-42be1c272d20', 'Kale', 2, 'bundle');
INSERT INTO ingredients (id, recipe_id, name, quantity, unit) VALUES ('7d3c857c-1345-486f-940e-56d12c87459c', '2eff40d1-ae77-44e4-83d3-42be1c272d20', 'Couscous', 3, 'cup');
INSERT INTO ingredients (id, recipe_id, name, quantity, unit) VALUES ('f18e9d10-3a95-4c5b-a463-5f6d46e20251', '2eff40d1-ae77-44e4-83d3-42be1c272d20', 'Olive Oil', 2, 'tbsp');
INSERT INTO ingredients (id, recipe_id, name, quantity, unit) VALUES ('1100c302-16d1-4b15-b570-635b0e2e33fc', '2eff40d1-ae77-44e4-83d3-42be1c272d20', 'Salt & Pepper', 1, 'pinch');
INSERT INTO ingredients (id, recipe_id, name, quantity, unit) VALUES ('f21fcd98-97e9-4c23-bf37-98f28e45e6cc', '2eff40d1-ae77-44e4-83d3-42be1c272d20', 'Ginger', 5, 'tbsp');
INSERT INTO ingredients (id, recipe_id, name, quantity, unit) VALUES ('89e9c26c-d74e-4355-9913-674f03140295', '2eff40d1-ae77-44e4-83d3-42be1c272d20', 'Kale', 1, 'clove');
INSERT INTO ingredients (id, recipe_id, name, quantity, unit) VALUES ('97954ed9-0b4f-4371-b697-2cc1cd626acd', '2eff40d1-ae77-44e4-83d3-42be1c272d20', 'Carrots', 5, 'cup');
INSERT INTO ingredients (id, recipe_id, name, quantity, unit) VALUES ('ea6a1ae3-f23e-47a0-b41b-beb9f4ca1c0d', '2eff40d1-ae77-44e4-83d3-42be1c272d20', 'Zucchini', 3, 'tsp');
INSERT INTO ingredients (id, recipe_id, name, quantity, unit) VALUES ('11840d57-b6fb-4294-bdf3-330a313fe717', '2eff40d1-ae77-44e4-83d3-42be1c272d20', 'Brussels Sprouts', 4, 'head');
INSERT INTO ingredients (id, recipe_id, name, quantity, unit) VALUES ('36417966-c985-4ec7-ac58-75dd5e394219', '2eff40d1-ae77-44e4-83d3-42be1c272d20', 'Spinach', 3, 'head');
INSERT INTO ingredients (id, recipe_id, name, quantity, unit) VALUES ('d10db1fc-6ab3-498f-93da-0cd1e41d50c7', '2eff40d1-ae77-44e4-83d3-42be1c272d20', 'Butter', 5, 'head');
INSERT INTO recipe_dietary_tags (recipe_id, tag_id) VALUES ('2eff40d1-ae77-44e4-83d3-42be1c272d20', 1);

INSERT INTO recipes (id, user_id, title, description, instructions, image_url, servings, source_url, source_name, is_archived) VALUES ('1b967271-9f96-4c0b-9103-3182dffb8263', 'admin-user-id', 'Balsamic Glaze Slow Cooked Pork Loin', 'A delicious and healthy Balsamic Glaze Slow Cooked Pork Loin served with Cauliflower and Mashed Cauliflower. Perfect for a quick weeknight dinner.', '1. Preheat oven to 400°F.
2. Season the Pork Loin with Balsamic Glaze spices.
3. Arrange Cauliflower and Asparagus on a baking sheet.
4. Slow Cooked for 20-25 minutes until cooked through.
5. Serve hot over Mashed Cauliflower.', 'https://images.unsplash.com/photo-1500000000405?auto=format&fit=crop&w=800&q=60', 7, 'https://www.foodnetwork.com', 'Food Network', 0);
INSERT INTO ingredients (id, recipe_id, name, quantity, unit) VALUES ('659c8516-4388-4058-af40-a1e9264e991d', '1b967271-9f96-4c0b-9103-3182dffb8263', 'Pork Loin', 2, 'oz');
INSERT INTO ingredients (id, recipe_id, name, quantity, unit) VALUES ('5100e02f-fae4-4dc4-ba60-3c6c47c86a7e', '1b967271-9f96-4c0b-9103-3182dffb8263', 'Cauliflower', 3, 'bundle');
INSERT INTO ingredients (id, recipe_id, name, quantity, unit) VALUES ('0e8c10f4-8718-4884-ab8b-455a20dc0d59', '1b967271-9f96-4c0b-9103-3182dffb8263', 'Mashed Cauliflower', 3, 'cup');
INSERT INTO ingredients (id, recipe_id, name, quantity, unit) VALUES ('541fb088-9654-43d7-979b-455c9aeca6d6', '1b967271-9f96-4c0b-9103-3182dffb8263', 'Olive Oil', 3, 'tbsp');
INSERT INTO ingredients (id, recipe_id, name, quantity, unit) VALUES ('05ff2862-4e21-436c-8748-8162836dfaf7', '1b967271-9f96-4c0b-9103-3182dffb8263', 'Salt & Pepper', 1, 'pinch');
INSERT INTO ingredients (id, recipe_id, name, quantity, unit) VALUES ('d581b917-76ed-48ad-b619-fa1a8930ac61', '1b967271-9f96-4c0b-9103-3182dffb8263', 'Broccoli', 2, 'g');
INSERT INTO ingredients (id, recipe_id, name, quantity, unit) VALUES ('210ab9e2-d70a-4166-83c8-347ed5ee6323', '1b967271-9f96-4c0b-9103-3182dffb8263', 'Spinach', 5, 'ml');
INSERT INTO ingredients (id, recipe_id, name, quantity, unit) VALUES ('8798c043-a811-4a04-9c75-277b8d9ee1e4', '1b967271-9f96-4c0b-9103-3182dffb8263', 'Lemon', 2, 'head');
INSERT INTO ingredients (id, recipe_id, name, quantity, unit) VALUES ('5d3ec7ad-1d66-4516-a435-70c50dc4616b', '1b967271-9f96-4c0b-9103-3182dffb8263', 'Garlic', 2, 'tsp');
INSERT INTO ingredients (id, recipe_id, name, quantity, unit) VALUES ('8169be48-bd01-4c77-8e43-dc0b64f44674', '1b967271-9f96-4c0b-9103-3182dffb8263', 'Lemon', 4, 'lb');
INSERT INTO recipe_dietary_tags (recipe_id, tag_id) VALUES ('1b967271-9f96-4c0b-9103-3182dffb8263', 4);
INSERT INTO recipe_dietary_tags (recipe_id, tag_id) VALUES ('1b967271-9f96-4c0b-9103-3182dffb8263', 5);

INSERT INTO recipes (id, user_id, title, description, instructions, image_url, servings, source_url, source_name, is_archived) VALUES ('2db9faef-8601-4503-bc12-c0543284df70', 'admin-user-id', 'Miso Ginger Grilled Lentils', 'A delicious and healthy Miso Ginger Grilled Lentils served with Cauliflower and Couscous. Perfect for a quick weeknight dinner.', '1. Preheat oven to 400°F.
2. Season the Lentils with Miso Ginger spices.
3. Arrange Cauliflower and Asparagus on a baking sheet.
4. Grilled for 20-25 minutes until cooked through.
5. Serve hot over Couscous.', 'https://images.unsplash.com/photo-1500000000406?auto=format&fit=crop&w=800&q=60', 2, 'https://www.epicurious.com', 'Epicurious', 0);
INSERT INTO ingredients (id, recipe_id, name, quantity, unit) VALUES ('1e991e06-1bd3-48fa-8e99-06beae30cc7c', '2db9faef-8601-4503-bc12-c0543284df70', 'Lentils', 1, 'lb');
INSERT INTO ingredients (id, recipe_id, name, quantity, unit) VALUES ('7d3ef6c8-71bd-45a9-839b-9f234c9f8dd6', '2db9faef-8601-4503-bc12-c0543284df70', 'Cauliflower', 2, 'cup');
INSERT INTO ingredients (id, recipe_id, name, quantity, unit) VALUES ('a0a677e8-64a3-415e-8305-c18cb4d38d2a', '2db9faef-8601-4503-bc12-c0543284df70', 'Couscous', 1, 'cup');
INSERT INTO ingredients (id, recipe_id, name, quantity, unit) VALUES ('812d4e82-53a9-437d-be92-1a73f6c396e1', '2db9faef-8601-4503-bc12-c0543284df70', 'Olive Oil', 3, 'tbsp');
INSERT INTO ingredients (id, recipe_id, name, quantity, unit) VALUES ('ddca87cc-4985-46c8-8a46-ab0709f20885', '2db9faef-8601-4503-bc12-c0543284df70', 'Salt & Pepper', 1, 'pinch');
INSERT INTO recipe_dietary_tags (recipe_id, tag_id) VALUES ('2db9faef-8601-4503-bc12-c0543284df70', 8);
INSERT INTO recipe_dietary_tags (recipe_id, tag_id) VALUES ('2db9faef-8601-4503-bc12-c0543284df70', 1);
INSERT INTO recipe_dietary_tags (recipe_id, tag_id) VALUES ('2db9faef-8601-4503-bc12-c0543284df70', 10);

INSERT INTO recipes (id, user_id, title, description, instructions, image_url, servings, source_url, source_name, is_archived) VALUES ('621596ea-4231-408c-98b2-e6eedd7f730b', 'admin-user-id', 'Cajun Baked Chicken Breast', 'A delicious and healthy Cajun Baked Chicken Breast served with Cauliflower and Couscous. Perfect for a quick weeknight dinner.', '1. Preheat oven to 400°F.
2. Season the Chicken Breast with Cajun spices.
3. Arrange Cauliflower and Carrots on a baking sheet.
4. Baked for 20-25 minutes until cooked through.
5. Serve hot over Couscous.', 'https://images.unsplash.com/photo-1500000000407?auto=format&fit=crop&w=800&q=60', 2, 'https://www.allrecipes.com', 'AllRecipes', 0);
INSERT INTO ingredients (id, recipe_id, name, quantity, unit) VALUES ('8413cba2-bd41-479c-a0c5-3fe716f4c5df', '621596ea-4231-408c-98b2-e6eedd7f730b', 'Chicken Breast', 1, 'lb');
INSERT INTO ingredients (id, recipe_id, name, quantity, unit) VALUES ('cf0fb20a-a427-4696-a125-ed05225d870b', '621596ea-4231-408c-98b2-e6eedd7f730b', 'Cauliflower', 3, 'bundle');
INSERT INTO ingredients (id, recipe_id, name, quantity, unit) VALUES ('84820328-26a3-4e7b-abcc-5a48dfc7594e', '621596ea-4231-408c-98b2-e6eedd7f730b', 'Couscous', 2, 'cup');
INSERT INTO ingredients (id, recipe_id, name, quantity, unit) VALUES ('d5ee846a-d7cf-4090-a453-4ec840459c49', '621596ea-4231-408c-98b2-e6eedd7f730b', 'Olive Oil', 1, 'tbsp');
INSERT INTO ingredients (id, recipe_id, name, quantity, unit) VALUES ('9b3f7ab7-104e-4829-8cec-5cd0a743929e', '621596ea-4231-408c-98b2-e6eedd7f730b', 'Salt & Pepper', 1, 'pinch');
INSERT INTO ingredients (id, recipe_id, name, quantity, unit) VALUES ('44966b9b-5a74-46a6-a9f2-27d7e0487739', '621596ea-4231-408c-98b2-e6eedd7f730b', 'Spinach', 1, 'bundle');
INSERT INTO ingredients (id, recipe_id, name, quantity, unit) VALUES ('f3380014-9c3f-4a1f-94bf-14cc3f37273c', '621596ea-4231-408c-98b2-e6eedd7f730b', 'Zucchini', 2, 'pinch');
INSERT INTO ingredients (id, recipe_id, name, quantity, unit) VALUES ('845754d7-d3a6-4e1b-a02f-e07e89f9edee', '621596ea-4231-408c-98b2-e6eedd7f730b', 'Garlic', 1, 'lb');
INSERT INTO ingredients (id, recipe_id, name, quantity, unit) VALUES ('a1190070-d42d-4e6f-88f4-ed2c0b977acc', '621596ea-4231-408c-98b2-e6eedd7f730b', 'Green Beans', 4, 'ml');
INSERT INTO ingredients (id, recipe_id, name, quantity, unit) VALUES ('b9b9341e-b33f-4217-bc4d-2fe227842e3a', '621596ea-4231-408c-98b2-e6eedd7f730b', 'Ginger', 5, 'tbsp');
INSERT INTO recipe_dietary_tags (recipe_id, tag_id) VALUES ('621596ea-4231-408c-98b2-e6eedd7f730b', 9);
INSERT INTO recipe_dietary_tags (recipe_id, tag_id) VALUES ('621596ea-4231-408c-98b2-e6eedd7f730b', 5);

INSERT INTO recipes (id, user_id, title, description, instructions, image_url, servings, source_url, source_name, is_archived) VALUES ('720b679f-390e-4f27-ae1b-39435ccbd179', 'admin-user-id', 'Herbes de Provence Baked Lentils', 'A delicious and healthy Herbes de Provence Baked Lentils served with Bell Peppers and Wild Rice. Perfect for a quick weeknight dinner.', '1. Preheat oven to 400°F.
2. Season the Lentils with Herbes de Provence spices.
3. Arrange Bell Peppers and Asparagus on a baking sheet.
4. Baked for 20-25 minutes until cooked through.
5. Serve hot over Wild Rice.', 'https://images.unsplash.com/photo-1500000000408?auto=format&fit=crop&w=800&q=60', 6, 'https://www.epicurious.com', 'Epicurious', 0);
INSERT INTO ingredients (id, recipe_id, name, quantity, unit) VALUES ('ac4ae382-2f89-4098-9c71-7a2fbca694f9', '720b679f-390e-4f27-ae1b-39435ccbd179', 'Lentils', 1, 'oz');
INSERT INTO ingredients (id, recipe_id, name, quantity, unit) VALUES ('c76bc424-1236-4d57-86f8-b7d652cb35f7', '720b679f-390e-4f27-ae1b-39435ccbd179', 'Bell Peppers', 2, 'bundle');
INSERT INTO ingredients (id, recipe_id, name, quantity, unit) VALUES ('1e1dca6f-a3db-4f6d-974b-2ea074adf578', '720b679f-390e-4f27-ae1b-39435ccbd179', 'Wild Rice', 1, 'cup');
INSERT INTO ingredients (id, recipe_id, name, quantity, unit) VALUES ('40a59642-706f-40f3-b8ae-8bd65417c834', '720b679f-390e-4f27-ae1b-39435ccbd179', 'Olive Oil', 3, 'tbsp');
INSERT INTO ingredients (id, recipe_id, name, quantity, unit) VALUES ('c0fa0aad-f5fb-4f53-ab9e-231332f54b37', '720b679f-390e-4f27-ae1b-39435ccbd179', 'Salt & Pepper', 1, 'pinch');
INSERT INTO ingredients (id, recipe_id, name, quantity, unit) VALUES ('0a7a6f32-f4ec-4267-ab29-2b4bf6c1404f', '720b679f-390e-4f27-ae1b-39435ccbd179', 'Bell Peppers', 4, 'oz');
INSERT INTO ingredients (id, recipe_id, name, quantity, unit) VALUES ('f4acfa35-1373-40da-8a78-b8b6fd6b187d', '720b679f-390e-4f27-ae1b-39435ccbd179', 'Asparagus', 5, 'tsp');
INSERT INTO ingredients (id, recipe_id, name, quantity, unit) VALUES ('d5893de5-4128-464e-b649-5ef6e1347213', '720b679f-390e-4f27-ae1b-39435ccbd179', 'Butter', 5, 'tbsp');
INSERT INTO ingredients (id, recipe_id, name, quantity, unit) VALUES ('689c2403-5152-4630-b95d-23936469bb30', '720b679f-390e-4f27-ae1b-39435ccbd179', 'Zucchini', 5, 'pinch');
INSERT INTO recipe_dietary_tags (recipe_id, tag_id) VALUES ('720b679f-390e-4f27-ae1b-39435ccbd179', 3);
INSERT INTO recipe_dietary_tags (recipe_id, tag_id) VALUES ('720b679f-390e-4f27-ae1b-39435ccbd179', 4);
INSERT INTO recipe_dietary_tags (recipe_id, tag_id) VALUES ('720b679f-390e-4f27-ae1b-39435ccbd179', 10);

INSERT INTO recipes (id, user_id, title, description, instructions, image_url, servings, source_url, source_name, is_archived) VALUES ('b325a9ab-513a-4b4a-9ba6-716dc7145cf2', 'admin-user-id', 'Teriyaki Roasted Eggs', 'A delicious and healthy Teriyaki Roasted Eggs served with Kale and Couscous. Perfect for a quick weeknight dinner.', '1. Preheat oven to 400°F.
2. Season the Eggs with Teriyaki spices.
3. Arrange Kale and Asparagus on a baking sheet.
4. Roasted for 20-25 minutes until cooked through.
5. Serve hot over Couscous.', 'https://images.unsplash.com/photo-1500000000409?auto=format&fit=crop&w=800&q=60', 3, 'https://www.bonappetit.com', 'Bon Appetit', 0);
INSERT INTO ingredients (id, recipe_id, name, quantity, unit) VALUES ('5b3c9184-e5b9-43eb-8549-7807dada3c35', 'b325a9ab-513a-4b4a-9ba6-716dc7145cf2', 'Eggs', 2, 'oz');
INSERT INTO ingredients (id, recipe_id, name, quantity, unit) VALUES ('e0927413-a13e-457b-9ef0-5b07d163b751', 'b325a9ab-513a-4b4a-9ba6-716dc7145cf2', 'Kale', 4, 'head');
INSERT INTO ingredients (id, recipe_id, name, quantity, unit) VALUES ('0af52567-dc09-4e3d-aebd-f9ed8f40db9d', 'b325a9ab-513a-4b4a-9ba6-716dc7145cf2', 'Couscous', 2, 'cup');
INSERT INTO ingredients (id, recipe_id, name, quantity, unit) VALUES ('fd0fe892-0ced-4fa8-9fe6-960b254cdf03', 'b325a9ab-513a-4b4a-9ba6-716dc7145cf2', 'Olive Oil', 1, 'tbsp');
INSERT INTO ingredients (id, recipe_id, name, quantity, unit) VALUES ('74636fe6-3edc-488d-ae83-f8a0d9f083b9', 'b325a9ab-513a-4b4a-9ba6-716dc7145cf2', 'Salt & Pepper', 1, 'pinch');
INSERT INTO ingredients (id, recipe_id, name, quantity, unit) VALUES ('1497ea83-e877-4cb0-bd63-1a52dd887f72', 'b325a9ab-513a-4b4a-9ba6-716dc7145cf2', 'Kale', 4, 'ml');
INSERT INTO ingredients (id, recipe_id, name, quantity, unit) VALUES ('aaa3ae23-4c47-46cf-a130-5fd7b3ac57d6', 'b325a9ab-513a-4b4a-9ba6-716dc7145cf2', 'Carrots', 5, 'tbsp');
INSERT INTO ingredients (id, recipe_id, name, quantity, unit) VALUES ('831b2909-e36a-4eec-9a0d-d71e133c0827', 'b325a9ab-513a-4b4a-9ba6-716dc7145cf2', 'Onion', 3, 'oz');
INSERT INTO ingredients (id, recipe_id, name, quantity, unit) VALUES ('1edf0c00-2d47-42be-a86b-b84ce55d18bc', 'b325a9ab-513a-4b4a-9ba6-716dc7145cf2', 'Sweet Potatoes', 3, 'lb');
INSERT INTO ingredients (id, recipe_id, name, quantity, unit) VALUES ('f87d1434-1987-4185-9dd0-773d790009ca', 'b325a9ab-513a-4b4a-9ba6-716dc7145cf2', 'Brussels Sprouts', 2, 'lb');
INSERT INTO recipe_dietary_tags (recipe_id, tag_id) VALUES ('b325a9ab-513a-4b4a-9ba6-716dc7145cf2', 1);

INSERT INTO recipes (id, user_id, title, description, instructions, image_url, servings, source_url, source_name, is_archived) VALUES ('30df2815-3358-4850-a983-ee1f9e6bfd6c', 'admin-user-id', 'Curry Grilled Black Beans', 'A delicious and healthy Curry Grilled Black Beans served with Spinach and Quinoa. Perfect for a quick weeknight dinner.', '1. Preheat oven to 400°F.
2. Season the Black Beans with Curry spices.
3. Arrange Spinach and Kale on a baking sheet.
4. Grilled for 20-25 minutes until cooked through.
5. Serve hot over Quinoa.', 'https://images.unsplash.com/photo-1500000000410?auto=format&fit=crop&w=800&q=60', 8, 'https://www.foodnetwork.com', 'Food Network', 0);
INSERT INTO ingredients (id, recipe_id, name, quantity, unit) VALUES ('e2011c50-4168-4c60-866a-26521f1f0b74', '30df2815-3358-4850-a983-ee1f9e6bfd6c', 'Black Beans', 1, 'oz');
INSERT INTO ingredients (id, recipe_id, name, quantity, unit) VALUES ('5894111c-4c92-49a3-8869-2636bb27411e', '30df2815-3358-4850-a983-ee1f9e6bfd6c', 'Spinach', 1, 'bundle');
INSERT INTO ingredients (id, recipe_id, name, quantity, unit) VALUES ('da5ed6d8-a0fb-4477-965d-20f5da3368ba', '30df2815-3358-4850-a983-ee1f9e6bfd6c', 'Quinoa', 3, 'cup');
INSERT INTO ingredients (id, recipe_id, name, quantity, unit) VALUES ('6122f2bf-1c22-4866-97bc-df8d30afc115', '30df2815-3358-4850-a983-ee1f9e6bfd6c', 'Olive Oil', 3, 'tbsp');
INSERT INTO ingredients (id, recipe_id, name, quantity, unit) VALUES ('dfd03aed-9d3f-4b9b-87ec-98b5cb4aecdf', '30df2815-3358-4850-a983-ee1f9e6bfd6c', 'Salt & Pepper', 1, 'pinch');
INSERT INTO ingredients (id, recipe_id, name, quantity, unit) VALUES ('efca8db9-e128-4b08-86a6-7482e9de90cb', '30df2815-3358-4850-a983-ee1f9e6bfd6c', 'Carrots', 5, 'head');
INSERT INTO ingredients (id, recipe_id, name, quantity, unit) VALUES ('99d32b37-d526-4cf3-9d23-f23cd30e433f', '30df2815-3358-4850-a983-ee1f9e6bfd6c', 'Brussels Sprouts', 1, 'g');
INSERT INTO recipe_dietary_tags (recipe_id, tag_id) VALUES ('30df2815-3358-4850-a983-ee1f9e6bfd6c', 3);

INSERT INTO recipes (id, user_id, title, description, instructions, image_url, servings, source_url, source_name, is_archived) VALUES ('b356642c-1c06-4c17-adbb-7894d6e6a231', 'admin-user-id', 'Pesto Pan-Seared Salmon Fillet', 'A delicious and healthy Pesto Pan-Seared Salmon Fillet served with Broccoli and Roasted Potatoes. Perfect for a quick weeknight dinner.', '1. Preheat oven to 400°F.
2. Season the Salmon Fillet with Pesto spices.
3. Arrange Broccoli and Cauliflower on a baking sheet.
4. Pan-Seared for 20-25 minutes until cooked through.
5. Serve hot over Roasted Potatoes.', 'https://images.unsplash.com/photo-1500000000411?auto=format&fit=crop&w=800&q=60', 3, 'https://www.foodnetwork.com', 'Food Network', 0);
INSERT INTO ingredients (id, recipe_id, name, quantity, unit) VALUES ('8f190e0a-70d5-47e0-bdc2-631de68a51ce', 'b356642c-1c06-4c17-adbb-7894d6e6a231', 'Salmon Fillet', 1, 'oz');
INSERT INTO ingredients (id, recipe_id, name, quantity, unit) VALUES ('62bf79d5-eef5-4680-8b6a-a53f19cad96c', 'b356642c-1c06-4c17-adbb-7894d6e6a231', 'Broccoli', 1, 'bundle');
INSERT INTO ingredients (id, recipe_id, name, quantity, unit) VALUES ('82c6c741-62dc-44c0-9f68-7a72a4a430c3', 'b356642c-1c06-4c17-adbb-7894d6e6a231', 'Roasted Potatoes', 1, 'cup');
INSERT INTO ingredients (id, recipe_id, name, quantity, unit) VALUES ('dbecf926-7638-4a4f-9b2e-6c93d4188006', 'b356642c-1c06-4c17-adbb-7894d6e6a231', 'Olive Oil', 2, 'tbsp');
INSERT INTO ingredients (id, recipe_id, name, quantity, unit) VALUES ('4d674527-2e5f-44b9-99f5-3fe7ee3f6281', 'b356642c-1c06-4c17-adbb-7894d6e6a231', 'Salt & Pepper', 1, 'pinch');
INSERT INTO ingredients (id, recipe_id, name, quantity, unit) VALUES ('f7ed3751-75c8-4475-9f03-dac392dff114', 'b356642c-1c06-4c17-adbb-7894d6e6a231', 'Brussels Sprouts', 4, 'head');
INSERT INTO recipe_dietary_tags (recipe_id, tag_id) VALUES ('b356642c-1c06-4c17-adbb-7894d6e6a231', 2);
INSERT INTO recipe_dietary_tags (recipe_id, tag_id) VALUES ('b356642c-1c06-4c17-adbb-7894d6e6a231', 4);
INSERT INTO recipe_dietary_tags (recipe_id, tag_id) VALUES ('b356642c-1c06-4c17-adbb-7894d6e6a231', 1);

INSERT INTO recipes (id, user_id, title, description, instructions, image_url, servings, source_url, source_name, is_archived) VALUES ('a1c35a93-ac5d-428e-bd60-f5a6c57b63f7', 'admin-user-id', 'Taco Seasoned Sautéed Tofu', 'A delicious and healthy Taco Seasoned Sautéed Tofu served with Brussels Sprouts and Lentil Pasta. Perfect for a quick weeknight dinner.', '1. Preheat oven to 400°F.
2. Season the Tofu with Taco Seasoned spices.
3. Arrange Brussels Sprouts and Green Beans on a baking sheet.
4. Sautéed for 20-25 minutes until cooked through.
5. Serve hot over Lentil Pasta.', 'https://images.unsplash.com/photo-1500000000412?auto=format&fit=crop&w=800&q=60', 5, 'https://www.tasteofhome.com', 'Taste of Home', 0);
INSERT INTO ingredients (id, recipe_id, name, quantity, unit) VALUES ('04e63309-55a8-4085-8161-a5e52043585d', 'a1c35a93-ac5d-428e-bd60-f5a6c57b63f7', 'Tofu', 1, 'oz');
INSERT INTO ingredients (id, recipe_id, name, quantity, unit) VALUES ('9a71baf7-462f-4767-85f0-d4620a187d3f', 'a1c35a93-ac5d-428e-bd60-f5a6c57b63f7', 'Brussels Sprouts', 1, 'bundle');
INSERT INTO ingredients (id, recipe_id, name, quantity, unit) VALUES ('7f79f64f-757a-4930-8604-afd78516106c', 'a1c35a93-ac5d-428e-bd60-f5a6c57b63f7', 'Lentil Pasta', 2, 'cup');
INSERT INTO ingredients (id, recipe_id, name, quantity, unit) VALUES ('9e017734-60ed-48cd-b054-0e9c8f6341d6', 'a1c35a93-ac5d-428e-bd60-f5a6c57b63f7', 'Olive Oil', 2, 'tbsp');
INSERT INTO ingredients (id, recipe_id, name, quantity, unit) VALUES ('f5f5389e-4e70-42bf-b167-f3cef44e1354', 'a1c35a93-ac5d-428e-bd60-f5a6c57b63f7', 'Salt & Pepper', 1, 'pinch');
INSERT INTO recipe_dietary_tags (recipe_id, tag_id) VALUES ('a1c35a93-ac5d-428e-bd60-f5a6c57b63f7', 4);

INSERT INTO recipes (id, user_id, title, description, instructions, image_url, servings, source_url, source_name, is_archived) VALUES ('7c236165-5c99-47f8-964f-96ed75e885e0', 'admin-user-id', 'Herbes de Provence Grilled Chickpeas', 'A delicious and healthy Herbes de Provence Grilled Chickpeas served with Asparagus and Couscous. Perfect for a quick weeknight dinner.', '1. Preheat oven to 400°F.
2. Season the Chickpeas with Herbes de Provence spices.
3. Arrange Asparagus and Bell Peppers on a baking sheet.
4. Grilled for 20-25 minutes until cooked through.
5. Serve hot over Couscous.', 'https://images.unsplash.com/photo-1500000000413?auto=format&fit=crop&w=800&q=60', 5, 'https://www.epicurious.com', 'Epicurious', 0);
INSERT INTO ingredients (id, recipe_id, name, quantity, unit) VALUES ('0a8bb0aa-43bb-452b-a8c6-b0431c20b974', '7c236165-5c99-47f8-964f-96ed75e885e0', 'Chickpeas', 1, 'lb');
INSERT INTO ingredients (id, recipe_id, name, quantity, unit) VALUES ('83d81f94-70cf-48a9-9056-f69c3bdf9552', '7c236165-5c99-47f8-964f-96ed75e885e0', 'Asparagus', 4, 'cup');
INSERT INTO ingredients (id, recipe_id, name, quantity, unit) VALUES ('2f0deba8-454d-4b9b-9548-4931aa9d9e1e', '7c236165-5c99-47f8-964f-96ed75e885e0', 'Couscous', 2, 'cup');
INSERT INTO ingredients (id, recipe_id, name, quantity, unit) VALUES ('13217819-0f15-4d8c-a44d-36dbff663e0e', '7c236165-5c99-47f8-964f-96ed75e885e0', 'Olive Oil', 1, 'tbsp');
INSERT INTO ingredients (id, recipe_id, name, quantity, unit) VALUES ('f537072a-f7f1-4fd4-bf81-d629ef52b244', '7c236165-5c99-47f8-964f-96ed75e885e0', 'Salt & Pepper', 1, 'pinch');
INSERT INTO recipe_dietary_tags (recipe_id, tag_id) VALUES ('7c236165-5c99-47f8-964f-96ed75e885e0', 1);
INSERT INTO recipe_dietary_tags (recipe_id, tag_id) VALUES ('7c236165-5c99-47f8-964f-96ed75e885e0', 5);
INSERT INTO recipe_dietary_tags (recipe_id, tag_id) VALUES ('7c236165-5c99-47f8-964f-96ed75e885e0', 10);

INSERT INTO recipes (id, user_id, title, description, instructions, image_url, servings, source_url, source_name, is_archived) VALUES ('ac88ddf0-8b69-45c8-9a0f-55aef85ca831', 'admin-user-id', 'Taco Seasoned Pan-Seared Ground Beef', 'A delicious and healthy Taco Seasoned Pan-Seared Ground Beef served with Cauliflower and Wild Rice. Perfect for a quick weeknight dinner.', '1. Preheat oven to 400°F.
2. Season the Ground Beef with Taco Seasoned spices.
3. Arrange Cauliflower and Bell Peppers on a baking sheet.
4. Pan-Seared for 20-25 minutes until cooked through.
5. Serve hot over Wild Rice.', 'https://images.unsplash.com/photo-1500000000414?auto=format&fit=crop&w=800&q=60', 7, 'https://www.foodnetwork.com', 'Food Network', 0);
INSERT INTO ingredients (id, recipe_id, name, quantity, unit) VALUES ('920a27f3-ca89-4335-a282-5d49297d6cc4', 'ac88ddf0-8b69-45c8-9a0f-55aef85ca831', 'Ground Beef', 1, 'oz');
INSERT INTO ingredients (id, recipe_id, name, quantity, unit) VALUES ('29685a94-841c-4ff7-b515-03ba8f443b49', 'ac88ddf0-8b69-45c8-9a0f-55aef85ca831', 'Cauliflower', 2, 'head');
INSERT INTO ingredients (id, recipe_id, name, quantity, unit) VALUES ('02587e70-8d19-4bb0-b8d1-931e582006c3', 'ac88ddf0-8b69-45c8-9a0f-55aef85ca831', 'Wild Rice', 2, 'cup');
INSERT INTO ingredients (id, recipe_id, name, quantity, unit) VALUES ('8314e253-a135-4f93-9349-6f1b8119d79c', 'ac88ddf0-8b69-45c8-9a0f-55aef85ca831', 'Olive Oil', 2, 'tbsp');
INSERT INTO ingredients (id, recipe_id, name, quantity, unit) VALUES ('23b54091-0927-4f1c-b539-820b5386563c', 'ac88ddf0-8b69-45c8-9a0f-55aef85ca831', 'Salt & Pepper', 1, 'pinch');
INSERT INTO ingredients (id, recipe_id, name, quantity, unit) VALUES ('70b0048e-906f-4d98-b71e-3fb24dc104ba', 'ac88ddf0-8b69-45c8-9a0f-55aef85ca831', 'Onion', 4, 'g');
INSERT INTO ingredients (id, recipe_id, name, quantity, unit) VALUES ('d6b6ef15-d682-4083-9ea9-3931bc70f88c', 'ac88ddf0-8b69-45c8-9a0f-55aef85ca831', 'Brussels Sprouts', 5, 'pinch');
INSERT INTO ingredients (id, recipe_id, name, quantity, unit) VALUES ('c6ac766c-914d-40e4-9251-5699f311398e', 'ac88ddf0-8b69-45c8-9a0f-55aef85ca831', 'Broccoli', 5, 'oz');
INSERT INTO recipe_dietary_tags (recipe_id, tag_id) VALUES ('ac88ddf0-8b69-45c8-9a0f-55aef85ca831', 8);
INSERT INTO recipe_dietary_tags (recipe_id, tag_id) VALUES ('ac88ddf0-8b69-45c8-9a0f-55aef85ca831', 6);

INSERT INTO recipes (id, user_id, title, description, instructions, image_url, servings, source_url, source_name, is_archived) VALUES ('349c46e5-050e-4938-b64e-3c8292df0d9f', 'admin-user-id', 'Smoky BBQ Slow Cooked Pork Loin', 'A delicious and healthy Smoky BBQ Slow Cooked Pork Loin served with Sweet Potatoes and Brown Rice. Perfect for a quick weeknight dinner.', '1. Preheat oven to 400°F.
2. Season the Pork Loin with Smoky BBQ spices.
3. Arrange Sweet Potatoes and Green Beans on a baking sheet.
4. Slow Cooked for 20-25 minutes until cooked through.
5. Serve hot over Brown Rice.', 'https://images.unsplash.com/photo-1500000000415?auto=format&fit=crop&w=800&q=60', 8, 'https://www.foodnetwork.com', 'Food Network', 0);
INSERT INTO ingredients (id, recipe_id, name, quantity, unit) VALUES ('80bcf74e-4c18-47aa-8697-e37d3440699e', '349c46e5-050e-4938-b64e-3c8292df0d9f', 'Pork Loin', 2, 'lb');
INSERT INTO ingredients (id, recipe_id, name, quantity, unit) VALUES ('85be21f4-83f1-4258-8267-be8f23ef5689', '349c46e5-050e-4938-b64e-3c8292df0d9f', 'Sweet Potatoes', 2, 'head');
INSERT INTO ingredients (id, recipe_id, name, quantity, unit) VALUES ('3710f79f-75d1-48be-8f87-941923fbe1c5', '349c46e5-050e-4938-b64e-3c8292df0d9f', 'Brown Rice', 1, 'cup');
INSERT INTO ingredients (id, recipe_id, name, quantity, unit) VALUES ('4108bc90-c5a1-451d-8e84-a2028bc4679c', '349c46e5-050e-4938-b64e-3c8292df0d9f', 'Olive Oil', 1, 'tbsp');
INSERT INTO ingredients (id, recipe_id, name, quantity, unit) VALUES ('98c3ffd0-df68-453d-921d-18023b17ce6a', '349c46e5-050e-4938-b64e-3c8292df0d9f', 'Salt & Pepper', 1, 'pinch');
INSERT INTO ingredients (id, recipe_id, name, quantity, unit) VALUES ('9118c63e-eafd-4237-897d-0857cbd36281', '349c46e5-050e-4938-b64e-3c8292df0d9f', 'Lemon', 2, 'head');
INSERT INTO recipe_dietary_tags (recipe_id, tag_id) VALUES ('349c46e5-050e-4938-b64e-3c8292df0d9f', 1);
INSERT INTO recipe_dietary_tags (recipe_id, tag_id) VALUES ('349c46e5-050e-4938-b64e-3c8292df0d9f', 6);
INSERT INTO recipe_dietary_tags (recipe_id, tag_id) VALUES ('349c46e5-050e-4938-b64e-3c8292df0d9f', 9);

INSERT INTO recipes (id, user_id, title, description, instructions, image_url, servings, source_url, source_name, is_archived) VALUES ('18261c25-5bae-4505-b071-e0e6adae525c', 'admin-user-id', 'Curry Slow Cooked Steak', 'A delicious and healthy Curry Slow Cooked Steak served with Cauliflower and Brown Rice. Perfect for a quick weeknight dinner.', '1. Preheat oven to 400°F.
2. Season the Steak with Curry spices.
3. Arrange Cauliflower and Broccoli on a baking sheet.
4. Slow Cooked for 20-25 minutes until cooked through.
5. Serve hot over Brown Rice.', 'https://images.unsplash.com/photo-1500000000416?auto=format&fit=crop&w=800&q=60', 3, 'https://www.epicurious.com', 'Epicurious', 0);
INSERT INTO ingredients (id, recipe_id, name, quantity, unit) VALUES ('dc36b790-2167-400a-afce-1a146e98ccfb', '18261c25-5bae-4505-b071-e0e6adae525c', 'Steak', 1, 'oz');
INSERT INTO ingredients (id, recipe_id, name, quantity, unit) VALUES ('2b71dcba-e0c8-4665-bc42-9176a3116dbd', '18261c25-5bae-4505-b071-e0e6adae525c', 'Cauliflower', 4, 'cup');
INSERT INTO ingredients (id, recipe_id, name, quantity, unit) VALUES ('4984e945-f538-400d-a6d5-9b32d34e735e', '18261c25-5bae-4505-b071-e0e6adae525c', 'Brown Rice', 2, 'cup');
INSERT INTO ingredients (id, recipe_id, name, quantity, unit) VALUES ('2922aef7-5466-48f7-a0b3-b0140e9e4966', '18261c25-5bae-4505-b071-e0e6adae525c', 'Olive Oil', 1, 'tbsp');
INSERT INTO ingredients (id, recipe_id, name, quantity, unit) VALUES ('cfb20906-b342-4fc1-92fb-09bf3f9fa85e', '18261c25-5bae-4505-b071-e0e6adae525c', 'Salt & Pepper', 1, 'pinch');
INSERT INTO recipe_dietary_tags (recipe_id, tag_id) VALUES ('18261c25-5bae-4505-b071-e0e6adae525c', 2);
INSERT INTO recipe_dietary_tags (recipe_id, tag_id) VALUES ('18261c25-5bae-4505-b071-e0e6adae525c', 9);

INSERT INTO recipes (id, user_id, title, description, instructions, image_url, servings, source_url, source_name, is_archived) VALUES ('748b760f-7fd9-4e71-828f-16e5c40cd8a3', 'admin-user-id', 'Miso Ginger Roasted Turkey Breast', 'A delicious and healthy Miso Ginger Roasted Turkey Breast served with Green Beans and Quinoa. Perfect for a quick weeknight dinner.', '1. Preheat oven to 400°F.
2. Season the Turkey Breast with Miso Ginger spices.
3. Arrange Green Beans and Carrots on a baking sheet.
4. Roasted for 20-25 minutes until cooked through.
5. Serve hot over Quinoa.', 'https://images.unsplash.com/photo-1500000000417?auto=format&fit=crop&w=800&q=60', 6, 'https://www.bonappetit.com', 'Bon Appetit', 0);
INSERT INTO ingredients (id, recipe_id, name, quantity, unit) VALUES ('5db8df9b-f9a1-4e3f-8437-24ee6ae644bc', '748b760f-7fd9-4e71-828f-16e5c40cd8a3', 'Turkey Breast', 2, 'lb');
INSERT INTO ingredients (id, recipe_id, name, quantity, unit) VALUES ('141ace39-9722-43c0-9bde-cd8180b77a9e', '748b760f-7fd9-4e71-828f-16e5c40cd8a3', 'Green Beans', 3, 'head');
INSERT INTO ingredients (id, recipe_id, name, quantity, unit) VALUES ('ef31819b-0fc5-43c7-8dcb-b3e525d7ba8c', '748b760f-7fd9-4e71-828f-16e5c40cd8a3', 'Quinoa', 1, 'cup');
INSERT INTO ingredients (id, recipe_id, name, quantity, unit) VALUES ('787341cd-8fb9-4c4a-9059-a71efdcaca97', '748b760f-7fd9-4e71-828f-16e5c40cd8a3', 'Olive Oil', 1, 'tbsp');
INSERT INTO ingredients (id, recipe_id, name, quantity, unit) VALUES ('9607dca8-a7c6-460d-af58-67b59e4fe038', '748b760f-7fd9-4e71-828f-16e5c40cd8a3', 'Salt & Pepper', 1, 'pinch');
INSERT INTO ingredients (id, recipe_id, name, quantity, unit) VALUES ('3b28c9f3-9aad-4d5a-bfc1-1badada9d9e3', '748b760f-7fd9-4e71-828f-16e5c40cd8a3', 'Carrots', 2, 'oz');
INSERT INTO recipe_dietary_tags (recipe_id, tag_id) VALUES ('748b760f-7fd9-4e71-828f-16e5c40cd8a3', 5);
INSERT INTO recipe_dietary_tags (recipe_id, tag_id) VALUES ('748b760f-7fd9-4e71-828f-16e5c40cd8a3', 1);
INSERT INTO recipe_dietary_tags (recipe_id, tag_id) VALUES ('748b760f-7fd9-4e71-828f-16e5c40cd8a3', 4);

INSERT INTO recipes (id, user_id, title, description, instructions, image_url, servings, source_url, source_name, is_archived) VALUES ('49adadce-c402-4d03-b7e5-6c72535e23a1', 'admin-user-id', 'Lemon Garlic Slow Cooked Chickpeas', 'A delicious and healthy Lemon Garlic Slow Cooked Chickpeas served with Spinach and Cauliflower Rice. Perfect for a quick weeknight dinner.', '1. Preheat oven to 400°F.
2. Season the Chickpeas with Lemon Garlic spices.
3. Arrange Spinach and Green Beans on a baking sheet.
4. Slow Cooked for 20-25 minutes until cooked through.
5. Serve hot over Cauliflower Rice.', 'https://images.unsplash.com/photo-1500000000418?auto=format&fit=crop&w=800&q=60', 4, 'https://www.allrecipes.com', 'AllRecipes', 0);
INSERT INTO ingredients (id, recipe_id, name, quantity, unit) VALUES ('25aa5c3e-63b2-48e9-8052-1d00dd9ff855', '49adadce-c402-4d03-b7e5-6c72535e23a1', 'Chickpeas', 2, 'oz');
INSERT INTO ingredients (id, recipe_id, name, quantity, unit) VALUES ('62e9f143-7cc3-40e4-9fe0-05d14a20eb2a', '49adadce-c402-4d03-b7e5-6c72535e23a1', 'Spinach', 4, 'head');
INSERT INTO ingredients (id, recipe_id, name, quantity, unit) VALUES ('05e3bef0-3e7f-4d93-9fc3-123f0c562831', '49adadce-c402-4d03-b7e5-6c72535e23a1', 'Cauliflower Rice', 2, 'cup');
INSERT INTO ingredients (id, recipe_id, name, quantity, unit) VALUES ('b4b19481-6a80-43a1-a371-cf0310734e80', '49adadce-c402-4d03-b7e5-6c72535e23a1', 'Olive Oil', 2, 'tbsp');
INSERT INTO ingredients (id, recipe_id, name, quantity, unit) VALUES ('fc7b6259-8893-4d3e-ba81-9964f0b35293', '49adadce-c402-4d03-b7e5-6c72535e23a1', 'Salt & Pepper', 1, 'pinch');
INSERT INTO ingredients (id, recipe_id, name, quantity, unit) VALUES ('d3c1bc83-966a-4076-8f72-ff4c2b96af1a', '49adadce-c402-4d03-b7e5-6c72535e23a1', 'Broccoli', 2, 'g');
INSERT INTO ingredients (id, recipe_id, name, quantity, unit) VALUES ('27709931-cd28-4894-90d2-e98c9174b817', '49adadce-c402-4d03-b7e5-6c72535e23a1', 'Kale', 2, 'ml');
INSERT INTO ingredients (id, recipe_id, name, quantity, unit) VALUES ('e0717820-cef2-4151-bb3f-5636aa57b442', '49adadce-c402-4d03-b7e5-6c72535e23a1', 'Ginger', 3, 'tsp');
INSERT INTO ingredients (id, recipe_id, name, quantity, unit) VALUES ('26380895-0535-4e99-9a8b-0b80e1448aec', '49adadce-c402-4d03-b7e5-6c72535e23a1', 'Spinach', 1, 'tbsp');
INSERT INTO ingredients (id, recipe_id, name, quantity, unit) VALUES ('2265836c-8cd1-488f-811d-7b3045a146c5', '49adadce-c402-4d03-b7e5-6c72535e23a1', 'Kale', 3, 'cup');
INSERT INTO recipe_dietary_tags (recipe_id, tag_id) VALUES ('49adadce-c402-4d03-b7e5-6c72535e23a1', 9);
INSERT INTO recipe_dietary_tags (recipe_id, tag_id) VALUES ('49adadce-c402-4d03-b7e5-6c72535e23a1', 1);

INSERT INTO recipes (id, user_id, title, description, instructions, image_url, servings, source_url, source_name, is_archived) VALUES ('f8fed3b7-9a2d-4adc-b01a-73ce0bb8d91f', 'admin-user-id', 'Honey Sriracha Pan-Seared Steak', 'A delicious and healthy Honey Sriracha Pan-Seared Steak served with Brussels Sprouts and Zucchini Noodles. Perfect for a quick weeknight dinner.', '1. Preheat oven to 400°F.
2. Season the Steak with Honey Sriracha spices.
3. Arrange Brussels Sprouts and Kale on a baking sheet.
4. Pan-Seared for 20-25 minutes until cooked through.
5. Serve hot over Zucchini Noodles.', 'https://images.unsplash.com/photo-1500000000419?auto=format&fit=crop&w=800&q=60', 8, 'https://www.allrecipes.com', 'AllRecipes', 0);
INSERT INTO ingredients (id, recipe_id, name, quantity, unit) VALUES ('1126e77f-1626-4cba-ae2d-0fcbf569fbe2', 'f8fed3b7-9a2d-4adc-b01a-73ce0bb8d91f', 'Steak', 1, 'oz');
INSERT INTO ingredients (id, recipe_id, name, quantity, unit) VALUES ('f8d38ea9-acb4-4099-a7c6-7e853b653edd', 'f8fed3b7-9a2d-4adc-b01a-73ce0bb8d91f', 'Brussels Sprouts', 3, 'bundle');
INSERT INTO ingredients (id, recipe_id, name, quantity, unit) VALUES ('cd7b8ce4-84ce-494e-87e1-12cecf593846', 'f8fed3b7-9a2d-4adc-b01a-73ce0bb8d91f', 'Zucchini Noodles', 2, 'cup');
INSERT INTO ingredients (id, recipe_id, name, quantity, unit) VALUES ('c5a9ab1b-3723-435e-89ff-ab3fb51329b9', 'f8fed3b7-9a2d-4adc-b01a-73ce0bb8d91f', 'Olive Oil', 2, 'tbsp');
INSERT INTO ingredients (id, recipe_id, name, quantity, unit) VALUES ('e6af5c19-0578-4890-a1f4-2d805d5e8712', 'f8fed3b7-9a2d-4adc-b01a-73ce0bb8d91f', 'Salt & Pepper', 1, 'pinch');
INSERT INTO ingredients (id, recipe_id, name, quantity, unit) VALUES ('294d5316-4a21-4bc5-8418-52eb7bcf108d', 'f8fed3b7-9a2d-4adc-b01a-73ce0bb8d91f', 'Zucchini', 5, 'bundle');
INSERT INTO ingredients (id, recipe_id, name, quantity, unit) VALUES ('dc61c4a2-32a0-4692-803d-f6b5a3fd9f52', 'f8fed3b7-9a2d-4adc-b01a-73ce0bb8d91f', 'Sweet Potatoes', 1, 'ml');
INSERT INTO ingredients (id, recipe_id, name, quantity, unit) VALUES ('574fe33f-5b5c-4e6d-a2e5-d9f01319b54e', 'f8fed3b7-9a2d-4adc-b01a-73ce0bb8d91f', 'Kale', 4, 'g');
INSERT INTO ingredients (id, recipe_id, name, quantity, unit) VALUES ('16ff5341-7651-4ee4-a147-81816e43eba5', 'f8fed3b7-9a2d-4adc-b01a-73ce0bb8d91f', 'Lemon', 4, 'cup');
INSERT INTO ingredients (id, recipe_id, name, quantity, unit) VALUES ('352dc391-3a16-465a-ac1f-785b6146b3dd', 'f8fed3b7-9a2d-4adc-b01a-73ce0bb8d91f', 'Butter', 2, 'head');
INSERT INTO recipe_dietary_tags (recipe_id, tag_id) VALUES ('f8fed3b7-9a2d-4adc-b01a-73ce0bb8d91f', 6);
INSERT INTO recipe_dietary_tags (recipe_id, tag_id) VALUES ('f8fed3b7-9a2d-4adc-b01a-73ce0bb8d91f', 8);

INSERT INTO recipes (id, user_id, title, description, instructions, image_url, servings, source_url, source_name, is_archived) VALUES ('7d8d6638-e4a3-453d-b95a-7a126d5f2875', 'admin-user-id', 'Pesto Pan-Seared Steak', 'A delicious and healthy Pesto Pan-Seared Steak served with Bell Peppers and Brown Rice. Perfect for a quick weeknight dinner.', '1. Preheat oven to 400°F.
2. Season the Steak with Pesto spices.
3. Arrange Bell Peppers and Spinach on a baking sheet.
4. Pan-Seared for 20-25 minutes until cooked through.
5. Serve hot over Brown Rice.', 'https://images.unsplash.com/photo-1500000000420?auto=format&fit=crop&w=800&q=60', 6, 'https://www.foodnetwork.com', 'Food Network', 0);
INSERT INTO ingredients (id, recipe_id, name, quantity, unit) VALUES ('8798a537-a6ea-41ac-9d7e-774a3eb9cccf', '7d8d6638-e4a3-453d-b95a-7a126d5f2875', 'Steak', 1, 'lb');
INSERT INTO ingredients (id, recipe_id, name, quantity, unit) VALUES ('78eab9a4-1e6c-4ae4-8bb9-5961c9c2df78', '7d8d6638-e4a3-453d-b95a-7a126d5f2875', 'Bell Peppers', 1, 'cup');
INSERT INTO ingredients (id, recipe_id, name, quantity, unit) VALUES ('663be625-e009-4c78-ae60-b8d4353ff162', '7d8d6638-e4a3-453d-b95a-7a126d5f2875', 'Brown Rice', 3, 'cup');
INSERT INTO ingredients (id, recipe_id, name, quantity, unit) VALUES ('fe83bff0-b821-4301-926a-4cbeea1e1c87', '7d8d6638-e4a3-453d-b95a-7a126d5f2875', 'Olive Oil', 3, 'tbsp');
INSERT INTO ingredients (id, recipe_id, name, quantity, unit) VALUES ('f35c5b37-5a43-46f8-b6c9-16009f809c9e', '7d8d6638-e4a3-453d-b95a-7a126d5f2875', 'Salt & Pepper', 1, 'pinch');
INSERT INTO ingredients (id, recipe_id, name, quantity, unit) VALUES ('4853440b-77a4-42bb-b261-5987545c3f78', '7d8d6638-e4a3-453d-b95a-7a126d5f2875', 'Cauliflower', 2, 'tbsp');
INSERT INTO ingredients (id, recipe_id, name, quantity, unit) VALUES ('573f7a6e-726e-495a-b4f8-3d532295654b', '7d8d6638-e4a3-453d-b95a-7a126d5f2875', 'Asparagus', 3, 'ml');
INSERT INTO recipe_dietary_tags (recipe_id, tag_id) VALUES ('7d8d6638-e4a3-453d-b95a-7a126d5f2875', 1);

INSERT INTO recipes (id, user_id, title, description, instructions, image_url, servings, source_url, source_name, is_archived) VALUES ('aa2980ae-a781-4bb7-8df2-aca2a0a3c211', 'admin-user-id', 'Curry Pan-Seared Chicken Breast', 'A delicious and healthy Curry Pan-Seared Chicken Breast served with Brussels Sprouts and Couscous. Perfect for a quick weeknight dinner.', '1. Preheat oven to 400°F.
2. Season the Chicken Breast with Curry spices.
3. Arrange Brussels Sprouts and Zucchini on a baking sheet.
4. Pan-Seared for 20-25 minutes until cooked through.
5. Serve hot over Couscous.', 'https://images.unsplash.com/photo-1500000000421?auto=format&fit=crop&w=800&q=60', 5, 'https://www.epicurious.com', 'Epicurious', 0);
INSERT INTO ingredients (id, recipe_id, name, quantity, unit) VALUES ('b1d05670-22fc-4a66-b591-c2d9241c2ea3', 'aa2980ae-a781-4bb7-8df2-aca2a0a3c211', 'Chicken Breast', 1, 'oz');
INSERT INTO ingredients (id, recipe_id, name, quantity, unit) VALUES ('c2acea2d-4e71-4d63-a335-c40482721bb3', 'aa2980ae-a781-4bb7-8df2-aca2a0a3c211', 'Brussels Sprouts', 2, 'head');
INSERT INTO ingredients (id, recipe_id, name, quantity, unit) VALUES ('d3e2a85f-23ec-4df5-85f9-38523ea6ab64', 'aa2980ae-a781-4bb7-8df2-aca2a0a3c211', 'Couscous', 2, 'cup');
INSERT INTO ingredients (id, recipe_id, name, quantity, unit) VALUES ('f5b1322b-0f7f-4c59-b3ac-d5a4aa3903d5', 'aa2980ae-a781-4bb7-8df2-aca2a0a3c211', 'Olive Oil', 1, 'tbsp');
INSERT INTO ingredients (id, recipe_id, name, quantity, unit) VALUES ('2f8584f5-1651-446d-adea-6d1c85693c0f', 'aa2980ae-a781-4bb7-8df2-aca2a0a3c211', 'Salt & Pepper', 1, 'pinch');
INSERT INTO ingredients (id, recipe_id, name, quantity, unit) VALUES ('f1fbc43c-92df-4d06-83ec-19a4656fdf45', 'aa2980ae-a781-4bb7-8df2-aca2a0a3c211', 'Sweet Potatoes', 2, 'clove');
INSERT INTO ingredients (id, recipe_id, name, quantity, unit) VALUES ('46a27742-52bc-4313-ac69-a5186483ecd5', 'aa2980ae-a781-4bb7-8df2-aca2a0a3c211', 'Green Beans', 5, 'tbsp');
INSERT INTO ingredients (id, recipe_id, name, quantity, unit) VALUES ('03aa6070-cec8-4152-943e-196c5ec17ae1', 'aa2980ae-a781-4bb7-8df2-aca2a0a3c211', 'Lemon', 4, 'oz');
INSERT INTO ingredients (id, recipe_id, name, quantity, unit) VALUES ('74357941-e856-4967-b57f-7ce62c428dee', 'aa2980ae-a781-4bb7-8df2-aca2a0a3c211', 'Kale', 2, 'lb');
INSERT INTO ingredients (id, recipe_id, name, quantity, unit) VALUES ('8fe07cea-e641-440e-ae00-f4462e682d36', 'aa2980ae-a781-4bb7-8df2-aca2a0a3c211', 'Lemon', 4, 'ml');
INSERT INTO recipe_dietary_tags (recipe_id, tag_id) VALUES ('aa2980ae-a781-4bb7-8df2-aca2a0a3c211', 4);
INSERT INTO recipe_dietary_tags (recipe_id, tag_id) VALUES ('aa2980ae-a781-4bb7-8df2-aca2a0a3c211', 6);

INSERT INTO recipes (id, user_id, title, description, instructions, image_url, servings, source_url, source_name, is_archived) VALUES ('7d064dca-09a8-40e1-a62a-6a1f75743c06', 'admin-user-id', 'Smoky BBQ Slow Cooked Salmon Fillet', 'A delicious and healthy Smoky BBQ Slow Cooked Salmon Fillet served with Asparagus and Zucchini Noodles. Perfect for a quick weeknight dinner.', '1. Preheat oven to 400°F.
2. Season the Salmon Fillet with Smoky BBQ spices.
3. Arrange Asparagus and Sweet Potatoes on a baking sheet.
4. Slow Cooked for 20-25 minutes until cooked through.
5. Serve hot over Zucchini Noodles.', 'https://images.unsplash.com/photo-1500000000422?auto=format&fit=crop&w=800&q=60', 6, 'https://www.tasteofhome.com', 'Taste of Home', 0);
INSERT INTO ingredients (id, recipe_id, name, quantity, unit) VALUES ('0ba3a07f-b642-4696-b616-836b2192b5c7', '7d064dca-09a8-40e1-a62a-6a1f75743c06', 'Salmon Fillet', 1, 'lb');
INSERT INTO ingredients (id, recipe_id, name, quantity, unit) VALUES ('af6f1a54-5532-46d6-a71a-dbebf67830a2', '7d064dca-09a8-40e1-a62a-6a1f75743c06', 'Asparagus', 3, 'head');
INSERT INTO ingredients (id, recipe_id, name, quantity, unit) VALUES ('39d239e9-c169-44ad-a9ee-abd40ec0276e', '7d064dca-09a8-40e1-a62a-6a1f75743c06', 'Zucchini Noodles', 1, 'cup');
INSERT INTO ingredients (id, recipe_id, name, quantity, unit) VALUES ('620ce98e-8a2c-4a06-98b7-eabfcdc0d417', '7d064dca-09a8-40e1-a62a-6a1f75743c06', 'Olive Oil', 1, 'tbsp');
INSERT INTO ingredients (id, recipe_id, name, quantity, unit) VALUES ('057fb38c-08ef-4cb9-86b0-82898c38e234', '7d064dca-09a8-40e1-a62a-6a1f75743c06', 'Salt & Pepper', 1, 'pinch');
INSERT INTO ingredients (id, recipe_id, name, quantity, unit) VALUES ('69e2cbca-1fca-4538-be82-e3ea3b0b6a93', '7d064dca-09a8-40e1-a62a-6a1f75743c06', 'Green Beans', 2, 'clove');
INSERT INTO ingredients (id, recipe_id, name, quantity, unit) VALUES ('41896a59-e6fe-4978-836b-baa7b9ea8a07', '7d064dca-09a8-40e1-a62a-6a1f75743c06', 'Broccoli', 2, 'oz');
INSERT INTO ingredients (id, recipe_id, name, quantity, unit) VALUES ('e24833ac-0c74-4f9c-a3df-07729f3ae4dc', '7d064dca-09a8-40e1-a62a-6a1f75743c06', 'Zucchini', 5, 'head');
INSERT INTO recipe_dietary_tags (recipe_id, tag_id) VALUES ('7d064dca-09a8-40e1-a62a-6a1f75743c06', 4);

INSERT INTO recipes (id, user_id, title, description, instructions, image_url, servings, source_url, source_name, is_archived) VALUES ('f0e956bd-d4d7-4d38-b74d-6f808c24a4e0', 'admin-user-id', 'Lemon Garlic Roasted Black Beans', 'A delicious and healthy Lemon Garlic Roasted Black Beans served with Broccoli and Roasted Potatoes. Perfect for a quick weeknight dinner.', '1. Preheat oven to 400°F.
2. Season the Black Beans with Lemon Garlic spices.
3. Arrange Broccoli and Cauliflower on a baking sheet.
4. Roasted for 20-25 minutes until cooked through.
5. Serve hot over Roasted Potatoes.', 'https://images.unsplash.com/photo-1500000000423?auto=format&fit=crop&w=800&q=60', 2, 'https://www.epicurious.com', 'Epicurious', 0);
INSERT INTO ingredients (id, recipe_id, name, quantity, unit) VALUES ('1d87185a-9dd6-4160-b360-e7da793c523c', 'f0e956bd-d4d7-4d38-b74d-6f808c24a4e0', 'Black Beans', 1, 'lb');
INSERT INTO ingredients (id, recipe_id, name, quantity, unit) VALUES ('3b5e69c4-1e26-468f-b633-7fd7e2e5e5e4', 'f0e956bd-d4d7-4d38-b74d-6f808c24a4e0', 'Broccoli', 2, 'bundle');
INSERT INTO ingredients (id, recipe_id, name, quantity, unit) VALUES ('75bc3fc3-fd4f-476a-8431-e5f79e9d9795', 'f0e956bd-d4d7-4d38-b74d-6f808c24a4e0', 'Roasted Potatoes', 3, 'cup');
INSERT INTO ingredients (id, recipe_id, name, quantity, unit) VALUES ('9ff29c81-291a-4eab-ac70-bf64679b25d1', 'f0e956bd-d4d7-4d38-b74d-6f808c24a4e0', 'Olive Oil', 2, 'tbsp');
INSERT INTO ingredients (id, recipe_id, name, quantity, unit) VALUES ('20574fcc-bfbb-4086-9c62-e41c6411bcd5', 'f0e956bd-d4d7-4d38-b74d-6f808c24a4e0', 'Salt & Pepper', 1, 'pinch');
INSERT INTO ingredients (id, recipe_id, name, quantity, unit) VALUES ('2e896a6f-e5bb-41aa-85e3-e78679626fe4', 'f0e956bd-d4d7-4d38-b74d-6f808c24a4e0', 'Zucchini', 1, 'tsp');
INSERT INTO ingredients (id, recipe_id, name, quantity, unit) VALUES ('388f8588-bdc1-4cab-853d-2cdc151a5200', 'f0e956bd-d4d7-4d38-b74d-6f808c24a4e0', 'Spinach', 2, 'oz');
INSERT INTO ingredients (id, recipe_id, name, quantity, unit) VALUES ('798ef387-d1a3-4454-83af-167214824db0', 'f0e956bd-d4d7-4d38-b74d-6f808c24a4e0', 'Lemon', 2, 'tsp');
INSERT INTO ingredients (id, recipe_id, name, quantity, unit) VALUES ('aff82f26-70b6-40a3-a097-7c19320d658f', 'f0e956bd-d4d7-4d38-b74d-6f808c24a4e0', 'Onion', 3, 'bundle');
INSERT INTO ingredients (id, recipe_id, name, quantity, unit) VALUES ('ee70eea4-5df0-4b9d-8e76-29c4b71e2260', 'f0e956bd-d4d7-4d38-b74d-6f808c24a4e0', 'Cauliflower', 2, 'ml');
INSERT INTO ingredients (id, recipe_id, name, quantity, unit) VALUES ('28845c0f-26f0-4ba2-b614-d5ef42b622cd', 'f0e956bd-d4d7-4d38-b74d-6f808c24a4e0', 'Spinach', 3, 'ml');
INSERT INTO ingredients (id, recipe_id, name, quantity, unit) VALUES ('9df4b2d8-98f2-4487-a179-3e3c0bda0a0f', 'f0e956bd-d4d7-4d38-b74d-6f808c24a4e0', 'Green Beans', 2, 'tbsp');
INSERT INTO recipe_dietary_tags (recipe_id, tag_id) VALUES ('f0e956bd-d4d7-4d38-b74d-6f808c24a4e0', 7);

INSERT INTO recipes (id, user_id, title, description, instructions, image_url, servings, source_url, source_name, is_archived) VALUES ('487802e0-92b1-4daf-bed8-11abf0206413', 'admin-user-id', 'Lemon Garlic Slow Cooked Salmon Fillet', 'A delicious and healthy Lemon Garlic Slow Cooked Salmon Fillet served with Brussels Sprouts and Lentil Pasta. Perfect for a quick weeknight dinner.', '1. Preheat oven to 400°F.
2. Season the Salmon Fillet with Lemon Garlic spices.
3. Arrange Brussels Sprouts and Kale on a baking sheet.
4. Slow Cooked for 20-25 minutes until cooked through.
5. Serve hot over Lentil Pasta.', 'https://images.unsplash.com/photo-1500000000424?auto=format&fit=crop&w=800&q=60', 7, 'https://www.tasteofhome.com', 'Taste of Home', 0);
INSERT INTO ingredients (id, recipe_id, name, quantity, unit) VALUES ('9c232532-97a6-4de2-9fb0-803dbadaf265', '487802e0-92b1-4daf-bed8-11abf0206413', 'Salmon Fillet', 2, 'oz');
INSERT INTO ingredients (id, recipe_id, name, quantity, unit) VALUES ('20c8985a-7f84-4776-960b-33f0a52c9f61', '487802e0-92b1-4daf-bed8-11abf0206413', 'Brussels Sprouts', 3, 'cup');
INSERT INTO ingredients (id, recipe_id, name, quantity, unit) VALUES ('72f4a0fc-dd7f-4722-95cb-51de9767b9aa', '487802e0-92b1-4daf-bed8-11abf0206413', 'Lentil Pasta', 2, 'cup');
INSERT INTO ingredients (id, recipe_id, name, quantity, unit) VALUES ('6cba660b-e53e-4048-bca8-b4f0fe3cef6f', '487802e0-92b1-4daf-bed8-11abf0206413', 'Olive Oil', 2, 'tbsp');
INSERT INTO ingredients (id, recipe_id, name, quantity, unit) VALUES ('fac09f50-4fd3-465c-bb42-6171aed787f9', '487802e0-92b1-4daf-bed8-11abf0206413', 'Salt & Pepper', 1, 'pinch');
INSERT INTO ingredients (id, recipe_id, name, quantity, unit) VALUES ('e003bf79-1625-4020-bb22-75334b2a4446', '487802e0-92b1-4daf-bed8-11abf0206413', 'Spinach', 1, 'oz');
INSERT INTO ingredients (id, recipe_id, name, quantity, unit) VALUES ('68586d66-6701-412f-964e-65ad84f38269', '487802e0-92b1-4daf-bed8-11abf0206413', 'Cauliflower', 1, 'clove');
INSERT INTO ingredients (id, recipe_id, name, quantity, unit) VALUES ('2b220248-23ce-48db-9ec2-43d6bdcf2464', '487802e0-92b1-4daf-bed8-11abf0206413', 'Lemon', 3, 'g');
INSERT INTO ingredients (id, recipe_id, name, quantity, unit) VALUES ('32ee6aab-906a-4ee9-b13d-5c1e5e3e2c4d', '487802e0-92b1-4daf-bed8-11abf0206413', 'Onion', 1, 'clove');
INSERT INTO ingredients (id, recipe_id, name, quantity, unit) VALUES ('32042df8-e245-4a25-97a1-74085e71944c', '487802e0-92b1-4daf-bed8-11abf0206413', 'Green Beans', 1, 'tbsp');
INSERT INTO recipe_dietary_tags (recipe_id, tag_id) VALUES ('487802e0-92b1-4daf-bed8-11abf0206413', 5);
INSERT INTO recipe_dietary_tags (recipe_id, tag_id) VALUES ('487802e0-92b1-4daf-bed8-11abf0206413', 8);

INSERT INTO recipes (id, user_id, title, description, instructions, image_url, servings, source_url, source_name, is_archived) VALUES ('957ebdc7-ca50-409c-8935-c360e3021ce6', 'admin-user-id', 'Teriyaki Roasted Ground Beef', 'A delicious and healthy Teriyaki Roasted Ground Beef served with Cauliflower and Mashed Cauliflower. Perfect for a quick weeknight dinner.', '1. Preheat oven to 400°F.
2. Season the Ground Beef with Teriyaki spices.
3. Arrange Cauliflower and Zucchini on a baking sheet.
4. Roasted for 20-25 minutes until cooked through.
5. Serve hot over Mashed Cauliflower.', 'https://images.unsplash.com/photo-1500000000425?auto=format&fit=crop&w=800&q=60', 7, 'https://www.tasteofhome.com', 'Taste of Home', 0);
INSERT INTO ingredients (id, recipe_id, name, quantity, unit) VALUES ('253600da-4ea0-42bb-8cbb-e24af29a5ca2', '957ebdc7-ca50-409c-8935-c360e3021ce6', 'Ground Beef', 1, 'lb');
INSERT INTO ingredients (id, recipe_id, name, quantity, unit) VALUES ('31f0d83d-f010-483b-8e9d-bc7038aa1d44', '957ebdc7-ca50-409c-8935-c360e3021ce6', 'Cauliflower', 1, 'cup');
INSERT INTO ingredients (id, recipe_id, name, quantity, unit) VALUES ('800925ab-4508-4254-b6ad-cdcb64acf1c2', '957ebdc7-ca50-409c-8935-c360e3021ce6', 'Mashed Cauliflower', 3, 'cup');
INSERT INTO ingredients (id, recipe_id, name, quantity, unit) VALUES ('78864e45-fb8f-4a57-a78e-f07a18bdf071', '957ebdc7-ca50-409c-8935-c360e3021ce6', 'Olive Oil', 1, 'tbsp');
INSERT INTO ingredients (id, recipe_id, name, quantity, unit) VALUES ('142c6dec-9e46-45bb-a0c0-60392c66bb74', '957ebdc7-ca50-409c-8935-c360e3021ce6', 'Salt & Pepper', 1, 'pinch');
INSERT INTO ingredients (id, recipe_id, name, quantity, unit) VALUES ('0b22f4aa-bede-4c4a-a6f9-d63f03072b12', '957ebdc7-ca50-409c-8935-c360e3021ce6', 'Butter', 5, 'oz');
INSERT INTO ingredients (id, recipe_id, name, quantity, unit) VALUES ('ba55b4af-fef0-4763-87c1-ba82ddc41cb3', '957ebdc7-ca50-409c-8935-c360e3021ce6', 'Asparagus', 2, 'ml');
INSERT INTO recipe_dietary_tags (recipe_id, tag_id) VALUES ('957ebdc7-ca50-409c-8935-c360e3021ce6', 6);

INSERT INTO recipes (id, user_id, title, description, instructions, image_url, servings, source_url, source_name, is_archived) VALUES ('de4159ae-40a8-49b3-a293-83917811fa27', 'admin-user-id', 'Honey Sriracha Air Fried Chickpeas', 'A delicious and healthy Honey Sriracha Air Fried Chickpeas served with Green Beans and Quinoa. Perfect for a quick weeknight dinner.', '1. Preheat oven to 400°F.
2. Season the Chickpeas with Honey Sriracha spices.
3. Arrange Green Beans and Asparagus on a baking sheet.
4. Air Fried for 20-25 minutes until cooked through.
5. Serve hot over Quinoa.', 'https://images.unsplash.com/photo-1500000000426?auto=format&fit=crop&w=800&q=60', 4, 'https://www.bonappetit.com', 'Bon Appetit', 0);
INSERT INTO ingredients (id, recipe_id, name, quantity, unit) VALUES ('38ed9c98-5a7c-4818-bd2f-aea0d6f7aefb', 'de4159ae-40a8-49b3-a293-83917811fa27', 'Chickpeas', 2, 'oz');
INSERT INTO ingredients (id, recipe_id, name, quantity, unit) VALUES ('1af1815e-54ab-484b-8099-211acc27e2c6', 'de4159ae-40a8-49b3-a293-83917811fa27', 'Green Beans', 3, 'bundle');
INSERT INTO ingredients (id, recipe_id, name, quantity, unit) VALUES ('6b935ffd-3a78-4d5a-ae5b-31b58217b508', 'de4159ae-40a8-49b3-a293-83917811fa27', 'Quinoa', 1, 'cup');
INSERT INTO ingredients (id, recipe_id, name, quantity, unit) VALUES ('11387f94-b0ae-48fd-a2aa-fe95821a6409', 'de4159ae-40a8-49b3-a293-83917811fa27', 'Olive Oil', 2, 'tbsp');
INSERT INTO ingredients (id, recipe_id, name, quantity, unit) VALUES ('7ef95cc6-d15c-476b-a269-80a69d949773', 'de4159ae-40a8-49b3-a293-83917811fa27', 'Salt & Pepper', 1, 'pinch');
INSERT INTO ingredients (id, recipe_id, name, quantity, unit) VALUES ('1f90f92a-eb07-47b0-a366-714c5f5fa9e3', 'de4159ae-40a8-49b3-a293-83917811fa27', 'Onion', 5, 'tsp');
INSERT INTO recipe_dietary_tags (recipe_id, tag_id) VALUES ('de4159ae-40a8-49b3-a293-83917811fa27', 4);
INSERT INTO recipe_dietary_tags (recipe_id, tag_id) VALUES ('de4159ae-40a8-49b3-a293-83917811fa27', 7);
INSERT INTO recipe_dietary_tags (recipe_id, tag_id) VALUES ('de4159ae-40a8-49b3-a293-83917811fa27', 8);

INSERT INTO recipes (id, user_id, title, description, instructions, image_url, servings, source_url, source_name, is_archived) VALUES ('46737633-f237-4dea-ba5b-846769ff0948', 'admin-user-id', 'Lemon Garlic Air Fried Black Beans', 'A delicious and healthy Lemon Garlic Air Fried Black Beans served with Kale and Quinoa. Perfect for a quick weeknight dinner.', '1. Preheat oven to 400°F.
2. Season the Black Beans with Lemon Garlic spices.
3. Arrange Kale and Green Beans on a baking sheet.
4. Air Fried for 20-25 minutes until cooked through.
5. Serve hot over Quinoa.', 'https://images.unsplash.com/photo-1500000000427?auto=format&fit=crop&w=800&q=60', 5, 'https://www.allrecipes.com', 'AllRecipes', 0);
INSERT INTO ingredients (id, recipe_id, name, quantity, unit) VALUES ('7bf0ae42-4bdc-4c12-a051-66d681c144dc', '46737633-f237-4dea-ba5b-846769ff0948', 'Black Beans', 1, 'oz');
INSERT INTO ingredients (id, recipe_id, name, quantity, unit) VALUES ('eb6f1d46-d23c-4bfe-85d6-0ac27188a0c2', '46737633-f237-4dea-ba5b-846769ff0948', 'Kale', 4, 'head');
INSERT INTO ingredients (id, recipe_id, name, quantity, unit) VALUES ('5c5c9dbf-aebd-4a1a-b574-408a9f1e1aff', '46737633-f237-4dea-ba5b-846769ff0948', 'Quinoa', 1, 'cup');
INSERT INTO ingredients (id, recipe_id, name, quantity, unit) VALUES ('42d04bd7-8f5b-436f-bd77-5cef5594b945', '46737633-f237-4dea-ba5b-846769ff0948', 'Olive Oil', 2, 'tbsp');
INSERT INTO ingredients (id, recipe_id, name, quantity, unit) VALUES ('bca80a38-50d2-4cf3-9583-4712a65738a0', '46737633-f237-4dea-ba5b-846769ff0948', 'Salt & Pepper', 1, 'pinch');
INSERT INTO ingredients (id, recipe_id, name, quantity, unit) VALUES ('9713e745-06cb-40a9-bc81-15b540546a76', '46737633-f237-4dea-ba5b-846769ff0948', 'Carrots', 1, 'g');
INSERT INTO ingredients (id, recipe_id, name, quantity, unit) VALUES ('aa0ef4b5-38a2-4fba-b1c8-8390a7aae874', '46737633-f237-4dea-ba5b-846769ff0948', 'Kale', 5, 'g');
INSERT INTO recipe_dietary_tags (recipe_id, tag_id) VALUES ('46737633-f237-4dea-ba5b-846769ff0948', 5);
INSERT INTO recipe_dietary_tags (recipe_id, tag_id) VALUES ('46737633-f237-4dea-ba5b-846769ff0948', 3);
INSERT INTO recipe_dietary_tags (recipe_id, tag_id) VALUES ('46737633-f237-4dea-ba5b-846769ff0948', 10);

INSERT INTO recipes (id, user_id, title, description, instructions, image_url, servings, source_url, source_name, is_archived) VALUES ('53149adb-fb08-4b7f-bfa4-5213e01257ba', 'admin-user-id', 'Teriyaki Slow Cooked Tofu', 'A delicious and healthy Teriyaki Slow Cooked Tofu served with Cauliflower and Quinoa. Perfect for a quick weeknight dinner.', '1. Preheat oven to 400°F.
2. Season the Tofu with Teriyaki spices.
3. Arrange Cauliflower and Cauliflower on a baking sheet.
4. Slow Cooked for 20-25 minutes until cooked through.
5. Serve hot over Quinoa.', 'https://images.unsplash.com/photo-1500000000428?auto=format&fit=crop&w=800&q=60', 6, 'https://www.tasteofhome.com', 'Taste of Home', 0);
INSERT INTO ingredients (id, recipe_id, name, quantity, unit) VALUES ('fd7de729-45a3-421b-b8b3-e47f361507da', '53149adb-fb08-4b7f-bfa4-5213e01257ba', 'Tofu', 2, 'lb');
INSERT INTO ingredients (id, recipe_id, name, quantity, unit) VALUES ('6c400beb-d96e-48d0-9212-13cffd911cc2', '53149adb-fb08-4b7f-bfa4-5213e01257ba', 'Cauliflower', 2, 'head');
INSERT INTO ingredients (id, recipe_id, name, quantity, unit) VALUES ('72e1192a-60b6-4e4e-a4bb-73b0258178f8', '53149adb-fb08-4b7f-bfa4-5213e01257ba', 'Quinoa', 3, 'cup');
INSERT INTO ingredients (id, recipe_id, name, quantity, unit) VALUES ('29e10e99-9d9b-426f-b2f6-974be2beeb83', '53149adb-fb08-4b7f-bfa4-5213e01257ba', 'Olive Oil', 1, 'tbsp');
INSERT INTO ingredients (id, recipe_id, name, quantity, unit) VALUES ('7be02cb6-ec06-46b3-b17a-05f850e9d185', '53149adb-fb08-4b7f-bfa4-5213e01257ba', 'Salt & Pepper', 1, 'pinch');
INSERT INTO ingredients (id, recipe_id, name, quantity, unit) VALUES ('22869089-6e04-40e6-a6a4-3fc9f89aa2c9', '53149adb-fb08-4b7f-bfa4-5213e01257ba', 'Spinach', 3, 'ml');
INSERT INTO ingredients (id, recipe_id, name, quantity, unit) VALUES ('1343fe97-ed58-4af2-80a3-e0c796418523', '53149adb-fb08-4b7f-bfa4-5213e01257ba', 'Spinach', 3, 'clove');
INSERT INTO ingredients (id, recipe_id, name, quantity, unit) VALUES ('9846c65d-fa69-4c7e-ad82-33c991365324', '53149adb-fb08-4b7f-bfa4-5213e01257ba', 'Ginger', 5, 'bundle');
INSERT INTO ingredients (id, recipe_id, name, quantity, unit) VALUES ('67ac051d-4e65-4d58-bb4e-5df8c314223b', '53149adb-fb08-4b7f-bfa4-5213e01257ba', 'Lemon', 2, 'tsp');
INSERT INTO recipe_dietary_tags (recipe_id, tag_id) VALUES ('53149adb-fb08-4b7f-bfa4-5213e01257ba', 9);
INSERT INTO recipe_dietary_tags (recipe_id, tag_id) VALUES ('53149adb-fb08-4b7f-bfa4-5213e01257ba', 3);
INSERT INTO recipe_dietary_tags (recipe_id, tag_id) VALUES ('53149adb-fb08-4b7f-bfa4-5213e01257ba', 7);

INSERT INTO recipes (id, user_id, title, description, instructions, image_url, servings, source_url, source_name, is_archived) VALUES ('51441416-7571-4cbd-ad14-47f989fa96a7', 'admin-user-id', 'Smoky BBQ Pan-Seared Black Beans', 'A delicious and healthy Smoky BBQ Pan-Seared Black Beans served with Spinach and Couscous. Perfect for a quick weeknight dinner.', '1. Preheat oven to 400°F.
2. Season the Black Beans with Smoky BBQ spices.
3. Arrange Spinach and Cauliflower on a baking sheet.
4. Pan-Seared for 20-25 minutes until cooked through.
5. Serve hot over Couscous.', 'https://images.unsplash.com/photo-1500000000429?auto=format&fit=crop&w=800&q=60', 7, 'https://www.bonappetit.com', 'Bon Appetit', 0);
INSERT INTO ingredients (id, recipe_id, name, quantity, unit) VALUES ('db524098-d47d-443c-b78e-a5e1fbd66c47', '51441416-7571-4cbd-ad14-47f989fa96a7', 'Black Beans', 1, 'oz');
INSERT INTO ingredients (id, recipe_id, name, quantity, unit) VALUES ('7ac6691b-a805-49a8-8c26-f61b2eda8635', '51441416-7571-4cbd-ad14-47f989fa96a7', 'Spinach', 2, 'bundle');
INSERT INTO ingredients (id, recipe_id, name, quantity, unit) VALUES ('465ee6ee-819f-46b3-90e9-ec715dc3541e', '51441416-7571-4cbd-ad14-47f989fa96a7', 'Couscous', 3, 'cup');
INSERT INTO ingredients (id, recipe_id, name, quantity, unit) VALUES ('3d8fd793-74d1-4314-8683-a3c79b589e6c', '51441416-7571-4cbd-ad14-47f989fa96a7', 'Olive Oil', 1, 'tbsp');
INSERT INTO ingredients (id, recipe_id, name, quantity, unit) VALUES ('17748920-9c76-465e-9e9f-6b1722877c40', '51441416-7571-4cbd-ad14-47f989fa96a7', 'Salt & Pepper', 1, 'pinch');
INSERT INTO ingredients (id, recipe_id, name, quantity, unit) VALUES ('b5a9507b-1c74-473f-bc3e-11fcb2e8519f', '51441416-7571-4cbd-ad14-47f989fa96a7', 'Spinach', 5, 'head');
INSERT INTO ingredients (id, recipe_id, name, quantity, unit) VALUES ('aac10c49-6efc-4746-ad79-46f02cc727e4', '51441416-7571-4cbd-ad14-47f989fa96a7', 'Spinach', 4, 'clove');
INSERT INTO ingredients (id, recipe_id, name, quantity, unit) VALUES ('17a327cb-a00c-439d-aac5-ae82490eaa14', '51441416-7571-4cbd-ad14-47f989fa96a7', 'Kale', 2, 'ml');
INSERT INTO ingredients (id, recipe_id, name, quantity, unit) VALUES ('cbb72f2d-ca2b-487b-9154-6ffb2494036f', '51441416-7571-4cbd-ad14-47f989fa96a7', 'Asparagus', 4, 'cup');
INSERT INTO ingredients (id, recipe_id, name, quantity, unit) VALUES ('960a5736-474d-4dd2-9467-f7aab144101c', '51441416-7571-4cbd-ad14-47f989fa96a7', 'Green Beans', 4, 'lb');
INSERT INTO ingredients (id, recipe_id, name, quantity, unit) VALUES ('fd4c2d9a-2000-4230-ab99-90832fff231e', '51441416-7571-4cbd-ad14-47f989fa96a7', 'Spinach', 3, 'lb');
INSERT INTO recipe_dietary_tags (recipe_id, tag_id) VALUES ('51441416-7571-4cbd-ad14-47f989fa96a7', 8);
INSERT INTO recipe_dietary_tags (recipe_id, tag_id) VALUES ('51441416-7571-4cbd-ad14-47f989fa96a7', 2);

INSERT INTO recipes (id, user_id, title, description, instructions, image_url, servings, source_url, source_name, is_archived) VALUES ('51ef174d-562a-46b5-9e31-fe8236410846', 'admin-user-id', 'Miso Ginger Grilled Cod', 'A delicious and healthy Miso Ginger Grilled Cod served with Green Beans and Cauliflower Rice. Perfect for a quick weeknight dinner.', '1. Preheat oven to 400°F.
2. Season the Cod with Miso Ginger spices.
3. Arrange Green Beans and Kale on a baking sheet.
4. Grilled for 20-25 minutes until cooked through.
5. Serve hot over Cauliflower Rice.', 'https://images.unsplash.com/photo-1500000000430?auto=format&fit=crop&w=800&q=60', 7, 'https://www.bonappetit.com', 'Bon Appetit', 0);
INSERT INTO ingredients (id, recipe_id, name, quantity, unit) VALUES ('c2b89990-d7f4-4499-ab5e-cb92ca37531f', '51ef174d-562a-46b5-9e31-fe8236410846', 'Cod', 2, 'lb');
INSERT INTO ingredients (id, recipe_id, name, quantity, unit) VALUES ('3e92c33d-810b-4d5a-98d7-fb67b90aa02d', '51ef174d-562a-46b5-9e31-fe8236410846', 'Green Beans', 4, 'head');
INSERT INTO ingredients (id, recipe_id, name, quantity, unit) VALUES ('bc644c1d-9b6f-45a7-9d9d-37eab023d948', '51ef174d-562a-46b5-9e31-fe8236410846', 'Cauliflower Rice', 2, 'cup');
INSERT INTO ingredients (id, recipe_id, name, quantity, unit) VALUES ('29b947af-3886-4639-915e-8d2889e17b66', '51ef174d-562a-46b5-9e31-fe8236410846', 'Olive Oil', 3, 'tbsp');
INSERT INTO ingredients (id, recipe_id, name, quantity, unit) VALUES ('034d3681-ea1b-45b0-8b02-bdde48ea8864', '51ef174d-562a-46b5-9e31-fe8236410846', 'Salt & Pepper', 1, 'pinch');
INSERT INTO ingredients (id, recipe_id, name, quantity, unit) VALUES ('ac015c45-946a-4e9e-a6d0-38082d592bcc', '51ef174d-562a-46b5-9e31-fe8236410846', 'Asparagus', 3, 'g');
INSERT INTO recipe_dietary_tags (recipe_id, tag_id) VALUES ('51ef174d-562a-46b5-9e31-fe8236410846', 6);
INSERT INTO recipe_dietary_tags (recipe_id, tag_id) VALUES ('51ef174d-562a-46b5-9e31-fe8236410846', 7);

INSERT INTO recipes (id, user_id, title, description, instructions, image_url, servings, source_url, source_name, is_archived) VALUES ('fedf6b88-1a16-4d6c-8b69-e99ed3f009b7', 'admin-user-id', 'Cajun Pan-Seared Eggs', 'A delicious and healthy Cajun Pan-Seared Eggs served with Sweet Potatoes and Mashed Cauliflower. Perfect for a quick weeknight dinner.', '1. Preheat oven to 400°F.
2. Season the Eggs with Cajun spices.
3. Arrange Sweet Potatoes and Brussels Sprouts on a baking sheet.
4. Pan-Seared for 20-25 minutes until cooked through.
5. Serve hot over Mashed Cauliflower.', 'https://images.unsplash.com/photo-1500000000431?auto=format&fit=crop&w=800&q=60', 6, 'https://www.bonappetit.com', 'Bon Appetit', 0);
INSERT INTO ingredients (id, recipe_id, name, quantity, unit) VALUES ('01cbdb59-c21b-4479-aec2-b8472ee13751', 'fedf6b88-1a16-4d6c-8b69-e99ed3f009b7', 'Eggs', 1, 'oz');
INSERT INTO ingredients (id, recipe_id, name, quantity, unit) VALUES ('c1f2fd6b-7f68-448a-8da3-ae420dd2c771', 'fedf6b88-1a16-4d6c-8b69-e99ed3f009b7', 'Sweet Potatoes', 3, 'cup');
INSERT INTO ingredients (id, recipe_id, name, quantity, unit) VALUES ('b481a2b6-8fa3-4e3b-a6c2-a39149d4964b', 'fedf6b88-1a16-4d6c-8b69-e99ed3f009b7', 'Mashed Cauliflower', 3, 'cup');
INSERT INTO ingredients (id, recipe_id, name, quantity, unit) VALUES ('fce74dae-b896-460b-acdb-022542f62823', 'fedf6b88-1a16-4d6c-8b69-e99ed3f009b7', 'Olive Oil', 3, 'tbsp');
INSERT INTO ingredients (id, recipe_id, name, quantity, unit) VALUES ('a2ef9ea9-12f5-498d-a7b5-00024955a2bc', 'fedf6b88-1a16-4d6c-8b69-e99ed3f009b7', 'Salt & Pepper', 1, 'pinch');
INSERT INTO ingredients (id, recipe_id, name, quantity, unit) VALUES ('280f34c2-183a-4d03-8394-c7c3196a195a', 'fedf6b88-1a16-4d6c-8b69-e99ed3f009b7', 'Brussels Sprouts', 3, 'bundle');
INSERT INTO ingredients (id, recipe_id, name, quantity, unit) VALUES ('c9bd0156-b13d-4fd4-83ad-831a00595e7f', 'fedf6b88-1a16-4d6c-8b69-e99ed3f009b7', 'Ginger', 3, 'g');
INSERT INTO ingredients (id, recipe_id, name, quantity, unit) VALUES ('ece2485d-dde8-49ba-bf59-89cb9e38189c', 'fedf6b88-1a16-4d6c-8b69-e99ed3f009b7', 'Green Beans', 5, 'head');
INSERT INTO ingredients (id, recipe_id, name, quantity, unit) VALUES ('17fa353a-e69f-40cf-9cd0-0528890ccbb9', 'fedf6b88-1a16-4d6c-8b69-e99ed3f009b7', 'Broccoli', 5, 'ml');
INSERT INTO recipe_dietary_tags (recipe_id, tag_id) VALUES ('fedf6b88-1a16-4d6c-8b69-e99ed3f009b7', 2);
INSERT INTO recipe_dietary_tags (recipe_id, tag_id) VALUES ('fedf6b88-1a16-4d6c-8b69-e99ed3f009b7', 8);

INSERT INTO recipes (id, user_id, title, description, instructions, image_url, servings, source_url, source_name, is_archived) VALUES ('ca61d2a7-97b5-4587-b464-9c1880bb739e', 'admin-user-id', 'Lemon Garlic Steamed Chicken Breast', 'A delicious and healthy Lemon Garlic Steamed Chicken Breast served with Asparagus and Cauliflower Rice. Perfect for a quick weeknight dinner.', '1. Preheat oven to 400°F.
2. Season the Chicken Breast with Lemon Garlic spices.
3. Arrange Asparagus and Spinach on a baking sheet.
4. Steamed for 20-25 minutes until cooked through.
5. Serve hot over Cauliflower Rice.', 'https://images.unsplash.com/photo-1500000000432?auto=format&fit=crop&w=800&q=60', 8, 'https://www.bonappetit.com', 'Bon Appetit', 0);
INSERT INTO ingredients (id, recipe_id, name, quantity, unit) VALUES ('0b09b0cf-70dc-4eb3-9b59-240ce55ed52d', 'ca61d2a7-97b5-4587-b464-9c1880bb739e', 'Chicken Breast', 1, 'oz');
INSERT INTO ingredients (id, recipe_id, name, quantity, unit) VALUES ('8e018897-8a8a-42a9-94e1-34f203836ba2', 'ca61d2a7-97b5-4587-b464-9c1880bb739e', 'Asparagus', 2, 'head');
INSERT INTO ingredients (id, recipe_id, name, quantity, unit) VALUES ('f6d0b556-7039-4387-b0fd-4a460a1d2e20', 'ca61d2a7-97b5-4587-b464-9c1880bb739e', 'Cauliflower Rice', 1, 'cup');
INSERT INTO ingredients (id, recipe_id, name, quantity, unit) VALUES ('3c3c16f7-4423-4eb4-9ae4-47f45128cea7', 'ca61d2a7-97b5-4587-b464-9c1880bb739e', 'Olive Oil', 1, 'tbsp');
INSERT INTO ingredients (id, recipe_id, name, quantity, unit) VALUES ('b104bba0-f128-43a0-8295-8fb6b2c9c48a', 'ca61d2a7-97b5-4587-b464-9c1880bb739e', 'Salt & Pepper', 1, 'pinch');
INSERT INTO ingredients (id, recipe_id, name, quantity, unit) VALUES ('28b77dd9-e284-460c-92b0-3d83ca3b4f96', 'ca61d2a7-97b5-4587-b464-9c1880bb739e', 'Asparagus', 5, 'oz');
INSERT INTO ingredients (id, recipe_id, name, quantity, unit) VALUES ('6d70af7c-58f1-4eb3-ab02-58fd95d7fd22', 'ca61d2a7-97b5-4587-b464-9c1880bb739e', 'Onion', 2, 'head');
INSERT INTO ingredients (id, recipe_id, name, quantity, unit) VALUES ('0b44c898-a6c0-473d-99f3-b645882d3ef6', 'ca61d2a7-97b5-4587-b464-9c1880bb739e', 'Broccoli', 4, 'oz');
INSERT INTO recipe_dietary_tags (recipe_id, tag_id) VALUES ('ca61d2a7-97b5-4587-b464-9c1880bb739e', 7);
INSERT INTO recipe_dietary_tags (recipe_id, tag_id) VALUES ('ca61d2a7-97b5-4587-b464-9c1880bb739e', 5);
INSERT INTO recipe_dietary_tags (recipe_id, tag_id) VALUES ('ca61d2a7-97b5-4587-b464-9c1880bb739e', 6);

INSERT INTO recipes (id, user_id, title, description, instructions, image_url, servings, source_url, source_name, is_archived) VALUES ('fb508f9c-02ce-4edd-8fb1-e996f6d75012', 'admin-user-id', 'Lemon Garlic Slow Cooked Chicken Breast', 'A delicious and healthy Lemon Garlic Slow Cooked Chicken Breast served with Green Beans and Brown Rice. Perfect for a quick weeknight dinner.', '1. Preheat oven to 400°F.
2. Season the Chicken Breast with Lemon Garlic spices.
3. Arrange Green Beans and Sweet Potatoes on a baking sheet.
4. Slow Cooked for 20-25 minutes until cooked through.
5. Serve hot over Brown Rice.', 'https://images.unsplash.com/photo-1500000000433?auto=format&fit=crop&w=800&q=60', 6, 'https://www.foodnetwork.com', 'Food Network', 0);
INSERT INTO ingredients (id, recipe_id, name, quantity, unit) VALUES ('36827cc2-ea82-4dcc-a9b6-92a5498f51e5', 'fb508f9c-02ce-4edd-8fb1-e996f6d75012', 'Chicken Breast', 1, 'oz');
INSERT INTO ingredients (id, recipe_id, name, quantity, unit) VALUES ('f94ee19c-56b2-447a-b922-d92d79de4b2e', 'fb508f9c-02ce-4edd-8fb1-e996f6d75012', 'Green Beans', 2, 'cup');
INSERT INTO ingredients (id, recipe_id, name, quantity, unit) VALUES ('5a6d4271-5a8e-4363-abf9-d8f8f6e62c5c', 'fb508f9c-02ce-4edd-8fb1-e996f6d75012', 'Brown Rice', 2, 'cup');
INSERT INTO ingredients (id, recipe_id, name, quantity, unit) VALUES ('599496fd-1c75-4195-b845-9b70aca80d94', 'fb508f9c-02ce-4edd-8fb1-e996f6d75012', 'Olive Oil', 3, 'tbsp');
INSERT INTO ingredients (id, recipe_id, name, quantity, unit) VALUES ('c77be093-346a-4046-a24d-bc9832e131eb', 'fb508f9c-02ce-4edd-8fb1-e996f6d75012', 'Salt & Pepper', 1, 'pinch');
INSERT INTO ingredients (id, recipe_id, name, quantity, unit) VALUES ('23d3247d-6214-4380-9576-c42f90d26344', 'fb508f9c-02ce-4edd-8fb1-e996f6d75012', 'Spinach', 4, 'ml');
INSERT INTO recipe_dietary_tags (recipe_id, tag_id) VALUES ('fb508f9c-02ce-4edd-8fb1-e996f6d75012', 10);
INSERT INTO recipe_dietary_tags (recipe_id, tag_id) VALUES ('fb508f9c-02ce-4edd-8fb1-e996f6d75012', 9);

INSERT INTO recipes (id, user_id, title, description, instructions, image_url, servings, source_url, source_name, is_archived) VALUES ('b86b097a-85b3-4338-b06e-71b3f3a6cfac', 'admin-user-id', 'Miso Ginger Air Fried Cod', 'A delicious and healthy Miso Ginger Air Fried Cod served with Zucchini and Lentil Pasta. Perfect for a quick weeknight dinner.', '1. Preheat oven to 400°F.
2. Season the Cod with Miso Ginger spices.
3. Arrange Zucchini and Broccoli on a baking sheet.
4. Air Fried for 20-25 minutes until cooked through.
5. Serve hot over Lentil Pasta.', 'https://images.unsplash.com/photo-1500000000434?auto=format&fit=crop&w=800&q=60', 8, 'https://www.bonappetit.com', 'Bon Appetit', 0);
INSERT INTO ingredients (id, recipe_id, name, quantity, unit) VALUES ('73bba646-f7dd-4078-9d49-e9d90beb6d47', 'b86b097a-85b3-4338-b06e-71b3f3a6cfac', 'Cod', 1, 'oz');
INSERT INTO ingredients (id, recipe_id, name, quantity, unit) VALUES ('2d07caf4-3821-4a66-b1f4-64688eae0145', 'b86b097a-85b3-4338-b06e-71b3f3a6cfac', 'Zucchini', 4, 'bundle');
INSERT INTO ingredients (id, recipe_id, name, quantity, unit) VALUES ('4350b79e-6b94-4158-b759-6ff08f3c6679', 'b86b097a-85b3-4338-b06e-71b3f3a6cfac', 'Lentil Pasta', 1, 'cup');
INSERT INTO ingredients (id, recipe_id, name, quantity, unit) VALUES ('36e078e9-7e04-407a-ba7d-90fac1f45ff9', 'b86b097a-85b3-4338-b06e-71b3f3a6cfac', 'Olive Oil', 3, 'tbsp');
INSERT INTO ingredients (id, recipe_id, name, quantity, unit) VALUES ('e3106412-6eb7-4042-9de8-d6273648ab7f', 'b86b097a-85b3-4338-b06e-71b3f3a6cfac', 'Salt & Pepper', 1, 'pinch');
INSERT INTO ingredients (id, recipe_id, name, quantity, unit) VALUES ('43b7b753-9c62-44f6-bddf-0c1464b1e61b', 'b86b097a-85b3-4338-b06e-71b3f3a6cfac', 'Lemon', 5, 'head');
INSERT INTO ingredients (id, recipe_id, name, quantity, unit) VALUES ('a4b0df20-54db-4d68-bae6-dd26d72eaca0', 'b86b097a-85b3-4338-b06e-71b3f3a6cfac', 'Cauliflower', 5, 'tbsp');
INSERT INTO ingredients (id, recipe_id, name, quantity, unit) VALUES ('4d66566d-80f1-4858-bf0b-b83039a4a01d', 'b86b097a-85b3-4338-b06e-71b3f3a6cfac', 'Kale', 2, 'ml');
INSERT INTO ingredients (id, recipe_id, name, quantity, unit) VALUES ('92c8ee59-0825-414a-9926-d97672735fa1', 'b86b097a-85b3-4338-b06e-71b3f3a6cfac', 'Spinach', 3, 'oz');
INSERT INTO ingredients (id, recipe_id, name, quantity, unit) VALUES ('7c732a76-6ae1-48d4-9c93-d483d19979f6', 'b86b097a-85b3-4338-b06e-71b3f3a6cfac', 'Bell Peppers', 2, 'pinch');
INSERT INTO ingredients (id, recipe_id, name, quantity, unit) VALUES ('6308c3d1-3096-4e81-bcf0-441e04882433', 'b86b097a-85b3-4338-b06e-71b3f3a6cfac', 'Spinach', 1, 'tsp');
INSERT INTO recipe_dietary_tags (recipe_id, tag_id) VALUES ('b86b097a-85b3-4338-b06e-71b3f3a6cfac', 1);

INSERT INTO recipes (id, user_id, title, description, instructions, image_url, servings, source_url, source_name, is_archived) VALUES ('0e57da7c-6166-43d6-9ed7-28a009fbf0a7', 'admin-user-id', 'Cajun Grilled Chicken Breast', 'A delicious and healthy Cajun Grilled Chicken Breast served with Carrots and Lentil Pasta. Perfect for a quick weeknight dinner.', '1. Preheat oven to 400°F.
2. Season the Chicken Breast with Cajun spices.
3. Arrange Carrots and Kale on a baking sheet.
4. Grilled for 20-25 minutes until cooked through.
5. Serve hot over Lentil Pasta.', 'https://images.unsplash.com/photo-1500000000435?auto=format&fit=crop&w=800&q=60', 4, 'https://www.bonappetit.com', 'Bon Appetit', 0);
INSERT INTO ingredients (id, recipe_id, name, quantity, unit) VALUES ('b31a0bbc-1708-44cb-a103-0b6bffbba05a', '0e57da7c-6166-43d6-9ed7-28a009fbf0a7', 'Chicken Breast', 1, 'lb');
INSERT INTO ingredients (id, recipe_id, name, quantity, unit) VALUES ('d784d004-1905-4a91-b068-7b0baba597ef', '0e57da7c-6166-43d6-9ed7-28a009fbf0a7', 'Carrots', 4, 'head');
INSERT INTO ingredients (id, recipe_id, name, quantity, unit) VALUES ('4ddb69ef-9add-4d00-8db6-1a921409948e', '0e57da7c-6166-43d6-9ed7-28a009fbf0a7', 'Lentil Pasta', 1, 'cup');
INSERT INTO ingredients (id, recipe_id, name, quantity, unit) VALUES ('2ea7d54e-ba3a-419f-8cbe-6fe48eabad64', '0e57da7c-6166-43d6-9ed7-28a009fbf0a7', 'Olive Oil', 2, 'tbsp');
INSERT INTO ingredients (id, recipe_id, name, quantity, unit) VALUES ('25d47b5a-07d5-46f2-ab32-061b8ded9882', '0e57da7c-6166-43d6-9ed7-28a009fbf0a7', 'Salt & Pepper', 1, 'pinch');
INSERT INTO recipe_dietary_tags (recipe_id, tag_id) VALUES ('0e57da7c-6166-43d6-9ed7-28a009fbf0a7', 7);
INSERT INTO recipe_dietary_tags (recipe_id, tag_id) VALUES ('0e57da7c-6166-43d6-9ed7-28a009fbf0a7', 8);

INSERT INTO recipes (id, user_id, title, description, instructions, image_url, servings, source_url, source_name, is_archived) VALUES ('15197b45-2a91-453e-8ed0-9d72f7d2a415', 'admin-user-id', 'Curry Pan-Seared Lamb Chops', 'A delicious and healthy Curry Pan-Seared Lamb Chops served with Bell Peppers and Mashed Cauliflower. Perfect for a quick weeknight dinner.', '1. Preheat oven to 400°F.
2. Season the Lamb Chops with Curry spices.
3. Arrange Bell Peppers and Kale on a baking sheet.
4. Pan-Seared for 20-25 minutes until cooked through.
5. Serve hot over Mashed Cauliflower.', 'https://images.unsplash.com/photo-1500000000436?auto=format&fit=crop&w=800&q=60', 4, 'https://www.foodnetwork.com', 'Food Network', 0);
INSERT INTO ingredients (id, recipe_id, name, quantity, unit) VALUES ('2f0b6143-8a50-4e86-9b80-ed725d0c704b', '15197b45-2a91-453e-8ed0-9d72f7d2a415', 'Lamb Chops', 1, 'oz');
INSERT INTO ingredients (id, recipe_id, name, quantity, unit) VALUES ('dbf7c8d0-c692-4885-b75c-02db87455143', '15197b45-2a91-453e-8ed0-9d72f7d2a415', 'Bell Peppers', 4, 'head');
INSERT INTO ingredients (id, recipe_id, name, quantity, unit) VALUES ('d5666672-e7af-4ecb-823f-003467c1ea8f', '15197b45-2a91-453e-8ed0-9d72f7d2a415', 'Mashed Cauliflower', 1, 'cup');
INSERT INTO ingredients (id, recipe_id, name, quantity, unit) VALUES ('b023ef3e-b0c7-4c2d-83c1-96dca777cb68', '15197b45-2a91-453e-8ed0-9d72f7d2a415', 'Olive Oil', 2, 'tbsp');
INSERT INTO ingredients (id, recipe_id, name, quantity, unit) VALUES ('3cdb2602-4be9-4997-a0ed-42dbcbfc68bc', '15197b45-2a91-453e-8ed0-9d72f7d2a415', 'Salt & Pepper', 1, 'pinch');
INSERT INTO ingredients (id, recipe_id, name, quantity, unit) VALUES ('372566ee-1aaa-4a2b-a4b8-437532fd82d4', '15197b45-2a91-453e-8ed0-9d72f7d2a415', 'Ginger', 2, 'g');
INSERT INTO ingredients (id, recipe_id, name, quantity, unit) VALUES ('82f8e1d2-9241-4b48-b41f-a11f9468c36c', '15197b45-2a91-453e-8ed0-9d72f7d2a415', 'Spinach', 2, 'tbsp');
INSERT INTO ingredients (id, recipe_id, name, quantity, unit) VALUES ('b75be032-c3f5-4a24-ba8f-18471a748207', '15197b45-2a91-453e-8ed0-9d72f7d2a415', 'Lemon', 1, 'g');
INSERT INTO recipe_dietary_tags (recipe_id, tag_id) VALUES ('15197b45-2a91-453e-8ed0-9d72f7d2a415', 7);
INSERT INTO recipe_dietary_tags (recipe_id, tag_id) VALUES ('15197b45-2a91-453e-8ed0-9d72f7d2a415', 4);

INSERT INTO recipes (id, user_id, title, description, instructions, image_url, servings, source_url, source_name, is_archived) VALUES ('6d514b17-1ff3-4c52-be87-f1341b4bbbff', 'admin-user-id', 'Lemon Garlic Pan-Seared Steak', 'A delicious and healthy Lemon Garlic Pan-Seared Steak served with Bell Peppers and Zucchini Noodles. Perfect for a quick weeknight dinner.', '1. Preheat oven to 400°F.
2. Season the Steak with Lemon Garlic spices.
3. Arrange Bell Peppers and Broccoli on a baking sheet.
4. Pan-Seared for 20-25 minutes until cooked through.
5. Serve hot over Zucchini Noodles.', 'https://images.unsplash.com/photo-1500000000437?auto=format&fit=crop&w=800&q=60', 2, 'https://www.bonappetit.com', 'Bon Appetit', 0);
INSERT INTO ingredients (id, recipe_id, name, quantity, unit) VALUES ('a5df66c1-13d8-47e5-945d-93c864f9f6f5', '6d514b17-1ff3-4c52-be87-f1341b4bbbff', 'Steak', 2, 'oz');
INSERT INTO ingredients (id, recipe_id, name, quantity, unit) VALUES ('e4e78beb-eb1e-4185-a71a-a3a359efdece', '6d514b17-1ff3-4c52-be87-f1341b4bbbff', 'Bell Peppers', 2, 'cup');
INSERT INTO ingredients (id, recipe_id, name, quantity, unit) VALUES ('5306b226-8920-430f-abc6-af1cfbb77ab9', '6d514b17-1ff3-4c52-be87-f1341b4bbbff', 'Zucchini Noodles', 2, 'cup');
INSERT INTO ingredients (id, recipe_id, name, quantity, unit) VALUES ('af64006d-1100-4330-bb2d-25091ac304f1', '6d514b17-1ff3-4c52-be87-f1341b4bbbff', 'Olive Oil', 1, 'tbsp');
INSERT INTO ingredients (id, recipe_id, name, quantity, unit) VALUES ('bcdbfda3-faa4-4a73-a00a-481c361c19cc', '6d514b17-1ff3-4c52-be87-f1341b4bbbff', 'Salt & Pepper', 1, 'pinch');
INSERT INTO ingredients (id, recipe_id, name, quantity, unit) VALUES ('2949994f-b6a8-4040-beb1-c7df8ffb1645', '6d514b17-1ff3-4c52-be87-f1341b4bbbff', 'Butter', 5, 'oz');
INSERT INTO recipe_dietary_tags (recipe_id, tag_id) VALUES ('6d514b17-1ff3-4c52-be87-f1341b4bbbff', 2);
INSERT INTO recipe_dietary_tags (recipe_id, tag_id) VALUES ('6d514b17-1ff3-4c52-be87-f1341b4bbbff', 1);

INSERT INTO recipes (id, user_id, title, description, instructions, image_url, servings, source_url, source_name, is_archived) VALUES ('b14194fa-b68c-489b-877b-fed1e8d0fd03', 'admin-user-id', 'Cajun Roasted Ground Beef', 'A delicious and healthy Cajun Roasted Ground Beef served with Asparagus and Couscous. Perfect for a quick weeknight dinner.', '1. Preheat oven to 400°F.
2. Season the Ground Beef with Cajun spices.
3. Arrange Asparagus and Sweet Potatoes on a baking sheet.
4. Roasted for 20-25 minutes until cooked through.
5. Serve hot over Couscous.', 'https://images.unsplash.com/photo-1500000000438?auto=format&fit=crop&w=800&q=60', 6, 'https://www.bonappetit.com', 'Bon Appetit', 0);
INSERT INTO ingredients (id, recipe_id, name, quantity, unit) VALUES ('dea488dc-2a70-4baa-8dfa-ff63949e86be', 'b14194fa-b68c-489b-877b-fed1e8d0fd03', 'Ground Beef', 2, 'lb');
INSERT INTO ingredients (id, recipe_id, name, quantity, unit) VALUES ('36584312-1674-4fb8-a21b-a1919827d3fe', 'b14194fa-b68c-489b-877b-fed1e8d0fd03', 'Asparagus', 4, 'head');
INSERT INTO ingredients (id, recipe_id, name, quantity, unit) VALUES ('4ca81fbc-3b7f-42b6-87ae-2c9d2ef2f4cb', 'b14194fa-b68c-489b-877b-fed1e8d0fd03', 'Couscous', 2, 'cup');
INSERT INTO ingredients (id, recipe_id, name, quantity, unit) VALUES ('f4db4842-d89f-4b29-881e-e654e32240d4', 'b14194fa-b68c-489b-877b-fed1e8d0fd03', 'Olive Oil', 3, 'tbsp');
INSERT INTO ingredients (id, recipe_id, name, quantity, unit) VALUES ('67254ca9-0f8c-46b0-8070-fb274c8409cd', 'b14194fa-b68c-489b-877b-fed1e8d0fd03', 'Salt & Pepper', 1, 'pinch');
INSERT INTO ingredients (id, recipe_id, name, quantity, unit) VALUES ('2c0b2c63-1f57-47cf-8f65-e2ec23e968ec', 'b14194fa-b68c-489b-877b-fed1e8d0fd03', 'Green Beans', 1, 'head');
INSERT INTO ingredients (id, recipe_id, name, quantity, unit) VALUES ('d3726b56-d865-4884-9142-d7ebcae6a25e', 'b14194fa-b68c-489b-877b-fed1e8d0fd03', 'Onion', 4, 'bundle');
INSERT INTO ingredients (id, recipe_id, name, quantity, unit) VALUES ('ecd6a93f-ffe8-4c42-b1b2-518fcfc96464', 'b14194fa-b68c-489b-877b-fed1e8d0fd03', 'Onion', 3, 'oz');
INSERT INTO ingredients (id, recipe_id, name, quantity, unit) VALUES ('bb9f2f61-523c-475b-bd59-4b4b783f7f6e', 'b14194fa-b68c-489b-877b-fed1e8d0fd03', 'Carrots', 4, 'bundle');
INSERT INTO ingredients (id, recipe_id, name, quantity, unit) VALUES ('af0e8f1b-2777-48ff-9b7a-576c6bbfd2e8', 'b14194fa-b68c-489b-877b-fed1e8d0fd03', 'Bell Peppers', 4, 'head');
INSERT INTO recipe_dietary_tags (recipe_id, tag_id) VALUES ('b14194fa-b68c-489b-877b-fed1e8d0fd03', 1);
INSERT INTO recipe_dietary_tags (recipe_id, tag_id) VALUES ('b14194fa-b68c-489b-877b-fed1e8d0fd03', 4);

INSERT INTO recipes (id, user_id, title, description, instructions, image_url, servings, source_url, source_name, is_archived) VALUES ('ffdbe5bb-edb5-42e2-abc9-15e769b8dc19', 'admin-user-id', 'Pesto Roasted Salmon Fillet', 'A delicious and healthy Pesto Roasted Salmon Fillet served with Green Beans and Quinoa. Perfect for a quick weeknight dinner.', '1. Preheat oven to 400°F.
2. Season the Salmon Fillet with Pesto spices.
3. Arrange Green Beans and Sweet Potatoes on a baking sheet.
4. Roasted for 20-25 minutes until cooked through.
5. Serve hot over Quinoa.', 'https://images.unsplash.com/photo-1500000000439?auto=format&fit=crop&w=800&q=60', 4, 'https://www.allrecipes.com', 'AllRecipes', 0);
INSERT INTO ingredients (id, recipe_id, name, quantity, unit) VALUES ('166ea179-5e79-498b-983e-c40cd651b07e', 'ffdbe5bb-edb5-42e2-abc9-15e769b8dc19', 'Salmon Fillet', 2, 'oz');
INSERT INTO ingredients (id, recipe_id, name, quantity, unit) VALUES ('4a7be8cd-af0d-4300-b63a-92de85b7b6af', 'ffdbe5bb-edb5-42e2-abc9-15e769b8dc19', 'Green Beans', 1, 'bundle');
INSERT INTO ingredients (id, recipe_id, name, quantity, unit) VALUES ('9981fe8e-1149-415c-ac43-3a9e7b803730', 'ffdbe5bb-edb5-42e2-abc9-15e769b8dc19', 'Quinoa', 2, 'cup');
INSERT INTO ingredients (id, recipe_id, name, quantity, unit) VALUES ('19a84007-d602-4c7b-9e8f-1ba08052de4e', 'ffdbe5bb-edb5-42e2-abc9-15e769b8dc19', 'Olive Oil', 1, 'tbsp');
INSERT INTO ingredients (id, recipe_id, name, quantity, unit) VALUES ('ace3fa33-30e3-4f86-bcad-eabe4f2538a5', 'ffdbe5bb-edb5-42e2-abc9-15e769b8dc19', 'Salt & Pepper', 1, 'pinch');
INSERT INTO ingredients (id, recipe_id, name, quantity, unit) VALUES ('a0ce4086-f657-42a4-81a3-caf2dd571938', 'ffdbe5bb-edb5-42e2-abc9-15e769b8dc19', 'Brussels Sprouts', 1, 'clove');
INSERT INTO ingredients (id, recipe_id, name, quantity, unit) VALUES ('261e2295-42bf-4ce5-ab7b-70dff0754d84', 'ffdbe5bb-edb5-42e2-abc9-15e769b8dc19', 'Kale', 2, 'oz');
INSERT INTO recipe_dietary_tags (recipe_id, tag_id) VALUES ('ffdbe5bb-edb5-42e2-abc9-15e769b8dc19', 2);

INSERT INTO recipes (id, user_id, title, description, instructions, image_url, servings, source_url, source_name, is_archived) VALUES ('aa88edda-f8f8-43e7-b5e8-696578fe9a4c', 'admin-user-id', 'Smoky BBQ Sautéed Black Beans', 'A delicious and healthy Smoky BBQ Sautéed Black Beans served with Bell Peppers and Brown Rice. Perfect for a quick weeknight dinner.', '1. Preheat oven to 400°F.
2. Season the Black Beans with Smoky BBQ spices.
3. Arrange Bell Peppers and Asparagus on a baking sheet.
4. Sautéed for 20-25 minutes until cooked through.
5. Serve hot over Brown Rice.', 'https://images.unsplash.com/photo-1500000000440?auto=format&fit=crop&w=800&q=60', 7, 'https://www.epicurious.com', 'Epicurious', 0);
INSERT INTO ingredients (id, recipe_id, name, quantity, unit) VALUES ('dfe764bd-576b-4aec-879d-9137e3d5660b', 'aa88edda-f8f8-43e7-b5e8-696578fe9a4c', 'Black Beans', 1, 'oz');
INSERT INTO ingredients (id, recipe_id, name, quantity, unit) VALUES ('f03d0a61-5966-47b7-861e-656ea3d38ec0', 'aa88edda-f8f8-43e7-b5e8-696578fe9a4c', 'Bell Peppers', 3, 'bundle');
INSERT INTO ingredients (id, recipe_id, name, quantity, unit) VALUES ('144ccc45-15a6-46a9-8694-f363bf9a947b', 'aa88edda-f8f8-43e7-b5e8-696578fe9a4c', 'Brown Rice', 3, 'cup');
INSERT INTO ingredients (id, recipe_id, name, quantity, unit) VALUES ('b17fd9c9-2f93-4dd2-823f-fc057d8aaecb', 'aa88edda-f8f8-43e7-b5e8-696578fe9a4c', 'Olive Oil', 3, 'tbsp');
INSERT INTO ingredients (id, recipe_id, name, quantity, unit) VALUES ('e0a953b5-b75f-4b2d-a249-7c819caba5d7', 'aa88edda-f8f8-43e7-b5e8-696578fe9a4c', 'Salt & Pepper', 1, 'pinch');
INSERT INTO ingredients (id, recipe_id, name, quantity, unit) VALUES ('3a9b5e99-4ffa-42c5-bbbc-05fc3e881d87', 'aa88edda-f8f8-43e7-b5e8-696578fe9a4c', 'Bell Peppers', 5, 'head');
INSERT INTO ingredients (id, recipe_id, name, quantity, unit) VALUES ('df406f2f-3aa1-494b-8455-3bbe77db8f11', 'aa88edda-f8f8-43e7-b5e8-696578fe9a4c', 'Broccoli', 1, 'g');
INSERT INTO ingredients (id, recipe_id, name, quantity, unit) VALUES ('2d72ddb3-04dc-4549-8460-25d4b059b97c', 'aa88edda-f8f8-43e7-b5e8-696578fe9a4c', 'Asparagus', 5, 'tsp');
INSERT INTO ingredients (id, recipe_id, name, quantity, unit) VALUES ('99cc7f4f-4ad3-42ca-8942-a8ef0247d1ff', 'aa88edda-f8f8-43e7-b5e8-696578fe9a4c', 'Bell Peppers', 3, 'oz');
INSERT INTO ingredients (id, recipe_id, name, quantity, unit) VALUES ('cba4cf40-7479-41f5-ab8e-b02ee02bbe59', 'aa88edda-f8f8-43e7-b5e8-696578fe9a4c', 'Ginger', 4, 'cup');
INSERT INTO ingredients (id, recipe_id, name, quantity, unit) VALUES ('46a8db1f-6b8f-4472-95a4-5eb392280e70', 'aa88edda-f8f8-43e7-b5e8-696578fe9a4c', 'Zucchini', 2, 'clove');
INSERT INTO ingredients (id, recipe_id, name, quantity, unit) VALUES ('248fc2e7-b50d-4fb7-9bc7-14fa327cc12a', 'aa88edda-f8f8-43e7-b5e8-696578fe9a4c', 'Sweet Potatoes', 3, 'tsp');
INSERT INTO recipe_dietary_tags (recipe_id, tag_id) VALUES ('aa88edda-f8f8-43e7-b5e8-696578fe9a4c', 9);
INSERT INTO recipe_dietary_tags (recipe_id, tag_id) VALUES ('aa88edda-f8f8-43e7-b5e8-696578fe9a4c', 8);

INSERT INTO recipes (id, user_id, title, description, instructions, image_url, servings, source_url, source_name, is_archived) VALUES ('04d792eb-d2d6-4534-a61b-7af246c50966', 'admin-user-id', 'Taco Seasoned Air Fried Turkey Breast', 'A delicious and healthy Taco Seasoned Air Fried Turkey Breast served with Cauliflower and Roasted Potatoes. Perfect for a quick weeknight dinner.', '1. Preheat oven to 400°F.
2. Season the Turkey Breast with Taco Seasoned spices.
3. Arrange Cauliflower and Asparagus on a baking sheet.
4. Air Fried for 20-25 minutes until cooked through.
5. Serve hot over Roasted Potatoes.', 'https://images.unsplash.com/photo-1500000000441?auto=format&fit=crop&w=800&q=60', 4, 'https://www.tasteofhome.com', 'Taste of Home', 0);
INSERT INTO ingredients (id, recipe_id, name, quantity, unit) VALUES ('263c43a5-fe2c-4abb-9561-9cc04521fba4', '04d792eb-d2d6-4534-a61b-7af246c50966', 'Turkey Breast', 1, 'oz');
INSERT INTO ingredients (id, recipe_id, name, quantity, unit) VALUES ('bff29605-0e77-4380-b5af-83e65df14e6c', '04d792eb-d2d6-4534-a61b-7af246c50966', 'Cauliflower', 4, 'cup');
INSERT INTO ingredients (id, recipe_id, name, quantity, unit) VALUES ('ae18a04b-a766-4a96-8194-767a715dd25c', '04d792eb-d2d6-4534-a61b-7af246c50966', 'Roasted Potatoes', 3, 'cup');
INSERT INTO ingredients (id, recipe_id, name, quantity, unit) VALUES ('25f49fdb-ba92-49cd-865a-a820c6b3973a', '04d792eb-d2d6-4534-a61b-7af246c50966', 'Olive Oil', 2, 'tbsp');
INSERT INTO ingredients (id, recipe_id, name, quantity, unit) VALUES ('dfc82aef-e0f8-4ffa-9471-7f020d0e9808', '04d792eb-d2d6-4534-a61b-7af246c50966', 'Salt & Pepper', 1, 'pinch');
INSERT INTO ingredients (id, recipe_id, name, quantity, unit) VALUES ('d14542cc-5d89-47cc-ac2a-2304ebef688b', '04d792eb-d2d6-4534-a61b-7af246c50966', 'Zucchini', 2, 'oz');
INSERT INTO ingredients (id, recipe_id, name, quantity, unit) VALUES ('33d6e95e-8638-4447-8099-e83dd6333270', '04d792eb-d2d6-4534-a61b-7af246c50966', 'Kale', 1, 'cup');
INSERT INTO ingredients (id, recipe_id, name, quantity, unit) VALUES ('28a71b84-6d92-48f5-94ee-15aa52dce7b9', '04d792eb-d2d6-4534-a61b-7af246c50966', 'Brussels Sprouts', 2, 'cup');
INSERT INTO ingredients (id, recipe_id, name, quantity, unit) VALUES ('4b9377b9-992d-4330-a764-dee62a2e8497', '04d792eb-d2d6-4534-a61b-7af246c50966', 'Zucchini', 5, 'ml');
INSERT INTO recipe_dietary_tags (recipe_id, tag_id) VALUES ('04d792eb-d2d6-4534-a61b-7af246c50966', 2);
INSERT INTO recipe_dietary_tags (recipe_id, tag_id) VALUES ('04d792eb-d2d6-4534-a61b-7af246c50966', 7);
INSERT INTO recipe_dietary_tags (recipe_id, tag_id) VALUES ('04d792eb-d2d6-4534-a61b-7af246c50966', 4);

INSERT INTO recipes (id, user_id, title, description, instructions, image_url, servings, source_url, source_name, is_archived) VALUES ('00cbc138-642a-4c3e-8da9-bd306ca52957', 'admin-user-id', 'Miso Ginger Steamed Black Beans', 'A delicious and healthy Miso Ginger Steamed Black Beans served with Broccoli and Brown Rice. Perfect for a quick weeknight dinner.', '1. Preheat oven to 400°F.
2. Season the Black Beans with Miso Ginger spices.
3. Arrange Broccoli and Sweet Potatoes on a baking sheet.
4. Steamed for 20-25 minutes until cooked through.
5. Serve hot over Brown Rice.', 'https://images.unsplash.com/photo-1500000000442?auto=format&fit=crop&w=800&q=60', 8, 'https://www.foodnetwork.com', 'Food Network', 0);
INSERT INTO ingredients (id, recipe_id, name, quantity, unit) VALUES ('8b98ddfd-0dbc-43f5-b595-b5a83fe8aae7', '00cbc138-642a-4c3e-8da9-bd306ca52957', 'Black Beans', 1, 'oz');
INSERT INTO ingredients (id, recipe_id, name, quantity, unit) VALUES ('0e3cf205-9682-42b6-bc21-0fabb0ef856c', '00cbc138-642a-4c3e-8da9-bd306ca52957', 'Broccoli', 2, 'head');
INSERT INTO ingredients (id, recipe_id, name, quantity, unit) VALUES ('287e3337-9f36-48f5-a30d-8c4cc46c01e4', '00cbc138-642a-4c3e-8da9-bd306ca52957', 'Brown Rice', 3, 'cup');
INSERT INTO ingredients (id, recipe_id, name, quantity, unit) VALUES ('27a208ea-a217-4771-9f77-5719547ff826', '00cbc138-642a-4c3e-8da9-bd306ca52957', 'Olive Oil', 3, 'tbsp');
INSERT INTO ingredients (id, recipe_id, name, quantity, unit) VALUES ('d2e10fff-f1eb-498c-a0b5-be09f35eaf1a', '00cbc138-642a-4c3e-8da9-bd306ca52957', 'Salt & Pepper', 1, 'pinch');
INSERT INTO recipe_dietary_tags (recipe_id, tag_id) VALUES ('00cbc138-642a-4c3e-8da9-bd306ca52957', 2);
INSERT INTO recipe_dietary_tags (recipe_id, tag_id) VALUES ('00cbc138-642a-4c3e-8da9-bd306ca52957', 6);
INSERT INTO recipe_dietary_tags (recipe_id, tag_id) VALUES ('00cbc138-642a-4c3e-8da9-bd306ca52957', 3);

INSERT INTO recipes (id, user_id, title, description, instructions, image_url, servings, source_url, source_name, is_archived) VALUES ('ed4ad31d-8dd6-46e3-af65-2bcb7785464e', 'admin-user-id', 'Miso Ginger Air Fried Chickpeas', 'A delicious and healthy Miso Ginger Air Fried Chickpeas served with Brussels Sprouts and Couscous. Perfect for a quick weeknight dinner.', '1. Preheat oven to 400°F.
2. Season the Chickpeas with Miso Ginger spices.
3. Arrange Brussels Sprouts and Asparagus on a baking sheet.
4. Air Fried for 20-25 minutes until cooked through.
5. Serve hot over Couscous.', 'https://images.unsplash.com/photo-1500000000443?auto=format&fit=crop&w=800&q=60', 3, 'https://www.bonappetit.com', 'Bon Appetit', 0);
INSERT INTO ingredients (id, recipe_id, name, quantity, unit) VALUES ('cc5db366-cb22-43ef-a74f-d97afaeca05c', 'ed4ad31d-8dd6-46e3-af65-2bcb7785464e', 'Chickpeas', 2, 'oz');
INSERT INTO ingredients (id, recipe_id, name, quantity, unit) VALUES ('16c5c2c4-ce0a-4faa-9267-6bbb5571b0dd', 'ed4ad31d-8dd6-46e3-af65-2bcb7785464e', 'Brussels Sprouts', 4, 'cup');
INSERT INTO ingredients (id, recipe_id, name, quantity, unit) VALUES ('f070e0cd-4b41-415d-9343-3382a0d08ec5', 'ed4ad31d-8dd6-46e3-af65-2bcb7785464e', 'Couscous', 2, 'cup');
INSERT INTO ingredients (id, recipe_id, name, quantity, unit) VALUES ('b50a79a5-6b0c-4682-b872-e68cec90acd4', 'ed4ad31d-8dd6-46e3-af65-2bcb7785464e', 'Olive Oil', 2, 'tbsp');
INSERT INTO ingredients (id, recipe_id, name, quantity, unit) VALUES ('7e37018f-524f-400a-8229-a54da357914d', 'ed4ad31d-8dd6-46e3-af65-2bcb7785464e', 'Salt & Pepper', 1, 'pinch');
INSERT INTO ingredients (id, recipe_id, name, quantity, unit) VALUES ('adbe452c-f78b-46ac-a9a3-2c1d6d0e9a68', 'ed4ad31d-8dd6-46e3-af65-2bcb7785464e', 'Garlic', 3, 'cup');
INSERT INTO ingredients (id, recipe_id, name, quantity, unit) VALUES ('cea0949a-020e-479b-86ee-0e8fc772f48e', 'ed4ad31d-8dd6-46e3-af65-2bcb7785464e', 'Green Beans', 3, 'bundle');
INSERT INTO recipe_dietary_tags (recipe_id, tag_id) VALUES ('ed4ad31d-8dd6-46e3-af65-2bcb7785464e', 4);
INSERT INTO recipe_dietary_tags (recipe_id, tag_id) VALUES ('ed4ad31d-8dd6-46e3-af65-2bcb7785464e', 8);

INSERT INTO recipes (id, user_id, title, description, instructions, image_url, servings, source_url, source_name, is_archived) VALUES ('fb12b8ae-5b9b-4f47-8d0e-77f45feb5e5f', 'admin-user-id', 'Miso Ginger Roasted Chicken Breast', 'A delicious and healthy Miso Ginger Roasted Chicken Breast served with Brussels Sprouts and Quinoa. Perfect for a quick weeknight dinner.', '1. Preheat oven to 400°F.
2. Season the Chicken Breast with Miso Ginger spices.
3. Arrange Brussels Sprouts and Asparagus on a baking sheet.
4. Roasted for 20-25 minutes until cooked through.
5. Serve hot over Quinoa.', 'https://images.unsplash.com/photo-1500000000444?auto=format&fit=crop&w=800&q=60', 2, 'https://www.foodnetwork.com', 'Food Network', 0);
INSERT INTO ingredients (id, recipe_id, name, quantity, unit) VALUES ('cd787c76-6541-40a0-9cc4-91e792b2247b', 'fb12b8ae-5b9b-4f47-8d0e-77f45feb5e5f', 'Chicken Breast', 2, 'lb');
INSERT INTO ingredients (id, recipe_id, name, quantity, unit) VALUES ('32e13996-cd88-4e5e-a8fe-a0674a3f8072', 'fb12b8ae-5b9b-4f47-8d0e-77f45feb5e5f', 'Brussels Sprouts', 4, 'head');
INSERT INTO ingredients (id, recipe_id, name, quantity, unit) VALUES ('91215d2b-df04-4295-9304-f7123947fe44', 'fb12b8ae-5b9b-4f47-8d0e-77f45feb5e5f', 'Quinoa', 1, 'cup');
INSERT INTO ingredients (id, recipe_id, name, quantity, unit) VALUES ('ed298bf7-393d-49d5-af3f-0a0b0d776b20', 'fb12b8ae-5b9b-4f47-8d0e-77f45feb5e5f', 'Olive Oil', 3, 'tbsp');
INSERT INTO ingredients (id, recipe_id, name, quantity, unit) VALUES ('2198dc16-ef20-41d1-89d7-1bbf6e4a83be', 'fb12b8ae-5b9b-4f47-8d0e-77f45feb5e5f', 'Salt & Pepper', 1, 'pinch');
INSERT INTO ingredients (id, recipe_id, name, quantity, unit) VALUES ('31a07926-aed0-4ca4-b6c6-c62ee7dc2cfb', 'fb12b8ae-5b9b-4f47-8d0e-77f45feb5e5f', 'Onion', 2, 'clove');
INSERT INTO ingredients (id, recipe_id, name, quantity, unit) VALUES ('46c74a4e-6b66-4fe2-8242-026a4c9ac699', 'fb12b8ae-5b9b-4f47-8d0e-77f45feb5e5f', 'Carrots', 1, 'g');
INSERT INTO ingredients (id, recipe_id, name, quantity, unit) VALUES ('5f98d725-ccc1-4765-a8a4-bdfb7269f9ee', 'fb12b8ae-5b9b-4f47-8d0e-77f45feb5e5f', 'Green Beans', 3, 'pinch');
INSERT INTO ingredients (id, recipe_id, name, quantity, unit) VALUES ('42aa1209-e786-4bc0-81f1-84d3fc7af65d', 'fb12b8ae-5b9b-4f47-8d0e-77f45feb5e5f', 'Spinach', 1, 'tsp');
INSERT INTO ingredients (id, recipe_id, name, quantity, unit) VALUES ('da57831d-4d28-41f8-83a1-adfd06e62a52', 'fb12b8ae-5b9b-4f47-8d0e-77f45feb5e5f', 'Spinach', 1, 'head');
INSERT INTO ingredients (id, recipe_id, name, quantity, unit) VALUES ('528d64dc-5a9f-48fe-b439-15bf00a997e6', 'fb12b8ae-5b9b-4f47-8d0e-77f45feb5e5f', 'Zucchini', 1, 'cup');
INSERT INTO recipe_dietary_tags (recipe_id, tag_id) VALUES ('fb12b8ae-5b9b-4f47-8d0e-77f45feb5e5f', 10);
INSERT INTO recipe_dietary_tags (recipe_id, tag_id) VALUES ('fb12b8ae-5b9b-4f47-8d0e-77f45feb5e5f', 2);
INSERT INTO recipe_dietary_tags (recipe_id, tag_id) VALUES ('fb12b8ae-5b9b-4f47-8d0e-77f45feb5e5f', 5);

INSERT INTO recipes (id, user_id, title, description, instructions, image_url, servings, source_url, source_name, is_archived) VALUES ('45c2d887-6808-4098-83a2-3d29445324ba', 'admin-user-id', 'Miso Ginger Baked Tofu', 'A delicious and healthy Miso Ginger Baked Tofu served with Spinach and Roasted Potatoes. Perfect for a quick weeknight dinner.', '1. Preheat oven to 400°F.
2. Season the Tofu with Miso Ginger spices.
3. Arrange Spinach and Green Beans on a baking sheet.
4. Baked for 20-25 minutes until cooked through.
5. Serve hot over Roasted Potatoes.', 'https://images.unsplash.com/photo-1500000000445?auto=format&fit=crop&w=800&q=60', 3, 'https://www.bonappetit.com', 'Bon Appetit', 0);
INSERT INTO ingredients (id, recipe_id, name, quantity, unit) VALUES ('61a7de6e-c157-4e12-b900-f8378afc25a0', '45c2d887-6808-4098-83a2-3d29445324ba', 'Tofu', 2, 'oz');
INSERT INTO ingredients (id, recipe_id, name, quantity, unit) VALUES ('237d7c9c-9ff7-4ea7-9276-57e7d138d0d9', '45c2d887-6808-4098-83a2-3d29445324ba', 'Spinach', 3, 'head');
INSERT INTO ingredients (id, recipe_id, name, quantity, unit) VALUES ('7eb2bd63-0a16-4a5f-bc4d-c3eeaa748911', '45c2d887-6808-4098-83a2-3d29445324ba', 'Roasted Potatoes', 2, 'cup');
INSERT INTO ingredients (id, recipe_id, name, quantity, unit) VALUES ('67a412c1-6816-4162-871c-db7f0632c910', '45c2d887-6808-4098-83a2-3d29445324ba', 'Olive Oil', 1, 'tbsp');
INSERT INTO ingredients (id, recipe_id, name, quantity, unit) VALUES ('bf6ac9e2-4dab-4138-871e-0193f9edc305', '45c2d887-6808-4098-83a2-3d29445324ba', 'Salt & Pepper', 1, 'pinch');
INSERT INTO ingredients (id, recipe_id, name, quantity, unit) VALUES ('4bb00567-33a7-48f4-9b1a-14c1268690ff', '45c2d887-6808-4098-83a2-3d29445324ba', 'Ginger', 4, 'tsp');
INSERT INTO ingredients (id, recipe_id, name, quantity, unit) VALUES ('561daff2-520b-4887-8ec7-d6b2a7040427', '45c2d887-6808-4098-83a2-3d29445324ba', 'Broccoli', 5, 'tbsp');
INSERT INTO ingredients (id, recipe_id, name, quantity, unit) VALUES ('6455b336-6006-432a-acd1-ebd7eab4d1c6', '45c2d887-6808-4098-83a2-3d29445324ba', 'Spinach', 2, 'clove');
INSERT INTO recipe_dietary_tags (recipe_id, tag_id) VALUES ('45c2d887-6808-4098-83a2-3d29445324ba', 4);
INSERT INTO recipe_dietary_tags (recipe_id, tag_id) VALUES ('45c2d887-6808-4098-83a2-3d29445324ba', 6);

INSERT INTO recipes (id, user_id, title, description, instructions, image_url, servings, source_url, source_name, is_archived) VALUES ('3d2999f4-566f-4dde-a857-fec8e80333d6', 'admin-user-id', 'Lemon Garlic Slow Cooked Chicken Breast', 'A delicious and healthy Lemon Garlic Slow Cooked Chicken Breast served with Broccoli and Mashed Cauliflower. Perfect for a quick weeknight dinner.', '1. Preheat oven to 400°F.
2. Season the Chicken Breast with Lemon Garlic spices.
3. Arrange Broccoli and Bell Peppers on a baking sheet.
4. Slow Cooked for 20-25 minutes until cooked through.
5. Serve hot over Mashed Cauliflower.', 'https://images.unsplash.com/photo-1500000000446?auto=format&fit=crop&w=800&q=60', 5, 'https://www.allrecipes.com', 'AllRecipes', 0);
INSERT INTO ingredients (id, recipe_id, name, quantity, unit) VALUES ('8e873d88-c826-4343-b91a-8f270e5b33ac', '3d2999f4-566f-4dde-a857-fec8e80333d6', 'Chicken Breast', 1, 'oz');
INSERT INTO ingredients (id, recipe_id, name, quantity, unit) VALUES ('a8f6aaff-5dab-4f02-ae32-7f903e1f3fa3', '3d2999f4-566f-4dde-a857-fec8e80333d6', 'Broccoli', 2, 'bundle');
INSERT INTO ingredients (id, recipe_id, name, quantity, unit) VALUES ('d59326cf-ea87-4812-97b2-f7df808ebecd', '3d2999f4-566f-4dde-a857-fec8e80333d6', 'Mashed Cauliflower', 2, 'cup');
INSERT INTO ingredients (id, recipe_id, name, quantity, unit) VALUES ('d919c84c-0352-442f-90fa-df45e36bbc9f', '3d2999f4-566f-4dde-a857-fec8e80333d6', 'Olive Oil', 2, 'tbsp');
INSERT INTO ingredients (id, recipe_id, name, quantity, unit) VALUES ('5400a7b8-10f8-475a-a5a7-349038a5a6b3', '3d2999f4-566f-4dde-a857-fec8e80333d6', 'Salt & Pepper', 1, 'pinch');
INSERT INTO recipe_dietary_tags (recipe_id, tag_id) VALUES ('3d2999f4-566f-4dde-a857-fec8e80333d6', 4);

INSERT INTO recipes (id, user_id, title, description, instructions, image_url, servings, source_url, source_name, is_archived) VALUES ('99107de5-58ff-4992-a8b2-873ef922a62b', 'admin-user-id', 'Smoky BBQ Baked Black Beans', 'A delicious and healthy Smoky BBQ Baked Black Beans served with Broccoli and Brown Rice. Perfect for a quick weeknight dinner.', '1. Preheat oven to 400°F.
2. Season the Black Beans with Smoky BBQ spices.
3. Arrange Broccoli and Asparagus on a baking sheet.
4. Baked for 20-25 minutes until cooked through.
5. Serve hot over Brown Rice.', 'https://images.unsplash.com/photo-1500000000447?auto=format&fit=crop&w=800&q=60', 8, 'https://www.bonappetit.com', 'Bon Appetit', 0);
INSERT INTO ingredients (id, recipe_id, name, quantity, unit) VALUES ('f8d0a595-aea0-4de9-80e1-a592569ccd4f', '99107de5-58ff-4992-a8b2-873ef922a62b', 'Black Beans', 2, 'oz');
INSERT INTO ingredients (id, recipe_id, name, quantity, unit) VALUES ('f488ee64-4425-4fff-8e3a-813b462cc08b', '99107de5-58ff-4992-a8b2-873ef922a62b', 'Broccoli', 4, 'cup');
INSERT INTO ingredients (id, recipe_id, name, quantity, unit) VALUES ('3cb61e35-c75e-4ad9-816d-f99638ec3c71', '99107de5-58ff-4992-a8b2-873ef922a62b', 'Brown Rice', 3, 'cup');
INSERT INTO ingredients (id, recipe_id, name, quantity, unit) VALUES ('70383854-0cd6-4275-ba4c-c7aef0e8ad8c', '99107de5-58ff-4992-a8b2-873ef922a62b', 'Olive Oil', 1, 'tbsp');
INSERT INTO ingredients (id, recipe_id, name, quantity, unit) VALUES ('f110359a-acb6-4aa6-87b8-0569a8660f06', '99107de5-58ff-4992-a8b2-873ef922a62b', 'Salt & Pepper', 1, 'pinch');
INSERT INTO recipe_dietary_tags (recipe_id, tag_id) VALUES ('99107de5-58ff-4992-a8b2-873ef922a62b', 4);
INSERT INTO recipe_dietary_tags (recipe_id, tag_id) VALUES ('99107de5-58ff-4992-a8b2-873ef922a62b', 5);
INSERT INTO recipe_dietary_tags (recipe_id, tag_id) VALUES ('99107de5-58ff-4992-a8b2-873ef922a62b', 10);

INSERT INTO recipes (id, user_id, title, description, instructions, image_url, servings, source_url, source_name, is_archived) VALUES ('4c5e4d11-fb60-4bbd-993a-e881a1fee0ce', 'admin-user-id', 'Miso Ginger Baked Eggs', 'A delicious and healthy Miso Ginger Baked Eggs served with Carrots and Couscous. Perfect for a quick weeknight dinner.', '1. Preheat oven to 400°F.
2. Season the Eggs with Miso Ginger spices.
3. Arrange Carrots and Asparagus on a baking sheet.
4. Baked for 20-25 minutes until cooked through.
5. Serve hot over Couscous.', 'https://images.unsplash.com/photo-1500000000448?auto=format&fit=crop&w=800&q=60', 6, 'https://www.allrecipes.com', 'AllRecipes', 0);
INSERT INTO ingredients (id, recipe_id, name, quantity, unit) VALUES ('9abe0f82-8d54-4674-ab12-b2500e2339c0', '4c5e4d11-fb60-4bbd-993a-e881a1fee0ce', 'Eggs', 1, 'lb');
INSERT INTO ingredients (id, recipe_id, name, quantity, unit) VALUES ('ca852fcc-2549-4176-94d9-0116139e87f5', '4c5e4d11-fb60-4bbd-993a-e881a1fee0ce', 'Carrots', 1, 'cup');
INSERT INTO ingredients (id, recipe_id, name, quantity, unit) VALUES ('c2097bd2-3f32-41b7-8d9d-797e98f085b1', '4c5e4d11-fb60-4bbd-993a-e881a1fee0ce', 'Couscous', 3, 'cup');
INSERT INTO ingredients (id, recipe_id, name, quantity, unit) VALUES ('c6d0508f-e7eb-4c28-a08f-e3921f6c7d81', '4c5e4d11-fb60-4bbd-993a-e881a1fee0ce', 'Olive Oil', 3, 'tbsp');
INSERT INTO ingredients (id, recipe_id, name, quantity, unit) VALUES ('0c023fc8-a284-439a-bb7e-f89f8d1f79a8', '4c5e4d11-fb60-4bbd-993a-e881a1fee0ce', 'Salt & Pepper', 1, 'pinch');
INSERT INTO recipe_dietary_tags (recipe_id, tag_id) VALUES ('4c5e4d11-fb60-4bbd-993a-e881a1fee0ce', 6);

INSERT INTO recipes (id, user_id, title, description, instructions, image_url, servings, source_url, source_name, is_archived) VALUES ('1d29856a-21c9-4601-833d-da16f20ef46f', 'admin-user-id', 'Honey Sriracha Pan-Seared Lentils', 'A delicious and healthy Honey Sriracha Pan-Seared Lentils served with Bell Peppers and Brown Rice. Perfect for a quick weeknight dinner.', '1. Preheat oven to 400°F.
2. Season the Lentils with Honey Sriracha spices.
3. Arrange Bell Peppers and Carrots on a baking sheet.
4. Pan-Seared for 20-25 minutes until cooked through.
5. Serve hot over Brown Rice.', 'https://images.unsplash.com/photo-1500000000449?auto=format&fit=crop&w=800&q=60', 2, 'https://www.foodnetwork.com', 'Food Network', 0);
INSERT INTO ingredients (id, recipe_id, name, quantity, unit) VALUES ('3eb88804-17f2-4184-ad9c-f86a5f874967', '1d29856a-21c9-4601-833d-da16f20ef46f', 'Lentils', 2, 'lb');
INSERT INTO ingredients (id, recipe_id, name, quantity, unit) VALUES ('e44d86ae-293b-4e66-8e09-a2639e6cbb24', '1d29856a-21c9-4601-833d-da16f20ef46f', 'Bell Peppers', 4, 'bundle');
INSERT INTO ingredients (id, recipe_id, name, quantity, unit) VALUES ('fdb84d0a-ca1c-457c-b020-6e14d2d67add', '1d29856a-21c9-4601-833d-da16f20ef46f', 'Brown Rice', 3, 'cup');
INSERT INTO ingredients (id, recipe_id, name, quantity, unit) VALUES ('0dfee3aa-c08c-4791-b977-0bcbfc64392b', '1d29856a-21c9-4601-833d-da16f20ef46f', 'Olive Oil', 2, 'tbsp');
INSERT INTO ingredients (id, recipe_id, name, quantity, unit) VALUES ('58e2fb6f-a28b-4d78-8968-8901a1e81ce6', '1d29856a-21c9-4601-833d-da16f20ef46f', 'Salt & Pepper', 1, 'pinch');
INSERT INTO ingredients (id, recipe_id, name, quantity, unit) VALUES ('acea1ee3-ba01-4b06-b25e-2b3eb732f175', '1d29856a-21c9-4601-833d-da16f20ef46f', 'Brussels Sprouts', 4, 'ml');
INSERT INTO ingredients (id, recipe_id, name, quantity, unit) VALUES ('e74d57dc-a096-487c-93ce-75da419be1a0', '1d29856a-21c9-4601-833d-da16f20ef46f', 'Green Beans', 1, 'tsp');
INSERT INTO ingredients (id, recipe_id, name, quantity, unit) VALUES ('382c8f70-0026-441a-853e-1dc45dca8372', '1d29856a-21c9-4601-833d-da16f20ef46f', 'Brussels Sprouts', 3, 'head');
INSERT INTO ingredients (id, recipe_id, name, quantity, unit) VALUES ('b6f51cab-60e9-4699-bed3-0045693d496c', '1d29856a-21c9-4601-833d-da16f20ef46f', 'Sweet Potatoes', 4, 'pinch');
INSERT INTO ingredients (id, recipe_id, name, quantity, unit) VALUES ('7c95e33c-81c4-4cb9-ba01-e181f9cc68be', '1d29856a-21c9-4601-833d-da16f20ef46f', 'Ginger', 3, 'head');
INSERT INTO ingredients (id, recipe_id, name, quantity, unit) VALUES ('417f91e6-e887-4287-a5a8-6587990f68b6', '1d29856a-21c9-4601-833d-da16f20ef46f', 'Ginger', 1, 'g');
INSERT INTO ingredients (id, recipe_id, name, quantity, unit) VALUES ('10f51e36-235c-414a-b8f7-62d0ace926fc', '1d29856a-21c9-4601-833d-da16f20ef46f', 'Asparagus', 3, 'oz');
INSERT INTO recipe_dietary_tags (recipe_id, tag_id) VALUES ('1d29856a-21c9-4601-833d-da16f20ef46f', 3);

INSERT INTO recipes (id, user_id, title, description, instructions, image_url, servings, source_url, source_name, is_archived) VALUES ('ca72e79f-2180-40e5-9cea-3ee194f4f362', 'admin-user-id', 'Curry Steamed Tofu', 'A delicious and healthy Curry Steamed Tofu served with Sweet Potatoes and Couscous. Perfect for a quick weeknight dinner.', '1. Preheat oven to 400°F.
2. Season the Tofu with Curry spices.
3. Arrange Sweet Potatoes and Green Beans on a baking sheet.
4. Steamed for 20-25 minutes until cooked through.
5. Serve hot over Couscous.', 'https://images.unsplash.com/photo-1500000000450?auto=format&fit=crop&w=800&q=60', 5, 'https://www.foodnetwork.com', 'Food Network', 0);
INSERT INTO ingredients (id, recipe_id, name, quantity, unit) VALUES ('07d1c23c-f41f-4c1f-8302-dfde6708eafe', 'ca72e79f-2180-40e5-9cea-3ee194f4f362', 'Tofu', 1, 'lb');
INSERT INTO ingredients (id, recipe_id, name, quantity, unit) VALUES ('df68e94e-97df-4f34-bf95-2536c35bdc41', 'ca72e79f-2180-40e5-9cea-3ee194f4f362', 'Sweet Potatoes', 2, 'bundle');
INSERT INTO ingredients (id, recipe_id, name, quantity, unit) VALUES ('2e13afcc-2793-4475-a892-51b68a997daf', 'ca72e79f-2180-40e5-9cea-3ee194f4f362', 'Couscous', 2, 'cup');
INSERT INTO ingredients (id, recipe_id, name, quantity, unit) VALUES ('9590e4ff-6276-4213-acad-7ed1962441d7', 'ca72e79f-2180-40e5-9cea-3ee194f4f362', 'Olive Oil', 2, 'tbsp');
INSERT INTO ingredients (id, recipe_id, name, quantity, unit) VALUES ('cf1afb58-8fa1-45a2-b743-b3c0ea709811', 'ca72e79f-2180-40e5-9cea-3ee194f4f362', 'Salt & Pepper', 1, 'pinch');
INSERT INTO ingredients (id, recipe_id, name, quantity, unit) VALUES ('93e7ca76-afde-49a6-9ea0-5e82b702e6f5', 'ca72e79f-2180-40e5-9cea-3ee194f4f362', 'Cauliflower', 1, 'ml');
INSERT INTO ingredients (id, recipe_id, name, quantity, unit) VALUES ('2662f822-4daa-44fd-b6c6-d591abefdc0a', 'ca72e79f-2180-40e5-9cea-3ee194f4f362', 'Bell Peppers', 3, 'tbsp');
INSERT INTO ingredients (id, recipe_id, name, quantity, unit) VALUES ('80cbebce-7435-4a05-96f7-7595ff4ccf7d', 'ca72e79f-2180-40e5-9cea-3ee194f4f362', 'Broccoli', 3, 'bundle');
INSERT INTO ingredients (id, recipe_id, name, quantity, unit) VALUES ('7d1bf776-e6c8-48b4-b431-f17bf3deb5e9', 'ca72e79f-2180-40e5-9cea-3ee194f4f362', 'Onion', 1, 'pinch');
INSERT INTO ingredients (id, recipe_id, name, quantity, unit) VALUES ('bf13370e-f212-4a41-a476-2d364208f586', 'ca72e79f-2180-40e5-9cea-3ee194f4f362', 'Bell Peppers', 2, 'pinch');
INSERT INTO ingredients (id, recipe_id, name, quantity, unit) VALUES ('208da76a-dd7d-4666-ada0-b125ea17b28d', 'ca72e79f-2180-40e5-9cea-3ee194f4f362', 'Garlic', 3, 'oz');
INSERT INTO recipe_dietary_tags (recipe_id, tag_id) VALUES ('ca72e79f-2180-40e5-9cea-3ee194f4f362', 10);

INSERT INTO recipes (id, user_id, title, description, instructions, image_url, servings, source_url, source_name, is_archived) VALUES ('883ec04c-b7cb-4a92-b0b0-e83d33c1f5f2', 'admin-user-id', 'Taco Seasoned Baked Steak', 'A delicious and healthy Taco Seasoned Baked Steak served with Carrots and Zucchini Noodles. Perfect for a quick weeknight dinner.', '1. Preheat oven to 400°F.
2. Season the Steak with Taco Seasoned spices.
3. Arrange Carrots and Sweet Potatoes on a baking sheet.
4. Baked for 20-25 minutes until cooked through.
5. Serve hot over Zucchini Noodles.', 'https://images.unsplash.com/photo-1500000000451?auto=format&fit=crop&w=800&q=60', 6, 'https://www.epicurious.com', 'Epicurious', 0);
INSERT INTO ingredients (id, recipe_id, name, quantity, unit) VALUES ('e00f174e-ac36-4276-830b-3f76cb2f65b4', '883ec04c-b7cb-4a92-b0b0-e83d33c1f5f2', 'Steak', 2, 'oz');
INSERT INTO ingredients (id, recipe_id, name, quantity, unit) VALUES ('16f4cb65-c641-48be-829c-b06d17a08cd5', '883ec04c-b7cb-4a92-b0b0-e83d33c1f5f2', 'Carrots', 1, 'cup');
INSERT INTO ingredients (id, recipe_id, name, quantity, unit) VALUES ('25542a5b-eea6-4a4b-b4e4-781d0523cb01', '883ec04c-b7cb-4a92-b0b0-e83d33c1f5f2', 'Zucchini Noodles', 3, 'cup');
INSERT INTO ingredients (id, recipe_id, name, quantity, unit) VALUES ('b3c378e1-389b-435c-8ee3-7653e6dc96b0', '883ec04c-b7cb-4a92-b0b0-e83d33c1f5f2', 'Olive Oil', 3, 'tbsp');
INSERT INTO ingredients (id, recipe_id, name, quantity, unit) VALUES ('06f368b6-fc6a-48b0-ba49-42ddf616529f', '883ec04c-b7cb-4a92-b0b0-e83d33c1f5f2', 'Salt & Pepper', 1, 'pinch');
INSERT INTO ingredients (id, recipe_id, name, quantity, unit) VALUES ('489852c3-8112-48ec-8853-3161f9f12fc8', '883ec04c-b7cb-4a92-b0b0-e83d33c1f5f2', 'Green Beans', 2, 'g');
INSERT INTO ingredients (id, recipe_id, name, quantity, unit) VALUES ('58717289-d3b5-4249-b5a3-d97f3fcfc7c2', '883ec04c-b7cb-4a92-b0b0-e83d33c1f5f2', 'Broccoli', 4, 'tsp');
INSERT INTO ingredients (id, recipe_id, name, quantity, unit) VALUES ('3663a232-b5b2-44a5-9a24-1638af93a256', '883ec04c-b7cb-4a92-b0b0-e83d33c1f5f2', 'Ginger', 5, 'ml');
INSERT INTO ingredients (id, recipe_id, name, quantity, unit) VALUES ('ac926aad-218f-4d14-8de5-9cefa3b014a0', '883ec04c-b7cb-4a92-b0b0-e83d33c1f5f2', 'Zucchini', 3, 'g');
INSERT INTO recipe_dietary_tags (recipe_id, tag_id) VALUES ('883ec04c-b7cb-4a92-b0b0-e83d33c1f5f2', 1);

INSERT INTO recipes (id, user_id, title, description, instructions, image_url, servings, source_url, source_name, is_archived) VALUES ('795b3655-c870-4e48-b22a-ca806a0b516e', 'admin-user-id', 'Miso Ginger Sautéed Black Beans', 'A delicious and healthy Miso Ginger Sautéed Black Beans served with Broccoli and Lentil Pasta. Perfect for a quick weeknight dinner.', '1. Preheat oven to 400°F.
2. Season the Black Beans with Miso Ginger spices.
3. Arrange Broccoli and Carrots on a baking sheet.
4. Sautéed for 20-25 minutes until cooked through.
5. Serve hot over Lentil Pasta.', 'https://images.unsplash.com/photo-1500000000452?auto=format&fit=crop&w=800&q=60', 2, 'https://www.tasteofhome.com', 'Taste of Home', 0);
INSERT INTO ingredients (id, recipe_id, name, quantity, unit) VALUES ('d2ab3110-f68e-482f-b288-febec7dec583', '795b3655-c870-4e48-b22a-ca806a0b516e', 'Black Beans', 2, 'lb');
INSERT INTO ingredients (id, recipe_id, name, quantity, unit) VALUES ('be309690-301c-41bd-abeb-d974143fd576', '795b3655-c870-4e48-b22a-ca806a0b516e', 'Broccoli', 3, 'head');
INSERT INTO ingredients (id, recipe_id, name, quantity, unit) VALUES ('f2d3268f-3afc-4d79-bec5-3ea6c920fd63', '795b3655-c870-4e48-b22a-ca806a0b516e', 'Lentil Pasta', 2, 'cup');
INSERT INTO ingredients (id, recipe_id, name, quantity, unit) VALUES ('bfb05fd0-ef05-4952-b338-2f2d189d63f5', '795b3655-c870-4e48-b22a-ca806a0b516e', 'Olive Oil', 3, 'tbsp');
INSERT INTO ingredients (id, recipe_id, name, quantity, unit) VALUES ('d619ec9d-009b-4bb9-b732-57eddbe3fab2', '795b3655-c870-4e48-b22a-ca806a0b516e', 'Salt & Pepper', 1, 'pinch');
INSERT INTO recipe_dietary_tags (recipe_id, tag_id) VALUES ('795b3655-c870-4e48-b22a-ca806a0b516e', 2);
INSERT INTO recipe_dietary_tags (recipe_id, tag_id) VALUES ('795b3655-c870-4e48-b22a-ca806a0b516e', 1);

INSERT INTO recipes (id, user_id, title, description, instructions, image_url, servings, source_url, source_name, is_archived) VALUES ('d41a5aec-4248-4316-95e5-295f58a2b4b8', 'admin-user-id', 'Honey Sriracha Roasted Salmon Fillet', 'A delicious and healthy Honey Sriracha Roasted Salmon Fillet served with Green Beans and Zucchini Noodles. Perfect for a quick weeknight dinner.', '1. Preheat oven to 400°F.
2. Season the Salmon Fillet with Honey Sriracha spices.
3. Arrange Green Beans and Brussels Sprouts on a baking sheet.
4. Roasted for 20-25 minutes until cooked through.
5. Serve hot over Zucchini Noodles.', 'https://images.unsplash.com/photo-1500000000453?auto=format&fit=crop&w=800&q=60', 7, 'https://www.tasteofhome.com', 'Taste of Home', 0);
INSERT INTO ingredients (id, recipe_id, name, quantity, unit) VALUES ('28a525e8-8004-424e-973d-929a8eaf1cce', 'd41a5aec-4248-4316-95e5-295f58a2b4b8', 'Salmon Fillet', 2, 'lb');
INSERT INTO ingredients (id, recipe_id, name, quantity, unit) VALUES ('ece33e1e-1646-44da-9729-eaa3172b28f1', 'd41a5aec-4248-4316-95e5-295f58a2b4b8', 'Green Beans', 4, 'cup');
INSERT INTO ingredients (id, recipe_id, name, quantity, unit) VALUES ('5ed0a1a8-7f6f-4d5f-a6e4-1161e8496009', 'd41a5aec-4248-4316-95e5-295f58a2b4b8', 'Zucchini Noodles', 3, 'cup');
INSERT INTO ingredients (id, recipe_id, name, quantity, unit) VALUES ('a84b660e-4f29-469f-8852-4fe8c9517357', 'd41a5aec-4248-4316-95e5-295f58a2b4b8', 'Olive Oil', 1, 'tbsp');
INSERT INTO ingredients (id, recipe_id, name, quantity, unit) VALUES ('6b79ec19-8e2b-4bb4-a770-8d6da9d1b567', 'd41a5aec-4248-4316-95e5-295f58a2b4b8', 'Salt & Pepper', 1, 'pinch');
INSERT INTO ingredients (id, recipe_id, name, quantity, unit) VALUES ('124adad2-7cd0-415c-8e42-475791ee9223', 'd41a5aec-4248-4316-95e5-295f58a2b4b8', 'Green Beans', 5, 'head');
INSERT INTO ingredients (id, recipe_id, name, quantity, unit) VALUES ('1951cc83-b04a-4b44-9e29-9534ab0d1845', 'd41a5aec-4248-4316-95e5-295f58a2b4b8', 'Butter', 5, 'g');
INSERT INTO ingredients (id, recipe_id, name, quantity, unit) VALUES ('ac0b418e-0619-423f-842d-8c2142ecb58c', 'd41a5aec-4248-4316-95e5-295f58a2b4b8', 'Sweet Potatoes', 1, 'ml');
INSERT INTO ingredients (id, recipe_id, name, quantity, unit) VALUES ('8b171fcd-5835-48cb-b55d-00b86101ce64', 'd41a5aec-4248-4316-95e5-295f58a2b4b8', 'Brussels Sprouts', 4, 'head');
INSERT INTO recipe_dietary_tags (recipe_id, tag_id) VALUES ('d41a5aec-4248-4316-95e5-295f58a2b4b8', 8);
INSERT INTO recipe_dietary_tags (recipe_id, tag_id) VALUES ('d41a5aec-4248-4316-95e5-295f58a2b4b8', 4);
INSERT INTO recipe_dietary_tags (recipe_id, tag_id) VALUES ('d41a5aec-4248-4316-95e5-295f58a2b4b8', 3);

INSERT INTO recipes (id, user_id, title, description, instructions, image_url, servings, source_url, source_name, is_archived) VALUES ('685f456e-9d27-4388-bdbc-37c70370ef65', 'admin-user-id', 'Honey Sriracha Steamed Pork Loin', 'A delicious and healthy Honey Sriracha Steamed Pork Loin served with Broccoli and Mashed Cauliflower. Perfect for a quick weeknight dinner.', '1. Preheat oven to 400°F.
2. Season the Pork Loin with Honey Sriracha spices.
3. Arrange Broccoli and Bell Peppers on a baking sheet.
4. Steamed for 20-25 minutes until cooked through.
5. Serve hot over Mashed Cauliflower.', 'https://images.unsplash.com/photo-1500000000454?auto=format&fit=crop&w=800&q=60', 6, 'https://www.allrecipes.com', 'AllRecipes', 0);
INSERT INTO ingredients (id, recipe_id, name, quantity, unit) VALUES ('eb41e0dd-579c-4075-a068-079ce1de69ab', '685f456e-9d27-4388-bdbc-37c70370ef65', 'Pork Loin', 1, 'oz');
INSERT INTO ingredients (id, recipe_id, name, quantity, unit) VALUES ('b499d01a-4f9a-4856-9c4c-2263ed8636cd', '685f456e-9d27-4388-bdbc-37c70370ef65', 'Broccoli', 2, 'head');
INSERT INTO ingredients (id, recipe_id, name, quantity, unit) VALUES ('efa98023-2645-49e8-bc59-44f0fb056f67', '685f456e-9d27-4388-bdbc-37c70370ef65', 'Mashed Cauliflower', 2, 'cup');
INSERT INTO ingredients (id, recipe_id, name, quantity, unit) VALUES ('4be136af-eb8d-4a40-aa76-e7c5576282af', '685f456e-9d27-4388-bdbc-37c70370ef65', 'Olive Oil', 1, 'tbsp');
INSERT INTO ingredients (id, recipe_id, name, quantity, unit) VALUES ('87a55269-3949-4d37-b722-a1e017e38f21', '685f456e-9d27-4388-bdbc-37c70370ef65', 'Salt & Pepper', 1, 'pinch');
INSERT INTO ingredients (id, recipe_id, name, quantity, unit) VALUES ('904b1a71-f0d0-4d00-ba5a-f87477449208', '685f456e-9d27-4388-bdbc-37c70370ef65', 'Spinach', 2, 'cup');
INSERT INTO ingredients (id, recipe_id, name, quantity, unit) VALUES ('f0a7e876-033d-4343-8138-1f35692cdea0', '685f456e-9d27-4388-bdbc-37c70370ef65', 'Butter', 2, 'ml');
INSERT INTO ingredients (id, recipe_id, name, quantity, unit) VALUES ('0a656975-f8a7-4110-a34b-fea219c6a65c', '685f456e-9d27-4388-bdbc-37c70370ef65', 'Zucchini', 5, 'oz');
INSERT INTO ingredients (id, recipe_id, name, quantity, unit) VALUES ('790840ef-ebfc-4a05-a111-b7d6793963da', '685f456e-9d27-4388-bdbc-37c70370ef65', 'Sweet Potatoes', 1, 'tbsp');
INSERT INTO ingredients (id, recipe_id, name, quantity, unit) VALUES ('a3c0600e-956b-49af-b41f-b893c9a34bcf', '685f456e-9d27-4388-bdbc-37c70370ef65', 'Asparagus', 5, 'g');
INSERT INTO ingredients (id, recipe_id, name, quantity, unit) VALUES ('5260a1c4-ee9a-4d63-8a88-2c34e8c8a307', '685f456e-9d27-4388-bdbc-37c70370ef65', 'Cauliflower', 1, 'bundle');
INSERT INTO ingredients (id, recipe_id, name, quantity, unit) VALUES ('bd45e63f-8fac-4bcf-9ee9-55d59f1c941f', '685f456e-9d27-4388-bdbc-37c70370ef65', 'Onion', 1, 'head');
INSERT INTO recipe_dietary_tags (recipe_id, tag_id) VALUES ('685f456e-9d27-4388-bdbc-37c70370ef65', 5);
INSERT INTO recipe_dietary_tags (recipe_id, tag_id) VALUES ('685f456e-9d27-4388-bdbc-37c70370ef65', 1);

INSERT INTO recipes (id, user_id, title, description, instructions, image_url, servings, source_url, source_name, is_archived) VALUES ('b2758a3b-4261-488b-a351-a2d96d988776', 'admin-user-id', 'Pesto Slow Cooked Chickpeas', 'A delicious and healthy Pesto Slow Cooked Chickpeas served with Bell Peppers and Mashed Cauliflower. Perfect for a quick weeknight dinner.', '1. Preheat oven to 400°F.
2. Season the Chickpeas with Pesto spices.
3. Arrange Bell Peppers and Kale on a baking sheet.
4. Slow Cooked for 20-25 minutes until cooked through.
5. Serve hot over Mashed Cauliflower.', 'https://images.unsplash.com/photo-1500000000455?auto=format&fit=crop&w=800&q=60', 5, 'https://www.allrecipes.com', 'AllRecipes', 0);
INSERT INTO ingredients (id, recipe_id, name, quantity, unit) VALUES ('2e74ebc5-3a95-4313-980c-5a0731f9e8d5', 'b2758a3b-4261-488b-a351-a2d96d988776', 'Chickpeas', 1, 'oz');
INSERT INTO ingredients (id, recipe_id, name, quantity, unit) VALUES ('532089dc-99d0-4649-9d26-8365246f729f', 'b2758a3b-4261-488b-a351-a2d96d988776', 'Bell Peppers', 3, 'bundle');
INSERT INTO ingredients (id, recipe_id, name, quantity, unit) VALUES ('59d39bc6-25f2-438a-9120-cae505ab64ec', 'b2758a3b-4261-488b-a351-a2d96d988776', 'Mashed Cauliflower', 3, 'cup');
INSERT INTO ingredients (id, recipe_id, name, quantity, unit) VALUES ('fbbbfc65-9e80-4d69-8617-6ca34b4ae3c5', 'b2758a3b-4261-488b-a351-a2d96d988776', 'Olive Oil', 2, 'tbsp');
INSERT INTO ingredients (id, recipe_id, name, quantity, unit) VALUES ('788c3f21-700c-40b0-baff-b5d4f558afde', 'b2758a3b-4261-488b-a351-a2d96d988776', 'Salt & Pepper', 1, 'pinch');
INSERT INTO ingredients (id, recipe_id, name, quantity, unit) VALUES ('29ae033a-5a26-4400-bbb6-297752b29d5b', 'b2758a3b-4261-488b-a351-a2d96d988776', 'Lemon', 2, 'cup');
INSERT INTO ingredients (id, recipe_id, name, quantity, unit) VALUES ('cec72475-163c-4d80-b1bc-715e662bef61', 'b2758a3b-4261-488b-a351-a2d96d988776', 'Green Beans', 2, 'pinch');
INSERT INTO ingredients (id, recipe_id, name, quantity, unit) VALUES ('a55f4231-15f0-406f-8528-861720c09610', 'b2758a3b-4261-488b-a351-a2d96d988776', 'Onion', 4, 'pinch');
INSERT INTO ingredients (id, recipe_id, name, quantity, unit) VALUES ('be1577b2-3cee-42af-bedf-c615e9961b3e', 'b2758a3b-4261-488b-a351-a2d96d988776', 'Spinach', 4, 'ml');
INSERT INTO ingredients (id, recipe_id, name, quantity, unit) VALUES ('c0fb6099-5417-4978-8783-40f41ae35be9', 'b2758a3b-4261-488b-a351-a2d96d988776', 'Bell Peppers', 4, 'clove');
INSERT INTO ingredients (id, recipe_id, name, quantity, unit) VALUES ('7f606c83-dca1-4d42-95a5-a6360bfcc173', 'b2758a3b-4261-488b-a351-a2d96d988776', 'Kale', 2, 'lb');
INSERT INTO recipe_dietary_tags (recipe_id, tag_id) VALUES ('b2758a3b-4261-488b-a351-a2d96d988776', 2);
INSERT INTO recipe_dietary_tags (recipe_id, tag_id) VALUES ('b2758a3b-4261-488b-a351-a2d96d988776', 8);
INSERT INTO recipe_dietary_tags (recipe_id, tag_id) VALUES ('b2758a3b-4261-488b-a351-a2d96d988776', 6);

INSERT INTO recipes (id, user_id, title, description, instructions, image_url, servings, source_url, source_name, is_archived) VALUES ('1b25db21-f598-4e3f-b963-af4ecf17220d', 'admin-user-id', 'Smoky BBQ Roasted Chickpeas', 'A delicious and healthy Smoky BBQ Roasted Chickpeas served with Zucchini and Zucchini Noodles. Perfect for a quick weeknight dinner.', '1. Preheat oven to 400°F.
2. Season the Chickpeas with Smoky BBQ spices.
3. Arrange Zucchini and Spinach on a baking sheet.
4. Roasted for 20-25 minutes until cooked through.
5. Serve hot over Zucchini Noodles.', 'https://images.unsplash.com/photo-1500000000456?auto=format&fit=crop&w=800&q=60', 6, 'https://www.epicurious.com', 'Epicurious', 0);
INSERT INTO ingredients (id, recipe_id, name, quantity, unit) VALUES ('54702a9b-dde3-4a40-9f3f-839a5dae5792', '1b25db21-f598-4e3f-b963-af4ecf17220d', 'Chickpeas', 2, 'lb');
INSERT INTO ingredients (id, recipe_id, name, quantity, unit) VALUES ('9e89c803-1b1a-4d90-bf65-dbfdeb05a77b', '1b25db21-f598-4e3f-b963-af4ecf17220d', 'Zucchini', 4, 'head');
INSERT INTO ingredients (id, recipe_id, name, quantity, unit) VALUES ('db1de161-73a3-4d24-b74e-ed81563c6248', '1b25db21-f598-4e3f-b963-af4ecf17220d', 'Zucchini Noodles', 2, 'cup');
INSERT INTO ingredients (id, recipe_id, name, quantity, unit) VALUES ('42ee1c80-60e6-4f9a-845f-e9f3a7e688c4', '1b25db21-f598-4e3f-b963-af4ecf17220d', 'Olive Oil', 3, 'tbsp');
INSERT INTO ingredients (id, recipe_id, name, quantity, unit) VALUES ('3b16fdc4-62d4-4dba-a32c-9961d0373f0e', '1b25db21-f598-4e3f-b963-af4ecf17220d', 'Salt & Pepper', 1, 'pinch');
INSERT INTO ingredients (id, recipe_id, name, quantity, unit) VALUES ('04c31878-a47e-473e-aac7-e50c66d70b8c', '1b25db21-f598-4e3f-b963-af4ecf17220d', 'Broccoli', 3, 'lb');
INSERT INTO ingredients (id, recipe_id, name, quantity, unit) VALUES ('40c9d350-e16b-446a-b25f-5f8c4f73af15', '1b25db21-f598-4e3f-b963-af4ecf17220d', 'Lemon', 5, 'cup');
INSERT INTO recipe_dietary_tags (recipe_id, tag_id) VALUES ('1b25db21-f598-4e3f-b963-af4ecf17220d', 8);
INSERT INTO recipe_dietary_tags (recipe_id, tag_id) VALUES ('1b25db21-f598-4e3f-b963-af4ecf17220d', 7);

INSERT INTO recipes (id, user_id, title, description, instructions, image_url, servings, source_url, source_name, is_archived) VALUES ('e06446cd-3fe7-4118-a35f-ec32e233d64a', 'admin-user-id', 'Herbes de Provence Baked Ground Beef', 'A delicious and healthy Herbes de Provence Baked Ground Beef served with Sweet Potatoes and Wild Rice. Perfect for a quick weeknight dinner.', '1. Preheat oven to 400°F.
2. Season the Ground Beef with Herbes de Provence spices.
3. Arrange Sweet Potatoes and Asparagus on a baking sheet.
4. Baked for 20-25 minutes until cooked through.
5. Serve hot over Wild Rice.', 'https://images.unsplash.com/photo-1500000000457?auto=format&fit=crop&w=800&q=60', 2, 'https://www.foodnetwork.com', 'Food Network', 0);
INSERT INTO ingredients (id, recipe_id, name, quantity, unit) VALUES ('48f53b52-1457-4634-bed3-cefc96e1210b', 'e06446cd-3fe7-4118-a35f-ec32e233d64a', 'Ground Beef', 1, 'oz');
INSERT INTO ingredients (id, recipe_id, name, quantity, unit) VALUES ('e2efcb68-65be-4106-9259-aac78dbf2fe2', 'e06446cd-3fe7-4118-a35f-ec32e233d64a', 'Sweet Potatoes', 3, 'cup');
INSERT INTO ingredients (id, recipe_id, name, quantity, unit) VALUES ('ec8a0626-d0b0-484b-987f-799641bb765e', 'e06446cd-3fe7-4118-a35f-ec32e233d64a', 'Wild Rice', 3, 'cup');
INSERT INTO ingredients (id, recipe_id, name, quantity, unit) VALUES ('ca82b71c-3cf7-4328-8b59-f2f6379d6f78', 'e06446cd-3fe7-4118-a35f-ec32e233d64a', 'Olive Oil', 2, 'tbsp');
INSERT INTO ingredients (id, recipe_id, name, quantity, unit) VALUES ('448436fd-a3b0-4ff3-824b-60c5e56b7f25', 'e06446cd-3fe7-4118-a35f-ec32e233d64a', 'Salt & Pepper', 1, 'pinch');
INSERT INTO ingredients (id, recipe_id, name, quantity, unit) VALUES ('d8fa9de4-3462-441b-a73e-8ab5daedd328', 'e06446cd-3fe7-4118-a35f-ec32e233d64a', 'Spinach', 3, 'tbsp');
INSERT INTO ingredients (id, recipe_id, name, quantity, unit) VALUES ('dcb46b25-d53f-4a83-a833-d4e8ff175570', 'e06446cd-3fe7-4118-a35f-ec32e233d64a', 'Broccoli', 4, 'lb');
INSERT INTO ingredients (id, recipe_id, name, quantity, unit) VALUES ('e116b15b-fe97-4b51-b313-dbf532495c82', 'e06446cd-3fe7-4118-a35f-ec32e233d64a', 'Onion', 3, 'pinch');
INSERT INTO ingredients (id, recipe_id, name, quantity, unit) VALUES ('97ee6990-bd18-41ae-826c-3382edb4b975', 'e06446cd-3fe7-4118-a35f-ec32e233d64a', 'Spinach', 3, 'tsp');
INSERT INTO ingredients (id, recipe_id, name, quantity, unit) VALUES ('7dc9069e-b692-4473-aab0-09479f0ec25a', 'e06446cd-3fe7-4118-a35f-ec32e233d64a', 'Onion', 4, 'tbsp');
INSERT INTO recipe_dietary_tags (recipe_id, tag_id) VALUES ('e06446cd-3fe7-4118-a35f-ec32e233d64a', 2);
INSERT INTO recipe_dietary_tags (recipe_id, tag_id) VALUES ('e06446cd-3fe7-4118-a35f-ec32e233d64a', 1);
INSERT INTO recipe_dietary_tags (recipe_id, tag_id) VALUES ('e06446cd-3fe7-4118-a35f-ec32e233d64a', 3);

INSERT INTO recipes (id, user_id, title, description, instructions, image_url, servings, source_url, source_name, is_archived) VALUES ('6b15c0f1-5ec6-4162-98cc-45380058f38b', 'admin-user-id', 'Teriyaki Grilled Shrimp', 'A delicious and healthy Teriyaki Grilled Shrimp served with Brussels Sprouts and Couscous. Perfect for a quick weeknight dinner.', '1. Preheat oven to 400°F.
2. Season the Shrimp with Teriyaki spices.
3. Arrange Brussels Sprouts and Broccoli on a baking sheet.
4. Grilled for 20-25 minutes until cooked through.
5. Serve hot over Couscous.', 'https://images.unsplash.com/photo-1500000000458?auto=format&fit=crop&w=800&q=60', 6, 'https://www.bonappetit.com', 'Bon Appetit', 0);
INSERT INTO ingredients (id, recipe_id, name, quantity, unit) VALUES ('1c2e486a-31b2-4848-8b2f-b84c8de7ae62', '6b15c0f1-5ec6-4162-98cc-45380058f38b', 'Shrimp', 1, 'oz');
INSERT INTO ingredients (id, recipe_id, name, quantity, unit) VALUES ('0f99e338-0894-4d75-a91c-c87a8ccce9ef', '6b15c0f1-5ec6-4162-98cc-45380058f38b', 'Brussels Sprouts', 2, 'cup');
INSERT INTO ingredients (id, recipe_id, name, quantity, unit) VALUES ('6e98cbe1-3ebc-4ff7-a3ee-029f342db295', '6b15c0f1-5ec6-4162-98cc-45380058f38b', 'Couscous', 3, 'cup');
INSERT INTO ingredients (id, recipe_id, name, quantity, unit) VALUES ('e5283ef1-06c2-4074-a4dc-c83682e597e8', '6b15c0f1-5ec6-4162-98cc-45380058f38b', 'Olive Oil', 2, 'tbsp');
INSERT INTO ingredients (id, recipe_id, name, quantity, unit) VALUES ('89a5e275-268e-4296-ac86-07da5c4a60c1', '6b15c0f1-5ec6-4162-98cc-45380058f38b', 'Salt & Pepper', 1, 'pinch');
INSERT INTO ingredients (id, recipe_id, name, quantity, unit) VALUES ('7239aee7-0c47-466a-8143-69a47e2ec7bb', '6b15c0f1-5ec6-4162-98cc-45380058f38b', 'Green Beans', 2, 'head');
INSERT INTO ingredients (id, recipe_id, name, quantity, unit) VALUES ('57643a62-c4c4-41f2-b03f-82643441c43b', '6b15c0f1-5ec6-4162-98cc-45380058f38b', 'Ginger', 3, 'head');
INSERT INTO ingredients (id, recipe_id, name, quantity, unit) VALUES ('13470e05-38a7-457b-ac9e-12399443ef47', '6b15c0f1-5ec6-4162-98cc-45380058f38b', 'Butter', 1, 'clove');
INSERT INTO ingredients (id, recipe_id, name, quantity, unit) VALUES ('59d7110b-6dd7-49a9-885e-1904f6caaeaf', '6b15c0f1-5ec6-4162-98cc-45380058f38b', 'Sweet Potatoes', 5, 'oz');
INSERT INTO ingredients (id, recipe_id, name, quantity, unit) VALUES ('1ae1d0c1-e577-47b0-a47d-3f155aeeec58', '6b15c0f1-5ec6-4162-98cc-45380058f38b', 'Brussels Sprouts', 1, 'lb');
INSERT INTO ingredients (id, recipe_id, name, quantity, unit) VALUES ('722b7f5e-e089-4dfc-8001-d5883904bcb6', '6b15c0f1-5ec6-4162-98cc-45380058f38b', 'Lemon', 2, 'lb');
INSERT INTO recipe_dietary_tags (recipe_id, tag_id) VALUES ('6b15c0f1-5ec6-4162-98cc-45380058f38b', 8);

INSERT INTO recipes (id, user_id, title, description, instructions, image_url, servings, source_url, source_name, is_archived) VALUES ('ab82b16d-c081-44e2-b368-dfd0e1a8cbb1', 'admin-user-id', 'Herbes de Provence Grilled Chicken Breast', 'A delicious and healthy Herbes de Provence Grilled Chicken Breast served with Kale and Brown Rice. Perfect for a quick weeknight dinner.', '1. Preheat oven to 400°F.
2. Season the Chicken Breast with Herbes de Provence spices.
3. Arrange Kale and Green Beans on a baking sheet.
4. Grilled for 20-25 minutes until cooked through.
5. Serve hot over Brown Rice.', 'https://images.unsplash.com/photo-1500000000459?auto=format&fit=crop&w=800&q=60', 6, 'https://www.epicurious.com', 'Epicurious', 0);
INSERT INTO ingredients (id, recipe_id, name, quantity, unit) VALUES ('88e1471c-fad0-4aa5-baba-1f46d23c7def', 'ab82b16d-c081-44e2-b368-dfd0e1a8cbb1', 'Chicken Breast', 2, 'oz');
INSERT INTO ingredients (id, recipe_id, name, quantity, unit) VALUES ('7ad05446-7894-47c4-ae52-d4bb34c8ec07', 'ab82b16d-c081-44e2-b368-dfd0e1a8cbb1', 'Kale', 4, 'cup');
INSERT INTO ingredients (id, recipe_id, name, quantity, unit) VALUES ('6739b131-e083-47fb-bf87-d7abbf579fca', 'ab82b16d-c081-44e2-b368-dfd0e1a8cbb1', 'Brown Rice', 1, 'cup');
INSERT INTO ingredients (id, recipe_id, name, quantity, unit) VALUES ('a747e184-8824-4e8e-9a8f-1f5431a1bd1c', 'ab82b16d-c081-44e2-b368-dfd0e1a8cbb1', 'Olive Oil', 2, 'tbsp');
INSERT INTO ingredients (id, recipe_id, name, quantity, unit) VALUES ('1fb24fb2-e582-4f70-91b3-456653e84da5', 'ab82b16d-c081-44e2-b368-dfd0e1a8cbb1', 'Salt & Pepper', 1, 'pinch');
INSERT INTO ingredients (id, recipe_id, name, quantity, unit) VALUES ('b3be4051-82a8-47d9-9924-3cdb3445bffd', 'ab82b16d-c081-44e2-b368-dfd0e1a8cbb1', 'Bell Peppers', 2, 'bundle');
INSERT INTO recipe_dietary_tags (recipe_id, tag_id) VALUES ('ab82b16d-c081-44e2-b368-dfd0e1a8cbb1', 1);

INSERT INTO recipes (id, user_id, title, description, instructions, image_url, servings, source_url, source_name, is_archived) VALUES ('0653b08a-b2e3-41d9-ba8b-12fc104a8c8f', 'admin-user-id', 'Herbes de Provence Pan-Seared Lentils', 'A delicious and healthy Herbes de Provence Pan-Seared Lentils served with Cauliflower and Brown Rice. Perfect for a quick weeknight dinner.', '1. Preheat oven to 400°F.
2. Season the Lentils with Herbes de Provence spices.
3. Arrange Cauliflower and Zucchini on a baking sheet.
4. Pan-Seared for 20-25 minutes until cooked through.
5. Serve hot over Brown Rice.', 'https://images.unsplash.com/photo-1500000000460?auto=format&fit=crop&w=800&q=60', 3, 'https://www.foodnetwork.com', 'Food Network', 0);
INSERT INTO ingredients (id, recipe_id, name, quantity, unit) VALUES ('afde1f6e-c115-4bb3-8bed-3c9eff28592c', '0653b08a-b2e3-41d9-ba8b-12fc104a8c8f', 'Lentils', 2, 'oz');
INSERT INTO ingredients (id, recipe_id, name, quantity, unit) VALUES ('800aca53-2808-40e1-b94b-823449e698c7', '0653b08a-b2e3-41d9-ba8b-12fc104a8c8f', 'Cauliflower', 2, 'head');
INSERT INTO ingredients (id, recipe_id, name, quantity, unit) VALUES ('f55fec03-b55a-446b-b76e-1eb71a38f655', '0653b08a-b2e3-41d9-ba8b-12fc104a8c8f', 'Brown Rice', 2, 'cup');
INSERT INTO ingredients (id, recipe_id, name, quantity, unit) VALUES ('417af866-b143-4b79-8589-e0c58d2ea311', '0653b08a-b2e3-41d9-ba8b-12fc104a8c8f', 'Olive Oil', 1, 'tbsp');
INSERT INTO ingredients (id, recipe_id, name, quantity, unit) VALUES ('47db4d94-3083-4f54-afef-52d85d9c3f39', '0653b08a-b2e3-41d9-ba8b-12fc104a8c8f', 'Salt & Pepper', 1, 'pinch');
INSERT INTO ingredients (id, recipe_id, name, quantity, unit) VALUES ('88319526-a104-452b-b809-e1d543c30b46', '0653b08a-b2e3-41d9-ba8b-12fc104a8c8f', 'Garlic', 3, 'lb');
INSERT INTO ingredients (id, recipe_id, name, quantity, unit) VALUES ('a77626a5-69bb-4a54-b56f-35874cb940f8', '0653b08a-b2e3-41d9-ba8b-12fc104a8c8f', 'Bell Peppers', 4, 'lb');
INSERT INTO ingredients (id, recipe_id, name, quantity, unit) VALUES ('30ed9c8f-eabf-4ad9-b4dd-d1f74d4546f6', '0653b08a-b2e3-41d9-ba8b-12fc104a8c8f', 'Ginger', 4, 'pinch');
INSERT INTO ingredients (id, recipe_id, name, quantity, unit) VALUES ('2008837c-5320-4c56-baa8-ea8cc3449c98', '0653b08a-b2e3-41d9-ba8b-12fc104a8c8f', 'Butter', 2, 'clove');
INSERT INTO ingredients (id, recipe_id, name, quantity, unit) VALUES ('2037055b-890d-4708-9825-ce9aaae9fa96', '0653b08a-b2e3-41d9-ba8b-12fc104a8c8f', 'Carrots', 4, 'head');
INSERT INTO ingredients (id, recipe_id, name, quantity, unit) VALUES ('3e4a2a31-4431-4b92-8d27-079b0a3aae80', '0653b08a-b2e3-41d9-ba8b-12fc104a8c8f', 'Spinach', 4, 'ml');
INSERT INTO ingredients (id, recipe_id, name, quantity, unit) VALUES ('f51058ab-23db-4758-83bc-e39d70074811', '0653b08a-b2e3-41d9-ba8b-12fc104a8c8f', 'Asparagus', 3, 'g');
INSERT INTO recipe_dietary_tags (recipe_id, tag_id) VALUES ('0653b08a-b2e3-41d9-ba8b-12fc104a8c8f', 5);
INSERT INTO recipe_dietary_tags (recipe_id, tag_id) VALUES ('0653b08a-b2e3-41d9-ba8b-12fc104a8c8f', 6);
INSERT INTO recipe_dietary_tags (recipe_id, tag_id) VALUES ('0653b08a-b2e3-41d9-ba8b-12fc104a8c8f', 3);

INSERT INTO recipes (id, user_id, title, description, instructions, image_url, servings, source_url, source_name, is_archived) VALUES ('ce6962c7-1bb3-4aeb-8104-28224cf232c2', 'admin-user-id', 'Taco Seasoned Pan-Seared Turkey Breast', 'A delicious and healthy Taco Seasoned Pan-Seared Turkey Breast served with Zucchini and Wild Rice. Perfect for a quick weeknight dinner.', '1. Preheat oven to 400°F.
2. Season the Turkey Breast with Taco Seasoned spices.
3. Arrange Zucchini and Bell Peppers on a baking sheet.
4. Pan-Seared for 20-25 minutes until cooked through.
5. Serve hot over Wild Rice.', 'https://images.unsplash.com/photo-1500000000461?auto=format&fit=crop&w=800&q=60', 7, 'https://www.bonappetit.com', 'Bon Appetit', 0);
INSERT INTO ingredients (id, recipe_id, name, quantity, unit) VALUES ('c87427eb-0d3b-4396-96c3-ed7590a98e99', 'ce6962c7-1bb3-4aeb-8104-28224cf232c2', 'Turkey Breast', 1, 'oz');
INSERT INTO ingredients (id, recipe_id, name, quantity, unit) VALUES ('60b3562f-0df8-449b-ac08-d963ea72f1ce', 'ce6962c7-1bb3-4aeb-8104-28224cf232c2', 'Zucchini', 3, 'head');
INSERT INTO ingredients (id, recipe_id, name, quantity, unit) VALUES ('3b3aa926-69e6-450a-bf84-71c8aec30e58', 'ce6962c7-1bb3-4aeb-8104-28224cf232c2', 'Wild Rice', 1, 'cup');
INSERT INTO ingredients (id, recipe_id, name, quantity, unit) VALUES ('69b36700-4575-47b1-9d0e-9e895cef1749', 'ce6962c7-1bb3-4aeb-8104-28224cf232c2', 'Olive Oil', 3, 'tbsp');
INSERT INTO ingredients (id, recipe_id, name, quantity, unit) VALUES ('df1df967-bb56-4b9a-9363-88446b1f2f68', 'ce6962c7-1bb3-4aeb-8104-28224cf232c2', 'Salt & Pepper', 1, 'pinch');
INSERT INTO ingredients (id, recipe_id, name, quantity, unit) VALUES ('f20944dc-b9e8-4178-81a9-83246c4f6fea', 'ce6962c7-1bb3-4aeb-8104-28224cf232c2', 'Zucchini', 5, 'tsp');
INSERT INTO ingredients (id, recipe_id, name, quantity, unit) VALUES ('fbf97e33-43b4-4e52-aae9-6e61230f6243', 'ce6962c7-1bb3-4aeb-8104-28224cf232c2', 'Butter', 1, 'g');
INSERT INTO ingredients (id, recipe_id, name, quantity, unit) VALUES ('9bf4657d-5b89-418b-84d2-c40f21e1e671', 'ce6962c7-1bb3-4aeb-8104-28224cf232c2', 'Garlic', 4, 'bundle');
INSERT INTO ingredients (id, recipe_id, name, quantity, unit) VALUES ('1dda4c91-bd85-4ec0-9cfd-3fb9da89e0d1', 'ce6962c7-1bb3-4aeb-8104-28224cf232c2', 'Green Beans', 2, 'tsp');
INSERT INTO ingredients (id, recipe_id, name, quantity, unit) VALUES ('b6265370-2237-4820-b818-59c5e200658d', 'ce6962c7-1bb3-4aeb-8104-28224cf232c2', 'Ginger', 4, 'pinch');
INSERT INTO ingredients (id, recipe_id, name, quantity, unit) VALUES ('8937c2cd-e0fe-4ac9-994e-7ea822474ee0', 'ce6962c7-1bb3-4aeb-8104-28224cf232c2', 'Asparagus', 2, 'ml');
INSERT INTO recipe_dietary_tags (recipe_id, tag_id) VALUES ('ce6962c7-1bb3-4aeb-8104-28224cf232c2', 1);

INSERT INTO recipes (id, user_id, title, description, instructions, image_url, servings, source_url, source_name, is_archived) VALUES ('d7060568-9134-4dfe-8efa-5e7a9b1eb208', 'admin-user-id', 'Curry Grilled Ground Beef', 'A delicious and healthy Curry Grilled Ground Beef served with Bell Peppers and Couscous. Perfect for a quick weeknight dinner.', '1. Preheat oven to 400°F.
2. Season the Ground Beef with Curry spices.
3. Arrange Bell Peppers and Green Beans on a baking sheet.
4. Grilled for 20-25 minutes until cooked through.
5. Serve hot over Couscous.', 'https://images.unsplash.com/photo-1500000000462?auto=format&fit=crop&w=800&q=60', 2, 'https://www.tasteofhome.com', 'Taste of Home', 0);
INSERT INTO ingredients (id, recipe_id, name, quantity, unit) VALUES ('8520e008-cdf0-4c53-9fc2-4a83df56da83', 'd7060568-9134-4dfe-8efa-5e7a9b1eb208', 'Ground Beef', 2, 'oz');
INSERT INTO ingredients (id, recipe_id, name, quantity, unit) VALUES ('13183fb9-c772-4de1-9203-804d983213a2', 'd7060568-9134-4dfe-8efa-5e7a9b1eb208', 'Bell Peppers', 1, 'bundle');
INSERT INTO ingredients (id, recipe_id, name, quantity, unit) VALUES ('e334ef3b-b5fe-46ca-97ae-3724959a4f2e', 'd7060568-9134-4dfe-8efa-5e7a9b1eb208', 'Couscous', 1, 'cup');
INSERT INTO ingredients (id, recipe_id, name, quantity, unit) VALUES ('8dc73335-a58b-4f33-9613-742e7d7a5473', 'd7060568-9134-4dfe-8efa-5e7a9b1eb208', 'Olive Oil', 1, 'tbsp');
INSERT INTO ingredients (id, recipe_id, name, quantity, unit) VALUES ('6f9a0b07-7333-4586-8b78-6e66c4bbd058', 'd7060568-9134-4dfe-8efa-5e7a9b1eb208', 'Salt & Pepper', 1, 'pinch');
INSERT INTO ingredients (id, recipe_id, name, quantity, unit) VALUES ('5ac7c252-31f2-4ab5-a3b2-d8dab09b68da', 'd7060568-9134-4dfe-8efa-5e7a9b1eb208', 'Butter', 4, 'g');
INSERT INTO recipe_dietary_tags (recipe_id, tag_id) VALUES ('d7060568-9134-4dfe-8efa-5e7a9b1eb208', 2);
INSERT INTO recipe_dietary_tags (recipe_id, tag_id) VALUES ('d7060568-9134-4dfe-8efa-5e7a9b1eb208', 3);

INSERT INTO recipes (id, user_id, title, description, instructions, image_url, servings, source_url, source_name, is_archived) VALUES ('15a4440b-4179-425c-b58f-798cce93d887', 'admin-user-id', 'Curry Pan-Seared Lentils', 'A delicious and healthy Curry Pan-Seared Lentils served with Cauliflower and Cauliflower Rice. Perfect for a quick weeknight dinner.', '1. Preheat oven to 400°F.
2. Season the Lentils with Curry spices.
3. Arrange Cauliflower and Kale on a baking sheet.
4. Pan-Seared for 20-25 minutes until cooked through.
5. Serve hot over Cauliflower Rice.', 'https://images.unsplash.com/photo-1500000000463?auto=format&fit=crop&w=800&q=60', 5, 'https://www.tasteofhome.com', 'Taste of Home', 0);
INSERT INTO ingredients (id, recipe_id, name, quantity, unit) VALUES ('a65274c8-3795-4193-8cf7-08e0d0323927', '15a4440b-4179-425c-b58f-798cce93d887', 'Lentils', 2, 'lb');
INSERT INTO ingredients (id, recipe_id, name, quantity, unit) VALUES ('1d918395-0a5c-4ed9-b2e4-8e2552c6d661', '15a4440b-4179-425c-b58f-798cce93d887', 'Cauliflower', 2, 'head');
INSERT INTO ingredients (id, recipe_id, name, quantity, unit) VALUES ('58a65476-19eb-415f-ba31-15c315176d99', '15a4440b-4179-425c-b58f-798cce93d887', 'Cauliflower Rice', 2, 'cup');
INSERT INTO ingredients (id, recipe_id, name, quantity, unit) VALUES ('42d03e53-de29-48c1-aea8-21603b24bb1d', '15a4440b-4179-425c-b58f-798cce93d887', 'Olive Oil', 1, 'tbsp');
INSERT INTO ingredients (id, recipe_id, name, quantity, unit) VALUES ('aa8111c8-18b2-4431-a715-64b5092dcb8f', '15a4440b-4179-425c-b58f-798cce93d887', 'Salt & Pepper', 1, 'pinch');
INSERT INTO ingredients (id, recipe_id, name, quantity, unit) VALUES ('ba484805-fcc2-4684-960d-8946629624ec', '15a4440b-4179-425c-b58f-798cce93d887', 'Sweet Potatoes', 3, 'g');
INSERT INTO ingredients (id, recipe_id, name, quantity, unit) VALUES ('687e507b-5b45-4719-af61-169c5b66a297', '15a4440b-4179-425c-b58f-798cce93d887', 'Garlic', 3, 'oz');
INSERT INTO ingredients (id, recipe_id, name, quantity, unit) VALUES ('fc38d8b0-403e-4c52-831a-64ee469f0cb1', '15a4440b-4179-425c-b58f-798cce93d887', 'Spinach', 1, 'lb');
INSERT INTO ingredients (id, recipe_id, name, quantity, unit) VALUES ('23483499-aa97-47ad-864b-7c455533a02d', '15a4440b-4179-425c-b58f-798cce93d887', 'Butter', 2, 'clove');
INSERT INTO recipe_dietary_tags (recipe_id, tag_id) VALUES ('15a4440b-4179-425c-b58f-798cce93d887', 7);
INSERT INTO recipe_dietary_tags (recipe_id, tag_id) VALUES ('15a4440b-4179-425c-b58f-798cce93d887', 4);

INSERT INTO recipes (id, user_id, title, description, instructions, image_url, servings, source_url, source_name, is_archived) VALUES ('104d0007-e592-4e40-b3c4-41fb7d658778', 'admin-user-id', 'Lemon Garlic Slow Cooked Shrimp', 'A delicious and healthy Lemon Garlic Slow Cooked Shrimp served with Kale and Zucchini Noodles. Perfect for a quick weeknight dinner.', '1. Preheat oven to 400°F.
2. Season the Shrimp with Lemon Garlic spices.
3. Arrange Kale and Asparagus on a baking sheet.
4. Slow Cooked for 20-25 minutes until cooked through.
5. Serve hot over Zucchini Noodles.', 'https://images.unsplash.com/photo-1500000000464?auto=format&fit=crop&w=800&q=60', 3, 'https://www.tasteofhome.com', 'Taste of Home', 0);
INSERT INTO ingredients (id, recipe_id, name, quantity, unit) VALUES ('c3775814-a686-4b20-83f4-7feb2e77f0e3', '104d0007-e592-4e40-b3c4-41fb7d658778', 'Shrimp', 1, 'oz');
INSERT INTO ingredients (id, recipe_id, name, quantity, unit) VALUES ('6e39f2a3-a695-41f5-8ad0-98b23f843ff1', '104d0007-e592-4e40-b3c4-41fb7d658778', 'Kale', 2, 'head');
INSERT INTO ingredients (id, recipe_id, name, quantity, unit) VALUES ('5ebaaa59-d6de-4c9d-9352-3525d84859d9', '104d0007-e592-4e40-b3c4-41fb7d658778', 'Zucchini Noodles', 1, 'cup');
INSERT INTO ingredients (id, recipe_id, name, quantity, unit) VALUES ('a9f9fc6a-d783-4d76-98bd-f1ad932ff7cc', '104d0007-e592-4e40-b3c4-41fb7d658778', 'Olive Oil', 2, 'tbsp');
INSERT INTO ingredients (id, recipe_id, name, quantity, unit) VALUES ('bf99e4cd-4ec5-46c5-9fb9-87e30d10c462', '104d0007-e592-4e40-b3c4-41fb7d658778', 'Salt & Pepper', 1, 'pinch');
INSERT INTO ingredients (id, recipe_id, name, quantity, unit) VALUES ('0a8bed55-2c37-4316-a13b-5cdc8353e85e', '104d0007-e592-4e40-b3c4-41fb7d658778', 'Bell Peppers', 4, 'tbsp');
INSERT INTO ingredients (id, recipe_id, name, quantity, unit) VALUES ('9641edcb-36c1-4d16-84ee-1cb01fe9b413', '104d0007-e592-4e40-b3c4-41fb7d658778', 'Asparagus', 1, 'clove');
INSERT INTO ingredients (id, recipe_id, name, quantity, unit) VALUES ('e455f721-bd87-4b94-9448-60fa447924b5', '104d0007-e592-4e40-b3c4-41fb7d658778', 'Cauliflower', 1, 'head');
INSERT INTO recipe_dietary_tags (recipe_id, tag_id) VALUES ('104d0007-e592-4e40-b3c4-41fb7d658778', 9);

INSERT INTO recipes (id, user_id, title, description, instructions, image_url, servings, source_url, source_name, is_archived) VALUES ('2e600c3d-a37d-41ad-934b-cea2e44f5f78', 'admin-user-id', 'Teriyaki Pan-Seared Shrimp', 'A delicious and healthy Teriyaki Pan-Seared Shrimp served with Spinach and Zucchini Noodles. Perfect for a quick weeknight dinner.', '1. Preheat oven to 400°F.
2. Season the Shrimp with Teriyaki spices.
3. Arrange Spinach and Sweet Potatoes on a baking sheet.
4. Pan-Seared for 20-25 minutes until cooked through.
5. Serve hot over Zucchini Noodles.', 'https://images.unsplash.com/photo-1500000000465?auto=format&fit=crop&w=800&q=60', 7, 'https://www.allrecipes.com', 'AllRecipes', 0);
INSERT INTO ingredients (id, recipe_id, name, quantity, unit) VALUES ('a671fbb4-d067-4ede-8c0f-e3d749103d21', '2e600c3d-a37d-41ad-934b-cea2e44f5f78', 'Shrimp', 1, 'lb');
INSERT INTO ingredients (id, recipe_id, name, quantity, unit) VALUES ('057d6c3c-83eb-4db6-a838-c7ef3feebf33', '2e600c3d-a37d-41ad-934b-cea2e44f5f78', 'Spinach', 2, 'cup');
INSERT INTO ingredients (id, recipe_id, name, quantity, unit) VALUES ('e1ffcd48-0b49-45af-91cf-b477aba31cc1', '2e600c3d-a37d-41ad-934b-cea2e44f5f78', 'Zucchini Noodles', 1, 'cup');
INSERT INTO ingredients (id, recipe_id, name, quantity, unit) VALUES ('a5bc0532-5abe-4c73-a7c6-5172ccbaba73', '2e600c3d-a37d-41ad-934b-cea2e44f5f78', 'Olive Oil', 3, 'tbsp');
INSERT INTO ingredients (id, recipe_id, name, quantity, unit) VALUES ('9c96b3c6-8cf1-4fa1-a917-7df624507fcc', '2e600c3d-a37d-41ad-934b-cea2e44f5f78', 'Salt & Pepper', 1, 'pinch');
INSERT INTO ingredients (id, recipe_id, name, quantity, unit) VALUES ('e5a451fe-dcef-48a1-a0f2-78750dab91f9', '2e600c3d-a37d-41ad-934b-cea2e44f5f78', 'Cauliflower', 1, 'lb');
INSERT INTO ingredients (id, recipe_id, name, quantity, unit) VALUES ('34fe2885-395c-4fda-aac9-9513b4285bc1', '2e600c3d-a37d-41ad-934b-cea2e44f5f78', 'Butter', 1, 'tsp');
INSERT INTO ingredients (id, recipe_id, name, quantity, unit) VALUES ('2df25b96-37ec-4d74-b460-08567d2d484c', '2e600c3d-a37d-41ad-934b-cea2e44f5f78', 'Spinach', 4, 'clove');
INSERT INTO ingredients (id, recipe_id, name, quantity, unit) VALUES ('7a283e30-6192-46c9-8c94-bf4e30798cd1', '2e600c3d-a37d-41ad-934b-cea2e44f5f78', 'Garlic', 1, 'lb');
INSERT INTO ingredients (id, recipe_id, name, quantity, unit) VALUES ('eb50ec51-9992-4e57-a0a4-c27503441099', '2e600c3d-a37d-41ad-934b-cea2e44f5f78', 'Ginger', 4, 'tsp');
INSERT INTO ingredients (id, recipe_id, name, quantity, unit) VALUES ('7609d512-4889-4931-960c-303315edb5e1', '2e600c3d-a37d-41ad-934b-cea2e44f5f78', 'Kale', 1, 'head');
INSERT INTO recipe_dietary_tags (recipe_id, tag_id) VALUES ('2e600c3d-a37d-41ad-934b-cea2e44f5f78', 1);
INSERT INTO recipe_dietary_tags (recipe_id, tag_id) VALUES ('2e600c3d-a37d-41ad-934b-cea2e44f5f78', 9);
INSERT INTO recipe_dietary_tags (recipe_id, tag_id) VALUES ('2e600c3d-a37d-41ad-934b-cea2e44f5f78', 6);

INSERT INTO recipes (id, user_id, title, description, instructions, image_url, servings, source_url, source_name, is_archived) VALUES ('037e97d6-c3c1-4d53-a52d-0202e468ba45', 'admin-user-id', 'Herbes de Provence Slow Cooked Eggs', 'A delicious and healthy Herbes de Provence Slow Cooked Eggs served with Brussels Sprouts and Brown Rice. Perfect for a quick weeknight dinner.', '1. Preheat oven to 400°F.
2. Season the Eggs with Herbes de Provence spices.
3. Arrange Brussels Sprouts and Asparagus on a baking sheet.
4. Slow Cooked for 20-25 minutes until cooked through.
5. Serve hot over Brown Rice.', 'https://images.unsplash.com/photo-1500000000466?auto=format&fit=crop&w=800&q=60', 7, 'https://www.allrecipes.com', 'AllRecipes', 0);
INSERT INTO ingredients (id, recipe_id, name, quantity, unit) VALUES ('302c988a-da75-4deb-9aef-047dd2663504', '037e97d6-c3c1-4d53-a52d-0202e468ba45', 'Eggs', 1, 'lb');
INSERT INTO ingredients (id, recipe_id, name, quantity, unit) VALUES ('3ba71f85-36cb-4d58-bd32-666adb3c9fc9', '037e97d6-c3c1-4d53-a52d-0202e468ba45', 'Brussels Sprouts', 1, 'cup');
INSERT INTO ingredients (id, recipe_id, name, quantity, unit) VALUES ('c0ae5ba7-459f-41b1-ac9b-e18cbcecff80', '037e97d6-c3c1-4d53-a52d-0202e468ba45', 'Brown Rice', 1, 'cup');
INSERT INTO ingredients (id, recipe_id, name, quantity, unit) VALUES ('e29d72e7-1275-42fa-9c09-96bef5610598', '037e97d6-c3c1-4d53-a52d-0202e468ba45', 'Olive Oil', 2, 'tbsp');
INSERT INTO ingredients (id, recipe_id, name, quantity, unit) VALUES ('1923b506-4777-4f76-839d-cf552cfb01cb', '037e97d6-c3c1-4d53-a52d-0202e468ba45', 'Salt & Pepper', 1, 'pinch');
INSERT INTO ingredients (id, recipe_id, name, quantity, unit) VALUES ('e0c8fd19-c9ac-4216-ae35-8783560f42b8', '037e97d6-c3c1-4d53-a52d-0202e468ba45', 'Kale', 3, 'tsp');
INSERT INTO ingredients (id, recipe_id, name, quantity, unit) VALUES ('5571d8eb-6e77-4287-9884-3bad54168118', '037e97d6-c3c1-4d53-a52d-0202e468ba45', 'Broccoli', 5, 'g');
INSERT INTO ingredients (id, recipe_id, name, quantity, unit) VALUES ('8b9f5c73-a054-44a9-b0f0-c0770f61f427', '037e97d6-c3c1-4d53-a52d-0202e468ba45', 'Green Beans', 3, 'g');
INSERT INTO recipe_dietary_tags (recipe_id, tag_id) VALUES ('037e97d6-c3c1-4d53-a52d-0202e468ba45', 5);
INSERT INTO recipe_dietary_tags (recipe_id, tag_id) VALUES ('037e97d6-c3c1-4d53-a52d-0202e468ba45', 1);

INSERT INTO recipes (id, user_id, title, description, instructions, image_url, servings, source_url, source_name, is_archived) VALUES ('2768eecc-fbcd-497d-b5ce-dfe2f14e63a1', 'admin-user-id', 'Teriyaki Baked Eggs', 'A delicious and healthy Teriyaki Baked Eggs served with Kale and Lentil Pasta. Perfect for a quick weeknight dinner.', '1. Preheat oven to 400°F.
2. Season the Eggs with Teriyaki spices.
3. Arrange Kale and Brussels Sprouts on a baking sheet.
4. Baked for 20-25 minutes until cooked through.
5. Serve hot over Lentil Pasta.', 'https://images.unsplash.com/photo-1500000000467?auto=format&fit=crop&w=800&q=60', 7, 'https://www.tasteofhome.com', 'Taste of Home', 0);
INSERT INTO ingredients (id, recipe_id, name, quantity, unit) VALUES ('9cb4faa7-25f1-420e-bfff-169e6191921e', '2768eecc-fbcd-497d-b5ce-dfe2f14e63a1', 'Eggs', 1, 'lb');
INSERT INTO ingredients (id, recipe_id, name, quantity, unit) VALUES ('6e40a8d4-7213-4ce6-b0ca-446ff415386f', '2768eecc-fbcd-497d-b5ce-dfe2f14e63a1', 'Kale', 4, 'cup');
INSERT INTO ingredients (id, recipe_id, name, quantity, unit) VALUES ('18081b80-4154-4024-9d98-eecce7cc6554', '2768eecc-fbcd-497d-b5ce-dfe2f14e63a1', 'Lentil Pasta', 1, 'cup');
INSERT INTO ingredients (id, recipe_id, name, quantity, unit) VALUES ('a19f0337-ba9f-4d76-ba42-85f002ecb97f', '2768eecc-fbcd-497d-b5ce-dfe2f14e63a1', 'Olive Oil', 1, 'tbsp');
INSERT INTO ingredients (id, recipe_id, name, quantity, unit) VALUES ('2f18bf6a-3f0b-43ca-8dbe-c0597a75f378', '2768eecc-fbcd-497d-b5ce-dfe2f14e63a1', 'Salt & Pepper', 1, 'pinch');
INSERT INTO ingredients (id, recipe_id, name, quantity, unit) VALUES ('0d162339-9cf7-4480-ab3d-252b71dfe635', '2768eecc-fbcd-497d-b5ce-dfe2f14e63a1', 'Butter', 5, 'head');
INSERT INTO ingredients (id, recipe_id, name, quantity, unit) VALUES ('2352857c-901c-492f-97f4-80920fcf5fa0', '2768eecc-fbcd-497d-b5ce-dfe2f14e63a1', 'Broccoli', 4, 'lb');
INSERT INTO ingredients (id, recipe_id, name, quantity, unit) VALUES ('bd9927cb-6852-486d-aa55-c7a28b9eaf4a', '2768eecc-fbcd-497d-b5ce-dfe2f14e63a1', 'Zucchini', 5, 'oz');
INSERT INTO ingredients (id, recipe_id, name, quantity, unit) VALUES ('17f57971-e55a-44e3-8037-e95a910ee9f3', '2768eecc-fbcd-497d-b5ce-dfe2f14e63a1', 'Spinach', 1, 'cup');
INSERT INTO recipe_dietary_tags (recipe_id, tag_id) VALUES ('2768eecc-fbcd-497d-b5ce-dfe2f14e63a1', 10);

INSERT INTO recipes (id, user_id, title, description, instructions, image_url, servings, source_url, source_name, is_archived) VALUES ('c88f51bd-21ad-442f-89aa-4895b13a3d0d', 'admin-user-id', 'Balsamic Glaze Steamed Pork Loin', 'A delicious and healthy Balsamic Glaze Steamed Pork Loin served with Asparagus and Quinoa. Perfect for a quick weeknight dinner.', '1. Preheat oven to 400°F.
2. Season the Pork Loin with Balsamic Glaze spices.
3. Arrange Asparagus and Carrots on a baking sheet.
4. Steamed for 20-25 minutes until cooked through.
5. Serve hot over Quinoa.', 'https://images.unsplash.com/photo-1500000000468?auto=format&fit=crop&w=800&q=60', 8, 'https://www.tasteofhome.com', 'Taste of Home', 0);
INSERT INTO ingredients (id, recipe_id, name, quantity, unit) VALUES ('bb500143-b3f4-42b6-b821-65c802e43893', 'c88f51bd-21ad-442f-89aa-4895b13a3d0d', 'Pork Loin', 1, 'oz');
INSERT INTO ingredients (id, recipe_id, name, quantity, unit) VALUES ('abe1025a-4c89-4d5d-9bfb-389e4b994ca5', 'c88f51bd-21ad-442f-89aa-4895b13a3d0d', 'Asparagus', 3, 'cup');
INSERT INTO ingredients (id, recipe_id, name, quantity, unit) VALUES ('081257ca-906b-4cc9-9d3e-0dbc82d31c41', 'c88f51bd-21ad-442f-89aa-4895b13a3d0d', 'Quinoa', 2, 'cup');
INSERT INTO ingredients (id, recipe_id, name, quantity, unit) VALUES ('dbc8f8fc-3cc2-4ba4-a766-8da9abb0050d', 'c88f51bd-21ad-442f-89aa-4895b13a3d0d', 'Olive Oil', 1, 'tbsp');
INSERT INTO ingredients (id, recipe_id, name, quantity, unit) VALUES ('b03d48fd-f806-4dbc-8515-c11f3dbddcd8', 'c88f51bd-21ad-442f-89aa-4895b13a3d0d', 'Salt & Pepper', 1, 'pinch');
INSERT INTO ingredients (id, recipe_id, name, quantity, unit) VALUES ('10db2a21-5bfa-4187-a4eb-3e29e98dfa06', 'c88f51bd-21ad-442f-89aa-4895b13a3d0d', 'Onion', 1, 'ml');
INSERT INTO ingredients (id, recipe_id, name, quantity, unit) VALUES ('9147ff00-69c3-40f7-822f-a851e4a8751e', 'c88f51bd-21ad-442f-89aa-4895b13a3d0d', 'Onion', 3, 'ml');
INSERT INTO ingredients (id, recipe_id, name, quantity, unit) VALUES ('04fda4ca-a3f9-4433-9a7a-bc7f890a52d0', 'c88f51bd-21ad-442f-89aa-4895b13a3d0d', 'Butter', 3, 'pinch');
INSERT INTO ingredients (id, recipe_id, name, quantity, unit) VALUES ('66ff075c-d955-4295-89da-497712b957c7', 'c88f51bd-21ad-442f-89aa-4895b13a3d0d', 'Green Beans', 2, 'head');
INSERT INTO ingredients (id, recipe_id, name, quantity, unit) VALUES ('f35da791-bf02-4d3e-94e3-92f98442921f', 'c88f51bd-21ad-442f-89aa-4895b13a3d0d', 'Broccoli', 1, 'bundle');
INSERT INTO recipe_dietary_tags (recipe_id, tag_id) VALUES ('c88f51bd-21ad-442f-89aa-4895b13a3d0d', 8);
INSERT INTO recipe_dietary_tags (recipe_id, tag_id) VALUES ('c88f51bd-21ad-442f-89aa-4895b13a3d0d', 1);
INSERT INTO recipe_dietary_tags (recipe_id, tag_id) VALUES ('c88f51bd-21ad-442f-89aa-4895b13a3d0d', 6);

INSERT INTO recipes (id, user_id, title, description, instructions, image_url, servings, source_url, source_name, is_archived) VALUES ('46fe817a-0476-4b10-8bb8-35062e6b42da', 'admin-user-id', 'Pesto Pan-Seared Lamb Chops', 'A delicious and healthy Pesto Pan-Seared Lamb Chops served with Kale and Roasted Potatoes. Perfect for a quick weeknight dinner.', '1. Preheat oven to 400°F.
2. Season the Lamb Chops with Pesto spices.
3. Arrange Kale and Brussels Sprouts on a baking sheet.
4. Pan-Seared for 20-25 minutes until cooked through.
5. Serve hot over Roasted Potatoes.', 'https://images.unsplash.com/photo-1500000000469?auto=format&fit=crop&w=800&q=60', 4, 'https://www.foodnetwork.com', 'Food Network', 0);
INSERT INTO ingredients (id, recipe_id, name, quantity, unit) VALUES ('1dfb4cf4-5353-48ce-be28-9c313594c5c3', '46fe817a-0476-4b10-8bb8-35062e6b42da', 'Lamb Chops', 2, 'oz');
INSERT INTO ingredients (id, recipe_id, name, quantity, unit) VALUES ('e76dce34-abbf-4ad2-853e-46d43cdbe3e2', '46fe817a-0476-4b10-8bb8-35062e6b42da', 'Kale', 2, 'bundle');
INSERT INTO ingredients (id, recipe_id, name, quantity, unit) VALUES ('fb6d5a2d-cb93-4ff5-9807-4994dce83a4f', '46fe817a-0476-4b10-8bb8-35062e6b42da', 'Roasted Potatoes', 1, 'cup');
INSERT INTO ingredients (id, recipe_id, name, quantity, unit) VALUES ('db5f2211-3fde-4b7e-9b32-0cafc2802a48', '46fe817a-0476-4b10-8bb8-35062e6b42da', 'Olive Oil', 1, 'tbsp');
INSERT INTO ingredients (id, recipe_id, name, quantity, unit) VALUES ('f6776de8-a5f2-45a3-bbb2-3803c7e4a3d9', '46fe817a-0476-4b10-8bb8-35062e6b42da', 'Salt & Pepper', 1, 'pinch');
INSERT INTO ingredients (id, recipe_id, name, quantity, unit) VALUES ('3592c65e-33c7-4966-8fb2-8a38d5eb22e1', '46fe817a-0476-4b10-8bb8-35062e6b42da', 'Butter', 1, 'ml');
INSERT INTO ingredients (id, recipe_id, name, quantity, unit) VALUES ('65f244d8-0385-44bc-a48b-f8186e2e5aa4', '46fe817a-0476-4b10-8bb8-35062e6b42da', 'Bell Peppers', 1, 'ml');
INSERT INTO ingredients (id, recipe_id, name, quantity, unit) VALUES ('7ed26e4f-ab8d-4efc-af7b-d76d9b1b56b3', '46fe817a-0476-4b10-8bb8-35062e6b42da', 'Garlic', 2, 'cup');
INSERT INTO ingredients (id, recipe_id, name, quantity, unit) VALUES ('2f805030-2144-4ef8-8b30-39a0d89c34fe', '46fe817a-0476-4b10-8bb8-35062e6b42da', 'Bell Peppers', 2, 'cup');
INSERT INTO ingredients (id, recipe_id, name, quantity, unit) VALUES ('c925380b-fdd3-4bc9-92bc-cd677dc51644', '46fe817a-0476-4b10-8bb8-35062e6b42da', 'Lemon', 5, 'tbsp');
INSERT INTO ingredients (id, recipe_id, name, quantity, unit) VALUES ('8c474c88-1431-40cd-98c9-0010d35a5ba0', '46fe817a-0476-4b10-8bb8-35062e6b42da', 'Bell Peppers', 3, 'clove');
INSERT INTO ingredients (id, recipe_id, name, quantity, unit) VALUES ('89b4abef-f093-4484-a16a-83a9c1ef2c79', '46fe817a-0476-4b10-8bb8-35062e6b42da', 'Onion', 1, 'cup');
INSERT INTO recipe_dietary_tags (recipe_id, tag_id) VALUES ('46fe817a-0476-4b10-8bb8-35062e6b42da', 7);
INSERT INTO recipe_dietary_tags (recipe_id, tag_id) VALUES ('46fe817a-0476-4b10-8bb8-35062e6b42da', 4);

INSERT INTO recipes (id, user_id, title, description, instructions, image_url, servings, source_url, source_name, is_archived) VALUES ('cc8e27b1-77d5-4d80-bd72-43e86c315636', 'admin-user-id', 'Miso Ginger Steamed Lamb Chops', 'A delicious and healthy Miso Ginger Steamed Lamb Chops served with Sweet Potatoes and Wild Rice. Perfect for a quick weeknight dinner.', '1. Preheat oven to 400°F.
2. Season the Lamb Chops with Miso Ginger spices.
3. Arrange Sweet Potatoes and Broccoli on a baking sheet.
4. Steamed for 20-25 minutes until cooked through.
5. Serve hot over Wild Rice.', 'https://images.unsplash.com/photo-1500000000470?auto=format&fit=crop&w=800&q=60', 3, 'https://www.bonappetit.com', 'Bon Appetit', 0);
INSERT INTO ingredients (id, recipe_id, name, quantity, unit) VALUES ('9884f752-23d9-4ceb-8589-92afeebf5c6e', 'cc8e27b1-77d5-4d80-bd72-43e86c315636', 'Lamb Chops', 2, 'oz');
INSERT INTO ingredients (id, recipe_id, name, quantity, unit) VALUES ('f20291e8-908c-4a7a-8ec9-9c2d8b192469', 'cc8e27b1-77d5-4d80-bd72-43e86c315636', 'Sweet Potatoes', 1, 'head');
INSERT INTO ingredients (id, recipe_id, name, quantity, unit) VALUES ('b690fba9-e191-457f-af93-35996be2b71f', 'cc8e27b1-77d5-4d80-bd72-43e86c315636', 'Wild Rice', 1, 'cup');
INSERT INTO ingredients (id, recipe_id, name, quantity, unit) VALUES ('4e486a3c-41e3-49d4-b00f-7f7db698d02c', 'cc8e27b1-77d5-4d80-bd72-43e86c315636', 'Olive Oil', 1, 'tbsp');
INSERT INTO ingredients (id, recipe_id, name, quantity, unit) VALUES ('1235e9b6-076b-436e-b2c6-3b5fceb4d080', 'cc8e27b1-77d5-4d80-bd72-43e86c315636', 'Salt & Pepper', 1, 'pinch');
INSERT INTO ingredients (id, recipe_id, name, quantity, unit) VALUES ('1f1c5fd4-f82a-44a4-bfe4-33a492532cee', 'cc8e27b1-77d5-4d80-bd72-43e86c315636', 'Green Beans', 1, 'ml');
INSERT INTO ingredients (id, recipe_id, name, quantity, unit) VALUES ('7ee1d891-4013-4647-80bd-faba621f97b9', 'cc8e27b1-77d5-4d80-bd72-43e86c315636', 'Lemon', 1, 'g');
INSERT INTO ingredients (id, recipe_id, name, quantity, unit) VALUES ('1ebc054d-77f8-4ab3-aabb-4205d60e382b', 'cc8e27b1-77d5-4d80-bd72-43e86c315636', 'Asparagus', 4, 'cup');
INSERT INTO recipe_dietary_tags (recipe_id, tag_id) VALUES ('cc8e27b1-77d5-4d80-bd72-43e86c315636', 5);
INSERT INTO recipe_dietary_tags (recipe_id, tag_id) VALUES ('cc8e27b1-77d5-4d80-bd72-43e86c315636', 3);
INSERT INTO recipe_dietary_tags (recipe_id, tag_id) VALUES ('cc8e27b1-77d5-4d80-bd72-43e86c315636', 1);

INSERT INTO recipes (id, user_id, title, description, instructions, image_url, servings, source_url, source_name, is_archived) VALUES ('319b0236-e8a9-46d5-9801-7d913122a2e9', 'admin-user-id', 'Pesto Steamed Shrimp', 'A delicious and healthy Pesto Steamed Shrimp served with Kale and Roasted Potatoes. Perfect for a quick weeknight dinner.', '1. Preheat oven to 400°F.
2. Season the Shrimp with Pesto spices.
3. Arrange Kale and Carrots on a baking sheet.
4. Steamed for 20-25 minutes until cooked through.
5. Serve hot over Roasted Potatoes.', 'https://images.unsplash.com/photo-1500000000471?auto=format&fit=crop&w=800&q=60', 6, 'https://www.allrecipes.com', 'AllRecipes', 0);
INSERT INTO ingredients (id, recipe_id, name, quantity, unit) VALUES ('8dd291c8-89a7-44d2-a80e-6619e32b2b07', '319b0236-e8a9-46d5-9801-7d913122a2e9', 'Shrimp', 2, 'lb');
INSERT INTO ingredients (id, recipe_id, name, quantity, unit) VALUES ('1ef2044b-762b-49c3-9414-c4fc07f694c5', '319b0236-e8a9-46d5-9801-7d913122a2e9', 'Kale', 3, 'cup');
INSERT INTO ingredients (id, recipe_id, name, quantity, unit) VALUES ('fe47097d-14e9-4e1e-827c-008a3d6d974f', '319b0236-e8a9-46d5-9801-7d913122a2e9', 'Roasted Potatoes', 3, 'cup');
INSERT INTO ingredients (id, recipe_id, name, quantity, unit) VALUES ('054c1fdf-6593-4cdd-b098-57424530d3c0', '319b0236-e8a9-46d5-9801-7d913122a2e9', 'Olive Oil', 3, 'tbsp');
INSERT INTO ingredients (id, recipe_id, name, quantity, unit) VALUES ('dfbffdc0-7e4b-4298-8e38-7f46759cb123', '319b0236-e8a9-46d5-9801-7d913122a2e9', 'Salt & Pepper', 1, 'pinch');
INSERT INTO ingredients (id, recipe_id, name, quantity, unit) VALUES ('d95210d5-5022-413a-8a92-076f1d6288c0', '319b0236-e8a9-46d5-9801-7d913122a2e9', 'Brussels Sprouts', 3, 'clove');
INSERT INTO recipe_dietary_tags (recipe_id, tag_id) VALUES ('319b0236-e8a9-46d5-9801-7d913122a2e9', 3);
INSERT INTO recipe_dietary_tags (recipe_id, tag_id) VALUES ('319b0236-e8a9-46d5-9801-7d913122a2e9', 10);

INSERT INTO recipes (id, user_id, title, description, instructions, image_url, servings, source_url, source_name, is_archived) VALUES ('b554a6ad-1694-4768-a8ac-cc869ffa5c96', 'admin-user-id', 'Lemon Garlic Steamed Steak', 'A delicious and healthy Lemon Garlic Steamed Steak served with Brussels Sprouts and Couscous. Perfect for a quick weeknight dinner.', '1. Preheat oven to 400°F.
2. Season the Steak with Lemon Garlic spices.
3. Arrange Brussels Sprouts and Zucchini on a baking sheet.
4. Steamed for 20-25 minutes until cooked through.
5. Serve hot over Couscous.', 'https://images.unsplash.com/photo-1500000000472?auto=format&fit=crop&w=800&q=60', 3, 'https://www.allrecipes.com', 'AllRecipes', 0);
INSERT INTO ingredients (id, recipe_id, name, quantity, unit) VALUES ('efab85bf-64cc-4c6e-84f4-a377cf9f4690', 'b554a6ad-1694-4768-a8ac-cc869ffa5c96', 'Steak', 1, 'oz');
INSERT INTO ingredients (id, recipe_id, name, quantity, unit) VALUES ('ee7fe49e-ded5-42f5-a6eb-bec98cf33ce6', 'b554a6ad-1694-4768-a8ac-cc869ffa5c96', 'Brussels Sprouts', 3, 'head');
INSERT INTO ingredients (id, recipe_id, name, quantity, unit) VALUES ('e634cf09-5f87-44c7-b2da-9bf8f97f6784', 'b554a6ad-1694-4768-a8ac-cc869ffa5c96', 'Couscous', 1, 'cup');
INSERT INTO ingredients (id, recipe_id, name, quantity, unit) VALUES ('2ada73ac-f63e-4fd6-ada5-f3d22166c0e1', 'b554a6ad-1694-4768-a8ac-cc869ffa5c96', 'Olive Oil', 2, 'tbsp');
INSERT INTO ingredients (id, recipe_id, name, quantity, unit) VALUES ('c0d9e213-28ec-4e67-900c-8ec51a94ef3c', 'b554a6ad-1694-4768-a8ac-cc869ffa5c96', 'Salt & Pepper', 1, 'pinch');
INSERT INTO ingredients (id, recipe_id, name, quantity, unit) VALUES ('8a62e0e9-c250-4a74-a82a-8aa4dd9bc922', 'b554a6ad-1694-4768-a8ac-cc869ffa5c96', 'Butter', 2, 'lb');
INSERT INTO ingredients (id, recipe_id, name, quantity, unit) VALUES ('15eadc57-6198-487a-8d4d-7b7a346f38e2', 'b554a6ad-1694-4768-a8ac-cc869ffa5c96', 'Green Beans', 5, 'pinch');
INSERT INTO ingredients (id, recipe_id, name, quantity, unit) VALUES ('7472d5c1-9ee6-4289-a004-78ee5aeb2ed3', 'b554a6ad-1694-4768-a8ac-cc869ffa5c96', 'Brussels Sprouts', 3, 'tsp');
INSERT INTO recipe_dietary_tags (recipe_id, tag_id) VALUES ('b554a6ad-1694-4768-a8ac-cc869ffa5c96', 1);
INSERT INTO recipe_dietary_tags (recipe_id, tag_id) VALUES ('b554a6ad-1694-4768-a8ac-cc869ffa5c96', 7);
INSERT INTO recipe_dietary_tags (recipe_id, tag_id) VALUES ('b554a6ad-1694-4768-a8ac-cc869ffa5c96', 2);

INSERT INTO recipes (id, user_id, title, description, instructions, image_url, servings, source_url, source_name, is_archived) VALUES ('f8534d83-fd7e-4761-9558-08aaa358f742', 'admin-user-id', 'Cajun Baked Ground Beef', 'A delicious and healthy Cajun Baked Ground Beef served with Kale and Zucchini Noodles. Perfect for a quick weeknight dinner.', '1. Preheat oven to 400°F.
2. Season the Ground Beef with Cajun spices.
3. Arrange Kale and Green Beans on a baking sheet.
4. Baked for 20-25 minutes until cooked through.
5. Serve hot over Zucchini Noodles.', 'https://images.unsplash.com/photo-1500000000473?auto=format&fit=crop&w=800&q=60', 6, 'https://www.bonappetit.com', 'Bon Appetit', 0);
INSERT INTO ingredients (id, recipe_id, name, quantity, unit) VALUES ('135634aa-7ecc-425e-9862-b75fb1ff2167', 'f8534d83-fd7e-4761-9558-08aaa358f742', 'Ground Beef', 1, 'oz');
INSERT INTO ingredients (id, recipe_id, name, quantity, unit) VALUES ('4b513f01-6ba5-47df-abc3-44b71b9a092b', 'f8534d83-fd7e-4761-9558-08aaa358f742', 'Kale', 2, 'bundle');
INSERT INTO ingredients (id, recipe_id, name, quantity, unit) VALUES ('8b116abf-d1c8-4a49-b8a8-584644f802c9', 'f8534d83-fd7e-4761-9558-08aaa358f742', 'Zucchini Noodles', 3, 'cup');
INSERT INTO ingredients (id, recipe_id, name, quantity, unit) VALUES ('14357a0e-4215-445f-b8a6-6f32ee21273c', 'f8534d83-fd7e-4761-9558-08aaa358f742', 'Olive Oil', 3, 'tbsp');
INSERT INTO ingredients (id, recipe_id, name, quantity, unit) VALUES ('14f39420-0aa8-4ac1-91ec-df561bf66e35', 'f8534d83-fd7e-4761-9558-08aaa358f742', 'Salt & Pepper', 1, 'pinch');
INSERT INTO ingredients (id, recipe_id, name, quantity, unit) VALUES ('3a95c51b-1350-44ae-bd6d-58e1161818bb', 'f8534d83-fd7e-4761-9558-08aaa358f742', 'Carrots', 4, 'head');
INSERT INTO ingredients (id, recipe_id, name, quantity, unit) VALUES ('407dba91-9a1a-4b4e-bec0-4444c1468793', 'f8534d83-fd7e-4761-9558-08aaa358f742', 'Brussels Sprouts', 4, 'cup');
INSERT INTO ingredients (id, recipe_id, name, quantity, unit) VALUES ('1b162468-ad84-43f6-95dd-a8f91cd7d094', 'f8534d83-fd7e-4761-9558-08aaa358f742', 'Broccoli', 1, 'ml');
INSERT INTO ingredients (id, recipe_id, name, quantity, unit) VALUES ('eadde0c6-1767-47ca-af95-5acb8d3f3a50', 'f8534d83-fd7e-4761-9558-08aaa358f742', 'Broccoli', 3, 'clove');
INSERT INTO ingredients (id, recipe_id, name, quantity, unit) VALUES ('86911ae7-c8e6-4bed-8706-d35fe26c1033', 'f8534d83-fd7e-4761-9558-08aaa358f742', 'Carrots', 1, 'ml');
INSERT INTO ingredients (id, recipe_id, name, quantity, unit) VALUES ('9c507c75-4f29-4c0f-8a75-9821e7a79030', 'f8534d83-fd7e-4761-9558-08aaa358f742', 'Broccoli', 1, 'oz');
INSERT INTO ingredients (id, recipe_id, name, quantity, unit) VALUES ('e2ad1cd1-4f28-4a03-8010-09d0371356ca', 'f8534d83-fd7e-4761-9558-08aaa358f742', 'Brussels Sprouts', 4, 'lb');
INSERT INTO recipe_dietary_tags (recipe_id, tag_id) VALUES ('f8534d83-fd7e-4761-9558-08aaa358f742', 8);
INSERT INTO recipe_dietary_tags (recipe_id, tag_id) VALUES ('f8534d83-fd7e-4761-9558-08aaa358f742', 10);
INSERT INTO recipe_dietary_tags (recipe_id, tag_id) VALUES ('f8534d83-fd7e-4761-9558-08aaa358f742', 9);

INSERT INTO recipes (id, user_id, title, description, instructions, image_url, servings, source_url, source_name, is_archived) VALUES ('7f3e9481-d9e5-4457-a25f-db9ba526866c', 'admin-user-id', 'Balsamic Glaze Slow Cooked Black Beans', 'A delicious and healthy Balsamic Glaze Slow Cooked Black Beans served with Bell Peppers and Lentil Pasta. Perfect for a quick weeknight dinner.', '1. Preheat oven to 400°F.
2. Season the Black Beans with Balsamic Glaze spices.
3. Arrange Bell Peppers and Carrots on a baking sheet.
4. Slow Cooked for 20-25 minutes until cooked through.
5. Serve hot over Lentil Pasta.', 'https://images.unsplash.com/photo-1500000000474?auto=format&fit=crop&w=800&q=60', 2, 'https://www.epicurious.com', 'Epicurious', 0);
INSERT INTO ingredients (id, recipe_id, name, quantity, unit) VALUES ('885eb595-58b6-4783-b7aa-8b317ec3dd8d', '7f3e9481-d9e5-4457-a25f-db9ba526866c', 'Black Beans', 1, 'lb');
INSERT INTO ingredients (id, recipe_id, name, quantity, unit) VALUES ('33d04ca9-da6d-4b18-98e8-d0ff91a6e0f2', '7f3e9481-d9e5-4457-a25f-db9ba526866c', 'Bell Peppers', 2, 'cup');
INSERT INTO ingredients (id, recipe_id, name, quantity, unit) VALUES ('75bc1779-96fb-4665-b201-afc69971276e', '7f3e9481-d9e5-4457-a25f-db9ba526866c', 'Lentil Pasta', 1, 'cup');
INSERT INTO ingredients (id, recipe_id, name, quantity, unit) VALUES ('b1f91f23-a53d-4c69-adca-4a902f84e405', '7f3e9481-d9e5-4457-a25f-db9ba526866c', 'Olive Oil', 2, 'tbsp');
INSERT INTO ingredients (id, recipe_id, name, quantity, unit) VALUES ('5d260c16-4a7f-420c-9f8a-8f4404e89d1a', '7f3e9481-d9e5-4457-a25f-db9ba526866c', 'Salt & Pepper', 1, 'pinch');
INSERT INTO ingredients (id, recipe_id, name, quantity, unit) VALUES ('3b2d86ab-e018-4809-b469-06296a427165', '7f3e9481-d9e5-4457-a25f-db9ba526866c', 'Kale', 5, 'g');
INSERT INTO ingredients (id, recipe_id, name, quantity, unit) VALUES ('4174f573-7ea1-4c8b-bb31-0ea7dc2a8978', '7f3e9481-d9e5-4457-a25f-db9ba526866c', 'Brussels Sprouts', 5, 'g');
INSERT INTO ingredients (id, recipe_id, name, quantity, unit) VALUES ('5842dd56-43ce-4e22-b4ce-986203ca0963', '7f3e9481-d9e5-4457-a25f-db9ba526866c', 'Brussels Sprouts', 1, 'bundle');
INSERT INTO ingredients (id, recipe_id, name, quantity, unit) VALUES ('927573ca-992b-45bd-b2a7-2e94fa0d3d08', '7f3e9481-d9e5-4457-a25f-db9ba526866c', 'Onion', 3, 'clove');
INSERT INTO ingredients (id, recipe_id, name, quantity, unit) VALUES ('062d08a8-b8ba-40e2-9aad-c38b29822bb6', '7f3e9481-d9e5-4457-a25f-db9ba526866c', 'Cauliflower', 5, 'cup');
INSERT INTO ingredients (id, recipe_id, name, quantity, unit) VALUES ('6f5acc3e-22fb-4823-9ca8-0a741aa8ee57', '7f3e9481-d9e5-4457-a25f-db9ba526866c', 'Green Beans', 1, 'ml');
INSERT INTO recipe_dietary_tags (recipe_id, tag_id) VALUES ('7f3e9481-d9e5-4457-a25f-db9ba526866c', 8);
INSERT INTO recipe_dietary_tags (recipe_id, tag_id) VALUES ('7f3e9481-d9e5-4457-a25f-db9ba526866c', 4);

INSERT INTO recipes (id, user_id, title, description, instructions, image_url, servings, source_url, source_name, is_archived) VALUES ('20fd2786-36fa-4e1d-b1ea-43fd3184f2cf', 'admin-user-id', 'Miso Ginger Grilled Turkey Breast', 'A delicious and healthy Miso Ginger Grilled Turkey Breast served with Asparagus and Roasted Potatoes. Perfect for a quick weeknight dinner.', '1. Preheat oven to 400°F.
2. Season the Turkey Breast with Miso Ginger spices.
3. Arrange Asparagus and Broccoli on a baking sheet.
4. Grilled for 20-25 minutes until cooked through.
5. Serve hot over Roasted Potatoes.', 'https://images.unsplash.com/photo-1500000000475?auto=format&fit=crop&w=800&q=60', 3, 'https://www.allrecipes.com', 'AllRecipes', 0);
INSERT INTO ingredients (id, recipe_id, name, quantity, unit) VALUES ('4e6a4e7d-22b3-4c96-b4a2-107e114533a2', '20fd2786-36fa-4e1d-b1ea-43fd3184f2cf', 'Turkey Breast', 1, 'oz');
INSERT INTO ingredients (id, recipe_id, name, quantity, unit) VALUES ('44469e9d-8e86-4a68-9b0b-807850ae8536', '20fd2786-36fa-4e1d-b1ea-43fd3184f2cf', 'Asparagus', 2, 'cup');
INSERT INTO ingredients (id, recipe_id, name, quantity, unit) VALUES ('c8ddd8ff-31e7-4096-bddb-e3d7fa7f4b27', '20fd2786-36fa-4e1d-b1ea-43fd3184f2cf', 'Roasted Potatoes', 3, 'cup');
INSERT INTO ingredients (id, recipe_id, name, quantity, unit) VALUES ('681f7bee-8af8-4e14-a7ca-ac4ec049bc3f', '20fd2786-36fa-4e1d-b1ea-43fd3184f2cf', 'Olive Oil', 3, 'tbsp');
INSERT INTO ingredients (id, recipe_id, name, quantity, unit) VALUES ('b2001c1f-8196-4eca-8626-e1218eefafe2', '20fd2786-36fa-4e1d-b1ea-43fd3184f2cf', 'Salt & Pepper', 1, 'pinch');
INSERT INTO ingredients (id, recipe_id, name, quantity, unit) VALUES ('91195f02-8606-4685-b5dc-b53189604279', '20fd2786-36fa-4e1d-b1ea-43fd3184f2cf', 'Sweet Potatoes', 1, 'pinch');
INSERT INTO ingredients (id, recipe_id, name, quantity, unit) VALUES ('3a2baceb-218e-46cf-84f0-6ae6a427161d', '20fd2786-36fa-4e1d-b1ea-43fd3184f2cf', 'Spinach', 5, 'bundle');
INSERT INTO ingredients (id, recipe_id, name, quantity, unit) VALUES ('8adccd00-0be3-4899-87f4-ba7c93354930', '20fd2786-36fa-4e1d-b1ea-43fd3184f2cf', 'Ginger', 5, 'head');
INSERT INTO ingredients (id, recipe_id, name, quantity, unit) VALUES ('af825393-d7d0-49e2-96f2-4a0830da96f6', '20fd2786-36fa-4e1d-b1ea-43fd3184f2cf', 'Butter', 4, 'lb');
INSERT INTO ingredients (id, recipe_id, name, quantity, unit) VALUES ('279a0e31-6465-41f9-a13e-2d49a8d3ce81', '20fd2786-36fa-4e1d-b1ea-43fd3184f2cf', 'Garlic', 2, 'oz');
INSERT INTO ingredients (id, recipe_id, name, quantity, unit) VALUES ('c9766d60-5a46-4529-aa65-93490e76a3b2', '20fd2786-36fa-4e1d-b1ea-43fd3184f2cf', 'Cauliflower', 5, 'pinch');
INSERT INTO recipe_dietary_tags (recipe_id, tag_id) VALUES ('20fd2786-36fa-4e1d-b1ea-43fd3184f2cf', 7);
INSERT INTO recipe_dietary_tags (recipe_id, tag_id) VALUES ('20fd2786-36fa-4e1d-b1ea-43fd3184f2cf', 2);
INSERT INTO recipe_dietary_tags (recipe_id, tag_id) VALUES ('20fd2786-36fa-4e1d-b1ea-43fd3184f2cf', 5);

INSERT INTO recipes (id, user_id, title, description, instructions, image_url, servings, source_url, source_name, is_archived) VALUES ('af660f88-d96b-4f66-9a15-70f69aba2b12', 'admin-user-id', 'Taco Seasoned Roasted Steak', 'A delicious and healthy Taco Seasoned Roasted Steak served with Carrots and Lentil Pasta. Perfect for a quick weeknight dinner.', '1. Preheat oven to 400°F.
2. Season the Steak with Taco Seasoned spices.
3. Arrange Carrots and Brussels Sprouts on a baking sheet.
4. Roasted for 20-25 minutes until cooked through.
5. Serve hot over Lentil Pasta.', 'https://images.unsplash.com/photo-1500000000476?auto=format&fit=crop&w=800&q=60', 4, 'https://www.bonappetit.com', 'Bon Appetit', 0);
INSERT INTO ingredients (id, recipe_id, name, quantity, unit) VALUES ('bfd5edcb-5f3f-4da8-ad43-8ce17bdf4968', 'af660f88-d96b-4f66-9a15-70f69aba2b12', 'Steak', 1, 'lb');
INSERT INTO ingredients (id, recipe_id, name, quantity, unit) VALUES ('08c3a773-4754-4534-b9b3-d6283597ce0e', 'af660f88-d96b-4f66-9a15-70f69aba2b12', 'Carrots', 1, 'bundle');
INSERT INTO ingredients (id, recipe_id, name, quantity, unit) VALUES ('7b61616a-4fce-42eb-9b42-3f4ca290eff2', 'af660f88-d96b-4f66-9a15-70f69aba2b12', 'Lentil Pasta', 3, 'cup');
INSERT INTO ingredients (id, recipe_id, name, quantity, unit) VALUES ('7eb3aa7e-5cff-43de-8023-c01329e4b578', 'af660f88-d96b-4f66-9a15-70f69aba2b12', 'Olive Oil', 3, 'tbsp');
INSERT INTO ingredients (id, recipe_id, name, quantity, unit) VALUES ('2cd8cb4a-11cf-465c-a6fb-3c33d11ec5e7', 'af660f88-d96b-4f66-9a15-70f69aba2b12', 'Salt & Pepper', 1, 'pinch');
INSERT INTO ingredients (id, recipe_id, name, quantity, unit) VALUES ('1f9676ff-ee1f-411c-a8fa-25f8852d6216', 'af660f88-d96b-4f66-9a15-70f69aba2b12', 'Broccoli', 4, 'clove');
INSERT INTO ingredients (id, recipe_id, name, quantity, unit) VALUES ('6d717fe9-925b-4670-b1ea-108c77ddb574', 'af660f88-d96b-4f66-9a15-70f69aba2b12', 'Spinach', 2, 'g');
INSERT INTO ingredients (id, recipe_id, name, quantity, unit) VALUES ('78060326-2303-4f71-b43f-e69207400651', 'af660f88-d96b-4f66-9a15-70f69aba2b12', 'Green Beans', 4, 'oz');
INSERT INTO ingredients (id, recipe_id, name, quantity, unit) VALUES ('dfbf022f-a0b7-48d4-88c9-311855f611d3', 'af660f88-d96b-4f66-9a15-70f69aba2b12', 'Bell Peppers', 4, 'cup');
INSERT INTO recipe_dietary_tags (recipe_id, tag_id) VALUES ('af660f88-d96b-4f66-9a15-70f69aba2b12', 1);
INSERT INTO recipe_dietary_tags (recipe_id, tag_id) VALUES ('af660f88-d96b-4f66-9a15-70f69aba2b12', 10);

INSERT INTO recipes (id, user_id, title, description, instructions, image_url, servings, source_url, source_name, is_archived) VALUES ('a634c1b9-da8e-4c18-9789-df8caa396196', 'admin-user-id', 'Taco Seasoned Steamed Eggs', 'A delicious and healthy Taco Seasoned Steamed Eggs served with Zucchini and Brown Rice. Perfect for a quick weeknight dinner.', '1. Preheat oven to 400°F.
2. Season the Eggs with Taco Seasoned spices.
3. Arrange Zucchini and Cauliflower on a baking sheet.
4. Steamed for 20-25 minutes until cooked through.
5. Serve hot over Brown Rice.', 'https://images.unsplash.com/photo-1500000000477?auto=format&fit=crop&w=800&q=60', 6, 'https://www.bonappetit.com', 'Bon Appetit', 0);
INSERT INTO ingredients (id, recipe_id, name, quantity, unit) VALUES ('925b1071-c7e0-4045-b415-abb03a8d83a2', 'a634c1b9-da8e-4c18-9789-df8caa396196', 'Eggs', 2, 'lb');
INSERT INTO ingredients (id, recipe_id, name, quantity, unit) VALUES ('11f0e3ac-ff12-4198-850d-4a3811f6c15a', 'a634c1b9-da8e-4c18-9789-df8caa396196', 'Zucchini', 4, 'cup');
INSERT INTO ingredients (id, recipe_id, name, quantity, unit) VALUES ('1f59c224-0ab7-4cce-a79f-6849a3269992', 'a634c1b9-da8e-4c18-9789-df8caa396196', 'Brown Rice', 3, 'cup');
INSERT INTO ingredients (id, recipe_id, name, quantity, unit) VALUES ('b6adc4c8-a948-44ed-8c83-c31804c785d2', 'a634c1b9-da8e-4c18-9789-df8caa396196', 'Olive Oil', 3, 'tbsp');
INSERT INTO ingredients (id, recipe_id, name, quantity, unit) VALUES ('b7c909af-94ca-418e-bb2b-ba9d0b8e5399', 'a634c1b9-da8e-4c18-9789-df8caa396196', 'Salt & Pepper', 1, 'pinch');
INSERT INTO ingredients (id, recipe_id, name, quantity, unit) VALUES ('e284ad3a-cdf3-4cd4-9006-e3d689ff2252', 'a634c1b9-da8e-4c18-9789-df8caa396196', 'Brussels Sprouts', 2, 'g');
INSERT INTO ingredients (id, recipe_id, name, quantity, unit) VALUES ('226327d8-1077-4e40-a639-5e350556e972', 'a634c1b9-da8e-4c18-9789-df8caa396196', 'Carrots', 3, 'clove');
INSERT INTO ingredients (id, recipe_id, name, quantity, unit) VALUES ('4b25a82f-89aa-4421-800e-f7c2dd76edb1', 'a634c1b9-da8e-4c18-9789-df8caa396196', 'Asparagus', 1, 'oz');
INSERT INTO ingredients (id, recipe_id, name, quantity, unit) VALUES ('0249c2a2-2184-4c8a-8382-be43a948faae', 'a634c1b9-da8e-4c18-9789-df8caa396196', 'Broccoli', 4, 'bundle');
INSERT INTO ingredients (id, recipe_id, name, quantity, unit) VALUES ('8280f856-f804-40af-acb4-06fbe96e8423', 'a634c1b9-da8e-4c18-9789-df8caa396196', 'Zucchini', 2, 'ml');
INSERT INTO ingredients (id, recipe_id, name, quantity, unit) VALUES ('4a7723eb-824a-4328-8af9-fe59bca29228', 'a634c1b9-da8e-4c18-9789-df8caa396196', 'Green Beans', 1, 'pinch');
INSERT INTO ingredients (id, recipe_id, name, quantity, unit) VALUES ('26212aaa-844b-4c7b-8424-e5c487c63a2e', 'a634c1b9-da8e-4c18-9789-df8caa396196', 'Cauliflower', 4, 'pinch');
INSERT INTO recipe_dietary_tags (recipe_id, tag_id) VALUES ('a634c1b9-da8e-4c18-9789-df8caa396196', 8);

INSERT INTO recipes (id, user_id, title, description, instructions, image_url, servings, source_url, source_name, is_archived) VALUES ('8185386f-7915-4218-90c1-29d68fee3e1b', 'admin-user-id', 'Smoky BBQ Air Fried Turkey Breast', 'A delicious and healthy Smoky BBQ Air Fried Turkey Breast served with Broccoli and Wild Rice. Perfect for a quick weeknight dinner.', '1. Preheat oven to 400°F.
2. Season the Turkey Breast with Smoky BBQ spices.
3. Arrange Broccoli and Brussels Sprouts on a baking sheet.
4. Air Fried for 20-25 minutes until cooked through.
5. Serve hot over Wild Rice.', 'https://images.unsplash.com/photo-1500000000478?auto=format&fit=crop&w=800&q=60', 5, 'https://www.bonappetit.com', 'Bon Appetit', 0);
INSERT INTO ingredients (id, recipe_id, name, quantity, unit) VALUES ('081d698b-55e1-41f4-adaa-b21960aef08e', '8185386f-7915-4218-90c1-29d68fee3e1b', 'Turkey Breast', 2, 'lb');
INSERT INTO ingredients (id, recipe_id, name, quantity, unit) VALUES ('230c05e7-a991-44fb-b6cb-736ead3f5ec0', '8185386f-7915-4218-90c1-29d68fee3e1b', 'Broccoli', 3, 'head');
INSERT INTO ingredients (id, recipe_id, name, quantity, unit) VALUES ('896053a1-505f-4914-9746-a087faaa1ccf', '8185386f-7915-4218-90c1-29d68fee3e1b', 'Wild Rice', 2, 'cup');
INSERT INTO ingredients (id, recipe_id, name, quantity, unit) VALUES ('6a6b5e0f-1856-4783-b25a-b2771f5fc43b', '8185386f-7915-4218-90c1-29d68fee3e1b', 'Olive Oil', 3, 'tbsp');
INSERT INTO ingredients (id, recipe_id, name, quantity, unit) VALUES ('ba833aca-54fe-493f-857a-8e8a78955a52', '8185386f-7915-4218-90c1-29d68fee3e1b', 'Salt & Pepper', 1, 'pinch');
INSERT INTO ingredients (id, recipe_id, name, quantity, unit) VALUES ('b76f6069-1da1-4f64-ab40-90316bd5d7d8', '8185386f-7915-4218-90c1-29d68fee3e1b', 'Asparagus', 4, 'head');
INSERT INTO ingredients (id, recipe_id, name, quantity, unit) VALUES ('70c8e049-08fe-4796-8d60-bb3fde713c82', '8185386f-7915-4218-90c1-29d68fee3e1b', 'Garlic', 3, 'cup');
INSERT INTO ingredients (id, recipe_id, name, quantity, unit) VALUES ('8621c7f4-ec86-4435-a25f-f44947716731', '8185386f-7915-4218-90c1-29d68fee3e1b', 'Green Beans', 5, 'bundle');
INSERT INTO ingredients (id, recipe_id, name, quantity, unit) VALUES ('0c88c493-1057-4496-8825-8925eb8a3c8f', '8185386f-7915-4218-90c1-29d68fee3e1b', 'Butter', 5, 'clove');
INSERT INTO ingredients (id, recipe_id, name, quantity, unit) VALUES ('c95eca18-a411-4945-bb1e-d31b2e7b4a36', '8185386f-7915-4218-90c1-29d68fee3e1b', 'Ginger', 3, 'g');
INSERT INTO ingredients (id, recipe_id, name, quantity, unit) VALUES ('8f4fbcc9-a2ec-4eef-a2ba-c8f490751300', '8185386f-7915-4218-90c1-29d68fee3e1b', 'Asparagus', 5, 'g');
INSERT INTO ingredients (id, recipe_id, name, quantity, unit) VALUES ('553b3ef1-1261-4c25-a153-29b49f116458', '8185386f-7915-4218-90c1-29d68fee3e1b', 'Cauliflower', 4, 'lb');
INSERT INTO recipe_dietary_tags (recipe_id, tag_id) VALUES ('8185386f-7915-4218-90c1-29d68fee3e1b', 10);

INSERT INTO recipes (id, user_id, title, description, instructions, image_url, servings, source_url, source_name, is_archived) VALUES ('d24d5733-be3f-4cb6-af9d-7d9052ee3fb9', 'admin-user-id', 'Cajun Roasted Black Beans', 'A delicious and healthy Cajun Roasted Black Beans served with Bell Peppers and Brown Rice. Perfect for a quick weeknight dinner.', '1. Preheat oven to 400°F.
2. Season the Black Beans with Cajun spices.
3. Arrange Bell Peppers and Bell Peppers on a baking sheet.
4. Roasted for 20-25 minutes until cooked through.
5. Serve hot over Brown Rice.', 'https://images.unsplash.com/photo-1500000000479?auto=format&fit=crop&w=800&q=60', 5, 'https://www.foodnetwork.com', 'Food Network', 0);
INSERT INTO ingredients (id, recipe_id, name, quantity, unit) VALUES ('387f197a-8eb4-44e0-b0b1-8bc6d1630426', 'd24d5733-be3f-4cb6-af9d-7d9052ee3fb9', 'Black Beans', 1, 'oz');
INSERT INTO ingredients (id, recipe_id, name, quantity, unit) VALUES ('0ff606f1-7591-4a51-af09-07e78cd64e43', 'd24d5733-be3f-4cb6-af9d-7d9052ee3fb9', 'Bell Peppers', 4, 'head');
INSERT INTO ingredients (id, recipe_id, name, quantity, unit) VALUES ('6bcb0600-38f4-438c-a701-c3bb8d1df54b', 'd24d5733-be3f-4cb6-af9d-7d9052ee3fb9', 'Brown Rice', 1, 'cup');
INSERT INTO ingredients (id, recipe_id, name, quantity, unit) VALUES ('6fbae1a0-6ae0-4820-967b-a07f9d999427', 'd24d5733-be3f-4cb6-af9d-7d9052ee3fb9', 'Olive Oil', 3, 'tbsp');
INSERT INTO ingredients (id, recipe_id, name, quantity, unit) VALUES ('b960db58-a968-4540-826f-887a04f11d71', 'd24d5733-be3f-4cb6-af9d-7d9052ee3fb9', 'Salt & Pepper', 1, 'pinch');
INSERT INTO ingredients (id, recipe_id, name, quantity, unit) VALUES ('3fe489d8-544a-46ca-ae5e-ed1249c8406a', 'd24d5733-be3f-4cb6-af9d-7d9052ee3fb9', 'Brussels Sprouts', 2, 'pinch');
INSERT INTO ingredients (id, recipe_id, name, quantity, unit) VALUES ('6ced586a-f389-4215-a367-85f73683c8c2', 'd24d5733-be3f-4cb6-af9d-7d9052ee3fb9', 'Brussels Sprouts', 3, 'bundle');
INSERT INTO ingredients (id, recipe_id, name, quantity, unit) VALUES ('e7310447-4ecf-4105-bb33-7bbbbe84aa8b', 'd24d5733-be3f-4cb6-af9d-7d9052ee3fb9', 'Bell Peppers', 3, 'g');
INSERT INTO ingredients (id, recipe_id, name, quantity, unit) VALUES ('8678368f-1e81-4fc9-8267-ed9d062efc8f', 'd24d5733-be3f-4cb6-af9d-7d9052ee3fb9', 'Brussels Sprouts', 1, 'ml');
INSERT INTO recipe_dietary_tags (recipe_id, tag_id) VALUES ('d24d5733-be3f-4cb6-af9d-7d9052ee3fb9', 4);

INSERT INTO recipes (id, user_id, title, description, instructions, image_url, servings, source_url, source_name, is_archived) VALUES ('9936757c-ef6b-46b0-976c-cf4dee450091', 'admin-user-id', 'Taco Seasoned Grilled Steak', 'A delicious and healthy Taco Seasoned Grilled Steak served with Sweet Potatoes and Brown Rice. Perfect for a quick weeknight dinner.', '1. Preheat oven to 400°F.
2. Season the Steak with Taco Seasoned spices.
3. Arrange Sweet Potatoes and Broccoli on a baking sheet.
4. Grilled for 20-25 minutes until cooked through.
5. Serve hot over Brown Rice.', 'https://images.unsplash.com/photo-1500000000480?auto=format&fit=crop&w=800&q=60', 2, 'https://www.foodnetwork.com', 'Food Network', 0);
INSERT INTO ingredients (id, recipe_id, name, quantity, unit) VALUES ('9a95d714-164e-41e8-a5d0-0b64f79bdb44', '9936757c-ef6b-46b0-976c-cf4dee450091', 'Steak', 2, 'lb');
INSERT INTO ingredients (id, recipe_id, name, quantity, unit) VALUES ('a9dcb458-d6dd-464d-a1c2-fe481ffa54c3', '9936757c-ef6b-46b0-976c-cf4dee450091', 'Sweet Potatoes', 1, 'head');
INSERT INTO ingredients (id, recipe_id, name, quantity, unit) VALUES ('65a59a7c-31c1-4c7c-80fe-cca649406116', '9936757c-ef6b-46b0-976c-cf4dee450091', 'Brown Rice', 1, 'cup');
INSERT INTO ingredients (id, recipe_id, name, quantity, unit) VALUES ('c9705162-2989-47ab-b6b8-f81b160c6f22', '9936757c-ef6b-46b0-976c-cf4dee450091', 'Olive Oil', 2, 'tbsp');
INSERT INTO ingredients (id, recipe_id, name, quantity, unit) VALUES ('c2fb9025-9d5d-4ee5-bc39-8bd89d546783', '9936757c-ef6b-46b0-976c-cf4dee450091', 'Salt & Pepper', 1, 'pinch');
INSERT INTO ingredients (id, recipe_id, name, quantity, unit) VALUES ('07a92036-424b-4ce3-840b-cc8185af4f6a', '9936757c-ef6b-46b0-976c-cf4dee450091', 'Sweet Potatoes', 4, 'g');
INSERT INTO recipe_dietary_tags (recipe_id, tag_id) VALUES ('9936757c-ef6b-46b0-976c-cf4dee450091', 4);
INSERT INTO recipe_dietary_tags (recipe_id, tag_id) VALUES ('9936757c-ef6b-46b0-976c-cf4dee450091', 8);
INSERT INTO recipe_dietary_tags (recipe_id, tag_id) VALUES ('9936757c-ef6b-46b0-976c-cf4dee450091', 7);

INSERT INTO recipes (id, user_id, title, description, instructions, image_url, servings, source_url, source_name, is_archived) VALUES ('81b74ceb-3d3f-472a-9486-83b150ad3465', 'admin-user-id', 'Cajun Air Fried Tofu', 'A delicious and healthy Cajun Air Fried Tofu served with Broccoli and Lentil Pasta. Perfect for a quick weeknight dinner.', '1. Preheat oven to 400°F.
2. Season the Tofu with Cajun spices.
3. Arrange Broccoli and Cauliflower on a baking sheet.
4. Air Fried for 20-25 minutes until cooked through.
5. Serve hot over Lentil Pasta.', 'https://images.unsplash.com/photo-1500000000481?auto=format&fit=crop&w=800&q=60', 7, 'https://www.bonappetit.com', 'Bon Appetit', 0);
INSERT INTO ingredients (id, recipe_id, name, quantity, unit) VALUES ('1da2091c-80ed-4239-b9b1-688fd0f95846', '81b74ceb-3d3f-472a-9486-83b150ad3465', 'Tofu', 2, 'lb');
INSERT INTO ingredients (id, recipe_id, name, quantity, unit) VALUES ('19e9f8dd-5e62-4d81-8f91-3fff4acc3e88', '81b74ceb-3d3f-472a-9486-83b150ad3465', 'Broccoli', 2, 'bundle');
INSERT INTO ingredients (id, recipe_id, name, quantity, unit) VALUES ('1d96a528-f699-4b75-9957-49dff6661ad8', '81b74ceb-3d3f-472a-9486-83b150ad3465', 'Lentil Pasta', 1, 'cup');
INSERT INTO ingredients (id, recipe_id, name, quantity, unit) VALUES ('a004da8a-b706-468a-a6c3-7af6448d5869', '81b74ceb-3d3f-472a-9486-83b150ad3465', 'Olive Oil', 2, 'tbsp');
INSERT INTO ingredients (id, recipe_id, name, quantity, unit) VALUES ('d192771e-4ebf-4b4c-a602-85c571f0c1c1', '81b74ceb-3d3f-472a-9486-83b150ad3465', 'Salt & Pepper', 1, 'pinch');
INSERT INTO ingredients (id, recipe_id, name, quantity, unit) VALUES ('50b610b2-9de8-4a07-b0da-7758551507a3', '81b74ceb-3d3f-472a-9486-83b150ad3465', 'Carrots', 1, 'tbsp');
INSERT INTO recipe_dietary_tags (recipe_id, tag_id) VALUES ('81b74ceb-3d3f-472a-9486-83b150ad3465', 6);
INSERT INTO recipe_dietary_tags (recipe_id, tag_id) VALUES ('81b74ceb-3d3f-472a-9486-83b150ad3465', 4);

INSERT INTO recipes (id, user_id, title, description, instructions, image_url, servings, source_url, source_name, is_archived) VALUES ('09bcba31-7e59-4b29-865d-c2b08b281117', 'admin-user-id', 'Miso Ginger Steamed Lamb Chops', 'A delicious and healthy Miso Ginger Steamed Lamb Chops served with Carrots and Cauliflower Rice. Perfect for a quick weeknight dinner.', '1. Preheat oven to 400°F.
2. Season the Lamb Chops with Miso Ginger spices.
3. Arrange Carrots and Green Beans on a baking sheet.
4. Steamed for 20-25 minutes until cooked through.
5. Serve hot over Cauliflower Rice.', 'https://images.unsplash.com/photo-1500000000482?auto=format&fit=crop&w=800&q=60', 2, 'https://www.epicurious.com', 'Epicurious', 0);
INSERT INTO ingredients (id, recipe_id, name, quantity, unit) VALUES ('bd5f93fb-3abd-4a0f-a24e-cb7e29e5097b', '09bcba31-7e59-4b29-865d-c2b08b281117', 'Lamb Chops', 1, 'oz');
INSERT INTO ingredients (id, recipe_id, name, quantity, unit) VALUES ('eabf5f8d-61a6-4110-a168-141f4fbe3b80', '09bcba31-7e59-4b29-865d-c2b08b281117', 'Carrots', 1, 'bundle');
INSERT INTO ingredients (id, recipe_id, name, quantity, unit) VALUES ('c281d8ad-7ee2-44d0-ba73-dfcb11dfd898', '09bcba31-7e59-4b29-865d-c2b08b281117', 'Cauliflower Rice', 1, 'cup');
INSERT INTO ingredients (id, recipe_id, name, quantity, unit) VALUES ('039acf47-f722-4e63-94c1-533d8aa5a6d3', '09bcba31-7e59-4b29-865d-c2b08b281117', 'Olive Oil', 2, 'tbsp');
INSERT INTO ingredients (id, recipe_id, name, quantity, unit) VALUES ('9cfe26c8-1f5c-4ae0-b675-73153ac25719', '09bcba31-7e59-4b29-865d-c2b08b281117', 'Salt & Pepper', 1, 'pinch');
INSERT INTO ingredients (id, recipe_id, name, quantity, unit) VALUES ('68185b96-e940-487c-967b-4d8315f1295d', '09bcba31-7e59-4b29-865d-c2b08b281117', 'Sweet Potatoes', 2, 'ml');
INSERT INTO ingredients (id, recipe_id, name, quantity, unit) VALUES ('fe585752-42a5-4c84-93aa-f388a912661e', '09bcba31-7e59-4b29-865d-c2b08b281117', 'Asparagus', 3, 'clove');
INSERT INTO ingredients (id, recipe_id, name, quantity, unit) VALUES ('f9d121ad-949b-42fe-b69b-694aa5dc46b7', '09bcba31-7e59-4b29-865d-c2b08b281117', 'Brussels Sprouts', 2, 'oz');
INSERT INTO ingredients (id, recipe_id, name, quantity, unit) VALUES ('f36b3477-20eb-4324-beec-819b9644cef4', '09bcba31-7e59-4b29-865d-c2b08b281117', 'Bell Peppers', 3, 'tsp');
INSERT INTO ingredients (id, recipe_id, name, quantity, unit) VALUES ('bcc7b61c-ae51-4151-a40d-c3d0e8862c93', '09bcba31-7e59-4b29-865d-c2b08b281117', 'Asparagus', 4, 'g');
INSERT INTO ingredients (id, recipe_id, name, quantity, unit) VALUES ('f2302c6c-3605-4df2-a123-19e72172e2f8', '09bcba31-7e59-4b29-865d-c2b08b281117', 'Butter', 3, 'head');
INSERT INTO ingredients (id, recipe_id, name, quantity, unit) VALUES ('26a9aeac-7ff0-42e8-b87f-8698ede7ef73', '09bcba31-7e59-4b29-865d-c2b08b281117', 'Onion', 3, 'oz');
INSERT INTO recipe_dietary_tags (recipe_id, tag_id) VALUES ('09bcba31-7e59-4b29-865d-c2b08b281117', 8);

INSERT INTO recipes (id, user_id, title, description, instructions, image_url, servings, source_url, source_name, is_archived) VALUES ('063b2d67-1c6d-44ea-acde-e34457782ec9', 'admin-user-id', 'Herbes de Provence Roasted Salmon Fillet', 'A delicious and healthy Herbes de Provence Roasted Salmon Fillet served with Spinach and Cauliflower Rice. Perfect for a quick weeknight dinner.', '1. Preheat oven to 400°F.
2. Season the Salmon Fillet with Herbes de Provence spices.
3. Arrange Spinach and Green Beans on a baking sheet.
4. Roasted for 20-25 minutes until cooked through.
5. Serve hot over Cauliflower Rice.', 'https://images.unsplash.com/photo-1500000000483?auto=format&fit=crop&w=800&q=60', 6, 'https://www.tasteofhome.com', 'Taste of Home', 0);
INSERT INTO ingredients (id, recipe_id, name, quantity, unit) VALUES ('d43661fe-d4b7-41fd-b8c9-d9b0b9d277b2', '063b2d67-1c6d-44ea-acde-e34457782ec9', 'Salmon Fillet', 2, 'lb');
INSERT INTO ingredients (id, recipe_id, name, quantity, unit) VALUES ('ea2dc836-882d-41fa-bc92-69f9520f0f58', '063b2d67-1c6d-44ea-acde-e34457782ec9', 'Spinach', 2, 'head');
INSERT INTO ingredients (id, recipe_id, name, quantity, unit) VALUES ('db5b8e95-22c0-4807-a518-ca48bd35cea8', '063b2d67-1c6d-44ea-acde-e34457782ec9', 'Cauliflower Rice', 1, 'cup');
INSERT INTO ingredients (id, recipe_id, name, quantity, unit) VALUES ('19ac27ba-02e5-4318-8d6b-742896dba0e7', '063b2d67-1c6d-44ea-acde-e34457782ec9', 'Olive Oil', 3, 'tbsp');
INSERT INTO ingredients (id, recipe_id, name, quantity, unit) VALUES ('3746cc2d-7e61-4caf-83ec-2849468a2128', '063b2d67-1c6d-44ea-acde-e34457782ec9', 'Salt & Pepper', 1, 'pinch');
INSERT INTO ingredients (id, recipe_id, name, quantity, unit) VALUES ('b6eaba2c-e05b-4a8c-986d-4b51911ef488', '063b2d67-1c6d-44ea-acde-e34457782ec9', 'Zucchini', 2, 'tsp');
INSERT INTO ingredients (id, recipe_id, name, quantity, unit) VALUES ('854dfab5-0637-4371-ad15-9bb5fbeb7ee7', '063b2d67-1c6d-44ea-acde-e34457782ec9', 'Carrots', 3, 'pinch');
INSERT INTO recipe_dietary_tags (recipe_id, tag_id) VALUES ('063b2d67-1c6d-44ea-acde-e34457782ec9', 6);

INSERT INTO recipes (id, user_id, title, description, instructions, image_url, servings, source_url, source_name, is_archived) VALUES ('8fe60e3f-1222-4485-8163-2bfedbf1daba', 'admin-user-id', 'Taco Seasoned Air Fried Tofu', 'A delicious and healthy Taco Seasoned Air Fried Tofu served with Green Beans and Quinoa. Perfect for a quick weeknight dinner.', '1. Preheat oven to 400°F.
2. Season the Tofu with Taco Seasoned spices.
3. Arrange Green Beans and Kale on a baking sheet.
4. Air Fried for 20-25 minutes until cooked through.
5. Serve hot over Quinoa.', 'https://images.unsplash.com/photo-1500000000484?auto=format&fit=crop&w=800&q=60', 3, 'https://www.allrecipes.com', 'AllRecipes', 0);
INSERT INTO ingredients (id, recipe_id, name, quantity, unit) VALUES ('07837fe5-caa8-4d60-a49f-c0f5723e9a9f', '8fe60e3f-1222-4485-8163-2bfedbf1daba', 'Tofu', 1, 'oz');
INSERT INTO ingredients (id, recipe_id, name, quantity, unit) VALUES ('218bfc55-9ac5-45d6-9658-a4f025cb6528', '8fe60e3f-1222-4485-8163-2bfedbf1daba', 'Green Beans', 2, 'bundle');
INSERT INTO ingredients (id, recipe_id, name, quantity, unit) VALUES ('eca6a24a-82a2-4794-bb38-71e27368cf86', '8fe60e3f-1222-4485-8163-2bfedbf1daba', 'Quinoa', 2, 'cup');
INSERT INTO ingredients (id, recipe_id, name, quantity, unit) VALUES ('403e3900-c383-47b1-a56b-ef522c55f0da', '8fe60e3f-1222-4485-8163-2bfedbf1daba', 'Olive Oil', 2, 'tbsp');
INSERT INTO ingredients (id, recipe_id, name, quantity, unit) VALUES ('07178af5-9865-4506-a9ca-be03fe4861d8', '8fe60e3f-1222-4485-8163-2bfedbf1daba', 'Salt & Pepper', 1, 'pinch');
INSERT INTO recipe_dietary_tags (recipe_id, tag_id) VALUES ('8fe60e3f-1222-4485-8163-2bfedbf1daba', 6);
INSERT INTO recipe_dietary_tags (recipe_id, tag_id) VALUES ('8fe60e3f-1222-4485-8163-2bfedbf1daba', 7);
INSERT INTO recipe_dietary_tags (recipe_id, tag_id) VALUES ('8fe60e3f-1222-4485-8163-2bfedbf1daba', 2);

INSERT INTO recipes (id, user_id, title, description, instructions, image_url, servings, source_url, source_name, is_archived) VALUES ('77a595ba-fdf3-4ebe-98b7-753968538b52', 'admin-user-id', 'Balsamic Glaze Sautéed Lamb Chops', 'A delicious and healthy Balsamic Glaze Sautéed Lamb Chops served with Zucchini and Brown Rice. Perfect for a quick weeknight dinner.', '1. Preheat oven to 400°F.
2. Season the Lamb Chops with Balsamic Glaze spices.
3. Arrange Zucchini and Spinach on a baking sheet.
4. Sautéed for 20-25 minutes until cooked through.
5. Serve hot over Brown Rice.', 'https://images.unsplash.com/photo-1500000000485?auto=format&fit=crop&w=800&q=60', 3, 'https://www.epicurious.com', 'Epicurious', 0);
INSERT INTO ingredients (id, recipe_id, name, quantity, unit) VALUES ('48ab2490-927f-4aec-be8a-ddda957b9852', '77a595ba-fdf3-4ebe-98b7-753968538b52', 'Lamb Chops', 2, 'lb');
INSERT INTO ingredients (id, recipe_id, name, quantity, unit) VALUES ('a8e7ba66-b372-48ab-8a84-6ac814686a25', '77a595ba-fdf3-4ebe-98b7-753968538b52', 'Zucchini', 4, 'cup');
INSERT INTO ingredients (id, recipe_id, name, quantity, unit) VALUES ('3f8a6477-a1be-479e-ba67-968e6e7dc0bf', '77a595ba-fdf3-4ebe-98b7-753968538b52', 'Brown Rice', 3, 'cup');
INSERT INTO ingredients (id, recipe_id, name, quantity, unit) VALUES ('ae425ebe-87da-4532-bdf8-2e0a58179b8f', '77a595ba-fdf3-4ebe-98b7-753968538b52', 'Olive Oil', 1, 'tbsp');
INSERT INTO ingredients (id, recipe_id, name, quantity, unit) VALUES ('758eca4c-27bd-4c84-8143-5de2e252cca1', '77a595ba-fdf3-4ebe-98b7-753968538b52', 'Salt & Pepper', 1, 'pinch');
INSERT INTO recipe_dietary_tags (recipe_id, tag_id) VALUES ('77a595ba-fdf3-4ebe-98b7-753968538b52', 5);
INSERT INTO recipe_dietary_tags (recipe_id, tag_id) VALUES ('77a595ba-fdf3-4ebe-98b7-753968538b52', 3);

INSERT INTO recipes (id, user_id, title, description, instructions, image_url, servings, source_url, source_name, is_archived) VALUES ('1ef00862-8fb9-4b34-b4cf-16a38962e7c9', 'admin-user-id', 'Balsamic Glaze Air Fried Lentils', 'A delicious and healthy Balsamic Glaze Air Fried Lentils served with Broccoli and Mashed Cauliflower. Perfect for a quick weeknight dinner.', '1. Preheat oven to 400°F.
2. Season the Lentils with Balsamic Glaze spices.
3. Arrange Broccoli and Bell Peppers on a baking sheet.
4. Air Fried for 20-25 minutes until cooked through.
5. Serve hot over Mashed Cauliflower.', 'https://images.unsplash.com/photo-1500000000486?auto=format&fit=crop&w=800&q=60', 4, 'https://www.bonappetit.com', 'Bon Appetit', 0);
INSERT INTO ingredients (id, recipe_id, name, quantity, unit) VALUES ('ccc2be37-c8c8-491f-9b93-b3e2ec85421b', '1ef00862-8fb9-4b34-b4cf-16a38962e7c9', 'Lentils', 2, 'lb');
INSERT INTO ingredients (id, recipe_id, name, quantity, unit) VALUES ('51641bfb-5392-4674-90c1-c60858d1f4f4', '1ef00862-8fb9-4b34-b4cf-16a38962e7c9', 'Broccoli', 3, 'cup');
INSERT INTO ingredients (id, recipe_id, name, quantity, unit) VALUES ('5f84843d-a2b9-4c16-bd18-e6f239c07f73', '1ef00862-8fb9-4b34-b4cf-16a38962e7c9', 'Mashed Cauliflower', 2, 'cup');
INSERT INTO ingredients (id, recipe_id, name, quantity, unit) VALUES ('9c26f52a-005c-4083-833f-b11f93616931', '1ef00862-8fb9-4b34-b4cf-16a38962e7c9', 'Olive Oil', 2, 'tbsp');
INSERT INTO ingredients (id, recipe_id, name, quantity, unit) VALUES ('4438e9b0-5fcd-4ab3-ade4-b2a9cc17fa6e', '1ef00862-8fb9-4b34-b4cf-16a38962e7c9', 'Salt & Pepper', 1, 'pinch');
INSERT INTO ingredients (id, recipe_id, name, quantity, unit) VALUES ('09c71f3c-e5b6-4084-baa0-930b5ad41bf6', '1ef00862-8fb9-4b34-b4cf-16a38962e7c9', 'Sweet Potatoes', 2, 'cup');
INSERT INTO ingredients (id, recipe_id, name, quantity, unit) VALUES ('e9958999-41fe-4577-9d90-50e0651a04f3', '1ef00862-8fb9-4b34-b4cf-16a38962e7c9', 'Broccoli', 5, 'g');
INSERT INTO ingredients (id, recipe_id, name, quantity, unit) VALUES ('a2ae8f80-2df3-417a-9a20-1e827c02c322', '1ef00862-8fb9-4b34-b4cf-16a38962e7c9', 'Broccoli', 3, 'clove');
INSERT INTO recipe_dietary_tags (recipe_id, tag_id) VALUES ('1ef00862-8fb9-4b34-b4cf-16a38962e7c9', 4);
INSERT INTO recipe_dietary_tags (recipe_id, tag_id) VALUES ('1ef00862-8fb9-4b34-b4cf-16a38962e7c9', 3);
INSERT INTO recipe_dietary_tags (recipe_id, tag_id) VALUES ('1ef00862-8fb9-4b34-b4cf-16a38962e7c9', 9);

INSERT INTO recipes (id, user_id, title, description, instructions, image_url, servings, source_url, source_name, is_archived) VALUES ('846aa910-9508-4208-b4ae-29adb974e8c1', 'admin-user-id', 'Curry Pan-Seared Eggs', 'A delicious and healthy Curry Pan-Seared Eggs served with Spinach and Wild Rice. Perfect for a quick weeknight dinner.', '1. Preheat oven to 400°F.
2. Season the Eggs with Curry spices.
3. Arrange Spinach and Zucchini on a baking sheet.
4. Pan-Seared for 20-25 minutes until cooked through.
5. Serve hot over Wild Rice.', 'https://images.unsplash.com/photo-1500000000487?auto=format&fit=crop&w=800&q=60', 6, 'https://www.tasteofhome.com', 'Taste of Home', 0);
INSERT INTO ingredients (id, recipe_id, name, quantity, unit) VALUES ('3c4818d2-90de-4a45-8c2b-a97464f9113f', '846aa910-9508-4208-b4ae-29adb974e8c1', 'Eggs', 1, 'oz');
INSERT INTO ingredients (id, recipe_id, name, quantity, unit) VALUES ('ee391a07-ed41-455a-ae9d-127dba3b4756', '846aa910-9508-4208-b4ae-29adb974e8c1', 'Spinach', 1, 'head');
INSERT INTO ingredients (id, recipe_id, name, quantity, unit) VALUES ('eaf8229a-aa09-4681-8508-3eab18bbdb5f', '846aa910-9508-4208-b4ae-29adb974e8c1', 'Wild Rice', 1, 'cup');
INSERT INTO ingredients (id, recipe_id, name, quantity, unit) VALUES ('c2119fc9-77dc-4704-b211-670ad3aad859', '846aa910-9508-4208-b4ae-29adb974e8c1', 'Olive Oil', 3, 'tbsp');
INSERT INTO ingredients (id, recipe_id, name, quantity, unit) VALUES ('a7b005bf-46b4-4003-b4f3-a0f6d9b1a9ef', '846aa910-9508-4208-b4ae-29adb974e8c1', 'Salt & Pepper', 1, 'pinch');
INSERT INTO ingredients (id, recipe_id, name, quantity, unit) VALUES ('f0d8c5e0-accb-4d30-a9c2-2f5a0e848b1f', '846aa910-9508-4208-b4ae-29adb974e8c1', 'Bell Peppers', 2, 'tsp');
INSERT INTO ingredients (id, recipe_id, name, quantity, unit) VALUES ('e25bb265-f90f-4c9c-904b-44733f59b186', '846aa910-9508-4208-b4ae-29adb974e8c1', 'Lemon', 4, 'ml');
INSERT INTO ingredients (id, recipe_id, name, quantity, unit) VALUES ('318044c9-c54d-44b3-88e9-b2a1e5f862d6', '846aa910-9508-4208-b4ae-29adb974e8c1', 'Carrots', 5, 'pinch');
INSERT INTO ingredients (id, recipe_id, name, quantity, unit) VALUES ('b37ed217-3fe5-4540-ba2e-c35fd4492ec3', '846aa910-9508-4208-b4ae-29adb974e8c1', 'Green Beans', 2, 'tbsp');
INSERT INTO ingredients (id, recipe_id, name, quantity, unit) VALUES ('e75f557e-ed5f-4243-9e43-859acc180d22', '846aa910-9508-4208-b4ae-29adb974e8c1', 'Ginger', 2, 'tbsp');
INSERT INTO ingredients (id, recipe_id, name, quantity, unit) VALUES ('c765b1f0-a2e2-478c-a942-d82091f3886c', '846aa910-9508-4208-b4ae-29adb974e8c1', 'Broccoli', 5, 'tbsp');
INSERT INTO ingredients (id, recipe_id, name, quantity, unit) VALUES ('f81c525a-5f76-4458-b387-0888ba821b86', '846aa910-9508-4208-b4ae-29adb974e8c1', 'Carrots', 4, 'bundle');
INSERT INTO recipe_dietary_tags (recipe_id, tag_id) VALUES ('846aa910-9508-4208-b4ae-29adb974e8c1', 2);
INSERT INTO recipe_dietary_tags (recipe_id, tag_id) VALUES ('846aa910-9508-4208-b4ae-29adb974e8c1', 3);
INSERT INTO recipe_dietary_tags (recipe_id, tag_id) VALUES ('846aa910-9508-4208-b4ae-29adb974e8c1', 1);

INSERT INTO recipes (id, user_id, title, description, instructions, image_url, servings, source_url, source_name, is_archived) VALUES ('93441555-8aab-4b10-8f1a-0ccdb18666c0', 'admin-user-id', 'Cajun Pan-Seared Shrimp', 'A delicious and healthy Cajun Pan-Seared Shrimp served with Cauliflower and Brown Rice. Perfect for a quick weeknight dinner.', '1. Preheat oven to 400°F.
2. Season the Shrimp with Cajun spices.
3. Arrange Cauliflower and Sweet Potatoes on a baking sheet.
4. Pan-Seared for 20-25 minutes until cooked through.
5. Serve hot over Brown Rice.', 'https://images.unsplash.com/photo-1500000000488?auto=format&fit=crop&w=800&q=60', 8, 'https://www.epicurious.com', 'Epicurious', 0);
INSERT INTO ingredients (id, recipe_id, name, quantity, unit) VALUES ('a911ee48-05f3-41c3-843e-0ee31384a4b3', '93441555-8aab-4b10-8f1a-0ccdb18666c0', 'Shrimp', 2, 'lb');
INSERT INTO ingredients (id, recipe_id, name, quantity, unit) VALUES ('98e160ab-9efd-470f-98fd-4f32ce1f3601', '93441555-8aab-4b10-8f1a-0ccdb18666c0', 'Cauliflower', 3, 'head');
INSERT INTO ingredients (id, recipe_id, name, quantity, unit) VALUES ('a95ff5c9-4f6e-4ffb-8ffc-fea2ca6cdb08', '93441555-8aab-4b10-8f1a-0ccdb18666c0', 'Brown Rice', 2, 'cup');
INSERT INTO ingredients (id, recipe_id, name, quantity, unit) VALUES ('c9d995a9-5d3f-444a-ab19-1349fe3562ff', '93441555-8aab-4b10-8f1a-0ccdb18666c0', 'Olive Oil', 2, 'tbsp');
INSERT INTO ingredients (id, recipe_id, name, quantity, unit) VALUES ('58feb32f-622d-49d4-bd2f-74a041448229', '93441555-8aab-4b10-8f1a-0ccdb18666c0', 'Salt & Pepper', 1, 'pinch');
INSERT INTO ingredients (id, recipe_id, name, quantity, unit) VALUES ('557719a9-2259-480c-885c-6860e081b289', '93441555-8aab-4b10-8f1a-0ccdb18666c0', 'Carrots', 4, 'clove');
INSERT INTO ingredients (id, recipe_id, name, quantity, unit) VALUES ('c05f03ac-3da7-4d3c-b4ea-547a3ca24d57', '93441555-8aab-4b10-8f1a-0ccdb18666c0', 'Ginger', 5, 'oz');
INSERT INTO ingredients (id, recipe_id, name, quantity, unit) VALUES ('df13e08a-16f3-4142-ad25-44545e39c324', '93441555-8aab-4b10-8f1a-0ccdb18666c0', 'Green Beans', 1, 'tbsp');
INSERT INTO ingredients (id, recipe_id, name, quantity, unit) VALUES ('16766025-034a-4a68-8dfb-2cf70e7f7d91', '93441555-8aab-4b10-8f1a-0ccdb18666c0', 'Brussels Sprouts', 5, 'pinch');
INSERT INTO recipe_dietary_tags (recipe_id, tag_id) VALUES ('93441555-8aab-4b10-8f1a-0ccdb18666c0', 2);
INSERT INTO recipe_dietary_tags (recipe_id, tag_id) VALUES ('93441555-8aab-4b10-8f1a-0ccdb18666c0', 5);
INSERT INTO recipe_dietary_tags (recipe_id, tag_id) VALUES ('93441555-8aab-4b10-8f1a-0ccdb18666c0', 3);

INSERT INTO recipes (id, user_id, title, description, instructions, image_url, servings, source_url, source_name, is_archived) VALUES ('56505557-08af-46da-b6dd-e41a59f26064', 'admin-user-id', 'Cajun Roasted Ground Beef', 'A delicious and healthy Cajun Roasted Ground Beef served with Zucchini and Mashed Cauliflower. Perfect for a quick weeknight dinner.', '1. Preheat oven to 400°F.
2. Season the Ground Beef with Cajun spices.
3. Arrange Zucchini and Bell Peppers on a baking sheet.
4. Roasted for 20-25 minutes until cooked through.
5. Serve hot over Mashed Cauliflower.', 'https://images.unsplash.com/photo-1500000000489?auto=format&fit=crop&w=800&q=60', 6, 'https://www.epicurious.com', 'Epicurious', 0);
INSERT INTO ingredients (id, recipe_id, name, quantity, unit) VALUES ('cb422930-e023-4a08-9b3a-df7e3d2626ea', '56505557-08af-46da-b6dd-e41a59f26064', 'Ground Beef', 2, 'oz');
INSERT INTO ingredients (id, recipe_id, name, quantity, unit) VALUES ('7f33e29b-1490-4063-9115-70f90f0edd9d', '56505557-08af-46da-b6dd-e41a59f26064', 'Zucchini', 3, 'head');
INSERT INTO ingredients (id, recipe_id, name, quantity, unit) VALUES ('cccf1f91-43df-438c-9f6d-9e28a969c199', '56505557-08af-46da-b6dd-e41a59f26064', 'Mashed Cauliflower', 3, 'cup');
INSERT INTO ingredients (id, recipe_id, name, quantity, unit) VALUES ('c53db903-c92d-4d21-acab-881335c93138', '56505557-08af-46da-b6dd-e41a59f26064', 'Olive Oil', 3, 'tbsp');
INSERT INTO ingredients (id, recipe_id, name, quantity, unit) VALUES ('14678938-296c-4df9-bb54-e7a587d57c2c', '56505557-08af-46da-b6dd-e41a59f26064', 'Salt & Pepper', 1, 'pinch');
INSERT INTO ingredients (id, recipe_id, name, quantity, unit) VALUES ('13ae5e50-3c1e-459f-886a-6a23f0dea6e1', '56505557-08af-46da-b6dd-e41a59f26064', 'Kale', 5, 'lb');
INSERT INTO ingredients (id, recipe_id, name, quantity, unit) VALUES ('16306922-bb45-4c74-91b7-bd01931e3350', '56505557-08af-46da-b6dd-e41a59f26064', 'Brussels Sprouts', 4, 'head');
INSERT INTO ingredients (id, recipe_id, name, quantity, unit) VALUES ('ea2f47ce-5381-4a15-8bd3-e5885aa4bfcd', '56505557-08af-46da-b6dd-e41a59f26064', 'Lemon', 4, 'clove');
INSERT INTO ingredients (id, recipe_id, name, quantity, unit) VALUES ('6f666015-e649-4eac-a03a-228cddf05186', '56505557-08af-46da-b6dd-e41a59f26064', 'Spinach', 1, 'clove');
INSERT INTO ingredients (id, recipe_id, name, quantity, unit) VALUES ('f5413099-3e8f-4115-bf28-b000f5e172e4', '56505557-08af-46da-b6dd-e41a59f26064', 'Kale', 5, 'head');
INSERT INTO recipe_dietary_tags (recipe_id, tag_id) VALUES ('56505557-08af-46da-b6dd-e41a59f26064', 10);

INSERT INTO recipes (id, user_id, title, description, instructions, image_url, servings, source_url, source_name, is_archived) VALUES ('9cd16203-c964-4a27-bd89-65c2b44b8521', 'admin-user-id', 'Pesto Steamed Tofu', 'A delicious and healthy Pesto Steamed Tofu served with Brussels Sprouts and Roasted Potatoes. Perfect for a quick weeknight dinner.', '1. Preheat oven to 400°F.
2. Season the Tofu with Pesto spices.
3. Arrange Brussels Sprouts and Brussels Sprouts on a baking sheet.
4. Steamed for 20-25 minutes until cooked through.
5. Serve hot over Roasted Potatoes.', 'https://images.unsplash.com/photo-1500000000490?auto=format&fit=crop&w=800&q=60', 4, 'https://www.foodnetwork.com', 'Food Network', 0);
INSERT INTO ingredients (id, recipe_id, name, quantity, unit) VALUES ('28e16116-4e52-4dee-abc0-470348ba7398', '9cd16203-c964-4a27-bd89-65c2b44b8521', 'Tofu', 1, 'oz');
INSERT INTO ingredients (id, recipe_id, name, quantity, unit) VALUES ('7e20c2f0-9f78-4d5b-9289-1e06566ea1b3', '9cd16203-c964-4a27-bd89-65c2b44b8521', 'Brussels Sprouts', 4, 'bundle');
INSERT INTO ingredients (id, recipe_id, name, quantity, unit) VALUES ('4e2795cf-21f0-4e0e-9f83-015194c7262f', '9cd16203-c964-4a27-bd89-65c2b44b8521', 'Roasted Potatoes', 3, 'cup');
INSERT INTO ingredients (id, recipe_id, name, quantity, unit) VALUES ('a8c2f1e4-ac74-45f4-b324-9443bbf6f4e2', '9cd16203-c964-4a27-bd89-65c2b44b8521', 'Olive Oil', 1, 'tbsp');
INSERT INTO ingredients (id, recipe_id, name, quantity, unit) VALUES ('5e9dfd5b-46dc-4d22-999b-9275d0832140', '9cd16203-c964-4a27-bd89-65c2b44b8521', 'Salt & Pepper', 1, 'pinch');
INSERT INTO ingredients (id, recipe_id, name, quantity, unit) VALUES ('a202bda2-5958-4d61-872d-20a227e474e0', '9cd16203-c964-4a27-bd89-65c2b44b8521', 'Onion', 2, 'pinch');
INSERT INTO ingredients (id, recipe_id, name, quantity, unit) VALUES ('793b4d4f-3a78-44d5-a7fd-992ef872afc1', '9cd16203-c964-4a27-bd89-65c2b44b8521', 'Brussels Sprouts', 1, 'tbsp');
INSERT INTO recipe_dietary_tags (recipe_id, tag_id) VALUES ('9cd16203-c964-4a27-bd89-65c2b44b8521', 2);
INSERT INTO recipe_dietary_tags (recipe_id, tag_id) VALUES ('9cd16203-c964-4a27-bd89-65c2b44b8521', 8);
INSERT INTO recipe_dietary_tags (recipe_id, tag_id) VALUES ('9cd16203-c964-4a27-bd89-65c2b44b8521', 10);

INSERT INTO recipes (id, user_id, title, description, instructions, image_url, servings, source_url, source_name, is_archived) VALUES ('4547a886-6522-4b6d-a796-7932d0678d23', 'admin-user-id', 'Balsamic Glaze Roasted Black Beans', 'A delicious and healthy Balsamic Glaze Roasted Black Beans served with Sweet Potatoes and Couscous. Perfect for a quick weeknight dinner.', '1. Preheat oven to 400°F.
2. Season the Black Beans with Balsamic Glaze spices.
3. Arrange Sweet Potatoes and Green Beans on a baking sheet.
4. Roasted for 20-25 minutes until cooked through.
5. Serve hot over Couscous.', 'https://images.unsplash.com/photo-1500000000491?auto=format&fit=crop&w=800&q=60', 8, 'https://www.tasteofhome.com', 'Taste of Home', 0);
INSERT INTO ingredients (id, recipe_id, name, quantity, unit) VALUES ('23ba4d7d-c454-491a-947e-159affff3be1', '4547a886-6522-4b6d-a796-7932d0678d23', 'Black Beans', 1, 'lb');
INSERT INTO ingredients (id, recipe_id, name, quantity, unit) VALUES ('76c93c12-4ab9-46c0-850a-a4362de78296', '4547a886-6522-4b6d-a796-7932d0678d23', 'Sweet Potatoes', 2, 'bundle');
INSERT INTO ingredients (id, recipe_id, name, quantity, unit) VALUES ('da4df6eb-9c5d-4f12-b881-5b00a0f4f916', '4547a886-6522-4b6d-a796-7932d0678d23', 'Couscous', 2, 'cup');
INSERT INTO ingredients (id, recipe_id, name, quantity, unit) VALUES ('25d64196-9668-4f98-99df-44c9ae736b89', '4547a886-6522-4b6d-a796-7932d0678d23', 'Olive Oil', 2, 'tbsp');
INSERT INTO ingredients (id, recipe_id, name, quantity, unit) VALUES ('3ccf2ec7-97bd-4267-bff0-4cd321020013', '4547a886-6522-4b6d-a796-7932d0678d23', 'Salt & Pepper', 1, 'pinch');
INSERT INTO recipe_dietary_tags (recipe_id, tag_id) VALUES ('4547a886-6522-4b6d-a796-7932d0678d23', 4);
INSERT INTO recipe_dietary_tags (recipe_id, tag_id) VALUES ('4547a886-6522-4b6d-a796-7932d0678d23', 1);

INSERT INTO recipes (id, user_id, title, description, instructions, image_url, servings, source_url, source_name, is_archived) VALUES ('c3e85a53-d979-4d9b-812f-603d4d065e09', 'admin-user-id', 'Pesto Air Fried Lamb Chops', 'A delicious and healthy Pesto Air Fried Lamb Chops served with Brussels Sprouts and Roasted Potatoes. Perfect for a quick weeknight dinner.', '1. Preheat oven to 400°F.
2. Season the Lamb Chops with Pesto spices.
3. Arrange Brussels Sprouts and Sweet Potatoes on a baking sheet.
4. Air Fried for 20-25 minutes until cooked through.
5. Serve hot over Roasted Potatoes.', 'https://images.unsplash.com/photo-1500000000492?auto=format&fit=crop&w=800&q=60', 4, 'https://www.foodnetwork.com', 'Food Network', 0);
INSERT INTO ingredients (id, recipe_id, name, quantity, unit) VALUES ('5088cfcf-fe51-4a4e-963d-eed9808b2578', 'c3e85a53-d979-4d9b-812f-603d4d065e09', 'Lamb Chops', 2, 'oz');
INSERT INTO ingredients (id, recipe_id, name, quantity, unit) VALUES ('5c60fbfb-b42c-40a9-b170-7ef0b6c56598', 'c3e85a53-d979-4d9b-812f-603d4d065e09', 'Brussels Sprouts', 4, 'bundle');
INSERT INTO ingredients (id, recipe_id, name, quantity, unit) VALUES ('72619a73-1f7b-4f35-91d2-8c4934a2df82', 'c3e85a53-d979-4d9b-812f-603d4d065e09', 'Roasted Potatoes', 1, 'cup');
INSERT INTO ingredients (id, recipe_id, name, quantity, unit) VALUES ('6945bc02-6afb-448d-b8f8-61dda8eaef13', 'c3e85a53-d979-4d9b-812f-603d4d065e09', 'Olive Oil', 1, 'tbsp');
INSERT INTO ingredients (id, recipe_id, name, quantity, unit) VALUES ('c52b86a7-7197-4aa4-8d51-f71783a854ba', 'c3e85a53-d979-4d9b-812f-603d4d065e09', 'Salt & Pepper', 1, 'pinch');
INSERT INTO ingredients (id, recipe_id, name, quantity, unit) VALUES ('03145feb-c605-4acb-9889-698e360e70e7', 'c3e85a53-d979-4d9b-812f-603d4d065e09', 'Green Beans', 2, 'head');
INSERT INTO ingredients (id, recipe_id, name, quantity, unit) VALUES ('ceb07510-cf53-4567-962f-557b18a32f64', 'c3e85a53-d979-4d9b-812f-603d4d065e09', 'Cauliflower', 4, 'cup');
INSERT INTO ingredients (id, recipe_id, name, quantity, unit) VALUES ('9d3a44ec-18b2-466e-b259-6752a099550a', 'c3e85a53-d979-4d9b-812f-603d4d065e09', 'Butter', 4, 'g');
INSERT INTO ingredients (id, recipe_id, name, quantity, unit) VALUES ('6e565b36-4085-49c3-9c76-3f5ea4224154', 'c3e85a53-d979-4d9b-812f-603d4d065e09', 'Cauliflower', 2, 'head');
INSERT INTO ingredients (id, recipe_id, name, quantity, unit) VALUES ('74d262cf-59ed-4222-bd88-d9dfc410f105', 'c3e85a53-d979-4d9b-812f-603d4d065e09', 'Spinach', 5, 'g');
INSERT INTO recipe_dietary_tags (recipe_id, tag_id) VALUES ('c3e85a53-d979-4d9b-812f-603d4d065e09', 7);
INSERT INTO recipe_dietary_tags (recipe_id, tag_id) VALUES ('c3e85a53-d979-4d9b-812f-603d4d065e09', 4);

INSERT INTO recipes (id, user_id, title, description, instructions, image_url, servings, source_url, source_name, is_archived) VALUES ('388b8e54-5aef-4b7d-8e76-56e353dab931', 'admin-user-id', 'Curry Steamed Shrimp', 'A delicious and healthy Curry Steamed Shrimp served with Sweet Potatoes and Zucchini Noodles. Perfect for a quick weeknight dinner.', '1. Preheat oven to 400°F.
2. Season the Shrimp with Curry spices.
3. Arrange Sweet Potatoes and Bell Peppers on a baking sheet.
4. Steamed for 20-25 minutes until cooked through.
5. Serve hot over Zucchini Noodles.', 'https://images.unsplash.com/photo-1500000000493?auto=format&fit=crop&w=800&q=60', 7, 'https://www.bonappetit.com', 'Bon Appetit', 0);
INSERT INTO ingredients (id, recipe_id, name, quantity, unit) VALUES ('652b9fcd-6a33-41e0-bfcb-5b5f720c23b0', '388b8e54-5aef-4b7d-8e76-56e353dab931', 'Shrimp', 2, 'oz');
INSERT INTO ingredients (id, recipe_id, name, quantity, unit) VALUES ('4a241400-3514-4051-9922-93ba90df0827', '388b8e54-5aef-4b7d-8e76-56e353dab931', 'Sweet Potatoes', 3, 'cup');
INSERT INTO ingredients (id, recipe_id, name, quantity, unit) VALUES ('0e1b2eaa-81a2-4a86-930c-4ebe292ee3be', '388b8e54-5aef-4b7d-8e76-56e353dab931', 'Zucchini Noodles', 1, 'cup');
INSERT INTO ingredients (id, recipe_id, name, quantity, unit) VALUES ('24cdeb15-079e-430d-aee7-02f1c2d28444', '388b8e54-5aef-4b7d-8e76-56e353dab931', 'Olive Oil', 2, 'tbsp');
INSERT INTO ingredients (id, recipe_id, name, quantity, unit) VALUES ('377d9f32-efa6-4fd4-ae41-0b2313dc7855', '388b8e54-5aef-4b7d-8e76-56e353dab931', 'Salt & Pepper', 1, 'pinch');
INSERT INTO ingredients (id, recipe_id, name, quantity, unit) VALUES ('a83c66e4-83d8-4254-94cd-b99d83347b3e', '388b8e54-5aef-4b7d-8e76-56e353dab931', 'Green Beans', 1, 'clove');
INSERT INTO ingredients (id, recipe_id, name, quantity, unit) VALUES ('268da595-fde2-4e7f-9b16-bc4b753f5bd8', '388b8e54-5aef-4b7d-8e76-56e353dab931', 'Sweet Potatoes', 2, 'cup');
INSERT INTO ingredients (id, recipe_id, name, quantity, unit) VALUES ('f9d9a6f2-61fc-4616-aa09-ea0f2f510b30', '388b8e54-5aef-4b7d-8e76-56e353dab931', 'Spinach', 2, 'ml');
INSERT INTO ingredients (id, recipe_id, name, quantity, unit) VALUES ('65794ec2-ae43-43e4-aa66-e35da51741bd', '388b8e54-5aef-4b7d-8e76-56e353dab931', 'Bell Peppers', 3, 'pinch');
INSERT INTO ingredients (id, recipe_id, name, quantity, unit) VALUES ('ff049fbd-0ef5-41db-b001-095e5c49b85d', '388b8e54-5aef-4b7d-8e76-56e353dab931', 'Ginger', 2, 'lb');
INSERT INTO ingredients (id, recipe_id, name, quantity, unit) VALUES ('b11b1548-c0af-45f9-953b-a5af6b4c3ffb', '388b8e54-5aef-4b7d-8e76-56e353dab931', 'Zucchini', 2, 'g');
INSERT INTO recipe_dietary_tags (recipe_id, tag_id) VALUES ('388b8e54-5aef-4b7d-8e76-56e353dab931', 5);
INSERT INTO recipe_dietary_tags (recipe_id, tag_id) VALUES ('388b8e54-5aef-4b7d-8e76-56e353dab931', 6);

INSERT INTO recipes (id, user_id, title, description, instructions, image_url, servings, source_url, source_name, is_archived) VALUES ('dfe9341d-5e09-4039-8278-c6f44288ccc6', 'admin-user-id', 'Taco Seasoned Pan-Seared Chicken Breast', 'A delicious and healthy Taco Seasoned Pan-Seared Chicken Breast served with Brussels Sprouts and Wild Rice. Perfect for a quick weeknight dinner.', '1. Preheat oven to 400°F.
2. Season the Chicken Breast with Taco Seasoned spices.
3. Arrange Brussels Sprouts and Sweet Potatoes on a baking sheet.
4. Pan-Seared for 20-25 minutes until cooked through.
5. Serve hot over Wild Rice.', 'https://images.unsplash.com/photo-1500000000494?auto=format&fit=crop&w=800&q=60', 4, 'https://www.foodnetwork.com', 'Food Network', 0);
INSERT INTO ingredients (id, recipe_id, name, quantity, unit) VALUES ('05bd4074-e777-4ab7-9b95-e02bda185e6b', 'dfe9341d-5e09-4039-8278-c6f44288ccc6', 'Chicken Breast', 2, 'lb');
INSERT INTO ingredients (id, recipe_id, name, quantity, unit) VALUES ('4b29b91d-1459-4051-a1c7-af477ac56036', 'dfe9341d-5e09-4039-8278-c6f44288ccc6', 'Brussels Sprouts', 4, 'cup');
INSERT INTO ingredients (id, recipe_id, name, quantity, unit) VALUES ('a7333fb8-b13d-4d06-b1bf-67ad3d02d646', 'dfe9341d-5e09-4039-8278-c6f44288ccc6', 'Wild Rice', 1, 'cup');
INSERT INTO ingredients (id, recipe_id, name, quantity, unit) VALUES ('98a8edce-52d2-4781-845a-e88a823315e5', 'dfe9341d-5e09-4039-8278-c6f44288ccc6', 'Olive Oil', 3, 'tbsp');
INSERT INTO ingredients (id, recipe_id, name, quantity, unit) VALUES ('9e861731-12cf-425e-b665-f543592b4857', 'dfe9341d-5e09-4039-8278-c6f44288ccc6', 'Salt & Pepper', 1, 'pinch');
INSERT INTO recipe_dietary_tags (recipe_id, tag_id) VALUES ('dfe9341d-5e09-4039-8278-c6f44288ccc6', 2);
INSERT INTO recipe_dietary_tags (recipe_id, tag_id) VALUES ('dfe9341d-5e09-4039-8278-c6f44288ccc6', 4);

INSERT INTO recipes (id, user_id, title, description, instructions, image_url, servings, source_url, source_name, is_archived) VALUES ('e9b328be-6bf2-4cdb-811f-d8a423da9736', 'admin-user-id', 'Cajun Pan-Seared Chickpeas', 'A delicious and healthy Cajun Pan-Seared Chickpeas served with Broccoli and Mashed Cauliflower. Perfect for a quick weeknight dinner.', '1. Preheat oven to 400°F.
2. Season the Chickpeas with Cajun spices.
3. Arrange Broccoli and Spinach on a baking sheet.
4. Pan-Seared for 20-25 minutes until cooked through.
5. Serve hot over Mashed Cauliflower.', 'https://images.unsplash.com/photo-1500000000495?auto=format&fit=crop&w=800&q=60', 6, 'https://www.epicurious.com', 'Epicurious', 0);
INSERT INTO ingredients (id, recipe_id, name, quantity, unit) VALUES ('fe01fd67-a5f4-4d3f-a9ee-fad87075eeb9', 'e9b328be-6bf2-4cdb-811f-d8a423da9736', 'Chickpeas', 1, 'lb');
INSERT INTO ingredients (id, recipe_id, name, quantity, unit) VALUES ('0ce41bdc-b405-4c16-93a6-8434dc56ddc4', 'e9b328be-6bf2-4cdb-811f-d8a423da9736', 'Broccoli', 1, 'cup');
INSERT INTO ingredients (id, recipe_id, name, quantity, unit) VALUES ('f7b67c79-a038-4876-a64d-3857e8a9089e', 'e9b328be-6bf2-4cdb-811f-d8a423da9736', 'Mashed Cauliflower', 3, 'cup');
INSERT INTO ingredients (id, recipe_id, name, quantity, unit) VALUES ('c3ea7fb4-7221-438c-a78b-00cf027681e8', 'e9b328be-6bf2-4cdb-811f-d8a423da9736', 'Olive Oil', 1, 'tbsp');
INSERT INTO ingredients (id, recipe_id, name, quantity, unit) VALUES ('e9a3f692-a0fe-42df-8f57-253773218f77', 'e9b328be-6bf2-4cdb-811f-d8a423da9736', 'Salt & Pepper', 1, 'pinch');
INSERT INTO ingredients (id, recipe_id, name, quantity, unit) VALUES ('33fe742b-952a-4b10-9698-b0cb2ebea499', 'e9b328be-6bf2-4cdb-811f-d8a423da9736', 'Carrots', 4, 'tbsp');
INSERT INTO ingredients (id, recipe_id, name, quantity, unit) VALUES ('8af0156e-577b-4a10-8a21-a7afbc148da7', 'e9b328be-6bf2-4cdb-811f-d8a423da9736', 'Spinach', 3, 'pinch');
INSERT INTO ingredients (id, recipe_id, name, quantity, unit) VALUES ('0e213e9b-1040-4243-b755-1a8fb056522c', 'e9b328be-6bf2-4cdb-811f-d8a423da9736', 'Asparagus', 5, 'pinch');
INSERT INTO ingredients (id, recipe_id, name, quantity, unit) VALUES ('0e3f8559-24e9-4674-b614-81b15aa1d5a3', 'e9b328be-6bf2-4cdb-811f-d8a423da9736', 'Bell Peppers', 3, 'ml');
INSERT INTO recipe_dietary_tags (recipe_id, tag_id) VALUES ('e9b328be-6bf2-4cdb-811f-d8a423da9736', 2);
INSERT INTO recipe_dietary_tags (recipe_id, tag_id) VALUES ('e9b328be-6bf2-4cdb-811f-d8a423da9736', 1);
INSERT INTO recipe_dietary_tags (recipe_id, tag_id) VALUES ('e9b328be-6bf2-4cdb-811f-d8a423da9736', 3);

INSERT INTO recipes (id, user_id, title, description, instructions, image_url, servings, source_url, source_name, is_archived) VALUES ('31c2a682-cd19-42e3-9349-aeab08a00c91', 'admin-user-id', 'Cajun Baked Shrimp', 'A delicious and healthy Cajun Baked Shrimp served with Spinach and Wild Rice. Perfect for a quick weeknight dinner.', '1. Preheat oven to 400°F.
2. Season the Shrimp with Cajun spices.
3. Arrange Spinach and Spinach on a baking sheet.
4. Baked for 20-25 minutes until cooked through.
5. Serve hot over Wild Rice.', 'https://images.unsplash.com/photo-1500000000496?auto=format&fit=crop&w=800&q=60', 6, 'https://www.allrecipes.com', 'AllRecipes', 0);
INSERT INTO ingredients (id, recipe_id, name, quantity, unit) VALUES ('4d8c2430-98c7-45ec-8c3a-062a235e2302', '31c2a682-cd19-42e3-9349-aeab08a00c91', 'Shrimp', 1, 'lb');
INSERT INTO ingredients (id, recipe_id, name, quantity, unit) VALUES ('dc0098f5-66d9-4f5d-b383-6d553d6cc76e', '31c2a682-cd19-42e3-9349-aeab08a00c91', 'Spinach', 4, 'bundle');
INSERT INTO ingredients (id, recipe_id, name, quantity, unit) VALUES ('7ea29b40-29cf-43dc-8a47-c23379325dec', '31c2a682-cd19-42e3-9349-aeab08a00c91', 'Wild Rice', 1, 'cup');
INSERT INTO ingredients (id, recipe_id, name, quantity, unit) VALUES ('bab74adb-b7fc-4ee6-bac2-25f3db68e868', '31c2a682-cd19-42e3-9349-aeab08a00c91', 'Olive Oil', 3, 'tbsp');
INSERT INTO ingredients (id, recipe_id, name, quantity, unit) VALUES ('4434b29c-a11b-41ee-a199-720ad9bddd04', '31c2a682-cd19-42e3-9349-aeab08a00c91', 'Salt & Pepper', 1, 'pinch');
INSERT INTO ingredients (id, recipe_id, name, quantity, unit) VALUES ('78b37ac2-5033-4e93-94e0-2222e4d2a02d', '31c2a682-cd19-42e3-9349-aeab08a00c91', 'Spinach', 4, 'bundle');
INSERT INTO recipe_dietary_tags (recipe_id, tag_id) VALUES ('31c2a682-cd19-42e3-9349-aeab08a00c91', 6);
INSERT INTO recipe_dietary_tags (recipe_id, tag_id) VALUES ('31c2a682-cd19-42e3-9349-aeab08a00c91', 3);

INSERT INTO recipes (id, user_id, title, description, instructions, image_url, servings, source_url, source_name, is_archived) VALUES ('b9855a84-06b7-4799-b134-6e95c1ab2dcb', 'admin-user-id', 'Balsamic Glaze Pan-Seared Pork Loin', 'A delicious and healthy Balsamic Glaze Pan-Seared Pork Loin served with Broccoli and Couscous. Perfect for a quick weeknight dinner.', '1. Preheat oven to 400°F.
2. Season the Pork Loin with Balsamic Glaze spices.
3. Arrange Broccoli and Carrots on a baking sheet.
4. Pan-Seared for 20-25 minutes until cooked through.
5. Serve hot over Couscous.', 'https://images.unsplash.com/photo-1500000000497?auto=format&fit=crop&w=800&q=60', 7, 'https://www.allrecipes.com', 'AllRecipes', 0);
INSERT INTO ingredients (id, recipe_id, name, quantity, unit) VALUES ('0aa77262-3fd2-4351-8ab5-83e32eaeaf2b', 'b9855a84-06b7-4799-b134-6e95c1ab2dcb', 'Pork Loin', 1, 'oz');
INSERT INTO ingredients (id, recipe_id, name, quantity, unit) VALUES ('a364600f-04a8-45a3-af55-53592796aa5a', 'b9855a84-06b7-4799-b134-6e95c1ab2dcb', 'Broccoli', 1, 'head');
INSERT INTO ingredients (id, recipe_id, name, quantity, unit) VALUES ('85a51341-74ab-413c-8d43-1e1f3b9c8766', 'b9855a84-06b7-4799-b134-6e95c1ab2dcb', 'Couscous', 1, 'cup');
INSERT INTO ingredients (id, recipe_id, name, quantity, unit) VALUES ('70fdc067-5333-408a-afcc-5e175d7ba2ec', 'b9855a84-06b7-4799-b134-6e95c1ab2dcb', 'Olive Oil', 3, 'tbsp');
INSERT INTO ingredients (id, recipe_id, name, quantity, unit) VALUES ('0862a0b4-557e-4e8b-9a4e-9a9cfab03aca', 'b9855a84-06b7-4799-b134-6e95c1ab2dcb', 'Salt & Pepper', 1, 'pinch');
INSERT INTO ingredients (id, recipe_id, name, quantity, unit) VALUES ('a782cdca-9c7f-4870-9678-16a10942c8dc', 'b9855a84-06b7-4799-b134-6e95c1ab2dcb', 'Garlic', 1, 'bundle');
INSERT INTO ingredients (id, recipe_id, name, quantity, unit) VALUES ('434e0d72-67bb-4537-aff9-ca33b277329f', 'b9855a84-06b7-4799-b134-6e95c1ab2dcb', 'Green Beans', 3, 'tsp');
INSERT INTO ingredients (id, recipe_id, name, quantity, unit) VALUES ('d68546a8-d8ea-440d-a75f-c3329b140a1f', 'b9855a84-06b7-4799-b134-6e95c1ab2dcb', 'Carrots', 1, 'tbsp');
INSERT INTO recipe_dietary_tags (recipe_id, tag_id) VALUES ('b9855a84-06b7-4799-b134-6e95c1ab2dcb', 6);
INSERT INTO recipe_dietary_tags (recipe_id, tag_id) VALUES ('b9855a84-06b7-4799-b134-6e95c1ab2dcb', 4);

INSERT INTO recipes (id, user_id, title, description, instructions, image_url, servings, source_url, source_name, is_archived) VALUES ('51181d7d-c48a-429e-a39b-cfe80284602f', 'admin-user-id', 'Miso Ginger Pan-Seared Tofu', 'A delicious and healthy Miso Ginger Pan-Seared Tofu served with Zucchini and Roasted Potatoes. Perfect for a quick weeknight dinner.', '1. Preheat oven to 400°F.
2. Season the Tofu with Miso Ginger spices.
3. Arrange Zucchini and Broccoli on a baking sheet.
4. Pan-Seared for 20-25 minutes until cooked through.
5. Serve hot over Roasted Potatoes.', 'https://images.unsplash.com/photo-1500000000498?auto=format&fit=crop&w=800&q=60', 6, 'https://www.tasteofhome.com', 'Taste of Home', 0);
INSERT INTO ingredients (id, recipe_id, name, quantity, unit) VALUES ('38359b8a-90ff-4912-ac46-95998f3ca582', '51181d7d-c48a-429e-a39b-cfe80284602f', 'Tofu', 1, 'lb');
INSERT INTO ingredients (id, recipe_id, name, quantity, unit) VALUES ('13fb982a-1304-42d1-8dec-1f5462561073', '51181d7d-c48a-429e-a39b-cfe80284602f', 'Zucchini', 1, 'cup');
INSERT INTO ingredients (id, recipe_id, name, quantity, unit) VALUES ('76a66477-e6bd-47f9-bcba-b1bbba124fbe', '51181d7d-c48a-429e-a39b-cfe80284602f', 'Roasted Potatoes', 1, 'cup');
INSERT INTO ingredients (id, recipe_id, name, quantity, unit) VALUES ('64daaef5-db61-4414-8e06-eeca0ea6a887', '51181d7d-c48a-429e-a39b-cfe80284602f', 'Olive Oil', 2, 'tbsp');
INSERT INTO ingredients (id, recipe_id, name, quantity, unit) VALUES ('07bc6982-ab3a-46ca-8837-e10938f1c420', '51181d7d-c48a-429e-a39b-cfe80284602f', 'Salt & Pepper', 1, 'pinch');
INSERT INTO ingredients (id, recipe_id, name, quantity, unit) VALUES ('96a81609-29a2-452c-b6b2-645b8b6834be', '51181d7d-c48a-429e-a39b-cfe80284602f', 'Cauliflower', 2, 'pinch');
INSERT INTO ingredients (id, recipe_id, name, quantity, unit) VALUES ('5e49abc7-e846-419b-8ca1-36391338eee8', '51181d7d-c48a-429e-a39b-cfe80284602f', 'Sweet Potatoes', 5, 'tsp');
INSERT INTO ingredients (id, recipe_id, name, quantity, unit) VALUES ('885e585d-79ac-4d2a-a5a7-32fdcddfee1c', '51181d7d-c48a-429e-a39b-cfe80284602f', 'Zucchini', 4, 'pinch');
INSERT INTO ingredients (id, recipe_id, name, quantity, unit) VALUES ('5ecc817e-ff27-4127-8533-e1a8357a9f35', '51181d7d-c48a-429e-a39b-cfe80284602f', 'Asparagus', 5, 'pinch');
INSERT INTO recipe_dietary_tags (recipe_id, tag_id) VALUES ('51181d7d-c48a-429e-a39b-cfe80284602f', 10);

INSERT INTO recipes (id, user_id, title, description, instructions, image_url, servings, source_url, source_name, is_archived) VALUES ('8a763c96-9036-4ec4-aaa7-4ebb2b086843', 'admin-user-id', 'Cajun Air Fried Shrimp', 'A delicious and healthy Cajun Air Fried Shrimp served with Carrots and Brown Rice. Perfect for a quick weeknight dinner.', '1. Preheat oven to 400°F.
2. Season the Shrimp with Cajun spices.
3. Arrange Carrots and Bell Peppers on a baking sheet.
4. Air Fried for 20-25 minutes until cooked through.
5. Serve hot over Brown Rice.', 'https://images.unsplash.com/photo-1500000000499?auto=format&fit=crop&w=800&q=60', 7, 'https://www.tasteofhome.com', 'Taste of Home', 0);
INSERT INTO ingredients (id, recipe_id, name, quantity, unit) VALUES ('ec2d77d3-da42-4e43-b036-36eeaf83dcc6', '8a763c96-9036-4ec4-aaa7-4ebb2b086843', 'Shrimp', 2, 'oz');
INSERT INTO ingredients (id, recipe_id, name, quantity, unit) VALUES ('f8cca57d-ad7a-4ece-a339-75497c897e35', '8a763c96-9036-4ec4-aaa7-4ebb2b086843', 'Carrots', 1, 'bundle');
INSERT INTO ingredients (id, recipe_id, name, quantity, unit) VALUES ('1433f7c0-6334-4ffb-8ca3-6995e4d60980', '8a763c96-9036-4ec4-aaa7-4ebb2b086843', 'Brown Rice', 3, 'cup');
INSERT INTO ingredients (id, recipe_id, name, quantity, unit) VALUES ('24265277-94bc-4bd0-8e2e-f12431a67316', '8a763c96-9036-4ec4-aaa7-4ebb2b086843', 'Olive Oil', 2, 'tbsp');
INSERT INTO ingredients (id, recipe_id, name, quantity, unit) VALUES ('bc9ee251-1132-4077-981c-c748e0a90ba2', '8a763c96-9036-4ec4-aaa7-4ebb2b086843', 'Salt & Pepper', 1, 'pinch');
INSERT INTO ingredients (id, recipe_id, name, quantity, unit) VALUES ('0e475da3-f50b-4be1-a133-a6973d5f2a73', '8a763c96-9036-4ec4-aaa7-4ebb2b086843', 'Broccoli', 3, 'tsp');
INSERT INTO ingredients (id, recipe_id, name, quantity, unit) VALUES ('6cbbfa3b-114c-45ed-9a1b-45794aa8c4f3', '8a763c96-9036-4ec4-aaa7-4ebb2b086843', 'Onion', 1, 'head');
INSERT INTO ingredients (id, recipe_id, name, quantity, unit) VALUES ('6feefa0d-9bbe-47c4-a133-c6258d6ccf32', '8a763c96-9036-4ec4-aaa7-4ebb2b086843', 'Kale', 4, 'lb');
INSERT INTO ingredients (id, recipe_id, name, quantity, unit) VALUES ('a08cc123-dd38-4071-8f49-1c26fcc4db30', '8a763c96-9036-4ec4-aaa7-4ebb2b086843', 'Cauliflower', 4, 'g');
INSERT INTO ingredients (id, recipe_id, name, quantity, unit) VALUES ('df21fe47-28a8-4ae1-ba32-3742173909b1', '8a763c96-9036-4ec4-aaa7-4ebb2b086843', 'Ginger', 2, 'tbsp');
INSERT INTO ingredients (id, recipe_id, name, quantity, unit) VALUES ('10fc697e-928b-4561-9ff8-ca5c3e7d674f', '8a763c96-9036-4ec4-aaa7-4ebb2b086843', 'Onion', 5, 'oz');
INSERT INTO recipe_dietary_tags (recipe_id, tag_id) VALUES ('8a763c96-9036-4ec4-aaa7-4ebb2b086843', 5);
INSERT INTO recipe_dietary_tags (recipe_id, tag_id) VALUES ('8a763c96-9036-4ec4-aaa7-4ebb2b086843', 9);
INSERT INTO recipe_dietary_tags (recipe_id, tag_id) VALUES ('8a763c96-9036-4ec4-aaa7-4ebb2b086843', 4);

